[{"timestamp":1611069874820,"log":{"from":"server","to":"Mansi_84b4e79e-99b1-45d0-ac4d-bcd2acbbac6a","context":"PARENT","data":"{\"peer\":\"Chaitnya_83453f3f-456c-4e25-a95b-5f56eaa393b8\"}"}},{"timestamp":1611069874820,"log":"Parent : Chaitnya_83453f3f-456c-4e25-a95b-5f56eaa393b8"},{"timestamp":1611069875306,"log":{"from":"Chaitnya_83453f3f-456c-4e25-a95b-5f56eaa393b8","to":"Mansi_84b4e79e-99b1-45d0-ac4d-bcd2acbbac6a","context":"CONNECT_ACK","data":"{\"roomID\":\"123456\"}"}},{"timestamp":1611069875306,"log":"Connection ACK from parent : Chaitnya_83453f3f-456c-4e25-a95b-5f56eaa393b8"},{"timestamp":1611069875318,"log":"received sdp from peer : Chaitnya_83453f3f-456c-4e25-a95b-5f56eaa393b8"},{"timestamp":1611069875321,"log":"received ice from peer : Chaitnya_83453f3f-456c-4e25-a95b-5f56eaa393b8"},{"timestamp":1611069875328,"log":"received ice from peer : Chaitnya_83453f3f-456c-4e25-a95b-5f56eaa393b8"},{"timestamp":1611069875329,"log":"remote stream received"},{"timestamp":1611069875330,"log":{}},{"timestamp":1611069875330,"log":"remote stream received"},{"timestamp":1611069875331,"log":{}},{"timestamp":1611069875335,"log":"created description for peer : Chaitnya_83453f3f-456c-4e25-a95b-5f56eaa393b8"},{"timestamp":1611069875341,"log":"connection with peer Chaitnya_83453f3f-456c-4e25-a95b-5f56eaa393b8 checking"},{"timestamp":1611069875343,"log":"ice: Mansi_84b4e79e-99b1-45d0-ac4d-bcd2acbbac6a to Chaitnya_83453f3f-456c-4e25-a95b-5f56eaa393b8"},{"timestamp":1611069875344,"log":"connection with peer Chaitnya_83453f3f-456c-4e25-a95b-5f56eaa393b8 connected"},{"timestamp":1611069875346,"log":"ice: Mansi_84b4e79e-99b1-45d0-ac4d-bcd2acbbac6a to Chaitnya_83453f3f-456c-4e25-a95b-5f56eaa393b8"},{"timestamp":1611069875348,"log":"received ice from peer : Chaitnya_83453f3f-456c-4e25-a95b-5f56eaa393b8"},{"timestamp":1611069875546,"log":"received ice from peer : Chaitnya_83453f3f-456c-4e25-a95b-5f56eaa393b8"},{"timestamp":1611070434162,"log":{"from":"Yedla_1be97a47-c70d-4da0-8ea6-fa21d4656a2a","to":"Mansi_84b4e79e-99b1-45d0-ac4d-bcd2acbbac6a","context":"CONNECT","data":"{\"roomID\":\"123456\"}"}},{"timestamp":1611070434162,"log":"Connect request from Child : Yedla_1be97a47-c70d-4da0-8ea6-fa21d4656a2a"},{"timestamp":1611070434164,"log":"adding tracks"},{"timestamp":1611070434166,"log":"call inititated: Mansi_84b4e79e-99b1-45d0-ac4d-bcd2acbbac6a to Yedla_1be97a47-c70d-4da0-8ea6-fa21d4656a2a"},{"timestamp":1611070434169,"log":"created description for peer : Yedla_1be97a47-c70d-4da0-8ea6-fa21d4656a2a"},{"timestamp":1611070434174,"log":"ice: Mansi_84b4e79e-99b1-45d0-ac4d-bcd2acbbac6a to Yedla_1be97a47-c70d-4da0-8ea6-fa21d4656a2a"},{"timestamp":1611070434174,"log":"ice: Mansi_84b4e79e-99b1-45d0-ac4d-bcd2acbbac6a to Yedla_1be97a47-c70d-4da0-8ea6-fa21d4656a2a"},{"timestamp":1611070434210,"log":"ice: Mansi_84b4e79e-99b1-45d0-ac4d-bcd2acbbac6a to Yedla_1be97a47-c70d-4da0-8ea6-fa21d4656a2a"},{"timestamp":1611070434211,"log":"ice: Mansi_84b4e79e-99b1-45d0-ac4d-bcd2acbbac6a to Yedla_1be97a47-c70d-4da0-8ea6-fa21d4656a2a"},{"timestamp":1611070434468,"log":"connection with peer Yedla_1be97a47-c70d-4da0-8ea6-fa21d4656a2a checking"},{"timestamp":1611070434701,"log":"received sdp from peer : Yedla_1be97a47-c70d-4da0-8ea6-fa21d4656a2a"},{"timestamp":1611070434702,"log":"received ice from peer : Yedla_1be97a47-c70d-4da0-8ea6-fa21d4656a2a"},{"timestamp":1611070434705,"log":"connection with peer Yedla_1be97a47-c70d-4da0-8ea6-fa21d4656a2a connected"},{"timestamp":1611070434705,"log":"ice: Mansi_84b4e79e-99b1-45d0-ac4d-bcd2acbbac6a to Yedla_1be97a47-c70d-4da0-8ea6-fa21d4656a2a"},{"timestamp":1611070450583,"log":{"from":"Prthamesh_11928c5b-8c5f-4ce7-aa9d-2e257dc85995","to":"Mansi_84b4e79e-99b1-45d0-ac4d-bcd2acbbac6a","context":"CONNECT","data":"{\"roomID\":\"123456\"}"}},{"timestamp":1611070450583,"log":"Connect request from Child : Prthamesh_11928c5b-8c5f-4ce7-aa9d-2e257dc85995"},{"timestamp":1611070450584,"log":"adding tracks"},{"timestamp":1611070450586,"log":"call inititated: Mansi_84b4e79e-99b1-45d0-ac4d-bcd2acbbac6a to Prthamesh_11928c5b-8c5f-4ce7-aa9d-2e257dc85995"},{"timestamp":1611070450588,"log":"created description for peer : Prthamesh_11928c5b-8c5f-4ce7-aa9d-2e257dc85995"},{"timestamp":1611070450593,"log":"ice: Mansi_84b4e79e-99b1-45d0-ac4d-bcd2acbbac6a to Prthamesh_11928c5b-8c5f-4ce7-aa9d-2e257dc85995"},{"timestamp":1611070450594,"log":"ice: Mansi_84b4e79e-99b1-45d0-ac4d-bcd2acbbac6a to Prthamesh_11928c5b-8c5f-4ce7-aa9d-2e257dc85995"},{"timestamp":1611070450627,"log":"ice: Mansi_84b4e79e-99b1-45d0-ac4d-bcd2acbbac6a to Prthamesh_11928c5b-8c5f-4ce7-aa9d-2e257dc85995"},{"timestamp":1611070450630,"log":"ice: Mansi_84b4e79e-99b1-45d0-ac4d-bcd2acbbac6a to Prthamesh_11928c5b-8c5f-4ce7-aa9d-2e257dc85995"},{"timestamp":1611070450875,"log":"connection with peer Prthamesh_11928c5b-8c5f-4ce7-aa9d-2e257dc85995 checking"},{"timestamp":1611070451113,"log":"received sdp from peer : Prthamesh_11928c5b-8c5f-4ce7-aa9d-2e257dc85995"},{"timestamp":1611070451116,"log":"received ice from peer : Prthamesh_11928c5b-8c5f-4ce7-aa9d-2e257dc85995"},{"timestamp":1611070451120,"log":"connection with peer Prthamesh_11928c5b-8c5f-4ce7-aa9d-2e257dc85995 connected"},{"timestamp":1611070451120,"log":"ice: Mansi_84b4e79e-99b1-45d0-ac4d-bcd2acbbac6a to Prthamesh_11928c5b-8c5f-4ce7-aa9d-2e257dc85995"}]