[{"timestamp":1611070240713,"log":{"from":"server","to":"Shreyas_c82ad4b7-4ba3-4a29-989c-ed0396c86f52","context":"PARENT","data":"{\"peer\":\"Ansh_a78d7f79-ead8-4eaf-9ca9-afc7c8d8706d\"}"}},{"timestamp":1611070240713,"log":"Parent : Ansh_a78d7f79-ead8-4eaf-9ca9-afc7c8d8706d"},{"timestamp":1611070241203,"log":{"from":"Ansh_a78d7f79-ead8-4eaf-9ca9-afc7c8d8706d","to":"Shreyas_c82ad4b7-4ba3-4a29-989c-ed0396c86f52","context":"CONNECT_ACK","data":"{\"roomID\":\"123456\"}"}},{"timestamp":1611070241203,"log":"Connection ACK from parent : Ansh_a78d7f79-ead8-4eaf-9ca9-afc7c8d8706d"},{"timestamp":1611070241210,"log":"received sdp from peer : Ansh_a78d7f79-ead8-4eaf-9ca9-afc7c8d8706d"},{"timestamp":1611070241215,"log":"remote stream received"},{"timestamp":1611070241216,"log":{}},{"timestamp":1611070241216,"log":"remote stream received"},{"timestamp":1611070241216,"log":{}},{"timestamp":1611070241220,"log":"created description for peer : Ansh_a78d7f79-ead8-4eaf-9ca9-afc7c8d8706d"},{"timestamp":1611070241226,"log":"received ice from peer : Ansh_a78d7f79-ead8-4eaf-9ca9-afc7c8d8706d"},{"timestamp":1611070241229,"log":"received ice from peer : Ansh_a78d7f79-ead8-4eaf-9ca9-afc7c8d8706d"},{"timestamp":1611070241254,"log":"connection with peer Ansh_a78d7f79-ead8-4eaf-9ca9-afc7c8d8706d checking"},{"timestamp":1611070241255,"log":"ice: Shreyas_c82ad4b7-4ba3-4a29-989c-ed0396c86f52 to Ansh_a78d7f79-ead8-4eaf-9ca9-afc7c8d8706d"},{"timestamp":1611070241255,"log":"received ice from peer : Ansh_a78d7f79-ead8-4eaf-9ca9-afc7c8d8706d"},{"timestamp":1611070241255,"log":"connection with peer Ansh_a78d7f79-ead8-4eaf-9ca9-afc7c8d8706d connected"},{"timestamp":1611070241255,"log":"ice: Shreyas_c82ad4b7-4ba3-4a29-989c-ed0396c86f52 to Ansh_a78d7f79-ead8-4eaf-9ca9-afc7c8d8706d"},{"timestamp":1611070241445,"log":"received ice from peer : Ansh_a78d7f79-ead8-4eaf-9ca9-afc7c8d8706d"},{"timestamp":1611070991800,"log":{"from":"Chinmay_4fecd7b0-5a79-441c-b586-f546566aa289","to":"Shreyas_c82ad4b7-4ba3-4a29-989c-ed0396c86f52","context":"CONNECT","data":"{\"roomID\":\"123456\"}"}},{"timestamp":1611070991801,"log":"Connect request from Child : Chinmay_4fecd7b0-5a79-441c-b586-f546566aa289"},{"timestamp":1611070991803,"log":"adding tracks"},{"timestamp":1611070991805,"log":"call inititated: Shreyas_c82ad4b7-4ba3-4a29-989c-ed0396c86f52 to Chinmay_4fecd7b0-5a79-441c-b586-f546566aa289"},{"timestamp":1611070991808,"log":"created description for peer : Chinmay_4fecd7b0-5a79-441c-b586-f546566aa289"},{"timestamp":1611070991813,"log":"ice: Shreyas_c82ad4b7-4ba3-4a29-989c-ed0396c86f52 to Chinmay_4fecd7b0-5a79-441c-b586-f546566aa289"},{"timestamp":1611070991813,"log":"ice: Shreyas_c82ad4b7-4ba3-4a29-989c-ed0396c86f52 to Chinmay_4fecd7b0-5a79-441c-b586-f546566aa289"},{"timestamp":1611070991846,"log":"ice: Shreyas_c82ad4b7-4ba3-4a29-989c-ed0396c86f52 to Chinmay_4fecd7b0-5a79-441c-b586-f546566aa289"},{"timestamp":1611070991846,"log":"ice: Shreyas_c82ad4b7-4ba3-4a29-989c-ed0396c86f52 to Chinmay_4fecd7b0-5a79-441c-b586-f546566aa289"},{"timestamp":1611070992077,"log":"connection with peer Chinmay_4fecd7b0-5a79-441c-b586-f546566aa289 checking"},{"timestamp":1611070992323,"log":"received sdp from peer : Chinmay_4fecd7b0-5a79-441c-b586-f546566aa289"},{"timestamp":1611070992326,"log":"received ice from peer : Chinmay_4fecd7b0-5a79-441c-b586-f546566aa289"},{"timestamp":1611070992330,"log":"connection with peer Chinmay_4fecd7b0-5a79-441c-b586-f546566aa289 connected"},{"timestamp":1611070992330,"log":"ice: Shreyas_c82ad4b7-4ba3-4a29-989c-ed0396c86f52 to Chinmay_4fecd7b0-5a79-441c-b586-f546566aa289"},{"timestamp":1611071044885,"log":{"from":"Prashant_9c11d2d9-a903-46da-a1e7-99697dba07f8","to":"Shreyas_c82ad4b7-4ba3-4a29-989c-ed0396c86f52","context":"CONNECT","data":"{\"roomID\":\"123456\"}"}},{"timestamp":1611071044885,"log":"Connect request from Child : Prashant_9c11d2d9-a903-46da-a1e7-99697dba07f8"},{"timestamp":1611071044887,"log":"adding tracks"},{"timestamp":1611071044888,"log":"call inititated: Shreyas_c82ad4b7-4ba3-4a29-989c-ed0396c86f52 to Prashant_9c11d2d9-a903-46da-a1e7-99697dba07f8"},{"timestamp":1611071044892,"log":"created description for peer : Prashant_9c11d2d9-a903-46da-a1e7-99697dba07f8"},{"timestamp":1611071044898,"log":"ice: Shreyas_c82ad4b7-4ba3-4a29-989c-ed0396c86f52 to Prashant_9c11d2d9-a903-46da-a1e7-99697dba07f8"},{"timestamp":1611071044898,"log":"ice: Shreyas_c82ad4b7-4ba3-4a29-989c-ed0396c86f52 to Prashant_9c11d2d9-a903-46da-a1e7-99697dba07f8"},{"timestamp":1611071044931,"log":"ice: Shreyas_c82ad4b7-4ba3-4a29-989c-ed0396c86f52 to Prashant_9c11d2d9-a903-46da-a1e7-99697dba07f8"},{"timestamp":1611071044931,"log":"ice: Shreyas_c82ad4b7-4ba3-4a29-989c-ed0396c86f52 to Prashant_9c11d2d9-a903-46da-a1e7-99697dba07f8"},{"timestamp":1611071045178,"log":"connection with peer Prashant_9c11d2d9-a903-46da-a1e7-99697dba07f8 checking"},{"timestamp":1611071045420,"log":"received sdp from peer : Prashant_9c11d2d9-a903-46da-a1e7-99697dba07f8"},{"timestamp":1611071045425,"log":"received ice from peer : Prashant_9c11d2d9-a903-46da-a1e7-99697dba07f8"},{"timestamp":1611071045431,"log":"ice: Shreyas_c82ad4b7-4ba3-4a29-989c-ed0396c86f52 to Prashant_9c11d2d9-a903-46da-a1e7-99697dba07f8"},{"timestamp":1611071045431,"log":"connection with peer Prashant_9c11d2d9-a903-46da-a1e7-99697dba07f8 connected"}]