[{"timestamp":1611072558756,"log":{"from":"server","to":"Shivank_4c0cec62-9140-48f7-aca3-674e03d54149","context":"PARENT","data":"{\"peer\":\"Ansh_7d76d88f-3f4d-4420-a512-a5cc2f44d116\"}"}},{"timestamp":1611072558756,"log":"Parent : Ansh_7d76d88f-3f4d-4420-a512-a5cc2f44d116"},{"timestamp":1611072559242,"log":{"from":"Ansh_7d76d88f-3f4d-4420-a512-a5cc2f44d116","to":"Shivank_4c0cec62-9140-48f7-aca3-674e03d54149","context":"CONNECT_ACK","data":"{\"roomID\":\"123456\"}"}},{"timestamp":1611072559242,"log":"Connection ACK from parent : Ansh_7d76d88f-3f4d-4420-a512-a5cc2f44d116"},{"timestamp":1611072559254,"log":"received sdp from peer : Ansh_7d76d88f-3f4d-4420-a512-a5cc2f44d116"},{"timestamp":1611072559257,"log":"received ice from peer : Ansh_7d76d88f-3f4d-4420-a512-a5cc2f44d116"},{"timestamp":1611072559264,"log":"received ice from peer : Ansh_7d76d88f-3f4d-4420-a512-a5cc2f44d116"},{"timestamp":1611072559265,"log":"remote stream received"},{"timestamp":1611072559266,"log":{}},{"timestamp":1611072559266,"log":"remote stream received"},{"timestamp":1611072559266,"log":{}},{"timestamp":1611072559272,"log":"created description for peer : Ansh_7d76d88f-3f4d-4420-a512-a5cc2f44d116"},{"timestamp":1611072559279,"log":"ice: Shivank_4c0cec62-9140-48f7-aca3-674e03d54149 to Ansh_7d76d88f-3f4d-4420-a512-a5cc2f44d116"},{"timestamp":1611072559281,"log":"connection with peer Ansh_7d76d88f-3f4d-4420-a512-a5cc2f44d116 connected"},{"timestamp":1611072559281,"log":"ice: Shivank_4c0cec62-9140-48f7-aca3-674e03d54149 to Ansh_7d76d88f-3f4d-4420-a512-a5cc2f44d116"},{"timestamp":1611072559285,"log":"received ice from peer : Ansh_7d76d88f-3f4d-4420-a512-a5cc2f44d116"},{"timestamp":1611072559286,"log":"received ice from peer : Ansh_7d76d88f-3f4d-4420-a512-a5cc2f44d116"}]