{"Ansh_7d76d88f-3f4d-4420-a512-a5cc2f44d116":[{"from":"Ansh_7d76d88f-3f4d-4420-a512-a5cc2f44d116","to":"Shivank_4c0cec62-9140-48f7-aca3-674e03d54149","Audio":{"timestamp":1611072562769.39,"packetsReceived":162,"packetsLost":0},"Type":"inbound-rtp","Video":{"timestamp":1611072562769.39,"packetsReceived":0,"packetsLost":0}},{"from":"Ansh_7d76d88f-3f4d-4420-a512-a5cc2f44d116","to":"Shivank_4c0cec62-9140-48f7-aca3-674e03d54149","Audio":{"timestamp":1611072562769.39,"packetsReceived":162,"packetsLost":0},"Type":"inbound-rtp","Video":{"timestamp":1611072562769.39,"packetsReceived":0,"packetsLost":0}},{"from":"Ansh_7d76d88f-3f4d-4420-a512-a5cc2f44d116","to":"Shivank_4c0cec62-9140-48f7-aca3-674e03d54149","Audio":{"timestamp":1611072567768.855,"packetsReceived":411,"packetsLost":0},"Type":"inbound-rtp","Video":{"timestamp":1611072567768.855,"packetsReceived":26,"packetsLost":0}},{"from":"Ansh_7d76d88f-3f4d-4420-a512-a5cc2f44d116","to":"Shivank_4c0cec62-9140-48f7-aca3-674e03d54149","Audio":{"timestamp":1611072567768.855,"packetsReceived":411,"packetsLost":0},"Type":"inbound-rtp","Video":{"timestamp":1611072567768.855,"packetsReceived":26,"packetsLost":0}},{"from":"Ansh_7d76d88f-3f4d-4420-a512-a5cc2f44d116","to":"Shivank_4c0cec62-9140-48f7-aca3-674e03d54149","Audio":{"timestamp":1611072572768.768,"packetsReceived":661,"packetsLost":0},"Type":"inbound-rtp","Video":{"timestamp":1611072572768.768,"packetsReceived":30,"packetsLost":0}},{"from":"Ansh_7d76d88f-3f4d-4420-a512-a5cc2f44d116","to":"Shivank_4c0cec62-9140-48f7-aca3-674e03d54149","Audio":{"timestamp":1611072572768.768,"packetsReceived":661,"packetsLost":0},"Type":"inbound-rtp","Video":{"timestamp":1611072572768.768,"packetsReceived":30,"packetsLost":0}},{"from":"Ansh_7d76d88f-3f4d-4420-a512-a5cc2f44d116","to":"Shivank_4c0cec62-9140-48f7-aca3-674e03d54149","Audio":{"timestamp":1611072577768.797,"packetsReceived":911,"packetsLost":0},"Type":"inbound-rtp","Video":{"timestamp":1611072577768.797,"packetsReceived":35,"packetsLost":0}},{"from":"Ansh_7d76d88f-3f4d-4420-a512-a5cc2f44d116","to":"Shivank_4c0cec62-9140-48f7-aca3-674e03d54149","Audio":{"timestamp":1611072577768.797,"packetsReceived":911,"packetsLost":0},"Type":"inbound-rtp","Video":{"timestamp":1611072577768.797,"packetsReceived":35,"packetsLost":0}},{"from":"Ansh_7d76d88f-3f4d-4420-a512-a5cc2f44d116","to":"Shivank_4c0cec62-9140-48f7-aca3-674e03d54149","Audio":{"timestamp":1611072582768.77,"packetsReceived":1161,"packetsLost":0},"Type":"inbound-rtp","Video":{"timestamp":1611072582768.77,"packetsReceived":69,"packetsLost":0}},{"from":"Ansh_7d76d88f-3f4d-4420-a512-a5cc2f44d116","to":"Shivank_4c0cec62-9140-48f7-aca3-674e03d54149","Audio":{"timestamp":1611072582768.77,"packetsReceived":1161,"packetsLost":0},"Type":"inbound-rtp","Video":{"timestamp":1611072582768.77,"packetsReceived":69,"packetsLost":0}},{"from":"Ansh_7d76d88f-3f4d-4420-a512-a5cc2f44d116","to":"Shivank_4c0cec62-9140-48f7-aca3-674e03d54149","Audio":{"timestamp":1611072587768.806,"packetsReceived":1411,"packetsLost":0},"Type":"inbound-rtp","Video":{"timestamp":1611072587768.806,"packetsReceived":75,"packetsLost":0}},{"from":"Ansh_7d76d88f-3f4d-4420-a512-a5cc2f44d116","to":"Shivank_4c0cec62-9140-48f7-aca3-674e03d54149","Audio":{"timestamp":1611072587768.806,"packetsReceived":1411,"packetsLost":0},"Type":"inbound-rtp","Video":{"timestamp":1611072587768.806,"packetsReceived":75,"packetsLost":0}},{"from":"Ansh_7d76d88f-3f4d-4420-a512-a5cc2f44d116","to":"Shivank_4c0cec62-9140-48f7-aca3-674e03d54149","Audio":{"timestamp":1611072592768.805,"packetsReceived":1661,"packetsLost":0},"Type":"inbound-rtp","Video":{"timestamp":1611072592768.805,"packetsReceived":80,"packetsLost":0}},{"from":"Ansh_7d76d88f-3f4d-4420-a512-a5cc2f44d116","to":"Shivank_4c0cec62-9140-48f7-aca3-674e03d54149","Audio":{"timestamp":1611072592768.805,"packetsReceived":1661,"packetsLost":0},"Type":"inbound-rtp","Video":{"timestamp":1611072592768.805,"packetsReceived":80,"packetsLost":0}},{"from":"Ansh_7d76d88f-3f4d-4420-a512-a5cc2f44d116","to":"Shivank_4c0cec62-9140-48f7-aca3-674e03d54149","Audio":{"timestamp":1611072597768.818,"packetsReceived":1911,"packetsLost":0},"Type":"inbound-rtp","Video":{"timestamp":1611072597768.818,"packetsReceived":85,"packetsLost":0}},{"from":"Ansh_7d76d88f-3f4d-4420-a512-a5cc2f44d116","to":"Shivank_4c0cec62-9140-48f7-aca3-674e03d54149","Audio":{"timestamp":1611072597768.818,"packetsReceived":1911,"packetsLost":0},"Type":"inbound-rtp","Video":{"timestamp":1611072597768.818,"packetsReceived":85,"packetsLost":0}},{"from":"Ansh_7d76d88f-3f4d-4420-a512-a5cc2f44d116","to":"Shivank_4c0cec62-9140-48f7-aca3-674e03d54149","Audio":{"timestamp":1611072602768.841,"packetsReceived":2161,"packetsLost":0},"Type":"inbound-rtp","Video":{"timestamp":1611072602768.841,"packetsReceived":89,"packetsLost":0}},{"from":"Ansh_7d76d88f-3f4d-4420-a512-a5cc2f44d116","to":"Shivank_4c0cec62-9140-48f7-aca3-674e03d54149","Audio":{"timestamp":1611072602768.841,"packetsReceived":2161,"packetsLost":0},"Type":"inbound-rtp","Video":{"timestamp":1611072602768.841,"packetsReceived":89,"packetsLost":0}},{"from":"Ansh_7d76d88f-3f4d-4420-a512-a5cc2f44d116","to":"Shivank_4c0cec62-9140-48f7-aca3-674e03d54149","Audio":{"timestamp":1611072607768.801,"packetsReceived":2411,"packetsLost":0},"Type":"inbound-rtp","Video":{"timestamp":1611072607768.801,"packetsReceived":94,"packetsLost":0}},{"from":"Ansh_7d76d88f-3f4d-4420-a512-a5cc2f44d116","to":"Shivank_4c0cec62-9140-48f7-aca3-674e03d54149","Audio":{"timestamp":1611072607768.801,"packetsReceived":2411,"packetsLost":0},"Type":"inbound-rtp","Video":{"timestamp":1611072607768.801,"packetsReceived":94,"packetsLost":0}},{"from":"Ansh_7d76d88f-3f4d-4420-a512-a5cc2f44d116","to":"Shivank_4c0cec62-9140-48f7-aca3-674e03d54149","Audio":{"timestamp":1611072612768.981,"packetsReceived":2661,"packetsLost":0},"Type":"inbound-rtp","Video":{"timestamp":1611072612768.981,"packetsReceived":99,"packetsLost":0}},{"from":"Ansh_7d76d88f-3f4d-4420-a512-a5cc2f44d116","to":"Shivank_4c0cec62-9140-48f7-aca3-674e03d54149","Audio":{"timestamp":1611072612768.981,"packetsReceived":2661,"packetsLost":0},"Type":"inbound-rtp","Video":{"timestamp":1611072612768.981,"packetsReceived":99,"packetsLost":0}},{"from":"Ansh_7d76d88f-3f4d-4420-a512-a5cc2f44d116","to":"Shivank_4c0cec62-9140-48f7-aca3-674e03d54149","Audio":{"timestamp":1611072618622.707,"packetsReceived":2954,"packetsLost":0},"Type":"inbound-rtp","Video":{"timestamp":1611072618622.707,"packetsReceived":104,"packetsLost":0}},{"from":"Ansh_7d76d88f-3f4d-4420-a512-a5cc2f44d116","to":"Shivank_4c0cec62-9140-48f7-aca3-674e03d54149","Audio":{"timestamp":1611072618622.707,"packetsReceived":2954,"packetsLost":0},"Type":"inbound-rtp","Video":{"timestamp":1611072618622.707,"packetsReceived":104,"packetsLost":0}},{"from":"Ansh_7d76d88f-3f4d-4420-a512-a5cc2f44d116","to":"Shivank_4c0cec62-9140-48f7-aca3-674e03d54149","Audio":{"timestamp":1611072623622.76,"packetsReceived":3204,"packetsLost":0},"Type":"inbound-rtp","Video":{"timestamp":1611072623622.76,"packetsReceived":109,"packetsLost":0}},{"from":"Ansh_7d76d88f-3f4d-4420-a512-a5cc2f44d116","to":"Shivank_4c0cec62-9140-48f7-aca3-674e03d54149","Audio":{"timestamp":1611072623622.76,"packetsReceived":3204,"packetsLost":0},"Type":"inbound-rtp","Video":{"timestamp":1611072623622.76,"packetsReceived":109,"packetsLost":0}},{"from":"Ansh_7d76d88f-3f4d-4420-a512-a5cc2f44d116","to":"Shivank_4c0cec62-9140-48f7-aca3-674e03d54149","Audio":{"timestamp":1611072628622.728,"packetsReceived":3454,"packetsLost":0},"Type":"inbound-rtp","Video":{"timestamp":1611072628622.728,"packetsReceived":124,"packetsLost":0}},{"from":"Ansh_7d76d88f-3f4d-4420-a512-a5cc2f44d116","to":"Shivank_4c0cec62-9140-48f7-aca3-674e03d54149","Audio":{"timestamp":1611072628622.728,"packetsReceived":3454,"packetsLost":0},"Type":"inbound-rtp","Video":{"timestamp":1611072628622.728,"packetsReceived":124,"packetsLost":0}},{"from":"Ansh_7d76d88f-3f4d-4420-a512-a5cc2f44d116","to":"Shivank_4c0cec62-9140-48f7-aca3-674e03d54149","Audio":{"timestamp":1611072633622.717,"packetsReceived":3704,"packetsLost":0},"Type":"inbound-rtp","Video":{"timestamp":1611072633622.717,"packetsReceived":153,"packetsLost":0}},{"from":"Ansh_7d76d88f-3f4d-4420-a512-a5cc2f44d116","to":"Shivank_4c0cec62-9140-48f7-aca3-674e03d54149","Audio":{"timestamp":1611072633622.717,"packetsReceived":3704,"packetsLost":0},"Type":"inbound-rtp","Video":{"timestamp":1611072633622.717,"packetsReceived":153,"packetsLost":0}},{"from":"Ansh_7d76d88f-3f4d-4420-a512-a5cc2f44d116","to":"Shivank_4c0cec62-9140-48f7-aca3-674e03d54149","Audio":{"timestamp":1611072638622.748,"packetsReceived":3954,"packetsLost":0},"Type":"inbound-rtp","Video":{"timestamp":1611072638622.748,"packetsReceived":158,"packetsLost":0}},{"from":"Ansh_7d76d88f-3f4d-4420-a512-a5cc2f44d116","to":"Shivank_4c0cec62-9140-48f7-aca3-674e03d54149","Audio":{"timestamp":1611072638622.748,"packetsReceived":3954,"packetsLost":0},"Type":"inbound-rtp","Video":{"timestamp":1611072638622.748,"packetsReceived":158,"packetsLost":0}},{"from":"Ansh_7d76d88f-3f4d-4420-a512-a5cc2f44d116","to":"Shivank_4c0cec62-9140-48f7-aca3-674e03d54149","Audio":{"timestamp":1611072643623.208,"packetsReceived":4204,"packetsLost":0},"Type":"inbound-rtp","Video":{"timestamp":1611072643623.208,"packetsReceived":163,"packetsLost":0}},{"from":"Ansh_7d76d88f-3f4d-4420-a512-a5cc2f44d116","to":"Shivank_4c0cec62-9140-48f7-aca3-674e03d54149","Audio":{"timestamp":1611072643623.208,"packetsReceived":4204,"packetsLost":0},"Type":"inbound-rtp","Video":{"timestamp":1611072643623.208,"packetsReceived":163,"packetsLost":0}},{"from":"Ansh_7d76d88f-3f4d-4420-a512-a5cc2f44d116","to":"Shivank_4c0cec62-9140-48f7-aca3-674e03d54149","Audio":{"timestamp":1611072648622.693,"packetsReceived":4454,"packetsLost":0},"Type":"inbound-rtp","Video":{"timestamp":1611072648622.693,"packetsReceived":167,"packetsLost":0}},{"from":"Ansh_7d76d88f-3f4d-4420-a512-a5cc2f44d116","to":"Shivank_4c0cec62-9140-48f7-aca3-674e03d54149","Audio":{"timestamp":1611072648622.693,"packetsReceived":4454,"packetsLost":0},"Type":"inbound-rtp","Video":{"timestamp":1611072648622.693,"packetsReceived":167,"packetsLost":0}},{"from":"Ansh_7d76d88f-3f4d-4420-a512-a5cc2f44d116","to":"Shivank_4c0cec62-9140-48f7-aca3-674e03d54149","Audio":{"timestamp":1611072653622.813,"packetsReceived":4704,"packetsLost":0},"Type":"inbound-rtp","Video":{"timestamp":1611072653622.813,"packetsReceived":172,"packetsLost":0}},{"from":"Ansh_7d76d88f-3f4d-4420-a512-a5cc2f44d116","to":"Shivank_4c0cec62-9140-48f7-aca3-674e03d54149","Audio":{"timestamp":1611072653622.813,"packetsReceived":4704,"packetsLost":0},"Type":"inbound-rtp","Video":{"timestamp":1611072653622.813,"packetsReceived":172,"packetsLost":0}},{"from":"Ansh_7d76d88f-3f4d-4420-a512-a5cc2f44d116","to":"Shivank_4c0cec62-9140-48f7-aca3-674e03d54149","Audio":{"timestamp":1611072658622.735,"packetsReceived":4954,"packetsLost":0},"Type":"inbound-rtp","Video":{"timestamp":1611072658622.735,"packetsReceived":177,"packetsLost":0}},{"from":"Ansh_7d76d88f-3f4d-4420-a512-a5cc2f44d116","to":"Shivank_4c0cec62-9140-48f7-aca3-674e03d54149","Audio":{"timestamp":1611072658622.735,"packetsReceived":4954,"packetsLost":0},"Type":"inbound-rtp","Video":{"timestamp":1611072658622.735,"packetsReceived":177,"packetsLost":0}},{"from":"Ansh_7d76d88f-3f4d-4420-a512-a5cc2f44d116","to":"Shivank_4c0cec62-9140-48f7-aca3-674e03d54149","Audio":{"timestamp":1611072663622.728,"packetsReceived":5204,"packetsLost":0},"Type":"inbound-rtp","Video":{"timestamp":1611072663622.728,"packetsReceived":181,"packetsLost":0}},{"from":"Ansh_7d76d88f-3f4d-4420-a512-a5cc2f44d116","to":"Shivank_4c0cec62-9140-48f7-aca3-674e03d54149","Audio":{"timestamp":1611072663622.728,"packetsReceived":5204,"packetsLost":0},"Type":"inbound-rtp","Video":{"timestamp":1611072663622.728,"packetsReceived":181,"packetsLost":0}},{"from":"Ansh_7d76d88f-3f4d-4420-a512-a5cc2f44d116","to":"Shivank_4c0cec62-9140-48f7-aca3-674e03d54149","Audio":{"timestamp":1611072668622.709,"packetsReceived":5454,"packetsLost":0},"Type":"inbound-rtp","Video":{"timestamp":1611072668622.709,"packetsReceived":186,"packetsLost":0}},{"from":"Ansh_7d76d88f-3f4d-4420-a512-a5cc2f44d116","to":"Shivank_4c0cec62-9140-48f7-aca3-674e03d54149","Audio":{"timestamp":1611072668622.709,"packetsReceived":5454,"packetsLost":0},"Type":"inbound-rtp","Video":{"timestamp":1611072668622.709,"packetsReceived":186,"packetsLost":0}},{"from":"Ansh_7d76d88f-3f4d-4420-a512-a5cc2f44d116","to":"Shivank_4c0cec62-9140-48f7-aca3-674e03d54149","Audio":{"timestamp":1611072673622.701,"packetsReceived":5704,"packetsLost":0},"Type":"inbound-rtp","Video":{"timestamp":1611072673622.701,"packetsReceived":191,"packetsLost":0}},{"from":"Ansh_7d76d88f-3f4d-4420-a512-a5cc2f44d116","to":"Shivank_4c0cec62-9140-48f7-aca3-674e03d54149","Audio":{"timestamp":1611072673622.701,"packetsReceived":5704,"packetsLost":0},"Type":"inbound-rtp","Video":{"timestamp":1611072673622.701,"packetsReceived":191,"packetsLost":0}},{"from":"Ansh_7d76d88f-3f4d-4420-a512-a5cc2f44d116","to":"Shivank_4c0cec62-9140-48f7-aca3-674e03d54149","Audio":{"timestamp":1611072678622.698,"packetsReceived":5954,"packetsLost":0},"Type":"inbound-rtp","Video":{"timestamp":1611072678622.698,"packetsReceived":195,"packetsLost":0}},{"from":"Ansh_7d76d88f-3f4d-4420-a512-a5cc2f44d116","to":"Shivank_4c0cec62-9140-48f7-aca3-674e03d54149","Audio":{"timestamp":1611072678622.698,"packetsReceived":5954,"packetsLost":0},"Type":"inbound-rtp","Video":{"timestamp":1611072678622.698,"packetsReceived":195,"packetsLost":0}},{"from":"Ansh_7d76d88f-3f4d-4420-a512-a5cc2f44d116","to":"Shivank_4c0cec62-9140-48f7-aca3-674e03d54149","Audio":{"timestamp":1611072683622.796,"packetsReceived":6203,"packetsLost":0},"Type":"inbound-rtp","Video":{"timestamp":1611072683622.796,"packetsReceived":200,"packetsLost":0}},{"from":"Ansh_7d76d88f-3f4d-4420-a512-a5cc2f44d116","to":"Shivank_4c0cec62-9140-48f7-aca3-674e03d54149","Audio":{"timestamp":1611072683622.796,"packetsReceived":6203,"packetsLost":0},"Type":"inbound-rtp","Video":{"timestamp":1611072683622.796,"packetsReceived":200,"packetsLost":0}},{"from":"Ansh_7d76d88f-3f4d-4420-a512-a5cc2f44d116","to":"Shivank_4c0cec62-9140-48f7-aca3-674e03d54149","Audio":{"timestamp":1611072688622.763,"packetsReceived":6454,"packetsLost":0},"Type":"inbound-rtp","Video":{"timestamp":1611072688622.763,"packetsReceived":205,"packetsLost":0}},{"from":"Ansh_7d76d88f-3f4d-4420-a512-a5cc2f44d116","to":"Shivank_4c0cec62-9140-48f7-aca3-674e03d54149","Audio":{"timestamp":1611072688622.763,"packetsReceived":6454,"packetsLost":0},"Type":"inbound-rtp","Video":{"timestamp":1611072688622.763,"packetsReceived":205,"packetsLost":0}},{"from":"Ansh_7d76d88f-3f4d-4420-a512-a5cc2f44d116","to":"Shivank_4c0cec62-9140-48f7-aca3-674e03d54149","Audio":{"timestamp":1611072693622.764,"packetsReceived":6704,"packetsLost":0},"Type":"inbound-rtp","Video":{"timestamp":1611072693622.764,"packetsReceived":227,"packetsLost":0}},{"from":"Ansh_7d76d88f-3f4d-4420-a512-a5cc2f44d116","to":"Shivank_4c0cec62-9140-48f7-aca3-674e03d54149","Audio":{"timestamp":1611072693622.764,"packetsReceived":6704,"packetsLost":0},"Type":"inbound-rtp","Video":{"timestamp":1611072693622.764,"packetsReceived":227,"packetsLost":0}},{"from":"Ansh_7d76d88f-3f4d-4420-a512-a5cc2f44d116","to":"Shivank_4c0cec62-9140-48f7-aca3-674e03d54149","Audio":{"timestamp":1611072698622.748,"packetsReceived":6954,"packetsLost":0},"Type":"inbound-rtp","Video":{"timestamp":1611072698622.748,"packetsReceived":274,"packetsLost":0}},{"from":"Ansh_7d76d88f-3f4d-4420-a512-a5cc2f44d116","to":"Shivank_4c0cec62-9140-48f7-aca3-674e03d54149","Audio":{"timestamp":1611072698622.748,"packetsReceived":6954,"packetsLost":0},"Type":"inbound-rtp","Video":{"timestamp":1611072698622.748,"packetsReceived":274,"packetsLost":0}},{"from":"Ansh_7d76d88f-3f4d-4420-a512-a5cc2f44d116","to":"Shivank_4c0cec62-9140-48f7-aca3-674e03d54149","Audio":{"timestamp":1611072703622.715,"packetsReceived":7204,"packetsLost":0},"Type":"inbound-rtp","Video":{"timestamp":1611072703622.715,"packetsReceived":279,"packetsLost":0}},{"from":"Ansh_7d76d88f-3f4d-4420-a512-a5cc2f44d116","to":"Shivank_4c0cec62-9140-48f7-aca3-674e03d54149","Audio":{"timestamp":1611072703622.715,"packetsReceived":7204,"packetsLost":0},"Type":"inbound-rtp","Video":{"timestamp":1611072703622.715,"packetsReceived":279,"packetsLost":0}},{"from":"Ansh_7d76d88f-3f4d-4420-a512-a5cc2f44d116","to":"Shivank_4c0cec62-9140-48f7-aca3-674e03d54149","Audio":{"timestamp":1611072708622.681,"packetsReceived":7454,"packetsLost":0},"Type":"inbound-rtp","Video":{"timestamp":1611072708622.681,"packetsReceived":283,"packetsLost":0}},{"from":"Ansh_7d76d88f-3f4d-4420-a512-a5cc2f44d116","to":"Shivank_4c0cec62-9140-48f7-aca3-674e03d54149","Audio":{"timestamp":1611072708622.681,"packetsReceived":7454,"packetsLost":0},"Type":"inbound-rtp","Video":{"timestamp":1611072708622.681,"packetsReceived":283,"packetsLost":0}},{"from":"Ansh_7d76d88f-3f4d-4420-a512-a5cc2f44d116","to":"Shivank_4c0cec62-9140-48f7-aca3-674e03d54149","Audio":{"timestamp":1611072713622.71,"packetsReceived":7704,"packetsLost":0},"Type":"inbound-rtp","Video":{"timestamp":1611072713622.71,"packetsReceived":288,"packetsLost":0}},{"from":"Ansh_7d76d88f-3f4d-4420-a512-a5cc2f44d116","to":"Shivank_4c0cec62-9140-48f7-aca3-674e03d54149","Audio":{"timestamp":1611072713622.71,"packetsReceived":7704,"packetsLost":0},"Type":"inbound-rtp","Video":{"timestamp":1611072713622.71,"packetsReceived":288,"packetsLost":0}},{"from":"Ansh_7d76d88f-3f4d-4420-a512-a5cc2f44d116","to":"Shivank_4c0cec62-9140-48f7-aca3-674e03d54149","Audio":{"timestamp":1611072718622.748,"packetsReceived":7954,"packetsLost":0},"Type":"inbound-rtp","Video":{"timestamp":1611072718622.748,"packetsReceived":293,"packetsLost":0}},{"from":"Ansh_7d76d88f-3f4d-4420-a512-a5cc2f44d116","to":"Shivank_4c0cec62-9140-48f7-aca3-674e03d54149","Audio":{"timestamp":1611072718622.748,"packetsReceived":7954,"packetsLost":0},"Type":"inbound-rtp","Video":{"timestamp":1611072718622.748,"packetsReceived":293,"packetsLost":0}},{"from":"Ansh_7d76d88f-3f4d-4420-a512-a5cc2f44d116","to":"Shivank_4c0cec62-9140-48f7-aca3-674e03d54149","Audio":{"timestamp":1611072723622.723,"packetsReceived":8204,"packetsLost":0},"Type":"inbound-rtp","Video":{"timestamp":1611072723622.723,"packetsReceived":341,"packetsLost":0}},{"from":"Ansh_7d76d88f-3f4d-4420-a512-a5cc2f44d116","to":"Shivank_4c0cec62-9140-48f7-aca3-674e03d54149","Audio":{"timestamp":1611072723622.723,"packetsReceived":8204,"packetsLost":0},"Type":"inbound-rtp","Video":{"timestamp":1611072723622.723,"packetsReceived":341,"packetsLost":0}},{"from":"Ansh_7d76d88f-3f4d-4420-a512-a5cc2f44d116","to":"Shivank_4c0cec62-9140-48f7-aca3-674e03d54149","Audio":{"timestamp":1611072728622.703,"packetsReceived":8454,"packetsLost":0},"Type":"inbound-rtp","Video":{"timestamp":1611072728622.703,"packetsReceived":349,"packetsLost":0}},{"from":"Ansh_7d76d88f-3f4d-4420-a512-a5cc2f44d116","to":"Shivank_4c0cec62-9140-48f7-aca3-674e03d54149","Audio":{"timestamp":1611072728622.703,"packetsReceived":8454,"packetsLost":0},"Type":"inbound-rtp","Video":{"timestamp":1611072728622.703,"packetsReceived":349,"packetsLost":0}},{"from":"Ansh_7d76d88f-3f4d-4420-a512-a5cc2f44d116","to":"Shivank_4c0cec62-9140-48f7-aca3-674e03d54149","Audio":{"timestamp":1611072733622.681,"packetsReceived":8704,"packetsLost":0},"Type":"inbound-rtp","Video":{"timestamp":1611072733622.681,"packetsReceived":354,"packetsLost":0}},{"from":"Ansh_7d76d88f-3f4d-4420-a512-a5cc2f44d116","to":"Shivank_4c0cec62-9140-48f7-aca3-674e03d54149","Audio":{"timestamp":1611072733622.681,"packetsReceived":8704,"packetsLost":0},"Type":"inbound-rtp","Video":{"timestamp":1611072733622.681,"packetsReceived":354,"packetsLost":0}},{"from":"Ansh_7d76d88f-3f4d-4420-a512-a5cc2f44d116","to":"Shivank_4c0cec62-9140-48f7-aca3-674e03d54149","Audio":{"timestamp":1611072738622.814,"packetsReceived":8954,"packetsLost":0},"Type":"inbound-rtp","Video":{"timestamp":1611072738622.814,"packetsReceived":358,"packetsLost":0}},{"from":"Ansh_7d76d88f-3f4d-4420-a512-a5cc2f44d116","to":"Shivank_4c0cec62-9140-48f7-aca3-674e03d54149","Audio":{"timestamp":1611072738622.814,"packetsReceived":8954,"packetsLost":0},"Type":"inbound-rtp","Video":{"timestamp":1611072738622.814,"packetsReceived":358,"packetsLost":0}},{"from":"Ansh_7d76d88f-3f4d-4420-a512-a5cc2f44d116","to":"Shivank_4c0cec62-9140-48f7-aca3-674e03d54149","Audio":{"timestamp":1611072743622.695,"packetsReceived":9204,"packetsLost":0},"Type":"inbound-rtp","Video":{"timestamp":1611072743622.695,"packetsReceived":363,"packetsLost":0}},{"from":"Ansh_7d76d88f-3f4d-4420-a512-a5cc2f44d116","to":"Shivank_4c0cec62-9140-48f7-aca3-674e03d54149","Audio":{"timestamp":1611072743622.695,"packetsReceived":9204,"packetsLost":0},"Type":"inbound-rtp","Video":{"timestamp":1611072743622.695,"packetsReceived":363,"packetsLost":0}},{"from":"Ansh_7d76d88f-3f4d-4420-a512-a5cc2f44d116","to":"Shivank_4c0cec62-9140-48f7-aca3-674e03d54149","Audio":{"timestamp":1611072748622.711,"packetsReceived":9454,"packetsLost":0},"Type":"inbound-rtp","Video":{"timestamp":1611072748622.711,"packetsReceived":368,"packetsLost":0}},{"from":"Ansh_7d76d88f-3f4d-4420-a512-a5cc2f44d116","to":"Shivank_4c0cec62-9140-48f7-aca3-674e03d54149","Audio":{"timestamp":1611072748622.711,"packetsReceived":9454,"packetsLost":0},"Type":"inbound-rtp","Video":{"timestamp":1611072748622.711,"packetsReceived":368,"packetsLost":0}},{"from":"Ansh_7d76d88f-3f4d-4420-a512-a5cc2f44d116","to":"Shivank_4c0cec62-9140-48f7-aca3-674e03d54149","Audio":{"timestamp":1611072753622.704,"packetsReceived":9704,"packetsLost":0},"Type":"inbound-rtp","Video":{"timestamp":1611072753622.704,"packetsReceived":373,"packetsLost":0}},{"from":"Ansh_7d76d88f-3f4d-4420-a512-a5cc2f44d116","to":"Shivank_4c0cec62-9140-48f7-aca3-674e03d54149","Audio":{"timestamp":1611072753622.704,"packetsReceived":9704,"packetsLost":0},"Type":"inbound-rtp","Video":{"timestamp":1611072753622.704,"packetsReceived":373,"packetsLost":0}},{"from":"Ansh_7d76d88f-3f4d-4420-a512-a5cc2f44d116","to":"Shivank_4c0cec62-9140-48f7-aca3-674e03d54149","Audio":{"timestamp":1611072758622.709,"packetsReceived":9953,"packetsLost":0},"Type":"inbound-rtp","Video":{"timestamp":1611072758622.709,"packetsReceived":429,"packetsLost":0}},{"from":"Ansh_7d76d88f-3f4d-4420-a512-a5cc2f44d116","to":"Shivank_4c0cec62-9140-48f7-aca3-674e03d54149","Audio":{"timestamp":1611072758622.709,"packetsReceived":9953,"packetsLost":0},"Type":"inbound-rtp","Video":{"timestamp":1611072758622.709,"packetsReceived":429,"packetsLost":0}},{"from":"Ansh_7d76d88f-3f4d-4420-a512-a5cc2f44d116","to":"Shivank_4c0cec62-9140-48f7-aca3-674e03d54149","Audio":{"timestamp":1611072763622.881,"packetsReceived":10204,"packetsLost":0},"Type":"inbound-rtp","Video":{"timestamp":1611072763622.881,"packetsReceived":442,"packetsLost":0}},{"from":"Ansh_7d76d88f-3f4d-4420-a512-a5cc2f44d116","to":"Shivank_4c0cec62-9140-48f7-aca3-674e03d54149","Audio":{"timestamp":1611072763622.881,"packetsReceived":10204,"packetsLost":0},"Type":"inbound-rtp","Video":{"timestamp":1611072763622.881,"packetsReceived":442,"packetsLost":0}},{"from":"Ansh_7d76d88f-3f4d-4420-a512-a5cc2f44d116","to":"Shivank_4c0cec62-9140-48f7-aca3-674e03d54149","Audio":{"timestamp":1611072768622.754,"packetsReceived":10454,"packetsLost":0},"Type":"inbound-rtp","Video":{"timestamp":1611072768622.754,"packetsReceived":447,"packetsLost":0}},{"from":"Ansh_7d76d88f-3f4d-4420-a512-a5cc2f44d116","to":"Shivank_4c0cec62-9140-48f7-aca3-674e03d54149","Audio":{"timestamp":1611072768622.754,"packetsReceived":10454,"packetsLost":0},"Type":"inbound-rtp","Video":{"timestamp":1611072768622.754,"packetsReceived":447,"packetsLost":0}},{"from":"Ansh_7d76d88f-3f4d-4420-a512-a5cc2f44d116","to":"Shivank_4c0cec62-9140-48f7-aca3-674e03d54149","Audio":{"timestamp":1611072773622.719,"packetsReceived":10704,"packetsLost":0},"Type":"inbound-rtp","Video":{"timestamp":1611072773622.719,"packetsReceived":451,"packetsLost":0}},{"from":"Ansh_7d76d88f-3f4d-4420-a512-a5cc2f44d116","to":"Shivank_4c0cec62-9140-48f7-aca3-674e03d54149","Audio":{"timestamp":1611072773622.719,"packetsReceived":10704,"packetsLost":0},"Type":"inbound-rtp","Video":{"timestamp":1611072773622.719,"packetsReceived":451,"packetsLost":0}},{"from":"Ansh_7d76d88f-3f4d-4420-a512-a5cc2f44d116","to":"Shivank_4c0cec62-9140-48f7-aca3-674e03d54149","Audio":{"timestamp":1611072778622.689,"packetsReceived":10954,"packetsLost":0},"Type":"inbound-rtp","Video":{"timestamp":1611072778622.689,"packetsReceived":456,"packetsLost":0}},{"from":"Ansh_7d76d88f-3f4d-4420-a512-a5cc2f44d116","to":"Shivank_4c0cec62-9140-48f7-aca3-674e03d54149","Audio":{"timestamp":1611072778622.689,"packetsReceived":10954,"packetsLost":0},"Type":"inbound-rtp","Video":{"timestamp":1611072778622.689,"packetsReceived":456,"packetsLost":0}},{"from":"Ansh_7d76d88f-3f4d-4420-a512-a5cc2f44d116","to":"Shivank_4c0cec62-9140-48f7-aca3-674e03d54149","Audio":{"timestamp":1611072783622.695,"packetsReceived":11204,"packetsLost":0},"Type":"inbound-rtp","Video":{"timestamp":1611072783622.695,"packetsReceived":461,"packetsLost":0}},{"from":"Ansh_7d76d88f-3f4d-4420-a512-a5cc2f44d116","to":"Shivank_4c0cec62-9140-48f7-aca3-674e03d54149","Audio":{"timestamp":1611072783622.695,"packetsReceived":11204,"packetsLost":0},"Type":"inbound-rtp","Video":{"timestamp":1611072783622.695,"packetsReceived":461,"packetsLost":0}},{"from":"Ansh_7d76d88f-3f4d-4420-a512-a5cc2f44d116","to":"Shivank_4c0cec62-9140-48f7-aca3-674e03d54149","Audio":{"timestamp":1611072788622.731,"packetsReceived":11454,"packetsLost":0},"Type":"inbound-rtp","Video":{"timestamp":1611072788622.731,"packetsReceived":465,"packetsLost":0}},{"from":"Ansh_7d76d88f-3f4d-4420-a512-a5cc2f44d116","to":"Shivank_4c0cec62-9140-48f7-aca3-674e03d54149","Audio":{"timestamp":1611072788622.731,"packetsReceived":11454,"packetsLost":0},"Type":"inbound-rtp","Video":{"timestamp":1611072788622.731,"packetsReceived":465,"packetsLost":0}},{"from":"Ansh_7d76d88f-3f4d-4420-a512-a5cc2f44d116","to":"Shivank_4c0cec62-9140-48f7-aca3-674e03d54149","Audio":{"timestamp":1611072793622.69,"packetsReceived":11704,"packetsLost":0},"Type":"inbound-rtp","Video":{"timestamp":1611072793622.69,"packetsReceived":470,"packetsLost":0}},{"from":"Ansh_7d76d88f-3f4d-4420-a512-a5cc2f44d116","to":"Shivank_4c0cec62-9140-48f7-aca3-674e03d54149","Audio":{"timestamp":1611072793622.69,"packetsReceived":11704,"packetsLost":0},"Type":"inbound-rtp","Video":{"timestamp":1611072793622.69,"packetsReceived":470,"packetsLost":0}},{"from":"Ansh_7d76d88f-3f4d-4420-a512-a5cc2f44d116","to":"Shivank_4c0cec62-9140-48f7-aca3-674e03d54149","Audio":{"timestamp":1611072798622.71,"packetsReceived":11953,"packetsLost":0},"Type":"inbound-rtp","Video":{"timestamp":1611072798622.71,"packetsReceived":475,"packetsLost":0}},{"from":"Ansh_7d76d88f-3f4d-4420-a512-a5cc2f44d116","to":"Shivank_4c0cec62-9140-48f7-aca3-674e03d54149","Audio":{"timestamp":1611072798622.71,"packetsReceived":11953,"packetsLost":0},"Type":"inbound-rtp","Video":{"timestamp":1611072798622.71,"packetsReceived":475,"packetsLost":0}},{"from":"Ansh_7d76d88f-3f4d-4420-a512-a5cc2f44d116","to":"Shivank_4c0cec62-9140-48f7-aca3-674e03d54149","Audio":{"timestamp":1611072803622.721,"packetsReceived":12204,"packetsLost":0},"Type":"inbound-rtp","Video":{"timestamp":1611072803622.721,"packetsReceived":479,"packetsLost":0}},{"from":"Ansh_7d76d88f-3f4d-4420-a512-a5cc2f44d116","to":"Shivank_4c0cec62-9140-48f7-aca3-674e03d54149","Audio":{"timestamp":1611072803622.721,"packetsReceived":12204,"packetsLost":0},"Type":"inbound-rtp","Video":{"timestamp":1611072803622.721,"packetsReceived":479,"packetsLost":0}},{"from":"Ansh_7d76d88f-3f4d-4420-a512-a5cc2f44d116","to":"Shivank_4c0cec62-9140-48f7-aca3-674e03d54149","Audio":{"timestamp":1611072808622.707,"packetsReceived":12454,"packetsLost":0},"Type":"inbound-rtp","Video":{"timestamp":1611072808622.707,"packetsReceived":484,"packetsLost":0}},{"from":"Ansh_7d76d88f-3f4d-4420-a512-a5cc2f44d116","to":"Shivank_4c0cec62-9140-48f7-aca3-674e03d54149","Audio":{"timestamp":1611072808622.707,"packetsReceived":12454,"packetsLost":0},"Type":"inbound-rtp","Video":{"timestamp":1611072808622.707,"packetsReceived":484,"packetsLost":0}},{"from":"Ansh_7d76d88f-3f4d-4420-a512-a5cc2f44d116","to":"Shivank_4c0cec62-9140-48f7-aca3-674e03d54149","Audio":{"timestamp":1611072813622.71,"packetsReceived":12704,"packetsLost":0},"Type":"inbound-rtp","Video":{"timestamp":1611072813622.71,"packetsReceived":489,"packetsLost":0}},{"from":"Ansh_7d76d88f-3f4d-4420-a512-a5cc2f44d116","to":"Shivank_4c0cec62-9140-48f7-aca3-674e03d54149","Audio":{"timestamp":1611072813622.71,"packetsReceived":12704,"packetsLost":0},"Type":"inbound-rtp","Video":{"timestamp":1611072813622.71,"packetsReceived":489,"packetsLost":0}},{"from":"Ansh_7d76d88f-3f4d-4420-a512-a5cc2f44d116","to":"Shivank_4c0cec62-9140-48f7-aca3-674e03d54149","Audio":{"timestamp":1611072818622.706,"packetsReceived":12954,"packetsLost":0},"Type":"inbound-rtp","Video":{"timestamp":1611072818622.706,"packetsReceived":493,"packetsLost":0}},{"from":"Ansh_7d76d88f-3f4d-4420-a512-a5cc2f44d116","to":"Shivank_4c0cec62-9140-48f7-aca3-674e03d54149","Audio":{"timestamp":1611072818622.706,"packetsReceived":12954,"packetsLost":0},"Type":"inbound-rtp","Video":{"timestamp":1611072818622.706,"packetsReceived":493,"packetsLost":0}},{"from":"Ansh_7d76d88f-3f4d-4420-a512-a5cc2f44d116","to":"Shivank_4c0cec62-9140-48f7-aca3-674e03d54149","Audio":{"timestamp":1611072823622.691,"packetsReceived":13204,"packetsLost":0},"Type":"inbound-rtp","Video":{"timestamp":1611072823622.691,"packetsReceived":626,"packetsLost":0}},{"from":"Ansh_7d76d88f-3f4d-4420-a512-a5cc2f44d116","to":"Shivank_4c0cec62-9140-48f7-aca3-674e03d54149","Audio":{"timestamp":1611072823622.691,"packetsReceived":13204,"packetsLost":0},"Type":"inbound-rtp","Video":{"timestamp":1611072823622.691,"packetsReceived":626,"packetsLost":0}},{"from":"Ansh_7d76d88f-3f4d-4420-a512-a5cc2f44d116","to":"Shivank_4c0cec62-9140-48f7-aca3-674e03d54149","Audio":{"timestamp":1611072828622.793,"packetsReceived":13454,"packetsLost":0},"Type":"inbound-rtp","Video":{"timestamp":1611072828622.793,"packetsReceived":710,"packetsLost":0}},{"from":"Ansh_7d76d88f-3f4d-4420-a512-a5cc2f44d116","to":"Shivank_4c0cec62-9140-48f7-aca3-674e03d54149","Audio":{"timestamp":1611072828622.793,"packetsReceived":13454,"packetsLost":0},"Type":"inbound-rtp","Video":{"timestamp":1611072828622.793,"packetsReceived":710,"packetsLost":0}},{"from":"Ansh_7d76d88f-3f4d-4420-a512-a5cc2f44d116","to":"Shivank_4c0cec62-9140-48f7-aca3-674e03d54149","Audio":{"timestamp":1611072833622.703,"packetsReceived":13703,"packetsLost":0},"Type":"inbound-rtp","Video":{"timestamp":1611072833622.703,"packetsReceived":730,"packetsLost":0}},{"from":"Ansh_7d76d88f-3f4d-4420-a512-a5cc2f44d116","to":"Shivank_4c0cec62-9140-48f7-aca3-674e03d54149","Audio":{"timestamp":1611072833622.703,"packetsReceived":13703,"packetsLost":0},"Type":"inbound-rtp","Video":{"timestamp":1611072833622.703,"packetsReceived":730,"packetsLost":0}},{"from":"Ansh_7d76d88f-3f4d-4420-a512-a5cc2f44d116","to":"Shivank_4c0cec62-9140-48f7-aca3-674e03d54149","Audio":{"timestamp":1611072838622.724,"packetsReceived":13954,"packetsLost":0},"Type":"inbound-rtp","Video":{"timestamp":1611072838622.724,"packetsReceived":758,"packetsLost":0}},{"from":"Ansh_7d76d88f-3f4d-4420-a512-a5cc2f44d116","to":"Shivank_4c0cec62-9140-48f7-aca3-674e03d54149","Audio":{"timestamp":1611072838622.724,"packetsReceived":13954,"packetsLost":0},"Type":"inbound-rtp","Video":{"timestamp":1611072838622.724,"packetsReceived":758,"packetsLost":0}},{"from":"Ansh_7d76d88f-3f4d-4420-a512-a5cc2f44d116","to":"Shivank_4c0cec62-9140-48f7-aca3-674e03d54149","Audio":{"timestamp":1611072843622.682,"packetsReceived":14204,"packetsLost":0},"Type":"inbound-rtp","Video":{"timestamp":1611072843622.682,"packetsReceived":783,"packetsLost":0}},{"from":"Ansh_7d76d88f-3f4d-4420-a512-a5cc2f44d116","to":"Shivank_4c0cec62-9140-48f7-aca3-674e03d54149","Audio":{"timestamp":1611072843622.682,"packetsReceived":14204,"packetsLost":0},"Type":"inbound-rtp","Video":{"timestamp":1611072843622.682,"packetsReceived":783,"packetsLost":0}},{"from":"Ansh_7d76d88f-3f4d-4420-a512-a5cc2f44d116","to":"Shivank_4c0cec62-9140-48f7-aca3-674e03d54149","Audio":{"timestamp":1611072848622.731,"packetsReceived":14453,"packetsLost":0},"Type":"inbound-rtp","Video":{"timestamp":1611072848622.731,"packetsReceived":803,"packetsLost":0}},{"from":"Ansh_7d76d88f-3f4d-4420-a512-a5cc2f44d116","to":"Shivank_4c0cec62-9140-48f7-aca3-674e03d54149","Audio":{"timestamp":1611072848622.731,"packetsReceived":14453,"packetsLost":0},"Type":"inbound-rtp","Video":{"timestamp":1611072848622.731,"packetsReceived":803,"packetsLost":0}},{"from":"Ansh_7d76d88f-3f4d-4420-a512-a5cc2f44d116","to":"Shivank_4c0cec62-9140-48f7-aca3-674e03d54149","Audio":{"timestamp":1611072853622.727,"packetsReceived":14704,"packetsLost":0},"Type":"inbound-rtp","Video":{"timestamp":1611072853622.727,"packetsReceived":828,"packetsLost":0}},{"from":"Ansh_7d76d88f-3f4d-4420-a512-a5cc2f44d116","to":"Shivank_4c0cec62-9140-48f7-aca3-674e03d54149","Audio":{"timestamp":1611072853622.727,"packetsReceived":14704,"packetsLost":0},"Type":"inbound-rtp","Video":{"timestamp":1611072853622.727,"packetsReceived":828,"packetsLost":0}},{"from":"Ansh_7d76d88f-3f4d-4420-a512-a5cc2f44d116","to":"Shivank_4c0cec62-9140-48f7-aca3-674e03d54149","Audio":{"timestamp":1611072858622.676,"packetsReceived":14954,"packetsLost":0},"Type":"inbound-rtp","Video":{"timestamp":1611072858622.676,"packetsReceived":853,"packetsLost":0}},{"from":"Ansh_7d76d88f-3f4d-4420-a512-a5cc2f44d116","to":"Shivank_4c0cec62-9140-48f7-aca3-674e03d54149","Audio":{"timestamp":1611072858622.676,"packetsReceived":14954,"packetsLost":0},"Type":"inbound-rtp","Video":{"timestamp":1611072858622.676,"packetsReceived":853,"packetsLost":0}},{"from":"Ansh_7d76d88f-3f4d-4420-a512-a5cc2f44d116","to":"Shivank_4c0cec62-9140-48f7-aca3-674e03d54149","Audio":{"timestamp":1611072863622.744,"packetsReceived":15203,"packetsLost":0},"Type":"inbound-rtp","Video":{"timestamp":1611072863622.744,"packetsReceived":949,"packetsLost":0}},{"from":"Ansh_7d76d88f-3f4d-4420-a512-a5cc2f44d116","to":"Shivank_4c0cec62-9140-48f7-aca3-674e03d54149","Audio":{"timestamp":1611072863622.744,"packetsReceived":15203,"packetsLost":0},"Type":"inbound-rtp","Video":{"timestamp":1611072863622.744,"packetsReceived":949,"packetsLost":0}},{"from":"Ansh_7d76d88f-3f4d-4420-a512-a5cc2f44d116","to":"Shivank_4c0cec62-9140-48f7-aca3-674e03d54149","Audio":{"timestamp":1611072868622.745,"packetsReceived":15454,"packetsLost":0},"Type":"inbound-rtp","Video":{"timestamp":1611072868622.745,"packetsReceived":962,"packetsLost":0}},{"from":"Ansh_7d76d88f-3f4d-4420-a512-a5cc2f44d116","to":"Shivank_4c0cec62-9140-48f7-aca3-674e03d54149","Audio":{"timestamp":1611072868622.745,"packetsReceived":15454,"packetsLost":0},"Type":"inbound-rtp","Video":{"timestamp":1611072868622.745,"packetsReceived":962,"packetsLost":0}},{"from":"Ansh_7d76d88f-3f4d-4420-a512-a5cc2f44d116","to":"Shivank_4c0cec62-9140-48f7-aca3-674e03d54149","Audio":{"timestamp":1611072873622.727,"packetsReceived":15704,"packetsLost":0},"Type":"inbound-rtp","Video":{"timestamp":1611072873622.727,"packetsReceived":977,"packetsLost":0}},{"from":"Ansh_7d76d88f-3f4d-4420-a512-a5cc2f44d116","to":"Shivank_4c0cec62-9140-48f7-aca3-674e03d54149","Audio":{"timestamp":1611072873622.727,"packetsReceived":15704,"packetsLost":0},"Type":"inbound-rtp","Video":{"timestamp":1611072873622.727,"packetsReceived":977,"packetsLost":0}},{"from":"Ansh_7d76d88f-3f4d-4420-a512-a5cc2f44d116","to":"Shivank_4c0cec62-9140-48f7-aca3-674e03d54149","Audio":{"timestamp":1611072878622.748,"packetsReceived":15954,"packetsLost":0},"Type":"inbound-rtp","Video":{"timestamp":1611072878622.748,"packetsReceived":992,"packetsLost":0}},{"from":"Ansh_7d76d88f-3f4d-4420-a512-a5cc2f44d116","to":"Shivank_4c0cec62-9140-48f7-aca3-674e03d54149","Audio":{"timestamp":1611072878622.748,"packetsReceived":15954,"packetsLost":0},"Type":"inbound-rtp","Video":{"timestamp":1611072878622.748,"packetsReceived":992,"packetsLost":0}},{"from":"Ansh_7d76d88f-3f4d-4420-a512-a5cc2f44d116","to":"Shivank_4c0cec62-9140-48f7-aca3-674e03d54149","Audio":{"timestamp":1611072883622.705,"packetsReceived":16204,"packetsLost":0},"Type":"inbound-rtp","Video":{"timestamp":1611072883622.705,"packetsReceived":1003,"packetsLost":0}},{"from":"Ansh_7d76d88f-3f4d-4420-a512-a5cc2f44d116","to":"Shivank_4c0cec62-9140-48f7-aca3-674e03d54149","Audio":{"timestamp":1611072883622.705,"packetsReceived":16204,"packetsLost":0},"Type":"inbound-rtp","Video":{"timestamp":1611072883622.705,"packetsReceived":1003,"packetsLost":0}},{"from":"Ansh_7d76d88f-3f4d-4420-a512-a5cc2f44d116","to":"Shivank_4c0cec62-9140-48f7-aca3-674e03d54149","Audio":{"timestamp":1611072888622.684,"packetsReceived":16453,"packetsLost":0},"Type":"inbound-rtp","Video":{"timestamp":1611072888622.684,"packetsReceived":1018,"packetsLost":0}},{"from":"Ansh_7d76d88f-3f4d-4420-a512-a5cc2f44d116","to":"Shivank_4c0cec62-9140-48f7-aca3-674e03d54149","Audio":{"timestamp":1611072888622.684,"packetsReceived":16453,"packetsLost":0},"Type":"inbound-rtp","Video":{"timestamp":1611072888622.684,"packetsReceived":1018,"packetsLost":0}},{"from":"Ansh_7d76d88f-3f4d-4420-a512-a5cc2f44d116","to":"Shivank_4c0cec62-9140-48f7-aca3-674e03d54149","Audio":{"timestamp":1611072893622.747,"packetsReceived":16703,"packetsLost":0},"Type":"inbound-rtp","Video":{"timestamp":1611072893622.747,"packetsReceived":1033,"packetsLost":0}},{"from":"Ansh_7d76d88f-3f4d-4420-a512-a5cc2f44d116","to":"Shivank_4c0cec62-9140-48f7-aca3-674e03d54149","Audio":{"timestamp":1611072893622.747,"packetsReceived":16703,"packetsLost":0},"Type":"inbound-rtp","Video":{"timestamp":1611072893622.747,"packetsReceived":1033,"packetsLost":0}},{"from":"Ansh_7d76d88f-3f4d-4420-a512-a5cc2f44d116","to":"Shivank_4c0cec62-9140-48f7-aca3-674e03d54149","Audio":{"timestamp":1611072898622.729,"packetsReceived":16953,"packetsLost":0},"Type":"inbound-rtp","Video":{"timestamp":1611072898622.729,"packetsReceived":1045,"packetsLost":0}},{"from":"Ansh_7d76d88f-3f4d-4420-a512-a5cc2f44d116","to":"Shivank_4c0cec62-9140-48f7-aca3-674e03d54149","Audio":{"timestamp":1611072898622.729,"packetsReceived":16953,"packetsLost":0},"Type":"inbound-rtp","Video":{"timestamp":1611072898622.729,"packetsReceived":1045,"packetsLost":0}},{"from":"Ansh_7d76d88f-3f4d-4420-a512-a5cc2f44d116","to":"Shivank_4c0cec62-9140-48f7-aca3-674e03d54149","Audio":{"timestamp":1611072903622.706,"packetsReceived":17204,"packetsLost":0},"Type":"inbound-rtp","Video":{"timestamp":1611072903622.706,"packetsReceived":1059,"packetsLost":0}},{"from":"Ansh_7d76d88f-3f4d-4420-a512-a5cc2f44d116","to":"Shivank_4c0cec62-9140-48f7-aca3-674e03d54149","Audio":{"timestamp":1611072903622.706,"packetsReceived":17204,"packetsLost":0},"Type":"inbound-rtp","Video":{"timestamp":1611072903622.706,"packetsReceived":1059,"packetsLost":0}},{"from":"Ansh_7d76d88f-3f4d-4420-a512-a5cc2f44d116","to":"Shivank_4c0cec62-9140-48f7-aca3-674e03d54149","Audio":{"timestamp":1611072908622.683,"packetsReceived":17453,"packetsLost":0},"Type":"inbound-rtp","Video":{"timestamp":1611072908622.683,"packetsReceived":1074,"packetsLost":0}},{"from":"Ansh_7d76d88f-3f4d-4420-a512-a5cc2f44d116","to":"Shivank_4c0cec62-9140-48f7-aca3-674e03d54149","Audio":{"timestamp":1611072908622.683,"packetsReceived":17453,"packetsLost":0},"Type":"inbound-rtp","Video":{"timestamp":1611072908622.683,"packetsReceived":1074,"packetsLost":0}},{"from":"Ansh_7d76d88f-3f4d-4420-a512-a5cc2f44d116","to":"Shivank_4c0cec62-9140-48f7-aca3-674e03d54149","Audio":{"timestamp":1611072913622.712,"packetsReceived":17704,"packetsLost":0},"Type":"inbound-rtp","Video":{"timestamp":1611072913622.712,"packetsReceived":1086,"packetsLost":0}},{"from":"Ansh_7d76d88f-3f4d-4420-a512-a5cc2f44d116","to":"Shivank_4c0cec62-9140-48f7-aca3-674e03d54149","Audio":{"timestamp":1611072913622.712,"packetsReceived":17704,"packetsLost":0},"Type":"inbound-rtp","Video":{"timestamp":1611072913622.712,"packetsReceived":1086,"packetsLost":0}},{"from":"Ansh_7d76d88f-3f4d-4420-a512-a5cc2f44d116","to":"Shivank_4c0cec62-9140-48f7-aca3-674e03d54149","Audio":{"timestamp":1611072918622.704,"packetsReceived":17954,"packetsLost":0},"Type":"inbound-rtp","Video":{"timestamp":1611072918622.704,"packetsReceived":1101,"packetsLost":0}},{"from":"Ansh_7d76d88f-3f4d-4420-a512-a5cc2f44d116","to":"Shivank_4c0cec62-9140-48f7-aca3-674e03d54149","Audio":{"timestamp":1611072918622.704,"packetsReceived":17954,"packetsLost":0},"Type":"inbound-rtp","Video":{"timestamp":1611072918622.704,"packetsReceived":1101,"packetsLost":0}},{"from":"Ansh_7d76d88f-3f4d-4420-a512-a5cc2f44d116","to":"Shivank_4c0cec62-9140-48f7-aca3-674e03d54149","Audio":{"timestamp":1611072923622.732,"packetsReceived":18203,"packetsLost":0},"Type":"inbound-rtp","Video":{"timestamp":1611072923622.732,"packetsReceived":1113,"packetsLost":0}},{"from":"Ansh_7d76d88f-3f4d-4420-a512-a5cc2f44d116","to":"Shivank_4c0cec62-9140-48f7-aca3-674e03d54149","Audio":{"timestamp":1611072923622.732,"packetsReceived":18203,"packetsLost":0},"Type":"inbound-rtp","Video":{"timestamp":1611072923622.732,"packetsReceived":1113,"packetsLost":0}},{"from":"Ansh_7d76d88f-3f4d-4420-a512-a5cc2f44d116","to":"Shivank_4c0cec62-9140-48f7-aca3-674e03d54149","Audio":{"timestamp":1611072928622.708,"packetsReceived":18454,"packetsLost":0},"Type":"inbound-rtp","Video":{"timestamp":1611072928622.708,"packetsReceived":1125,"packetsLost":0}},{"from":"Ansh_7d76d88f-3f4d-4420-a512-a5cc2f44d116","to":"Shivank_4c0cec62-9140-48f7-aca3-674e03d54149","Audio":{"timestamp":1611072928622.708,"packetsReceived":18454,"packetsLost":0},"Type":"inbound-rtp","Video":{"timestamp":1611072928622.708,"packetsReceived":1125,"packetsLost":0}},{"from":"Ansh_7d76d88f-3f4d-4420-a512-a5cc2f44d116","to":"Shivank_4c0cec62-9140-48f7-aca3-674e03d54149","Audio":{"timestamp":1611072933622.705,"packetsReceived":18703,"packetsLost":0},"Type":"inbound-rtp","Video":{"timestamp":1611072933622.705,"packetsReceived":1140,"packetsLost":0}},{"from":"Ansh_7d76d88f-3f4d-4420-a512-a5cc2f44d116","to":"Shivank_4c0cec62-9140-48f7-aca3-674e03d54149","Audio":{"timestamp":1611072933622.705,"packetsReceived":18703,"packetsLost":0},"Type":"inbound-rtp","Video":{"timestamp":1611072933622.705,"packetsReceived":1140,"packetsLost":0}},{"from":"Ansh_7d76d88f-3f4d-4420-a512-a5cc2f44d116","to":"Shivank_4c0cec62-9140-48f7-aca3-674e03d54149","Audio":{"timestamp":1611072938622.73,"packetsReceived":18953,"packetsLost":0},"Type":"inbound-rtp","Video":{"timestamp":1611072938622.73,"packetsReceived":1155,"packetsLost":0}},{"from":"Ansh_7d76d88f-3f4d-4420-a512-a5cc2f44d116","to":"Shivank_4c0cec62-9140-48f7-aca3-674e03d54149","Audio":{"timestamp":1611072938622.73,"packetsReceived":18953,"packetsLost":0},"Type":"inbound-rtp","Video":{"timestamp":1611072938622.73,"packetsReceived":1155,"packetsLost":0}},{"from":"Ansh_7d76d88f-3f4d-4420-a512-a5cc2f44d116","to":"Shivank_4c0cec62-9140-48f7-aca3-674e03d54149","Audio":{"timestamp":1611072943622.713,"packetsReceived":19204,"packetsLost":0},"Type":"inbound-rtp","Video":{"timestamp":1611072943622.713,"packetsReceived":1166,"packetsLost":0}},{"from":"Ansh_7d76d88f-3f4d-4420-a512-a5cc2f44d116","to":"Shivank_4c0cec62-9140-48f7-aca3-674e03d54149","Audio":{"timestamp":1611072943622.713,"packetsReceived":19204,"packetsLost":0},"Type":"inbound-rtp","Video":{"timestamp":1611072943622.713,"packetsReceived":1166,"packetsLost":0}},{"from":"Ansh_7d76d88f-3f4d-4420-a512-a5cc2f44d116","to":"Shivank_4c0cec62-9140-48f7-aca3-674e03d54149","Audio":{"timestamp":1611072948622.726,"packetsReceived":19453,"packetsLost":0},"Type":"inbound-rtp","Video":{"timestamp":1611072948622.726,"packetsReceived":1178,"packetsLost":0}},{"from":"Ansh_7d76d88f-3f4d-4420-a512-a5cc2f44d116","to":"Shivank_4c0cec62-9140-48f7-aca3-674e03d54149","Audio":{"timestamp":1611072948622.726,"packetsReceived":19453,"packetsLost":0},"Type":"inbound-rtp","Video":{"timestamp":1611072948622.726,"packetsReceived":1178,"packetsLost":0}},{"from":"Ansh_7d76d88f-3f4d-4420-a512-a5cc2f44d116","to":"Shivank_4c0cec62-9140-48f7-aca3-674e03d54149","Audio":{"timestamp":1611072953622.699,"packetsReceived":19703,"packetsLost":0},"Type":"inbound-rtp","Video":{"timestamp":1611072953622.699,"packetsReceived":1190,"packetsLost":0}},{"from":"Ansh_7d76d88f-3f4d-4420-a512-a5cc2f44d116","to":"Shivank_4c0cec62-9140-48f7-aca3-674e03d54149","Audio":{"timestamp":1611072953622.699,"packetsReceived":19703,"packetsLost":0},"Type":"inbound-rtp","Video":{"timestamp":1611072953622.699,"packetsReceived":1190,"packetsLost":0}},{"from":"Ansh_7d76d88f-3f4d-4420-a512-a5cc2f44d116","to":"Shivank_4c0cec62-9140-48f7-aca3-674e03d54149","Audio":{"timestamp":1611072958622.707,"packetsReceived":19954,"packetsLost":0},"Type":"inbound-rtp","Video":{"timestamp":1611072958622.707,"packetsReceived":1202,"packetsLost":0}},{"from":"Ansh_7d76d88f-3f4d-4420-a512-a5cc2f44d116","to":"Shivank_4c0cec62-9140-48f7-aca3-674e03d54149","Audio":{"timestamp":1611072958622.707,"packetsReceived":19954,"packetsLost":0},"Type":"inbound-rtp","Video":{"timestamp":1611072958622.707,"packetsReceived":1202,"packetsLost":0}},{"from":"Ansh_7d76d88f-3f4d-4420-a512-a5cc2f44d116","to":"Shivank_4c0cec62-9140-48f7-aca3-674e03d54149","Audio":{"timestamp":1611072963622.717,"packetsReceived":20203,"packetsLost":0},"Type":"inbound-rtp","Video":{"timestamp":1611072963622.717,"packetsReceived":1216,"packetsLost":0}},{"from":"Ansh_7d76d88f-3f4d-4420-a512-a5cc2f44d116","to":"Shivank_4c0cec62-9140-48f7-aca3-674e03d54149","Audio":{"timestamp":1611072963622.717,"packetsReceived":20203,"packetsLost":0},"Type":"inbound-rtp","Video":{"timestamp":1611072963622.717,"packetsReceived":1216,"packetsLost":0}},{"from":"Ansh_7d76d88f-3f4d-4420-a512-a5cc2f44d116","to":"Shivank_4c0cec62-9140-48f7-aca3-674e03d54149","Audio":{"timestamp":1611072968622.688,"packetsReceived":20454,"packetsLost":0},"Type":"inbound-rtp","Video":{"timestamp":1611072968622.688,"packetsReceived":1226,"packetsLost":0}},{"from":"Ansh_7d76d88f-3f4d-4420-a512-a5cc2f44d116","to":"Shivank_4c0cec62-9140-48f7-aca3-674e03d54149","Audio":{"timestamp":1611072968622.688,"packetsReceived":20454,"packetsLost":0},"Type":"inbound-rtp","Video":{"timestamp":1611072968622.688,"packetsReceived":1226,"packetsLost":0}},{"from":"Ansh_7d76d88f-3f4d-4420-a512-a5cc2f44d116","to":"Shivank_4c0cec62-9140-48f7-aca3-674e03d54149","Audio":{"timestamp":1611072973622.73,"packetsReceived":20704,"packetsLost":0},"Type":"inbound-rtp","Video":{"timestamp":1611072973622.73,"packetsReceived":1236,"packetsLost":0}},{"from":"Ansh_7d76d88f-3f4d-4420-a512-a5cc2f44d116","to":"Shivank_4c0cec62-9140-48f7-aca3-674e03d54149","Audio":{"timestamp":1611072973622.73,"packetsReceived":20704,"packetsLost":0},"Type":"inbound-rtp","Video":{"timestamp":1611072973622.73,"packetsReceived":1236,"packetsLost":0}},{"from":"Ansh_7d76d88f-3f4d-4420-a512-a5cc2f44d116","to":"Shivank_4c0cec62-9140-48f7-aca3-674e03d54149","Audio":{"timestamp":1611072978622.711,"packetsReceived":20954,"packetsLost":0},"Type":"inbound-rtp","Video":{"timestamp":1611072978622.711,"packetsReceived":1251,"packetsLost":0}},{"from":"Ansh_7d76d88f-3f4d-4420-a512-a5cc2f44d116","to":"Shivank_4c0cec62-9140-48f7-aca3-674e03d54149","Audio":{"timestamp":1611072978622.711,"packetsReceived":20954,"packetsLost":0},"Type":"inbound-rtp","Video":{"timestamp":1611072978622.711,"packetsReceived":1251,"packetsLost":0}},{"from":"Ansh_7d76d88f-3f4d-4420-a512-a5cc2f44d116","to":"Shivank_4c0cec62-9140-48f7-aca3-674e03d54149","Audio":{"timestamp":1611072983622.719,"packetsReceived":21204,"packetsLost":0},"Type":"inbound-rtp","Video":{"timestamp":1611072983622.719,"packetsReceived":1265,"packetsLost":0}},{"from":"Ansh_7d76d88f-3f4d-4420-a512-a5cc2f44d116","to":"Shivank_4c0cec62-9140-48f7-aca3-674e03d54149","Audio":{"timestamp":1611072983622.719,"packetsReceived":21204,"packetsLost":0},"Type":"inbound-rtp","Video":{"timestamp":1611072983622.719,"packetsReceived":1265,"packetsLost":0}},{"from":"Ansh_7d76d88f-3f4d-4420-a512-a5cc2f44d116","to":"Shivank_4c0cec62-9140-48f7-aca3-674e03d54149","Audio":{"timestamp":1611072988622.717,"packetsReceived":21454,"packetsLost":0},"Type":"inbound-rtp","Video":{"timestamp":1611072988622.717,"packetsReceived":1273,"packetsLost":0}},{"from":"Ansh_7d76d88f-3f4d-4420-a512-a5cc2f44d116","to":"Shivank_4c0cec62-9140-48f7-aca3-674e03d54149","Audio":{"timestamp":1611072988622.717,"packetsReceived":21454,"packetsLost":0},"Type":"inbound-rtp","Video":{"timestamp":1611072988622.717,"packetsReceived":1273,"packetsLost":0}},{"from":"Ansh_7d76d88f-3f4d-4420-a512-a5cc2f44d116","to":"Shivank_4c0cec62-9140-48f7-aca3-674e03d54149","Audio":{"timestamp":1611072993622.8,"packetsReceived":21704,"packetsLost":0},"Type":"inbound-rtp","Video":{"timestamp":1611072993622.8,"packetsReceived":1284,"packetsLost":0}},{"from":"Ansh_7d76d88f-3f4d-4420-a512-a5cc2f44d116","to":"Shivank_4c0cec62-9140-48f7-aca3-674e03d54149","Audio":{"timestamp":1611072993622.8,"packetsReceived":21704,"packetsLost":0},"Type":"inbound-rtp","Video":{"timestamp":1611072993622.8,"packetsReceived":1284,"packetsLost":0}},{"from":"Ansh_7d76d88f-3f4d-4420-a512-a5cc2f44d116","to":"Shivank_4c0cec62-9140-48f7-aca3-674e03d54149","Audio":{"timestamp":1611072998622.833,"packetsReceived":21954,"packetsLost":0},"Type":"inbound-rtp","Video":{"timestamp":1611072998622.833,"packetsReceived":1470,"packetsLost":0}},{"from":"Ansh_7d76d88f-3f4d-4420-a512-a5cc2f44d116","to":"Shivank_4c0cec62-9140-48f7-aca3-674e03d54149","Audio":{"timestamp":1611072998622.833,"packetsReceived":21954,"packetsLost":0},"Type":"inbound-rtp","Video":{"timestamp":1611072998622.833,"packetsReceived":1470,"packetsLost":0}},{"from":"Ansh_7d76d88f-3f4d-4420-a512-a5cc2f44d116","to":"Shivank_4c0cec62-9140-48f7-aca3-674e03d54149","Audio":{"timestamp":1611073003622.684,"packetsReceived":22204,"packetsLost":0},"Type":"inbound-rtp","Video":{"timestamp":1611073003622.684,"packetsReceived":1500,"packetsLost":0}},{"from":"Ansh_7d76d88f-3f4d-4420-a512-a5cc2f44d116","to":"Shivank_4c0cec62-9140-48f7-aca3-674e03d54149","Audio":{"timestamp":1611073003622.684,"packetsReceived":22204,"packetsLost":0},"Type":"inbound-rtp","Video":{"timestamp":1611073003622.684,"packetsReceived":1500,"packetsLost":0}},{"from":"Ansh_7d76d88f-3f4d-4420-a512-a5cc2f44d116","to":"Shivank_4c0cec62-9140-48f7-aca3-674e03d54149","Audio":{"timestamp":1611073008622.754,"packetsReceived":22453,"packetsLost":0},"Type":"inbound-rtp","Video":{"timestamp":1611073008622.754,"packetsReceived":1530,"packetsLost":0}},{"from":"Ansh_7d76d88f-3f4d-4420-a512-a5cc2f44d116","to":"Shivank_4c0cec62-9140-48f7-aca3-674e03d54149","Audio":{"timestamp":1611073008622.754,"packetsReceived":22453,"packetsLost":0},"Type":"inbound-rtp","Video":{"timestamp":1611073008622.754,"packetsReceived":1530,"packetsLost":0}},{"from":"Ansh_7d76d88f-3f4d-4420-a512-a5cc2f44d116","to":"Shivank_4c0cec62-9140-48f7-aca3-674e03d54149","Audio":{"timestamp":1611073013622.703,"packetsReceived":22704,"packetsLost":0},"Type":"inbound-rtp","Video":{"timestamp":1611073013622.703,"packetsReceived":1558,"packetsLost":0}},{"from":"Ansh_7d76d88f-3f4d-4420-a512-a5cc2f44d116","to":"Shivank_4c0cec62-9140-48f7-aca3-674e03d54149","Audio":{"timestamp":1611073013622.703,"packetsReceived":22704,"packetsLost":0},"Type":"inbound-rtp","Video":{"timestamp":1611073013622.703,"packetsReceived":1558,"packetsLost":0}},{"from":"Ansh_7d76d88f-3f4d-4420-a512-a5cc2f44d116","to":"Shivank_4c0cec62-9140-48f7-aca3-674e03d54149","Audio":{"timestamp":1611073018622.783,"packetsReceived":22953,"packetsLost":0},"Type":"inbound-rtp","Video":{"timestamp":1611073018622.783,"packetsReceived":1580,"packetsLost":0}},{"from":"Ansh_7d76d88f-3f4d-4420-a512-a5cc2f44d116","to":"Shivank_4c0cec62-9140-48f7-aca3-674e03d54149","Audio":{"timestamp":1611073018622.783,"packetsReceived":22953,"packetsLost":0},"Type":"inbound-rtp","Video":{"timestamp":1611073018622.783,"packetsReceived":1580,"packetsLost":0}},{"from":"Ansh_7d76d88f-3f4d-4420-a512-a5cc2f44d116","to":"Shivank_4c0cec62-9140-48f7-aca3-674e03d54149","Audio":{"timestamp":1611073023622.716,"packetsReceived":23203,"packetsLost":0},"Type":"inbound-rtp","Video":{"timestamp":1611073023622.716,"packetsReceived":1609,"packetsLost":0}},{"from":"Ansh_7d76d88f-3f4d-4420-a512-a5cc2f44d116","to":"Shivank_4c0cec62-9140-48f7-aca3-674e03d54149","Audio":{"timestamp":1611073023622.716,"packetsReceived":23203,"packetsLost":0},"Type":"inbound-rtp","Video":{"timestamp":1611073023622.716,"packetsReceived":1609,"packetsLost":0}},{"from":"Ansh_7d76d88f-3f4d-4420-a512-a5cc2f44d116","to":"Shivank_4c0cec62-9140-48f7-aca3-674e03d54149","Audio":{"timestamp":1611073028622.968,"packetsReceived":23454,"packetsLost":0},"Type":"inbound-rtp","Video":{"timestamp":1611073028622.968,"packetsReceived":1639,"packetsLost":0}},{"from":"Ansh_7d76d88f-3f4d-4420-a512-a5cc2f44d116","to":"Shivank_4c0cec62-9140-48f7-aca3-674e03d54149","Audio":{"timestamp":1611073028622.968,"packetsReceived":23454,"packetsLost":0},"Type":"inbound-rtp","Video":{"timestamp":1611073028622.968,"packetsReceived":1639,"packetsLost":0}},{"from":"Ansh_7d76d88f-3f4d-4420-a512-a5cc2f44d116","to":"Shivank_4c0cec62-9140-48f7-aca3-674e03d54149","Audio":{"timestamp":1611073033622.708,"packetsReceived":23704,"packetsLost":0},"Type":"inbound-rtp","Video":{"timestamp":1611073033622.708,"packetsReceived":1670,"packetsLost":0}},{"from":"Ansh_7d76d88f-3f4d-4420-a512-a5cc2f44d116","to":"Shivank_4c0cec62-9140-48f7-aca3-674e03d54149","Audio":{"timestamp":1611073033622.708,"packetsReceived":23704,"packetsLost":0},"Type":"inbound-rtp","Video":{"timestamp":1611073033622.708,"packetsReceived":1670,"packetsLost":0}},{"from":"Ansh_7d76d88f-3f4d-4420-a512-a5cc2f44d116","to":"Shivank_4c0cec62-9140-48f7-aca3-674e03d54149","Audio":{"timestamp":1611073038622.821,"packetsReceived":23953,"packetsLost":0},"Type":"inbound-rtp","Video":{"timestamp":1611073038622.821,"packetsReceived":1690,"packetsLost":0}},{"from":"Ansh_7d76d88f-3f4d-4420-a512-a5cc2f44d116","to":"Shivank_4c0cec62-9140-48f7-aca3-674e03d54149","Audio":{"timestamp":1611073038622.821,"packetsReceived":23953,"packetsLost":0},"Type":"inbound-rtp","Video":{"timestamp":1611073038622.821,"packetsReceived":1690,"packetsLost":0}},{"from":"Ansh_7d76d88f-3f4d-4420-a512-a5cc2f44d116","to":"Shivank_4c0cec62-9140-48f7-aca3-674e03d54149","Audio":{"timestamp":1611073043622.697,"packetsReceived":24204,"packetsLost":0},"Type":"inbound-rtp","Video":{"timestamp":1611073043622.697,"packetsReceived":1719,"packetsLost":0}},{"from":"Ansh_7d76d88f-3f4d-4420-a512-a5cc2f44d116","to":"Shivank_4c0cec62-9140-48f7-aca3-674e03d54149","Audio":{"timestamp":1611073043622.697,"packetsReceived":24204,"packetsLost":0},"Type":"inbound-rtp","Video":{"timestamp":1611073043622.697,"packetsReceived":1719,"packetsLost":0}},{"from":"Ansh_7d76d88f-3f4d-4420-a512-a5cc2f44d116","to":"Shivank_4c0cec62-9140-48f7-aca3-674e03d54149","Audio":{"timestamp":1611073048622.734,"packetsReceived":24454,"packetsLost":0},"Type":"inbound-rtp","Video":{"timestamp":1611073048622.734,"packetsReceived":1749,"packetsLost":0}},{"from":"Ansh_7d76d88f-3f4d-4420-a512-a5cc2f44d116","to":"Shivank_4c0cec62-9140-48f7-aca3-674e03d54149","Audio":{"timestamp":1611073048622.734,"packetsReceived":24454,"packetsLost":0},"Type":"inbound-rtp","Video":{"timestamp":1611073048622.734,"packetsReceived":1749,"packetsLost":0}},{"from":"Ansh_7d76d88f-3f4d-4420-a512-a5cc2f44d116","to":"Shivank_4c0cec62-9140-48f7-aca3-674e03d54149","Audio":{"timestamp":1611073053622.718,"packetsReceived":24703,"packetsLost":0},"Type":"inbound-rtp","Video":{"timestamp":1611073053622.718,"packetsReceived":1771,"packetsLost":0}},{"from":"Ansh_7d76d88f-3f4d-4420-a512-a5cc2f44d116","to":"Shivank_4c0cec62-9140-48f7-aca3-674e03d54149","Audio":{"timestamp":1611073053622.718,"packetsReceived":24703,"packetsLost":0},"Type":"inbound-rtp","Video":{"timestamp":1611073053622.718,"packetsReceived":1771,"packetsLost":0}},{"from":"Ansh_7d76d88f-3f4d-4420-a512-a5cc2f44d116","to":"Shivank_4c0cec62-9140-48f7-aca3-674e03d54149","Audio":{"timestamp":1611073058622.709,"packetsReceived":24954,"packetsLost":0},"Type":"inbound-rtp","Video":{"timestamp":1611073058622.709,"packetsReceived":1796,"packetsLost":0}},{"from":"Ansh_7d76d88f-3f4d-4420-a512-a5cc2f44d116","to":"Shivank_4c0cec62-9140-48f7-aca3-674e03d54149","Audio":{"timestamp":1611073058622.709,"packetsReceived":24954,"packetsLost":0},"Type":"inbound-rtp","Video":{"timestamp":1611073058622.709,"packetsReceived":1796,"packetsLost":0}},{"from":"Ansh_7d76d88f-3f4d-4420-a512-a5cc2f44d116","to":"Shivank_4c0cec62-9140-48f7-aca3-674e03d54149","Audio":{"timestamp":1611073063622.667,"packetsReceived":25203,"packetsLost":0},"Type":"inbound-rtp","Video":{"timestamp":1611073063622.667,"packetsReceived":1823,"packetsLost":0}},{"from":"Ansh_7d76d88f-3f4d-4420-a512-a5cc2f44d116","to":"Shivank_4c0cec62-9140-48f7-aca3-674e03d54149","Audio":{"timestamp":1611073063622.667,"packetsReceived":25203,"packetsLost":0},"Type":"inbound-rtp","Video":{"timestamp":1611073063622.667,"packetsReceived":1823,"packetsLost":0}},{"from":"Ansh_7d76d88f-3f4d-4420-a512-a5cc2f44d116","to":"Shivank_4c0cec62-9140-48f7-aca3-674e03d54149","Audio":{"timestamp":1611073068622.703,"packetsReceived":25453,"packetsLost":0},"Type":"inbound-rtp","Video":{"timestamp":1611073068622.703,"packetsReceived":1845,"packetsLost":0}},{"from":"Ansh_7d76d88f-3f4d-4420-a512-a5cc2f44d116","to":"Shivank_4c0cec62-9140-48f7-aca3-674e03d54149","Audio":{"timestamp":1611073068622.703,"packetsReceived":25453,"packetsLost":0},"Type":"inbound-rtp","Video":{"timestamp":1611073068622.703,"packetsReceived":1845,"packetsLost":0}},{"from":"Ansh_7d76d88f-3f4d-4420-a512-a5cc2f44d116","to":"Shivank_4c0cec62-9140-48f7-aca3-674e03d54149","Audio":{"timestamp":1611073073622.708,"packetsReceived":25704,"packetsLost":0},"Type":"inbound-rtp","Video":{"timestamp":1611073073622.708,"packetsReceived":1872,"packetsLost":0}},{"from":"Ansh_7d76d88f-3f4d-4420-a512-a5cc2f44d116","to":"Shivank_4c0cec62-9140-48f7-aca3-674e03d54149","Audio":{"timestamp":1611073073622.708,"packetsReceived":25704,"packetsLost":0},"Type":"inbound-rtp","Video":{"timestamp":1611073073622.708,"packetsReceived":1872,"packetsLost":0}},{"from":"Ansh_7d76d88f-3f4d-4420-a512-a5cc2f44d116","to":"Shivank_4c0cec62-9140-48f7-aca3-674e03d54149","Audio":{"timestamp":1611073078622.721,"packetsReceived":25954,"packetsLost":0},"Type":"inbound-rtp","Video":{"timestamp":1611073078622.721,"packetsReceived":1897,"packetsLost":0}},{"from":"Ansh_7d76d88f-3f4d-4420-a512-a5cc2f44d116","to":"Shivank_4c0cec62-9140-48f7-aca3-674e03d54149","Audio":{"timestamp":1611073078622.721,"packetsReceived":25954,"packetsLost":0},"Type":"inbound-rtp","Video":{"timestamp":1611073078622.721,"packetsReceived":1897,"packetsLost":0}},{"from":"Ansh_7d76d88f-3f4d-4420-a512-a5cc2f44d116","to":"Shivank_4c0cec62-9140-48f7-aca3-674e03d54149","Audio":{"timestamp":1611073083622.729,"packetsReceived":26203,"packetsLost":0},"Type":"inbound-rtp","Video":{"timestamp":1611073083622.729,"packetsReceived":1919,"packetsLost":0}},{"from":"Ansh_7d76d88f-3f4d-4420-a512-a5cc2f44d116","to":"Shivank_4c0cec62-9140-48f7-aca3-674e03d54149","Audio":{"timestamp":1611073083622.729,"packetsReceived":26203,"packetsLost":0},"Type":"inbound-rtp","Video":{"timestamp":1611073083622.729,"packetsReceived":1919,"packetsLost":0}},{"from":"Ansh_7d76d88f-3f4d-4420-a512-a5cc2f44d116","to":"Shivank_4c0cec62-9140-48f7-aca3-674e03d54149","Audio":{"timestamp":1611073088622.706,"packetsReceived":26454,"packetsLost":0},"Type":"inbound-rtp","Video":{"timestamp":1611073088622.706,"packetsReceived":1947,"packetsLost":0}},{"from":"Ansh_7d76d88f-3f4d-4420-a512-a5cc2f44d116","to":"Shivank_4c0cec62-9140-48f7-aca3-674e03d54149","Audio":{"timestamp":1611073088622.706,"packetsReceived":26454,"packetsLost":0},"Type":"inbound-rtp","Video":{"timestamp":1611073088622.706,"packetsReceived":1947,"packetsLost":0}},{"from":"Ansh_7d76d88f-3f4d-4420-a512-a5cc2f44d116","to":"Shivank_4c0cec62-9140-48f7-aca3-674e03d54149","Audio":{"timestamp":1611073093622.738,"packetsReceived":26704,"packetsLost":0},"Type":"inbound-rtp","Video":{"timestamp":1611073093622.738,"packetsReceived":1975,"packetsLost":0}},{"from":"Ansh_7d76d88f-3f4d-4420-a512-a5cc2f44d116","to":"Shivank_4c0cec62-9140-48f7-aca3-674e03d54149","Audio":{"timestamp":1611073093622.738,"packetsReceived":26704,"packetsLost":0},"Type":"inbound-rtp","Video":{"timestamp":1611073093622.738,"packetsReceived":1975,"packetsLost":0}},{"from":"Ansh_7d76d88f-3f4d-4420-a512-a5cc2f44d116","to":"Shivank_4c0cec62-9140-48f7-aca3-674e03d54149","Audio":{"timestamp":1611073098622.744,"packetsReceived":26953,"packetsLost":0},"Type":"inbound-rtp","Video":{"timestamp":1611073098622.744,"packetsReceived":1995,"packetsLost":0}},{"from":"Ansh_7d76d88f-3f4d-4420-a512-a5cc2f44d116","to":"Shivank_4c0cec62-9140-48f7-aca3-674e03d54149","Audio":{"timestamp":1611073098622.744,"packetsReceived":26953,"packetsLost":0},"Type":"inbound-rtp","Video":{"timestamp":1611073098622.744,"packetsReceived":1995,"packetsLost":0}},{"from":"Ansh_7d76d88f-3f4d-4420-a512-a5cc2f44d116","to":"Shivank_4c0cec62-9140-48f7-aca3-674e03d54149","Audio":{"timestamp":1611073103622.707,"packetsReceived":27204,"packetsLost":0},"Type":"inbound-rtp","Video":{"timestamp":1611073103622.707,"packetsReceived":2022,"packetsLost":0}},{"from":"Ansh_7d76d88f-3f4d-4420-a512-a5cc2f44d116","to":"Shivank_4c0cec62-9140-48f7-aca3-674e03d54149","Audio":{"timestamp":1611073103622.707,"packetsReceived":27204,"packetsLost":0},"Type":"inbound-rtp","Video":{"timestamp":1611073103622.707,"packetsReceived":2022,"packetsLost":0}},{"from":"Ansh_7d76d88f-3f4d-4420-a512-a5cc2f44d116","to":"Shivank_4c0cec62-9140-48f7-aca3-674e03d54149","Audio":{"timestamp":1611073108622.733,"packetsReceived":27454,"packetsLost":0},"Type":"inbound-rtp","Video":{"timestamp":1611073108622.733,"packetsReceived":2051,"packetsLost":0}},{"from":"Ansh_7d76d88f-3f4d-4420-a512-a5cc2f44d116","to":"Shivank_4c0cec62-9140-48f7-aca3-674e03d54149","Audio":{"timestamp":1611073108622.733,"packetsReceived":27454,"packetsLost":0},"Type":"inbound-rtp","Video":{"timestamp":1611073108622.733,"packetsReceived":2051,"packetsLost":0}},{"from":"Ansh_7d76d88f-3f4d-4420-a512-a5cc2f44d116","to":"Shivank_4c0cec62-9140-48f7-aca3-674e03d54149","Audio":{"timestamp":1611073113622.701,"packetsReceived":27703,"packetsLost":0},"Type":"inbound-rtp","Video":{"timestamp":1611073113622.701,"packetsReceived":2074,"packetsLost":0}},{"from":"Ansh_7d76d88f-3f4d-4420-a512-a5cc2f44d116","to":"Shivank_4c0cec62-9140-48f7-aca3-674e03d54149","Audio":{"timestamp":1611073113622.701,"packetsReceived":27703,"packetsLost":0},"Type":"inbound-rtp","Video":{"timestamp":1611073113622.701,"packetsReceived":2074,"packetsLost":0}},{"from":"Ansh_7d76d88f-3f4d-4420-a512-a5cc2f44d116","to":"Shivank_4c0cec62-9140-48f7-aca3-674e03d54149","Audio":{"timestamp":1611073118622.734,"packetsReceived":27954,"packetsLost":0},"Type":"inbound-rtp","Video":{"timestamp":1611073118622.734,"packetsReceived":2099,"packetsLost":0}},{"from":"Ansh_7d76d88f-3f4d-4420-a512-a5cc2f44d116","to":"Shivank_4c0cec62-9140-48f7-aca3-674e03d54149","Audio":{"timestamp":1611073118622.734,"packetsReceived":27954,"packetsLost":0},"Type":"inbound-rtp","Video":{"timestamp":1611073118622.734,"packetsReceived":2099,"packetsLost":0}},{"from":"Ansh_7d76d88f-3f4d-4420-a512-a5cc2f44d116","to":"Shivank_4c0cec62-9140-48f7-aca3-674e03d54149","Audio":{"timestamp":1611073123622.712,"packetsReceived":28204,"packetsLost":0},"Type":"inbound-rtp","Video":{"timestamp":1611073123622.712,"packetsReceived":2127,"packetsLost":0}},{"from":"Ansh_7d76d88f-3f4d-4420-a512-a5cc2f44d116","to":"Shivank_4c0cec62-9140-48f7-aca3-674e03d54149","Audio":{"timestamp":1611073123622.712,"packetsReceived":28204,"packetsLost":0},"Type":"inbound-rtp","Video":{"timestamp":1611073123622.712,"packetsReceived":2127,"packetsLost":0}},{"from":"Ansh_7d76d88f-3f4d-4420-a512-a5cc2f44d116","to":"Shivank_4c0cec62-9140-48f7-aca3-674e03d54149","Audio":{"timestamp":1611073128622.739,"packetsReceived":28453,"packetsLost":0},"Type":"inbound-rtp","Video":{"timestamp":1611073128622.739,"packetsReceived":2151,"packetsLost":0}},{"from":"Ansh_7d76d88f-3f4d-4420-a512-a5cc2f44d116","to":"Shivank_4c0cec62-9140-48f7-aca3-674e03d54149","Audio":{"timestamp":1611073128622.739,"packetsReceived":28453,"packetsLost":0},"Type":"inbound-rtp","Video":{"timestamp":1611073128622.739,"packetsReceived":2151,"packetsLost":0}},{"from":"Ansh_7d76d88f-3f4d-4420-a512-a5cc2f44d116","to":"Shivank_4c0cec62-9140-48f7-aca3-674e03d54149","Audio":{"timestamp":1611073133622.674,"packetsReceived":28703,"packetsLost":0},"Type":"inbound-rtp","Video":{"timestamp":1611073133622.674,"packetsReceived":2181,"packetsLost":0}},{"from":"Ansh_7d76d88f-3f4d-4420-a512-a5cc2f44d116","to":"Shivank_4c0cec62-9140-48f7-aca3-674e03d54149","Audio":{"timestamp":1611073133622.674,"packetsReceived":28703,"packetsLost":0},"Type":"inbound-rtp","Video":{"timestamp":1611073133622.674,"packetsReceived":2181,"packetsLost":0}},{"from":"Ansh_7d76d88f-3f4d-4420-a512-a5cc2f44d116","to":"Shivank_4c0cec62-9140-48f7-aca3-674e03d54149","Audio":{"timestamp":1611073138622.729,"packetsReceived":28953,"packetsLost":0},"Type":"inbound-rtp","Video":{"timestamp":1611073138622.729,"packetsReceived":2208,"packetsLost":0}},{"from":"Ansh_7d76d88f-3f4d-4420-a512-a5cc2f44d116","to":"Shivank_4c0cec62-9140-48f7-aca3-674e03d54149","Audio":{"timestamp":1611073138622.729,"packetsReceived":28953,"packetsLost":0},"Type":"inbound-rtp","Video":{"timestamp":1611073138622.729,"packetsReceived":2208,"packetsLost":0}},{"from":"Ansh_7d76d88f-3f4d-4420-a512-a5cc2f44d116","to":"Shivank_4c0cec62-9140-48f7-aca3-674e03d54149","Audio":{"timestamp":1611073143622.904,"packetsReceived":29203,"packetsLost":0},"Type":"inbound-rtp","Video":{"timestamp":1611073143622.904,"packetsReceived":2287,"packetsLost":0}},{"from":"Ansh_7d76d88f-3f4d-4420-a512-a5cc2f44d116","to":"Shivank_4c0cec62-9140-48f7-aca3-674e03d54149","Audio":{"timestamp":1611073143622.904,"packetsReceived":29203,"packetsLost":0},"Type":"inbound-rtp","Video":{"timestamp":1611073143622.904,"packetsReceived":2287,"packetsLost":0}},{"from":"Ansh_7d76d88f-3f4d-4420-a512-a5cc2f44d116","to":"Shivank_4c0cec62-9140-48f7-aca3-674e03d54149","Audio":{"timestamp":1611073148623.07,"packetsReceived":29454,"packetsLost":0},"Type":"inbound-rtp","Video":{"timestamp":1611073148623.07,"packetsReceived":2442,"packetsLost":0}},{"from":"Ansh_7d76d88f-3f4d-4420-a512-a5cc2f44d116","to":"Shivank_4c0cec62-9140-48f7-aca3-674e03d54149","Audio":{"timestamp":1611073148623.07,"packetsReceived":29454,"packetsLost":0},"Type":"inbound-rtp","Video":{"timestamp":1611073148623.07,"packetsReceived":2442,"packetsLost":0}},{"from":"Ansh_7d76d88f-3f4d-4420-a512-a5cc2f44d116","to":"Shivank_4c0cec62-9140-48f7-aca3-674e03d54149","Audio":{"timestamp":1611073153622.648,"packetsReceived":29703,"packetsLost":0},"Type":"inbound-rtp","Video":{"timestamp":1611073153622.648,"packetsReceived":2987,"packetsLost":0}},{"from":"Ansh_7d76d88f-3f4d-4420-a512-a5cc2f44d116","to":"Shivank_4c0cec62-9140-48f7-aca3-674e03d54149","Audio":{"timestamp":1611073153622.648,"packetsReceived":29703,"packetsLost":0},"Type":"inbound-rtp","Video":{"timestamp":1611073153622.648,"packetsReceived":2987,"packetsLost":0}},{"from":"Ansh_7d76d88f-3f4d-4420-a512-a5cc2f44d116","to":"Shivank_4c0cec62-9140-48f7-aca3-674e03d54149","Audio":{"timestamp":1611073158622.798,"packetsReceived":29953,"packetsLost":0},"Type":"inbound-rtp","Video":{"timestamp":1611073158622.798,"packetsReceived":3417,"packetsLost":0}},{"from":"Ansh_7d76d88f-3f4d-4420-a512-a5cc2f44d116","to":"Shivank_4c0cec62-9140-48f7-aca3-674e03d54149","Audio":{"timestamp":1611073158622.798,"packetsReceived":29953,"packetsLost":0},"Type":"inbound-rtp","Video":{"timestamp":1611073158622.798,"packetsReceived":3417,"packetsLost":0}},{"from":"Ansh_7d76d88f-3f4d-4420-a512-a5cc2f44d116","to":"Shivank_4c0cec62-9140-48f7-aca3-674e03d54149","Audio":{"timestamp":1611073163622.76,"packetsReceived":30204,"packetsLost":0},"Type":"inbound-rtp","Video":{"timestamp":1611073163622.76,"packetsReceived":3705,"packetsLost":0}},{"from":"Ansh_7d76d88f-3f4d-4420-a512-a5cc2f44d116","to":"Shivank_4c0cec62-9140-48f7-aca3-674e03d54149","Audio":{"timestamp":1611073163622.76,"packetsReceived":30204,"packetsLost":0},"Type":"inbound-rtp","Video":{"timestamp":1611073163622.76,"packetsReceived":3705,"packetsLost":0}},{"from":"Ansh_7d76d88f-3f4d-4420-a512-a5cc2f44d116","to":"Shivank_4c0cec62-9140-48f7-aca3-674e03d54149","Audio":{"timestamp":1611073168622.69,"packetsReceived":30453,"packetsLost":0},"Type":"inbound-rtp","Video":{"timestamp":1611073168622.69,"packetsReceived":3977,"packetsLost":0}},{"from":"Ansh_7d76d88f-3f4d-4420-a512-a5cc2f44d116","to":"Shivank_4c0cec62-9140-48f7-aca3-674e03d54149","Audio":{"timestamp":1611073168622.69,"packetsReceived":30453,"packetsLost":0},"Type":"inbound-rtp","Video":{"timestamp":1611073168622.69,"packetsReceived":3977,"packetsLost":0}},{"from":"Ansh_7d76d88f-3f4d-4420-a512-a5cc2f44d116","to":"Shivank_4c0cec62-9140-48f7-aca3-674e03d54149","Audio":{"timestamp":1611073173622.822,"packetsReceived":30703,"packetsLost":0},"Type":"inbound-rtp","Video":{"timestamp":1611073173622.822,"packetsReceived":4295,"packetsLost":0}},{"from":"Ansh_7d76d88f-3f4d-4420-a512-a5cc2f44d116","to":"Shivank_4c0cec62-9140-48f7-aca3-674e03d54149","Audio":{"timestamp":1611073173622.822,"packetsReceived":30703,"packetsLost":0},"Type":"inbound-rtp","Video":{"timestamp":1611073173622.822,"packetsReceived":4295,"packetsLost":0}},{"from":"Ansh_7d76d88f-3f4d-4420-a512-a5cc2f44d116","to":"Shivank_4c0cec62-9140-48f7-aca3-674e03d54149","Audio":{"timestamp":1611073178622.731,"packetsReceived":30954,"packetsLost":0},"Type":"inbound-rtp","Video":{"timestamp":1611073178622.731,"packetsReceived":4794,"packetsLost":0}},{"from":"Ansh_7d76d88f-3f4d-4420-a512-a5cc2f44d116","to":"Shivank_4c0cec62-9140-48f7-aca3-674e03d54149","Audio":{"timestamp":1611073178622.731,"packetsReceived":30954,"packetsLost":0},"Type":"inbound-rtp","Video":{"timestamp":1611073178622.731,"packetsReceived":4794,"packetsLost":0}},{"from":"Ansh_7d76d88f-3f4d-4420-a512-a5cc2f44d116","to":"Shivank_4c0cec62-9140-48f7-aca3-674e03d54149","Audio":{"timestamp":1611073183622.727,"packetsReceived":31204,"packetsLost":0},"Type":"inbound-rtp","Video":{"timestamp":1611073183622.727,"packetsReceived":5284,"packetsLost":0}},{"from":"Ansh_7d76d88f-3f4d-4420-a512-a5cc2f44d116","to":"Shivank_4c0cec62-9140-48f7-aca3-674e03d54149","Audio":{"timestamp":1611073183622.727,"packetsReceived":31204,"packetsLost":0},"Type":"inbound-rtp","Video":{"timestamp":1611073183622.727,"packetsReceived":5284,"packetsLost":0}},{"from":"Ansh_7d76d88f-3f4d-4420-a512-a5cc2f44d116","to":"Shivank_4c0cec62-9140-48f7-aca3-674e03d54149","Audio":{"timestamp":1611073188622.615,"packetsReceived":31454,"packetsLost":0},"Type":"inbound-rtp","Video":{"timestamp":1611073188622.615,"packetsReceived":6019,"packetsLost":0}},{"from":"Ansh_7d76d88f-3f4d-4420-a512-a5cc2f44d116","to":"Shivank_4c0cec62-9140-48f7-aca3-674e03d54149","Audio":{"timestamp":1611073188622.615,"packetsReceived":31454,"packetsLost":0},"Type":"inbound-rtp","Video":{"timestamp":1611073188622.615,"packetsReceived":6019,"packetsLost":0}},{"from":"Ansh_7d76d88f-3f4d-4420-a512-a5cc2f44d116","to":"Shivank_4c0cec62-9140-48f7-aca3-674e03d54149","Audio":{"timestamp":1611073193622.669,"packetsReceived":31704,"packetsLost":0},"Type":"inbound-rtp","Video":{"timestamp":1611073193622.669,"packetsReceived":6769,"packetsLost":0}},{"from":"Ansh_7d76d88f-3f4d-4420-a512-a5cc2f44d116","to":"Shivank_4c0cec62-9140-48f7-aca3-674e03d54149","Audio":{"timestamp":1611073193622.669,"packetsReceived":31704,"packetsLost":0},"Type":"inbound-rtp","Video":{"timestamp":1611073193622.669,"packetsReceived":6769,"packetsLost":0}},{"from":"Ansh_7d76d88f-3f4d-4420-a512-a5cc2f44d116","to":"Shivank_4c0cec62-9140-48f7-aca3-674e03d54149","Audio":{"timestamp":1611073198622.78,"packetsReceived":31953,"packetsLost":0},"Type":"inbound-rtp","Video":{"timestamp":1611073198622.78,"packetsReceived":7712,"packetsLost":0}},{"from":"Ansh_7d76d88f-3f4d-4420-a512-a5cc2f44d116","to":"Shivank_4c0cec62-9140-48f7-aca3-674e03d54149","Audio":{"timestamp":1611073198622.78,"packetsReceived":31953,"packetsLost":0},"Type":"inbound-rtp","Video":{"timestamp":1611073198622.78,"packetsReceived":7712,"packetsLost":0}},{"from":"Ansh_7d76d88f-3f4d-4420-a512-a5cc2f44d116","to":"Shivank_4c0cec62-9140-48f7-aca3-674e03d54149","Audio":{"timestamp":1611073203622.686,"packetsReceived":32203,"packetsLost":0},"Type":"inbound-rtp","Video":{"timestamp":1611073203622.686,"packetsReceived":8452,"packetsLost":0}},{"from":"Ansh_7d76d88f-3f4d-4420-a512-a5cc2f44d116","to":"Shivank_4c0cec62-9140-48f7-aca3-674e03d54149","Audio":{"timestamp":1611073203622.686,"packetsReceived":32203,"packetsLost":0},"Type":"inbound-rtp","Video":{"timestamp":1611073203622.686,"packetsReceived":8452,"packetsLost":0}},{"from":"Ansh_7d76d88f-3f4d-4420-a512-a5cc2f44d116","to":"Shivank_4c0cec62-9140-48f7-aca3-674e03d54149","Audio":{"timestamp":1611073208622.689,"packetsReceived":32454,"packetsLost":0},"Type":"inbound-rtp","Video":{"timestamp":1611073208622.689,"packetsReceived":9611,"packetsLost":0}},{"from":"Ansh_7d76d88f-3f4d-4420-a512-a5cc2f44d116","to":"Shivank_4c0cec62-9140-48f7-aca3-674e03d54149","Audio":{"timestamp":1611073208622.689,"packetsReceived":32454,"packetsLost":0},"Type":"inbound-rtp","Video":{"timestamp":1611073208622.689,"packetsReceived":9611,"packetsLost":0}},{"from":"Ansh_7d76d88f-3f4d-4420-a512-a5cc2f44d116","to":"Shivank_4c0cec62-9140-48f7-aca3-674e03d54149","Audio":{"timestamp":1611073213622.736,"packetsReceived":32703,"packetsLost":0},"Type":"inbound-rtp","Video":{"timestamp":1611073213622.736,"packetsReceived":10845,"packetsLost":0}},{"from":"Ansh_7d76d88f-3f4d-4420-a512-a5cc2f44d116","to":"Shivank_4c0cec62-9140-48f7-aca3-674e03d54149","Audio":{"timestamp":1611073213622.736,"packetsReceived":32703,"packetsLost":0},"Type":"inbound-rtp","Video":{"timestamp":1611073213622.736,"packetsReceived":10845,"packetsLost":0}},{"from":"Ansh_7d76d88f-3f4d-4420-a512-a5cc2f44d116","to":"Shivank_4c0cec62-9140-48f7-aca3-674e03d54149","Audio":{"timestamp":1611073218622.715,"packetsReceived":32953,"packetsLost":0},"Type":"inbound-rtp","Video":{"timestamp":1611073218622.715,"packetsReceived":12036,"packetsLost":0}},{"from":"Ansh_7d76d88f-3f4d-4420-a512-a5cc2f44d116","to":"Shivank_4c0cec62-9140-48f7-aca3-674e03d54149","Audio":{"timestamp":1611073218622.715,"packetsReceived":32953,"packetsLost":0},"Type":"inbound-rtp","Video":{"timestamp":1611073218622.715,"packetsReceived":12036,"packetsLost":0}},{"from":"Ansh_7d76d88f-3f4d-4420-a512-a5cc2f44d116","to":"Shivank_4c0cec62-9140-48f7-aca3-674e03d54149","Audio":{"timestamp":1611073223622.792,"packetsReceived":33204,"packetsLost":0},"Type":"inbound-rtp","Video":{"timestamp":1611073223622.792,"packetsReceived":13114,"packetsLost":0}},{"from":"Ansh_7d76d88f-3f4d-4420-a512-a5cc2f44d116","to":"Shivank_4c0cec62-9140-48f7-aca3-674e03d54149","Audio":{"timestamp":1611073223622.792,"packetsReceived":33204,"packetsLost":0},"Type":"inbound-rtp","Video":{"timestamp":1611073223622.792,"packetsReceived":13114,"packetsLost":0}},{"from":"Ansh_7d76d88f-3f4d-4420-a512-a5cc2f44d116","to":"Shivank_4c0cec62-9140-48f7-aca3-674e03d54149","Audio":{"timestamp":1611073228622.782,"packetsReceived":33454,"packetsLost":0},"Type":"inbound-rtp","Video":{"timestamp":1611073228622.782,"packetsReceived":13975,"packetsLost":0}},{"from":"Ansh_7d76d88f-3f4d-4420-a512-a5cc2f44d116","to":"Shivank_4c0cec62-9140-48f7-aca3-674e03d54149","Audio":{"timestamp":1611073228622.782,"packetsReceived":33454,"packetsLost":0},"Type":"inbound-rtp","Video":{"timestamp":1611073228622.782,"packetsReceived":13975,"packetsLost":0}},{"from":"Ansh_7d76d88f-3f4d-4420-a512-a5cc2f44d116","to":"Shivank_4c0cec62-9140-48f7-aca3-674e03d54149","Audio":{"timestamp":1611073233622.697,"packetsReceived":33703,"packetsLost":0},"Type":"inbound-rtp","Video":{"timestamp":1611073233622.697,"packetsReceived":14860,"packetsLost":0}},{"from":"Ansh_7d76d88f-3f4d-4420-a512-a5cc2f44d116","to":"Shivank_4c0cec62-9140-48f7-aca3-674e03d54149","Audio":{"timestamp":1611073233622.697,"packetsReceived":33703,"packetsLost":0},"Type":"inbound-rtp","Video":{"timestamp":1611073233622.697,"packetsReceived":14860,"packetsLost":0}},{"from":"Ansh_7d76d88f-3f4d-4420-a512-a5cc2f44d116","to":"Shivank_4c0cec62-9140-48f7-aca3-674e03d54149","Audio":{"timestamp":1611073238622.695,"packetsReceived":33954,"packetsLost":0},"Type":"inbound-rtp","Video":{"timestamp":1611073238622.695,"packetsReceived":15920,"packetsLost":0}},{"from":"Ansh_7d76d88f-3f4d-4420-a512-a5cc2f44d116","to":"Shivank_4c0cec62-9140-48f7-aca3-674e03d54149","Audio":{"timestamp":1611073238622.695,"packetsReceived":33954,"packetsLost":0},"Type":"inbound-rtp","Video":{"timestamp":1611073238622.695,"packetsReceived":15920,"packetsLost":0}},{"from":"Ansh_7d76d88f-3f4d-4420-a512-a5cc2f44d116","to":"Shivank_4c0cec62-9140-48f7-aca3-674e03d54149","Audio":{"timestamp":1611073243622.692,"packetsReceived":34203,"packetsLost":0},"Type":"inbound-rtp","Video":{"timestamp":1611073243622.692,"packetsReceived":16269,"packetsLost":0}},{"from":"Ansh_7d76d88f-3f4d-4420-a512-a5cc2f44d116","to":"Shivank_4c0cec62-9140-48f7-aca3-674e03d54149","Audio":{"timestamp":1611073243622.692,"packetsReceived":34203,"packetsLost":0},"Type":"inbound-rtp","Video":{"timestamp":1611073243622.692,"packetsReceived":16269,"packetsLost":0}},{"from":"Ansh_7d76d88f-3f4d-4420-a512-a5cc2f44d116","to":"Shivank_4c0cec62-9140-48f7-aca3-674e03d54149","Audio":{"timestamp":1611073248622.74,"packetsReceived":34453,"packetsLost":0},"Type":"inbound-rtp","Video":{"timestamp":1611073248622.74,"packetsReceived":16709,"packetsLost":0}},{"from":"Ansh_7d76d88f-3f4d-4420-a512-a5cc2f44d116","to":"Shivank_4c0cec62-9140-48f7-aca3-674e03d54149","Audio":{"timestamp":1611073248622.74,"packetsReceived":34453,"packetsLost":0},"Type":"inbound-rtp","Video":{"timestamp":1611073248622.74,"packetsReceived":16709,"packetsLost":0}},{"from":"Ansh_7d76d88f-3f4d-4420-a512-a5cc2f44d116","to":"Shivank_4c0cec62-9140-48f7-aca3-674e03d54149","Audio":{"timestamp":1611073253622.704,"packetsReceived":34704,"packetsLost":0},"Type":"inbound-rtp","Video":{"timestamp":1611073253622.704,"packetsReceived":17161,"packetsLost":0}},{"from":"Ansh_7d76d88f-3f4d-4420-a512-a5cc2f44d116","to":"Shivank_4c0cec62-9140-48f7-aca3-674e03d54149","Audio":{"timestamp":1611073253622.704,"packetsReceived":34704,"packetsLost":0},"Type":"inbound-rtp","Video":{"timestamp":1611073253622.704,"packetsReceived":17161,"packetsLost":0}},{"from":"Ansh_7d76d88f-3f4d-4420-a512-a5cc2f44d116","to":"Shivank_4c0cec62-9140-48f7-aca3-674e03d54149","Audio":{"timestamp":1611073258622.711,"packetsReceived":34954,"packetsLost":0},"Type":"inbound-rtp","Video":{"timestamp":1611073258622.711,"packetsReceived":17674,"packetsLost":0}},{"from":"Ansh_7d76d88f-3f4d-4420-a512-a5cc2f44d116","to":"Shivank_4c0cec62-9140-48f7-aca3-674e03d54149","Audio":{"timestamp":1611073258622.711,"packetsReceived":34954,"packetsLost":0},"Type":"inbound-rtp","Video":{"timestamp":1611073258622.711,"packetsReceived":17674,"packetsLost":0}},{"from":"Ansh_7d76d88f-3f4d-4420-a512-a5cc2f44d116","to":"Shivank_4c0cec62-9140-48f7-aca3-674e03d54149","Audio":{"timestamp":1611073263622.734,"packetsReceived":35203,"packetsLost":0},"Type":"inbound-rtp","Video":{"timestamp":1611073263622.734,"packetsReceived":18174,"packetsLost":0}},{"from":"Ansh_7d76d88f-3f4d-4420-a512-a5cc2f44d116","to":"Shivank_4c0cec62-9140-48f7-aca3-674e03d54149","Audio":{"timestamp":1611073263622.734,"packetsReceived":35203,"packetsLost":0},"Type":"inbound-rtp","Video":{"timestamp":1611073263622.734,"packetsReceived":18174,"packetsLost":0}},{"from":"Ansh_7d76d88f-3f4d-4420-a512-a5cc2f44d116","to":"Shivank_4c0cec62-9140-48f7-aca3-674e03d54149","Audio":{"timestamp":1611073268622.697,"packetsReceived":35454,"packetsLost":0},"Type":"inbound-rtp","Video":{"timestamp":1611073268622.697,"packetsReceived":18912,"packetsLost":0}},{"from":"Ansh_7d76d88f-3f4d-4420-a512-a5cc2f44d116","to":"Shivank_4c0cec62-9140-48f7-aca3-674e03d54149","Audio":{"timestamp":1611073268622.697,"packetsReceived":35454,"packetsLost":0},"Type":"inbound-rtp","Video":{"timestamp":1611073268622.697,"packetsReceived":18912,"packetsLost":0}},{"from":"Ansh_7d76d88f-3f4d-4420-a512-a5cc2f44d116","to":"Shivank_4c0cec62-9140-48f7-aca3-674e03d54149","Audio":{"timestamp":1611073273622.862,"packetsReceived":35703,"packetsLost":0},"Type":"inbound-rtp","Video":{"timestamp":1611073273622.862,"packetsReceived":19842,"packetsLost":0}},{"from":"Ansh_7d76d88f-3f4d-4420-a512-a5cc2f44d116","to":"Shivank_4c0cec62-9140-48f7-aca3-674e03d54149","Audio":{"timestamp":1611073273622.862,"packetsReceived":35703,"packetsLost":0},"Type":"inbound-rtp","Video":{"timestamp":1611073273622.862,"packetsReceived":19842,"packetsLost":0}},{"from":"Ansh_7d76d88f-3f4d-4420-a512-a5cc2f44d116","to":"Shivank_4c0cec62-9140-48f7-aca3-674e03d54149","Audio":{"timestamp":1611073278622.688,"packetsReceived":35953,"packetsLost":0},"Type":"inbound-rtp","Video":{"timestamp":1611073278622.688,"packetsReceived":20860,"packetsLost":0}},{"from":"Ansh_7d76d88f-3f4d-4420-a512-a5cc2f44d116","to":"Shivank_4c0cec62-9140-48f7-aca3-674e03d54149","Audio":{"timestamp":1611073278622.688,"packetsReceived":35953,"packetsLost":0},"Type":"inbound-rtp","Video":{"timestamp":1611073278622.688,"packetsReceived":20860,"packetsLost":0}},{"from":"Ansh_7d76d88f-3f4d-4420-a512-a5cc2f44d116","to":"Shivank_4c0cec62-9140-48f7-aca3-674e03d54149","Audio":{"timestamp":1611073283622.747,"packetsReceived":36204,"packetsLost":0},"Type":"inbound-rtp","Video":{"timestamp":1611073283622.747,"packetsReceived":21676,"packetsLost":0}},{"from":"Ansh_7d76d88f-3f4d-4420-a512-a5cc2f44d116","to":"Shivank_4c0cec62-9140-48f7-aca3-674e03d54149","Audio":{"timestamp":1611073283622.747,"packetsReceived":36204,"packetsLost":0},"Type":"inbound-rtp","Video":{"timestamp":1611073283622.747,"packetsReceived":21676,"packetsLost":0}},{"from":"Ansh_7d76d88f-3f4d-4420-a512-a5cc2f44d116","to":"Shivank_4c0cec62-9140-48f7-aca3-674e03d54149","Audio":{"timestamp":1611073288622.663,"packetsReceived":36454,"packetsLost":0},"Type":"inbound-rtp","Video":{"timestamp":1611073288622.663,"packetsReceived":22525,"packetsLost":0}},{"from":"Ansh_7d76d88f-3f4d-4420-a512-a5cc2f44d116","to":"Shivank_4c0cec62-9140-48f7-aca3-674e03d54149","Audio":{"timestamp":1611073288622.663,"packetsReceived":36454,"packetsLost":0},"Type":"inbound-rtp","Video":{"timestamp":1611073288622.663,"packetsReceived":22525,"packetsLost":0}},{"from":"Ansh_7d76d88f-3f4d-4420-a512-a5cc2f44d116","to":"Shivank_4c0cec62-9140-48f7-aca3-674e03d54149","Audio":{"timestamp":1611073293622.733,"packetsReceived":36703,"packetsLost":0},"Type":"inbound-rtp","Video":{"timestamp":1611073293622.733,"packetsReceived":23369,"packetsLost":0}},{"from":"Ansh_7d76d88f-3f4d-4420-a512-a5cc2f44d116","to":"Shivank_4c0cec62-9140-48f7-aca3-674e03d54149","Audio":{"timestamp":1611073293622.733,"packetsReceived":36703,"packetsLost":0},"Type":"inbound-rtp","Video":{"timestamp":1611073293622.733,"packetsReceived":23369,"packetsLost":0}},{"from":"Ansh_7d76d88f-3f4d-4420-a512-a5cc2f44d116","to":"Shivank_4c0cec62-9140-48f7-aca3-674e03d54149","Audio":{"timestamp":1611073298622.695,"packetsReceived":36953,"packetsLost":0},"Type":"inbound-rtp","Video":{"timestamp":1611073298622.695,"packetsReceived":24292,"packetsLost":0}},{"from":"Ansh_7d76d88f-3f4d-4420-a512-a5cc2f44d116","to":"Shivank_4c0cec62-9140-48f7-aca3-674e03d54149","Audio":{"timestamp":1611073298622.695,"packetsReceived":36953,"packetsLost":0},"Type":"inbound-rtp","Video":{"timestamp":1611073298622.695,"packetsReceived":24292,"packetsLost":0}},{"from":"Ansh_7d76d88f-3f4d-4420-a512-a5cc2f44d116","to":"Shivank_4c0cec62-9140-48f7-aca3-674e03d54149","Audio":{"timestamp":1611073303622.863,"packetsReceived":37203,"packetsLost":0},"Type":"inbound-rtp","Video":{"timestamp":1611073303622.863,"packetsReceived":24974,"packetsLost":0}},{"from":"Ansh_7d76d88f-3f4d-4420-a512-a5cc2f44d116","to":"Shivank_4c0cec62-9140-48f7-aca3-674e03d54149","Audio":{"timestamp":1611073303622.863,"packetsReceived":37203,"packetsLost":0},"Type":"inbound-rtp","Video":{"timestamp":1611073303622.863,"packetsReceived":24974,"packetsLost":0}},{"from":"Ansh_7d76d88f-3f4d-4420-a512-a5cc2f44d116","to":"Shivank_4c0cec62-9140-48f7-aca3-674e03d54149","Audio":{"timestamp":1611073308622.697,"packetsReceived":37453,"packetsLost":0},"Type":"inbound-rtp","Video":{"timestamp":1611073308622.697,"packetsReceived":25673,"packetsLost":0}},{"from":"Ansh_7d76d88f-3f4d-4420-a512-a5cc2f44d116","to":"Shivank_4c0cec62-9140-48f7-aca3-674e03d54149","Audio":{"timestamp":1611073308622.697,"packetsReceived":37453,"packetsLost":0},"Type":"inbound-rtp","Video":{"timestamp":1611073308622.697,"packetsReceived":25673,"packetsLost":0}},{"from":"Ansh_7d76d88f-3f4d-4420-a512-a5cc2f44d116","to":"Shivank_4c0cec62-9140-48f7-aca3-674e03d54149","Audio":{"timestamp":1611073313622.702,"packetsReceived":37704,"packetsLost":0},"Type":"inbound-rtp","Video":{"timestamp":1611073313622.702,"packetsReceived":26271,"packetsLost":0}},{"from":"Ansh_7d76d88f-3f4d-4420-a512-a5cc2f44d116","to":"Shivank_4c0cec62-9140-48f7-aca3-674e03d54149","Audio":{"timestamp":1611073313622.702,"packetsReceived":37704,"packetsLost":0},"Type":"inbound-rtp","Video":{"timestamp":1611073313622.702,"packetsReceived":26271,"packetsLost":0}},{"from":"Ansh_7d76d88f-3f4d-4420-a512-a5cc2f44d116","to":"Shivank_4c0cec62-9140-48f7-aca3-674e03d54149","Audio":{"timestamp":1611073318622.741,"packetsReceived":37953,"packetsLost":0},"Type":"inbound-rtp","Video":{"timestamp":1611073318622.741,"packetsReceived":27051,"packetsLost":0}},{"from":"Ansh_7d76d88f-3f4d-4420-a512-a5cc2f44d116","to":"Shivank_4c0cec62-9140-48f7-aca3-674e03d54149","Audio":{"timestamp":1611073318622.741,"packetsReceived":37953,"packetsLost":0},"Type":"inbound-rtp","Video":{"timestamp":1611073318622.741,"packetsReceived":27051,"packetsLost":0}},{"from":"Ansh_7d76d88f-3f4d-4420-a512-a5cc2f44d116","to":"Shivank_4c0cec62-9140-48f7-aca3-674e03d54149","Audio":{"timestamp":1611073323622.755,"packetsReceived":38203,"packetsLost":0},"Type":"inbound-rtp","Video":{"timestamp":1611073323622.755,"packetsReceived":27801,"packetsLost":0}},{"from":"Ansh_7d76d88f-3f4d-4420-a512-a5cc2f44d116","to":"Shivank_4c0cec62-9140-48f7-aca3-674e03d54149","Audio":{"timestamp":1611073323622.755,"packetsReceived":38203,"packetsLost":0},"Type":"inbound-rtp","Video":{"timestamp":1611073323622.755,"packetsReceived":27801,"packetsLost":0}},{"from":"Ansh_7d76d88f-3f4d-4420-a512-a5cc2f44d116","to":"Shivank_4c0cec62-9140-48f7-aca3-674e03d54149","Audio":{"timestamp":1611073328622.747,"packetsReceived":38454,"packetsLost":0},"Type":"inbound-rtp","Video":{"timestamp":1611073328622.747,"packetsReceived":27916,"packetsLost":0}},{"from":"Ansh_7d76d88f-3f4d-4420-a512-a5cc2f44d116","to":"Shivank_4c0cec62-9140-48f7-aca3-674e03d54149","Audio":{"timestamp":1611073328622.747,"packetsReceived":38454,"packetsLost":0},"Type":"inbound-rtp","Video":{"timestamp":1611073328622.747,"packetsReceived":27916,"packetsLost":0}},{"from":"Ansh_7d76d88f-3f4d-4420-a512-a5cc2f44d116","to":"Shivank_4c0cec62-9140-48f7-aca3-674e03d54149","Audio":{"timestamp":1611073333622.735,"packetsReceived":38703,"packetsLost":0},"Type":"inbound-rtp","Video":{"timestamp":1611073333622.735,"packetsReceived":28052,"packetsLost":0}},{"from":"Ansh_7d76d88f-3f4d-4420-a512-a5cc2f44d116","to":"Shivank_4c0cec62-9140-48f7-aca3-674e03d54149","Audio":{"timestamp":1611073333622.735,"packetsReceived":38703,"packetsLost":0},"Type":"inbound-rtp","Video":{"timestamp":1611073333622.735,"packetsReceived":28052,"packetsLost":0}},{"from":"Ansh_7d76d88f-3f4d-4420-a512-a5cc2f44d116","to":"Shivank_4c0cec62-9140-48f7-aca3-674e03d54149","Audio":{"timestamp":1611073338623.317,"packetsReceived":38953,"packetsLost":0},"Type":"inbound-rtp","Video":{"timestamp":1611073338623.317,"packetsReceived":28314,"packetsLost":0}},{"from":"Ansh_7d76d88f-3f4d-4420-a512-a5cc2f44d116","to":"Shivank_4c0cec62-9140-48f7-aca3-674e03d54149","Audio":{"timestamp":1611073338623.317,"packetsReceived":38953,"packetsLost":0},"Type":"inbound-rtp","Video":{"timestamp":1611073338623.317,"packetsReceived":28314,"packetsLost":0}},{"from":"Ansh_7d76d88f-3f4d-4420-a512-a5cc2f44d116","to":"Shivank_4c0cec62-9140-48f7-aca3-674e03d54149","Audio":{"timestamp":1611073343622.71,"packetsReceived":39204,"packetsLost":0},"Type":"inbound-rtp","Video":{"timestamp":1611073343622.71,"packetsReceived":28349,"packetsLost":0}},{"from":"Ansh_7d76d88f-3f4d-4420-a512-a5cc2f44d116","to":"Shivank_4c0cec62-9140-48f7-aca3-674e03d54149","Audio":{"timestamp":1611073343622.71,"packetsReceived":39204,"packetsLost":0},"Type":"inbound-rtp","Video":{"timestamp":1611073343622.71,"packetsReceived":28349,"packetsLost":0}},{"from":"Ansh_7d76d88f-3f4d-4420-a512-a5cc2f44d116","to":"Shivank_4c0cec62-9140-48f7-aca3-674e03d54149","Audio":{"timestamp":1611073348622.826,"packetsReceived":39453,"packetsLost":0},"Type":"inbound-rtp","Video":{"timestamp":1611073348622.826,"packetsReceived":28373,"packetsLost":0}},{"from":"Ansh_7d76d88f-3f4d-4420-a512-a5cc2f44d116","to":"Shivank_4c0cec62-9140-48f7-aca3-674e03d54149","Audio":{"timestamp":1611073348622.826,"packetsReceived":39453,"packetsLost":0},"Type":"inbound-rtp","Video":{"timestamp":1611073348622.826,"packetsReceived":28373,"packetsLost":0}},{"from":"Ansh_7d76d88f-3f4d-4420-a512-a5cc2f44d116","to":"Shivank_4c0cec62-9140-48f7-aca3-674e03d54149","Audio":{"timestamp":1611073353622.696,"packetsReceived":39703,"packetsLost":0},"Type":"inbound-rtp","Video":{"timestamp":1611073353622.696,"packetsReceived":28392,"packetsLost":0}},{"from":"Ansh_7d76d88f-3f4d-4420-a512-a5cc2f44d116","to":"Shivank_4c0cec62-9140-48f7-aca3-674e03d54149","Audio":{"timestamp":1611073353622.696,"packetsReceived":39703,"packetsLost":0},"Type":"inbound-rtp","Video":{"timestamp":1611073353622.696,"packetsReceived":28392,"packetsLost":0}},{"from":"Ansh_7d76d88f-3f4d-4420-a512-a5cc2f44d116","to":"Shivank_4c0cec62-9140-48f7-aca3-674e03d54149","Audio":{"timestamp":1611073358622.749,"packetsReceived":39954,"packetsLost":0},"Type":"inbound-rtp","Video":{"timestamp":1611073358622.749,"packetsReceived":28410,"packetsLost":0}},{"from":"Ansh_7d76d88f-3f4d-4420-a512-a5cc2f44d116","to":"Shivank_4c0cec62-9140-48f7-aca3-674e03d54149","Audio":{"timestamp":1611073358622.749,"packetsReceived":39954,"packetsLost":0},"Type":"inbound-rtp","Video":{"timestamp":1611073358622.749,"packetsReceived":28410,"packetsLost":0}},{"from":"Ansh_7d76d88f-3f4d-4420-a512-a5cc2f44d116","to":"Shivank_4c0cec62-9140-48f7-aca3-674e03d54149","Audio":{"timestamp":1611073363622.715,"packetsReceived":40203,"packetsLost":0},"Type":"inbound-rtp","Video":{"timestamp":1611073363622.715,"packetsReceived":28429,"packetsLost":0}},{"from":"Ansh_7d76d88f-3f4d-4420-a512-a5cc2f44d116","to":"Shivank_4c0cec62-9140-48f7-aca3-674e03d54149","Audio":{"timestamp":1611073363622.715,"packetsReceived":40203,"packetsLost":0},"Type":"inbound-rtp","Video":{"timestamp":1611073363622.715,"packetsReceived":28429,"packetsLost":0}},{"from":"Ansh_7d76d88f-3f4d-4420-a512-a5cc2f44d116","to":"Shivank_4c0cec62-9140-48f7-aca3-674e03d54149","Audio":{"timestamp":1611073368622.77,"packetsReceived":40453,"packetsLost":0},"Type":"inbound-rtp","Video":{"timestamp":1611073368622.77,"packetsReceived":28445,"packetsLost":0}},{"from":"Ansh_7d76d88f-3f4d-4420-a512-a5cc2f44d116","to":"Shivank_4c0cec62-9140-48f7-aca3-674e03d54149","Audio":{"timestamp":1611073368622.77,"packetsReceived":40453,"packetsLost":0},"Type":"inbound-rtp","Video":{"timestamp":1611073368622.77,"packetsReceived":28445,"packetsLost":0}},{"from":"Ansh_7d76d88f-3f4d-4420-a512-a5cc2f44d116","to":"Shivank_4c0cec62-9140-48f7-aca3-674e03d54149","Audio":{"timestamp":1611073373622.709,"packetsReceived":40703,"packetsLost":0},"Type":"inbound-rtp","Video":{"timestamp":1611073373622.709,"packetsReceived":28466,"packetsLost":0}},{"from":"Ansh_7d76d88f-3f4d-4420-a512-a5cc2f44d116","to":"Shivank_4c0cec62-9140-48f7-aca3-674e03d54149","Audio":{"timestamp":1611073373622.709,"packetsReceived":40703,"packetsLost":0},"Type":"inbound-rtp","Video":{"timestamp":1611073373622.709,"packetsReceived":28466,"packetsLost":0}},{"from":"Ansh_7d76d88f-3f4d-4420-a512-a5cc2f44d116","to":"Shivank_4c0cec62-9140-48f7-aca3-674e03d54149","Audio":{"timestamp":1611073378622.74,"packetsReceived":40953,"packetsLost":0},"Type":"inbound-rtp","Video":{"timestamp":1611073378622.74,"packetsReceived":28484,"packetsLost":0}},{"from":"Ansh_7d76d88f-3f4d-4420-a512-a5cc2f44d116","to":"Shivank_4c0cec62-9140-48f7-aca3-674e03d54149","Audio":{"timestamp":1611073378622.74,"packetsReceived":40953,"packetsLost":0},"Type":"inbound-rtp","Video":{"timestamp":1611073378622.74,"packetsReceived":28484,"packetsLost":0}},{"from":"Ansh_7d76d88f-3f4d-4420-a512-a5cc2f44d116","to":"Shivank_4c0cec62-9140-48f7-aca3-674e03d54149","Audio":{"timestamp":1611073383622.688,"packetsReceived":41203,"packetsLost":0},"Type":"inbound-rtp","Video":{"timestamp":1611073383622.688,"packetsReceived":28498,"packetsLost":0}},{"from":"Ansh_7d76d88f-3f4d-4420-a512-a5cc2f44d116","to":"Shivank_4c0cec62-9140-48f7-aca3-674e03d54149","Audio":{"timestamp":1611073383622.688,"packetsReceived":41203,"packetsLost":0},"Type":"inbound-rtp","Video":{"timestamp":1611073383622.688,"packetsReceived":28498,"packetsLost":0}},{"from":"Ansh_7d76d88f-3f4d-4420-a512-a5cc2f44d116","to":"Shivank_4c0cec62-9140-48f7-aca3-674e03d54149","Audio":{"timestamp":1611073388622.701,"packetsReceived":41454,"packetsLost":0},"Type":"inbound-rtp","Video":{"timestamp":1611073388622.701,"packetsReceived":28518,"packetsLost":0}},{"from":"Ansh_7d76d88f-3f4d-4420-a512-a5cc2f44d116","to":"Shivank_4c0cec62-9140-48f7-aca3-674e03d54149","Audio":{"timestamp":1611073388622.701,"packetsReceived":41454,"packetsLost":0},"Type":"inbound-rtp","Video":{"timestamp":1611073388622.701,"packetsReceived":28518,"packetsLost":0}},{"from":"Ansh_7d76d88f-3f4d-4420-a512-a5cc2f44d116","to":"Shivank_4c0cec62-9140-48f7-aca3-674e03d54149","Audio":{"timestamp":1611073393622.73,"packetsReceived":41703,"packetsLost":0},"Type":"inbound-rtp","Video":{"timestamp":1611073393622.73,"packetsReceived":28538,"packetsLost":0}},{"from":"Ansh_7d76d88f-3f4d-4420-a512-a5cc2f44d116","to":"Shivank_4c0cec62-9140-48f7-aca3-674e03d54149","Audio":{"timestamp":1611073393622.73,"packetsReceived":41703,"packetsLost":0},"Type":"inbound-rtp","Video":{"timestamp":1611073393622.73,"packetsReceived":28538,"packetsLost":0}},{"from":"Ansh_7d76d88f-3f4d-4420-a512-a5cc2f44d116","to":"Shivank_4c0cec62-9140-48f7-aca3-674e03d54149","Audio":{"timestamp":1611073398622.764,"packetsReceived":41953,"packetsLost":0},"Type":"inbound-rtp","Video":{"timestamp":1611073398622.764,"packetsReceived":28550,"packetsLost":0}},{"from":"Ansh_7d76d88f-3f4d-4420-a512-a5cc2f44d116","to":"Shivank_4c0cec62-9140-48f7-aca3-674e03d54149","Audio":{"timestamp":1611073398622.764,"packetsReceived":41953,"packetsLost":0},"Type":"inbound-rtp","Video":{"timestamp":1611073398622.764,"packetsReceived":28550,"packetsLost":0}},{"from":"Ansh_7d76d88f-3f4d-4420-a512-a5cc2f44d116","to":"Shivank_4c0cec62-9140-48f7-aca3-674e03d54149","Audio":{"timestamp":1611073403622.708,"packetsReceived":42203,"packetsLost":0},"Type":"inbound-rtp","Video":{"timestamp":1611073403622.708,"packetsReceived":28568,"packetsLost":0}},{"from":"Ansh_7d76d88f-3f4d-4420-a512-a5cc2f44d116","to":"Shivank_4c0cec62-9140-48f7-aca3-674e03d54149","Audio":{"timestamp":1611073403622.708,"packetsReceived":42203,"packetsLost":0},"Type":"inbound-rtp","Video":{"timestamp":1611073403622.708,"packetsReceived":28568,"packetsLost":0}},{"from":"Ansh_7d76d88f-3f4d-4420-a512-a5cc2f44d116","to":"Shivank_4c0cec62-9140-48f7-aca3-674e03d54149","Audio":{"timestamp":1611073408622.71,"packetsReceived":42453,"packetsLost":0},"Type":"inbound-rtp","Video":{"timestamp":1611073408622.71,"packetsReceived":28588,"packetsLost":0}},{"from":"Ansh_7d76d88f-3f4d-4420-a512-a5cc2f44d116","to":"Shivank_4c0cec62-9140-48f7-aca3-674e03d54149","Audio":{"timestamp":1611073408622.71,"packetsReceived":42453,"packetsLost":0},"Type":"inbound-rtp","Video":{"timestamp":1611073408622.71,"packetsReceived":28588,"packetsLost":0}},{"from":"Ansh_7d76d88f-3f4d-4420-a512-a5cc2f44d116","to":"Shivank_4c0cec62-9140-48f7-aca3-674e03d54149","Audio":{"timestamp":1611073413534.751,"packetsReceived":42699,"packetsLost":0},"Type":"inbound-rtp","Video":{"timestamp":1611073413534.751,"packetsReceived":28604,"packetsLost":0}},{"from":"Ansh_7d76d88f-3f4d-4420-a512-a5cc2f44d116","to":"Shivank_4c0cec62-9140-48f7-aca3-674e03d54149","Audio":{"timestamp":1611073413534.751,"packetsReceived":42699,"packetsLost":0},"Type":"inbound-rtp","Video":{"timestamp":1611073413534.751,"packetsReceived":28604,"packetsLost":0}}]}