[{"timestamp":1611069688805,"log":{"from":"server","to":"Srindhi_346c39a7-494b-45ce-ae22-b4e69eaa9700","context":"PARENT","data":"{\"peer\":\"Siddharth_c08adbf1-0d43-4eb1-a5dc-8bf732284bc1\"}"}},{"timestamp":1611069688805,"log":"Parent : Siddharth_c08adbf1-0d43-4eb1-a5dc-8bf732284bc1"},{"timestamp":1611069689302,"log":{"from":"Siddharth_c08adbf1-0d43-4eb1-a5dc-8bf732284bc1","to":"Srindhi_346c39a7-494b-45ce-ae22-b4e69eaa9700","context":"CONNECT_ACK","data":"{\"roomID\":\"123456\"}"}},{"timestamp":1611069689302,"log":"Connection ACK from parent : Siddharth_c08adbf1-0d43-4eb1-a5dc-8bf732284bc1"},{"timestamp":1611069689315,"log":"received sdp from peer : Siddharth_c08adbf1-0d43-4eb1-a5dc-8bf732284bc1"},{"timestamp":1611069689318,"log":"received ice from peer : Siddharth_c08adbf1-0d43-4eb1-a5dc-8bf732284bc1"},{"timestamp":1611069689323,"log":"received ice from peer : Siddharth_c08adbf1-0d43-4eb1-a5dc-8bf732284bc1"},{"timestamp":1611069689325,"log":"remote stream received"},{"timestamp":1611069689326,"log":{}},{"timestamp":1611069689326,"log":"remote stream received"},{"timestamp":1611069689326,"log":{}},{"timestamp":1611069689331,"log":"created description for peer : Siddharth_c08adbf1-0d43-4eb1-a5dc-8bf732284bc1"},{"timestamp":1611069689341,"log":"connection with peer Siddharth_c08adbf1-0d43-4eb1-a5dc-8bf732284bc1 checking"},{"timestamp":1611069689341,"log":"ice: Srindhi_346c39a7-494b-45ce-ae22-b4e69eaa9700 to Siddharth_c08adbf1-0d43-4eb1-a5dc-8bf732284bc1"},{"timestamp":1611069689342,"log":"connection with peer Siddharth_c08adbf1-0d43-4eb1-a5dc-8bf732284bc1 connected"},{"timestamp":1611069689342,"log":"ice: Srindhi_346c39a7-494b-45ce-ae22-b4e69eaa9700 to Siddharth_c08adbf1-0d43-4eb1-a5dc-8bf732284bc1"},{"timestamp":1611069689353,"log":"received ice from peer : Siddharth_c08adbf1-0d43-4eb1-a5dc-8bf732284bc1"},{"timestamp":1611069689363,"log":"received ice from peer : Siddharth_c08adbf1-0d43-4eb1-a5dc-8bf732284bc1"},{"timestamp":1611069901040,"log":{"from":"Rishitha_e6302e1b-3b52-4cbd-8587-66de406d16ff","to":"Srindhi_346c39a7-494b-45ce-ae22-b4e69eaa9700","context":"CONNECT","data":"{\"roomID\":\"123456\"}"}},{"timestamp":1611069901040,"log":"Connect request from Child : Rishitha_e6302e1b-3b52-4cbd-8587-66de406d16ff"},{"timestamp":1611069901043,"log":"adding tracks"},{"timestamp":1611069901045,"log":"call inititated: Srindhi_346c39a7-494b-45ce-ae22-b4e69eaa9700 to Rishitha_e6302e1b-3b52-4cbd-8587-66de406d16ff"},{"timestamp":1611069901048,"log":"created description for peer : Rishitha_e6302e1b-3b52-4cbd-8587-66de406d16ff"},{"timestamp":1611069901055,"log":"ice: Srindhi_346c39a7-494b-45ce-ae22-b4e69eaa9700 to Rishitha_e6302e1b-3b52-4cbd-8587-66de406d16ff"},{"timestamp":1611069901056,"log":"ice: Srindhi_346c39a7-494b-45ce-ae22-b4e69eaa9700 to Rishitha_e6302e1b-3b52-4cbd-8587-66de406d16ff"},{"timestamp":1611069901087,"log":"ice: Srindhi_346c39a7-494b-45ce-ae22-b4e69eaa9700 to Rishitha_e6302e1b-3b52-4cbd-8587-66de406d16ff"},{"timestamp":1611069901091,"log":"ice: Srindhi_346c39a7-494b-45ce-ae22-b4e69eaa9700 to Rishitha_e6302e1b-3b52-4cbd-8587-66de406d16ff"},{"timestamp":1611069901344,"log":"connection with peer Rishitha_e6302e1b-3b52-4cbd-8587-66de406d16ff checking"},{"timestamp":1611069901590,"log":"received sdp from peer : Rishitha_e6302e1b-3b52-4cbd-8587-66de406d16ff"},{"timestamp":1611069901593,"log":"received ice from peer : Rishitha_e6302e1b-3b52-4cbd-8587-66de406d16ff"},{"timestamp":1611069901598,"log":"ice: Srindhi_346c39a7-494b-45ce-ae22-b4e69eaa9700 to Rishitha_e6302e1b-3b52-4cbd-8587-66de406d16ff"},{"timestamp":1611069901599,"log":"connection with peer Rishitha_e6302e1b-3b52-4cbd-8587-66de406d16ff connected"},{"timestamp":1611069943315,"log":{"from":"Raghvendra_e02e1519-673c-4235-86a6-35d7418746ca","to":"Srindhi_346c39a7-494b-45ce-ae22-b4e69eaa9700","context":"CONNECT","data":"{\"roomID\":\"123456\"}"}},{"timestamp":1611069943315,"log":"Connect request from Child : Raghvendra_e02e1519-673c-4235-86a6-35d7418746ca"},{"timestamp":1611069943317,"log":"adding tracks"},{"timestamp":1611069943320,"log":"call inititated: Srindhi_346c39a7-494b-45ce-ae22-b4e69eaa9700 to Raghvendra_e02e1519-673c-4235-86a6-35d7418746ca"},{"timestamp":1611069943323,"log":"created description for peer : Raghvendra_e02e1519-673c-4235-86a6-35d7418746ca"},{"timestamp":1611069943332,"log":"ice: Srindhi_346c39a7-494b-45ce-ae22-b4e69eaa9700 to Raghvendra_e02e1519-673c-4235-86a6-35d7418746ca"},{"timestamp":1611069943332,"log":"ice: Srindhi_346c39a7-494b-45ce-ae22-b4e69eaa9700 to Raghvendra_e02e1519-673c-4235-86a6-35d7418746ca"},{"timestamp":1611069943365,"log":"ice: Srindhi_346c39a7-494b-45ce-ae22-b4e69eaa9700 to Raghvendra_e02e1519-673c-4235-86a6-35d7418746ca"},{"timestamp":1611069943369,"log":"ice: Srindhi_346c39a7-494b-45ce-ae22-b4e69eaa9700 to Raghvendra_e02e1519-673c-4235-86a6-35d7418746ca"},{"timestamp":1611069943622,"log":"connection with peer Raghvendra_e02e1519-673c-4235-86a6-35d7418746ca checking"},{"timestamp":1611069943876,"log":"received sdp from peer : Raghvendra_e02e1519-673c-4235-86a6-35d7418746ca"},{"timestamp":1611069943879,"log":"received ice from peer : Raghvendra_e02e1519-673c-4235-86a6-35d7418746ca"},{"timestamp":1611069943885,"log":"connection with peer Raghvendra_e02e1519-673c-4235-86a6-35d7418746ca connected"},{"timestamp":1611069943885,"log":"ice: Srindhi_346c39a7-494b-45ce-ae22-b4e69eaa9700 to Raghvendra_e02e1519-673c-4235-86a6-35d7418746ca"},{"timestamp":1611070970480,"log":{"from":"server","to":"Srindhi_346c39a7-494b-45ce-ae22-b4e69eaa9700","context":"PARENTLEFT","data":"{\"parent\":\"Siddharth_c08adbf1-0d43-4eb1-a5dc-8bf732284bc1\"}"}},{"timestamp":1611070970491,"log":"connection with peer Siddharth_c08adbf1-0d43-4eb1-a5dc-8bf732284bc1 closed"},{"timestamp":1611070970492,"log":{"from":"server","to":"Srindhi_346c39a7-494b-45ce-ae22-b4e69eaa9700","context":"PARENT","data":"{\"peer\":\"Harshit_67054155-1e7f-4075-9d5c-8cef43cb5479\"}"}},{"timestamp":1611070970493,"log":"Parent : Harshit_67054155-1e7f-4075-9d5c-8cef43cb5479"},{"timestamp":1611070970993,"log":{"from":"Harshit_67054155-1e7f-4075-9d5c-8cef43cb5479","to":"Srindhi_346c39a7-494b-45ce-ae22-b4e69eaa9700","context":"CONNECT_ACK","data":"{\"roomID\":\"123456\"}"}},{"timestamp":1611070970994,"log":"Connection ACK from parent : Harshit_67054155-1e7f-4075-9d5c-8cef43cb5479"},{"timestamp":1611070971005,"log":"received sdp from peer : Harshit_67054155-1e7f-4075-9d5c-8cef43cb5479"},{"timestamp":1611070971007,"log":"received ice from peer : Harshit_67054155-1e7f-4075-9d5c-8cef43cb5479"},{"timestamp":1611070971014,"log":"remote stream received"},{"timestamp":1611070971019,"log":{}},{"timestamp":1611070971021,"log":"updating localstream for childpeers"},{"timestamp":1611070971021,"log":"sender: [object RTCRtpSender]"},{"timestamp":1611070971023,"log":"senderAudio: [object RTCRtpSender]"},{"timestamp":1611070971024,"log":"sender: [object RTCRtpSender]"},{"timestamp":1611070971025,"log":"senderAudio: [object RTCRtpSender]"},{"timestamp":1611070971025,"log":"remote stream received"},{"timestamp":1611070971026,"log":{}},{"timestamp":1611070971026,"log":"updating localstream for childpeers"},{"timestamp":1611070971026,"log":"sender: [object RTCRtpSender]"},{"timestamp":1611070971026,"log":"senderAudio: [object RTCRtpSender]"},{"timestamp":1611070971027,"log":"sender: [object RTCRtpSender]"},{"timestamp":1611070971027,"log":"senderAudio: [object RTCRtpSender]"},{"timestamp":1611070971035,"log":"created description for peer : Harshit_67054155-1e7f-4075-9d5c-8cef43cb5479"},{"timestamp":1611070971044,"log":"connection with peer Harshit_67054155-1e7f-4075-9d5c-8cef43cb5479 checking"},{"timestamp":1611070971045,"log":"ice: Srindhi_346c39a7-494b-45ce-ae22-b4e69eaa9700 to Harshit_67054155-1e7f-4075-9d5c-8cef43cb5479"},{"timestamp":1611070971046,"log":"connection with peer Harshit_67054155-1e7f-4075-9d5c-8cef43cb5479 connected"},{"timestamp":1611070971047,"log":"ice: Srindhi_346c39a7-494b-45ce-ae22-b4e69eaa9700 to Harshit_67054155-1e7f-4075-9d5c-8cef43cb5479"},{"timestamp":1611070971061,"log":"received ice from peer : Harshit_67054155-1e7f-4075-9d5c-8cef43cb5479"},{"timestamp":1611070971061,"log":"received ice from peer : Harshit_67054155-1e7f-4075-9d5c-8cef43cb5479"},{"timestamp":1611070971062,"log":"received ice from peer : Harshit_67054155-1e7f-4075-9d5c-8cef43cb5479"}]