{"Sankalp_5070585a-5c03-45fd-9d0a-94cb7b78cebb":[{"from":"Sankalp_5070585a-5c03-45fd-9d0a-94cb7b78cebb","to":"Rishitha_711f6c97-f528-41f9-bca3-9b4d448daaae","Audio":{"timestamp":1611072657899.5,"packetsReceived":160,"packetsLost":0},"Type":"inbound-rtp","Video":{"timestamp":1611072657899.5,"packetsReceived":0,"packetsLost":0}},{"from":"Sankalp_5070585a-5c03-45fd-9d0a-94cb7b78cebb","to":"Rishitha_711f6c97-f528-41f9-bca3-9b4d448daaae","Audio":{"timestamp":1611072657899.5,"packetsReceived":160,"packetsLost":0},"Type":"inbound-rtp","Video":{"timestamp":1611072657899.5,"packetsReceived":0,"packetsLost":0}},{"from":"Sankalp_5070585a-5c03-45fd-9d0a-94cb7b78cebb","to":"Rishitha_711f6c97-f528-41f9-bca3-9b4d448daaae","Audio":{"timestamp":1611072662898.17,"packetsReceived":409,"packetsLost":0},"Type":"inbound-rtp","Video":{"timestamp":1611072662898.17,"packetsReceived":41,"packetsLost":0}},{"from":"Sankalp_5070585a-5c03-45fd-9d0a-94cb7b78cebb","to":"Rishitha_711f6c97-f528-41f9-bca3-9b4d448daaae","Audio":{"timestamp":1611072662898.17,"packetsReceived":409,"packetsLost":0},"Type":"inbound-rtp","Video":{"timestamp":1611072662898.17,"packetsReceived":41,"packetsLost":0}},{"from":"Sankalp_5070585a-5c03-45fd-9d0a-94cb7b78cebb","to":"Rishitha_711f6c97-f528-41f9-bca3-9b4d448daaae","Audio":{"timestamp":1611072667898.146,"packetsReceived":659,"packetsLost":0},"Type":"inbound-rtp","Video":{"timestamp":1611072667898.146,"packetsReceived":47,"packetsLost":0}},{"from":"Sankalp_5070585a-5c03-45fd-9d0a-94cb7b78cebb","to":"Rishitha_711f6c97-f528-41f9-bca3-9b4d448daaae","Audio":{"timestamp":1611072667898.146,"packetsReceived":659,"packetsLost":0},"Type":"inbound-rtp","Video":{"timestamp":1611072667898.146,"packetsReceived":47,"packetsLost":0}},{"from":"Sankalp_5070585a-5c03-45fd-9d0a-94cb7b78cebb","to":"Rishitha_711f6c97-f528-41f9-bca3-9b4d448daaae","Audio":{"timestamp":1611072672898.071,"packetsReceived":909,"packetsLost":0},"Type":"inbound-rtp","Video":{"timestamp":1611072672898.071,"packetsReceived":52,"packetsLost":0}},{"from":"Sankalp_5070585a-5c03-45fd-9d0a-94cb7b78cebb","to":"Rishitha_711f6c97-f528-41f9-bca3-9b4d448daaae","Audio":{"timestamp":1611072672898.071,"packetsReceived":909,"packetsLost":0},"Type":"inbound-rtp","Video":{"timestamp":1611072672898.071,"packetsReceived":52,"packetsLost":0}},{"from":"Sankalp_5070585a-5c03-45fd-9d0a-94cb7b78cebb","to":"Rishitha_711f6c97-f528-41f9-bca3-9b4d448daaae","Audio":{"timestamp":1611072677898.079,"packetsReceived":1160,"packetsLost":0},"Type":"inbound-rtp","Video":{"timestamp":1611072677898.079,"packetsReceived":57,"packetsLost":0}},{"from":"Sankalp_5070585a-5c03-45fd-9d0a-94cb7b78cebb","to":"Rishitha_711f6c97-f528-41f9-bca3-9b4d448daaae","Audio":{"timestamp":1611072677898.079,"packetsReceived":1160,"packetsLost":0},"Type":"inbound-rtp","Video":{"timestamp":1611072677898.079,"packetsReceived":57,"packetsLost":0}},{"from":"Sankalp_5070585a-5c03-45fd-9d0a-94cb7b78cebb","to":"Rishitha_711f6c97-f528-41f9-bca3-9b4d448daaae","Audio":{"timestamp":1611072682898.135,"packetsReceived":1410,"packetsLost":0},"Type":"inbound-rtp","Video":{"timestamp":1611072682898.135,"packetsReceived":61,"packetsLost":0}},{"from":"Sankalp_5070585a-5c03-45fd-9d0a-94cb7b78cebb","to":"Rishitha_711f6c97-f528-41f9-bca3-9b4d448daaae","Audio":{"timestamp":1611072682898.135,"packetsReceived":1410,"packetsLost":0},"Type":"inbound-rtp","Video":{"timestamp":1611072682898.135,"packetsReceived":61,"packetsLost":0}},{"from":"Sankalp_5070585a-5c03-45fd-9d0a-94cb7b78cebb","to":"Rishitha_711f6c97-f528-41f9-bca3-9b4d448daaae","Audio":{"timestamp":1611072687898.097,"packetsReceived":1660,"packetsLost":0},"Type":"inbound-rtp","Video":{"timestamp":1611072687898.097,"packetsReceived":66,"packetsLost":0}},{"from":"Sankalp_5070585a-5c03-45fd-9d0a-94cb7b78cebb","to":"Rishitha_711f6c97-f528-41f9-bca3-9b4d448daaae","Audio":{"timestamp":1611072687898.097,"packetsReceived":1660,"packetsLost":0},"Type":"inbound-rtp","Video":{"timestamp":1611072687898.097,"packetsReceived":66,"packetsLost":0}},{"from":"Sankalp_5070585a-5c03-45fd-9d0a-94cb7b78cebb","to":"Rishitha_711f6c97-f528-41f9-bca3-9b4d448daaae","Audio":{"timestamp":1611072692898.133,"packetsReceived":1909,"packetsLost":0},"Type":"inbound-rtp","Video":{"timestamp":1611072692898.133,"packetsReceived":71,"packetsLost":0}},{"from":"Sankalp_5070585a-5c03-45fd-9d0a-94cb7b78cebb","to":"Rishitha_711f6c97-f528-41f9-bca3-9b4d448daaae","Audio":{"timestamp":1611072692898.133,"packetsReceived":1909,"packetsLost":0},"Type":"inbound-rtp","Video":{"timestamp":1611072692898.133,"packetsReceived":71,"packetsLost":0}},{"from":"Sankalp_5070585a-5c03-45fd-9d0a-94cb7b78cebb","to":"Rishitha_711f6c97-f528-41f9-bca3-9b4d448daaae","Audio":{"timestamp":1611072697898.125,"packetsReceived":2159,"packetsLost":0},"Type":"inbound-rtp","Video":{"timestamp":1611072697898.125,"packetsReceived":75,"packetsLost":0}},{"from":"Sankalp_5070585a-5c03-45fd-9d0a-94cb7b78cebb","to":"Rishitha_711f6c97-f528-41f9-bca3-9b4d448daaae","Audio":{"timestamp":1611072697898.125,"packetsReceived":2159,"packetsLost":0},"Type":"inbound-rtp","Video":{"timestamp":1611072697898.125,"packetsReceived":75,"packetsLost":0}},{"from":"Sankalp_5070585a-5c03-45fd-9d0a-94cb7b78cebb","to":"Rishitha_711f6c97-f528-41f9-bca3-9b4d448daaae","Audio":{"timestamp":1611072702898.137,"packetsReceived":2410,"packetsLost":0},"Type":"inbound-rtp","Video":{"timestamp":1611072702898.137,"packetsReceived":80,"packetsLost":0}},{"from":"Sankalp_5070585a-5c03-45fd-9d0a-94cb7b78cebb","to":"Rishitha_711f6c97-f528-41f9-bca3-9b4d448daaae","Audio":{"timestamp":1611072702898.137,"packetsReceived":2410,"packetsLost":0},"Type":"inbound-rtp","Video":{"timestamp":1611072702898.137,"packetsReceived":80,"packetsLost":0}},{"from":"Sankalp_5070585a-5c03-45fd-9d0a-94cb7b78cebb","to":"Rishitha_711f6c97-f528-41f9-bca3-9b4d448daaae","Audio":{"timestamp":1611072707898.138,"packetsReceived":2660,"packetsLost":0},"Type":"inbound-rtp","Video":{"timestamp":1611072707898.138,"packetsReceived":85,"packetsLost":0}},{"from":"Sankalp_5070585a-5c03-45fd-9d0a-94cb7b78cebb","to":"Rishitha_711f6c97-f528-41f9-bca3-9b4d448daaae","Audio":{"timestamp":1611072707898.138,"packetsReceived":2660,"packetsLost":0},"Type":"inbound-rtp","Video":{"timestamp":1611072707898.138,"packetsReceived":85,"packetsLost":0}},{"from":"Sankalp_5070585a-5c03-45fd-9d0a-94cb7b78cebb","to":"Rishitha_711f6c97-f528-41f9-bca3-9b4d448daaae","Audio":{"timestamp":1611072712898.081,"packetsReceived":2910,"packetsLost":0},"Type":"inbound-rtp","Video":{"timestamp":1611072712898.081,"packetsReceived":89,"packetsLost":0}},{"from":"Sankalp_5070585a-5c03-45fd-9d0a-94cb7b78cebb","to":"Rishitha_711f6c97-f528-41f9-bca3-9b4d448daaae","Audio":{"timestamp":1611072712898.081,"packetsReceived":2910,"packetsLost":0},"Type":"inbound-rtp","Video":{"timestamp":1611072712898.081,"packetsReceived":89,"packetsLost":0}},{"from":"Sankalp_5070585a-5c03-45fd-9d0a-94cb7b78cebb","to":"Rishitha_711f6c97-f528-41f9-bca3-9b4d448daaae","Audio":{"timestamp":1611072717898.08,"packetsReceived":3159,"packetsLost":0},"Type":"inbound-rtp","Video":{"timestamp":1611072717898.08,"packetsReceived":94,"packetsLost":0}},{"from":"Sankalp_5070585a-5c03-45fd-9d0a-94cb7b78cebb","to":"Rishitha_711f6c97-f528-41f9-bca3-9b4d448daaae","Audio":{"timestamp":1611072717898.08,"packetsReceived":3159,"packetsLost":0},"Type":"inbound-rtp","Video":{"timestamp":1611072717898.08,"packetsReceived":94,"packetsLost":0}},{"from":"Sankalp_5070585a-5c03-45fd-9d0a-94cb7b78cebb","to":"Rishitha_711f6c97-f528-41f9-bca3-9b4d448daaae","Audio":{"timestamp":1611072722898.239,"packetsReceived":3409,"packetsLost":0},"Type":"inbound-rtp","Video":{"timestamp":1611072722898.239,"packetsReceived":99,"packetsLost":0}},{"from":"Sankalp_5070585a-5c03-45fd-9d0a-94cb7b78cebb","to":"Rishitha_711f6c97-f528-41f9-bca3-9b4d448daaae","Audio":{"timestamp":1611072722898.239,"packetsReceived":3409,"packetsLost":0},"Type":"inbound-rtp","Video":{"timestamp":1611072722898.239,"packetsReceived":99,"packetsLost":0}},{"from":"Sankalp_5070585a-5c03-45fd-9d0a-94cb7b78cebb","to":"Rishitha_711f6c97-f528-41f9-bca3-9b4d448daaae","Audio":{"timestamp":1611072727898.068,"packetsReceived":3660,"packetsLost":0},"Type":"inbound-rtp","Video":{"timestamp":1611072727898.068,"packetsReceived":163,"packetsLost":0}},{"from":"Sankalp_5070585a-5c03-45fd-9d0a-94cb7b78cebb","to":"Rishitha_711f6c97-f528-41f9-bca3-9b4d448daaae","Audio":{"timestamp":1611072727898.068,"packetsReceived":3660,"packetsLost":0},"Type":"inbound-rtp","Video":{"timestamp":1611072727898.068,"packetsReceived":163,"packetsLost":0}},{"from":"Sankalp_5070585a-5c03-45fd-9d0a-94cb7b78cebb","to":"Rishitha_711f6c97-f528-41f9-bca3-9b4d448daaae","Audio":{"timestamp":1611072732898.119,"packetsReceived":3909,"packetsLost":0},"Type":"inbound-rtp","Video":{"timestamp":1611072732898.119,"packetsReceived":186,"packetsLost":0}},{"from":"Sankalp_5070585a-5c03-45fd-9d0a-94cb7b78cebb","to":"Rishitha_711f6c97-f528-41f9-bca3-9b4d448daaae","Audio":{"timestamp":1611072732898.119,"packetsReceived":3909,"packetsLost":0},"Type":"inbound-rtp","Video":{"timestamp":1611072732898.119,"packetsReceived":186,"packetsLost":0}},{"from":"Sankalp_5070585a-5c03-45fd-9d0a-94cb7b78cebb","to":"Rishitha_711f6c97-f528-41f9-bca3-9b4d448daaae","Audio":{"timestamp":1611072737898.132,"packetsReceived":4160,"packetsLost":0},"Type":"inbound-rtp","Video":{"timestamp":1611072737898.132,"packetsReceived":220,"packetsLost":0}},{"from":"Sankalp_5070585a-5c03-45fd-9d0a-94cb7b78cebb","to":"Rishitha_711f6c97-f528-41f9-bca3-9b4d448daaae","Audio":{"timestamp":1611072737898.132,"packetsReceived":4160,"packetsLost":0},"Type":"inbound-rtp","Video":{"timestamp":1611072737898.132,"packetsReceived":220,"packetsLost":0}},{"from":"Sankalp_5070585a-5c03-45fd-9d0a-94cb7b78cebb","to":"Rishitha_711f6c97-f528-41f9-bca3-9b4d448daaae","Audio":{"timestamp":1611072742898.14,"packetsReceived":4409,"packetsLost":0},"Type":"inbound-rtp","Video":{"timestamp":1611072742898.14,"packetsReceived":224,"packetsLost":0}},{"from":"Sankalp_5070585a-5c03-45fd-9d0a-94cb7b78cebb","to":"Rishitha_711f6c97-f528-41f9-bca3-9b4d448daaae","Audio":{"timestamp":1611072742898.14,"packetsReceived":4409,"packetsLost":0},"Type":"inbound-rtp","Video":{"timestamp":1611072742898.14,"packetsReceived":224,"packetsLost":0}},{"from":"Sankalp_5070585a-5c03-45fd-9d0a-94cb7b78cebb","to":"Rishitha_711f6c97-f528-41f9-bca3-9b4d448daaae","Audio":{"timestamp":1611072747898.148,"packetsReceived":4659,"packetsLost":0},"Type":"inbound-rtp","Video":{"timestamp":1611072747898.148,"packetsReceived":229,"packetsLost":0}},{"from":"Sankalp_5070585a-5c03-45fd-9d0a-94cb7b78cebb","to":"Rishitha_711f6c97-f528-41f9-bca3-9b4d448daaae","Audio":{"timestamp":1611072747898.148,"packetsReceived":4659,"packetsLost":0},"Type":"inbound-rtp","Video":{"timestamp":1611072747898.148,"packetsReceived":229,"packetsLost":0}},{"from":"Sankalp_5070585a-5c03-45fd-9d0a-94cb7b78cebb","to":"Rishitha_711f6c97-f528-41f9-bca3-9b4d448daaae","Audio":{"timestamp":1611072752898.123,"packetsReceived":4910,"packetsLost":0},"Type":"inbound-rtp","Video":{"timestamp":1611072752898.123,"packetsReceived":234,"packetsLost":0}},{"from":"Sankalp_5070585a-5c03-45fd-9d0a-94cb7b78cebb","to":"Rishitha_711f6c97-f528-41f9-bca3-9b4d448daaae","Audio":{"timestamp":1611072752898.123,"packetsReceived":4910,"packetsLost":0},"Type":"inbound-rtp","Video":{"timestamp":1611072752898.123,"packetsReceived":234,"packetsLost":0}},{"from":"Sankalp_5070585a-5c03-45fd-9d0a-94cb7b78cebb","to":"Rishitha_711f6c97-f528-41f9-bca3-9b4d448daaae","Audio":{"timestamp":1611072757898.105,"packetsReceived":5160,"packetsLost":0},"Type":"inbound-rtp","Video":{"timestamp":1611072757898.105,"packetsReceived":239,"packetsLost":0}},{"from":"Sankalp_5070585a-5c03-45fd-9d0a-94cb7b78cebb","to":"Rishitha_711f6c97-f528-41f9-bca3-9b4d448daaae","Audio":{"timestamp":1611072757898.105,"packetsReceived":5160,"packetsLost":0},"Type":"inbound-rtp","Video":{"timestamp":1611072757898.105,"packetsReceived":239,"packetsLost":0}},{"from":"Sankalp_5070585a-5c03-45fd-9d0a-94cb7b78cebb","to":"Rishitha_711f6c97-f528-41f9-bca3-9b4d448daaae","Audio":{"timestamp":1611072762898.163,"packetsReceived":5410,"packetsLost":0},"Type":"inbound-rtp","Video":{"timestamp":1611072762898.163,"packetsReceived":243,"packetsLost":0}},{"from":"Sankalp_5070585a-5c03-45fd-9d0a-94cb7b78cebb","to":"Rishitha_711f6c97-f528-41f9-bca3-9b4d448daaae","Audio":{"timestamp":1611072762898.163,"packetsReceived":5410,"packetsLost":0},"Type":"inbound-rtp","Video":{"timestamp":1611072762898.163,"packetsReceived":243,"packetsLost":0}},{"from":"Sankalp_5070585a-5c03-45fd-9d0a-94cb7b78cebb","to":"Rishitha_711f6c97-f528-41f9-bca3-9b4d448daaae","Audio":{"timestamp":1611072767898.108,"packetsReceived":5660,"packetsLost":0},"Type":"inbound-rtp","Video":{"timestamp":1611072767898.108,"packetsReceived":248,"packetsLost":0}},{"from":"Sankalp_5070585a-5c03-45fd-9d0a-94cb7b78cebb","to":"Rishitha_711f6c97-f528-41f9-bca3-9b4d448daaae","Audio":{"timestamp":1611072767898.108,"packetsReceived":5660,"packetsLost":0},"Type":"inbound-rtp","Video":{"timestamp":1611072767898.108,"packetsReceived":248,"packetsLost":0}},{"from":"Sankalp_5070585a-5c03-45fd-9d0a-94cb7b78cebb","to":"Rishitha_711f6c97-f528-41f9-bca3-9b4d448daaae","Audio":{"timestamp":1611072772898.039,"packetsReceived":5909,"packetsLost":0},"Type":"inbound-rtp","Video":{"timestamp":1611072772898.039,"packetsReceived":253,"packetsLost":0}},{"from":"Sankalp_5070585a-5c03-45fd-9d0a-94cb7b78cebb","to":"Rishitha_711f6c97-f528-41f9-bca3-9b4d448daaae","Audio":{"timestamp":1611072772898.039,"packetsReceived":5909,"packetsLost":0},"Type":"inbound-rtp","Video":{"timestamp":1611072772898.039,"packetsReceived":253,"packetsLost":0}},{"from":"Sankalp_5070585a-5c03-45fd-9d0a-94cb7b78cebb","to":"Rishitha_711f6c97-f528-41f9-bca3-9b4d448daaae","Audio":{"timestamp":1611072777898.132,"packetsReceived":6159,"packetsLost":0},"Type":"inbound-rtp","Video":{"timestamp":1611072777898.132,"packetsReceived":257,"packetsLost":0}},{"from":"Sankalp_5070585a-5c03-45fd-9d0a-94cb7b78cebb","to":"Rishitha_711f6c97-f528-41f9-bca3-9b4d448daaae","Audio":{"timestamp":1611072777898.132,"packetsReceived":6159,"packetsLost":0},"Type":"inbound-rtp","Video":{"timestamp":1611072777898.132,"packetsReceived":257,"packetsLost":0}},{"from":"Sankalp_5070585a-5c03-45fd-9d0a-94cb7b78cebb","to":"Rishitha_711f6c97-f528-41f9-bca3-9b4d448daaae","Audio":{"timestamp":1611072782898.134,"packetsReceived":6409,"packetsLost":0},"Type":"inbound-rtp","Video":{"timestamp":1611072782898.134,"packetsReceived":262,"packetsLost":0}},{"from":"Sankalp_5070585a-5c03-45fd-9d0a-94cb7b78cebb","to":"Rishitha_711f6c97-f528-41f9-bca3-9b4d448daaae","Audio":{"timestamp":1611072782898.134,"packetsReceived":6409,"packetsLost":0},"Type":"inbound-rtp","Video":{"timestamp":1611072782898.134,"packetsReceived":262,"packetsLost":0}},{"from":"Sankalp_5070585a-5c03-45fd-9d0a-94cb7b78cebb","to":"Rishitha_711f6c97-f528-41f9-bca3-9b4d448daaae","Audio":{"timestamp":1611072787898.136,"packetsReceived":6660,"packetsLost":0},"Type":"inbound-rtp","Video":{"timestamp":1611072787898.136,"packetsReceived":285,"packetsLost":0}},{"from":"Sankalp_5070585a-5c03-45fd-9d0a-94cb7b78cebb","to":"Rishitha_711f6c97-f528-41f9-bca3-9b4d448daaae","Audio":{"timestamp":1611072787898.136,"packetsReceived":6660,"packetsLost":0},"Type":"inbound-rtp","Video":{"timestamp":1611072787898.136,"packetsReceived":285,"packetsLost":0}},{"from":"Sankalp_5070585a-5c03-45fd-9d0a-94cb7b78cebb","to":"Rishitha_711f6c97-f528-41f9-bca3-9b4d448daaae","Audio":{"timestamp":1611072792898.08,"packetsReceived":6910,"packetsLost":0},"Type":"inbound-rtp","Video":{"timestamp":1611072792898.08,"packetsReceived":332,"packetsLost":0}},{"from":"Sankalp_5070585a-5c03-45fd-9d0a-94cb7b78cebb","to":"Rishitha_711f6c97-f528-41f9-bca3-9b4d448daaae","Audio":{"timestamp":1611072792898.08,"packetsReceived":6910,"packetsLost":0},"Type":"inbound-rtp","Video":{"timestamp":1611072792898.08,"packetsReceived":332,"packetsLost":0}},{"from":"Sankalp_5070585a-5c03-45fd-9d0a-94cb7b78cebb","to":"Rishitha_711f6c97-f528-41f9-bca3-9b4d448daaae","Audio":{"timestamp":1611072797898.098,"packetsReceived":7159,"packetsLost":0},"Type":"inbound-rtp","Video":{"timestamp":1611072797898.098,"packetsReceived":337,"packetsLost":0}},{"from":"Sankalp_5070585a-5c03-45fd-9d0a-94cb7b78cebb","to":"Rishitha_711f6c97-f528-41f9-bca3-9b4d448daaae","Audio":{"timestamp":1611072797898.098,"packetsReceived":7159,"packetsLost":0},"Type":"inbound-rtp","Video":{"timestamp":1611072797898.098,"packetsReceived":337,"packetsLost":0}},{"from":"Sankalp_5070585a-5c03-45fd-9d0a-94cb7b78cebb","to":"Rishitha_711f6c97-f528-41f9-bca3-9b4d448daaae","Audio":{"timestamp":1611072802898.398,"packetsReceived":7409,"packetsLost":0},"Type":"inbound-rtp","Video":{"timestamp":1611072802898.398,"packetsReceived":342,"packetsLost":0}},{"from":"Sankalp_5070585a-5c03-45fd-9d0a-94cb7b78cebb","to":"Rishitha_711f6c97-f528-41f9-bca3-9b4d448daaae","Audio":{"timestamp":1611072802898.398,"packetsReceived":7409,"packetsLost":0},"Type":"inbound-rtp","Video":{"timestamp":1611072802898.398,"packetsReceived":342,"packetsLost":0}},{"from":"Sankalp_5070585a-5c03-45fd-9d0a-94cb7b78cebb","to":"Rishitha_711f6c97-f528-41f9-bca3-9b4d448daaae","Audio":{"timestamp":1611072807898.139,"packetsReceived":7659,"packetsLost":0},"Type":"inbound-rtp","Video":{"timestamp":1611072807898.139,"packetsReceived":346,"packetsLost":0}},{"from":"Sankalp_5070585a-5c03-45fd-9d0a-94cb7b78cebb","to":"Rishitha_711f6c97-f528-41f9-bca3-9b4d448daaae","Audio":{"timestamp":1611072807898.139,"packetsReceived":7659,"packetsLost":0},"Type":"inbound-rtp","Video":{"timestamp":1611072807898.139,"packetsReceived":346,"packetsLost":0}},{"from":"Sankalp_5070585a-5c03-45fd-9d0a-94cb7b78cebb","to":"Rishitha_711f6c97-f528-41f9-bca3-9b4d448daaae","Audio":{"timestamp":1611072812898.092,"packetsReceived":7909,"packetsLost":0},"Type":"inbound-rtp","Video":{"timestamp":1611072812898.092,"packetsReceived":351,"packetsLost":0}},{"from":"Sankalp_5070585a-5c03-45fd-9d0a-94cb7b78cebb","to":"Rishitha_711f6c97-f528-41f9-bca3-9b4d448daaae","Audio":{"timestamp":1611072812898.092,"packetsReceived":7909,"packetsLost":0},"Type":"inbound-rtp","Video":{"timestamp":1611072812898.092,"packetsReceived":351,"packetsLost":0}},{"from":"Sankalp_5070585a-5c03-45fd-9d0a-94cb7b78cebb","to":"Rishitha_711f6c97-f528-41f9-bca3-9b4d448daaae","Audio":{"timestamp":1611072817898.137,"packetsReceived":8160,"packetsLost":0},"Type":"inbound-rtp","Video":{"timestamp":1611072817898.137,"packetsReceived":356,"packetsLost":0}},{"from":"Sankalp_5070585a-5c03-45fd-9d0a-94cb7b78cebb","to":"Rishitha_711f6c97-f528-41f9-bca3-9b4d448daaae","Audio":{"timestamp":1611072817898.137,"packetsReceived":8160,"packetsLost":0},"Type":"inbound-rtp","Video":{"timestamp":1611072817898.137,"packetsReceived":356,"packetsLost":0}},{"from":"Sankalp_5070585a-5c03-45fd-9d0a-94cb7b78cebb","to":"Rishitha_711f6c97-f528-41f9-bca3-9b4d448daaae","Audio":{"timestamp":1611072822898.134,"packetsReceived":8409,"packetsLost":0},"Type":"inbound-rtp","Video":{"timestamp":1611072822898.134,"packetsReceived":360,"packetsLost":0}},{"from":"Sankalp_5070585a-5c03-45fd-9d0a-94cb7b78cebb","to":"Rishitha_711f6c97-f528-41f9-bca3-9b4d448daaae","Audio":{"timestamp":1611072822898.134,"packetsReceived":8409,"packetsLost":0},"Type":"inbound-rtp","Video":{"timestamp":1611072822898.134,"packetsReceived":360,"packetsLost":0}},{"from":"Sankalp_5070585a-5c03-45fd-9d0a-94cb7b78cebb","to":"Rishitha_711f6c97-f528-41f9-bca3-9b4d448daaae","Audio":{"timestamp":1611072827898.142,"packetsReceived":8659,"packetsLost":0},"Type":"inbound-rtp","Video":{"timestamp":1611072827898.142,"packetsReceived":365,"packetsLost":0}},{"from":"Sankalp_5070585a-5c03-45fd-9d0a-94cb7b78cebb","to":"Rishitha_711f6c97-f528-41f9-bca3-9b4d448daaae","Audio":{"timestamp":1611072827898.142,"packetsReceived":8659,"packetsLost":0},"Type":"inbound-rtp","Video":{"timestamp":1611072827898.142,"packetsReceived":365,"packetsLost":0}},{"from":"Sankalp_5070585a-5c03-45fd-9d0a-94cb7b78cebb","to":"Rishitha_711f6c97-f528-41f9-bca3-9b4d448daaae","Audio":{"timestamp":1611072832898.127,"packetsReceived":8909,"packetsLost":0},"Type":"inbound-rtp","Video":{"timestamp":1611072832898.127,"packetsReceived":370,"packetsLost":0}},{"from":"Sankalp_5070585a-5c03-45fd-9d0a-94cb7b78cebb","to":"Rishitha_711f6c97-f528-41f9-bca3-9b4d448daaae","Audio":{"timestamp":1611072832898.127,"packetsReceived":8909,"packetsLost":0},"Type":"inbound-rtp","Video":{"timestamp":1611072832898.127,"packetsReceived":370,"packetsLost":0}},{"from":"Sankalp_5070585a-5c03-45fd-9d0a-94cb7b78cebb","to":"Rishitha_711f6c97-f528-41f9-bca3-9b4d448daaae","Audio":{"timestamp":1611072837898.132,"packetsReceived":9160,"packetsLost":0},"Type":"inbound-rtp","Video":{"timestamp":1611072837898.132,"packetsReceived":374,"packetsLost":0}},{"from":"Sankalp_5070585a-5c03-45fd-9d0a-94cb7b78cebb","to":"Rishitha_711f6c97-f528-41f9-bca3-9b4d448daaae","Audio":{"timestamp":1611072837898.132,"packetsReceived":9160,"packetsLost":0},"Type":"inbound-rtp","Video":{"timestamp":1611072837898.132,"packetsReceived":374,"packetsLost":0}},{"from":"Sankalp_5070585a-5c03-45fd-9d0a-94cb7b78cebb","to":"Rishitha_711f6c97-f528-41f9-bca3-9b4d448daaae","Audio":{"timestamp":1611072842898.063,"packetsReceived":9410,"packetsLost":0},"Type":"inbound-rtp","Video":{"timestamp":1611072842898.063,"packetsReceived":379,"packetsLost":0}},{"from":"Sankalp_5070585a-5c03-45fd-9d0a-94cb7b78cebb","to":"Rishitha_711f6c97-f528-41f9-bca3-9b4d448daaae","Audio":{"timestamp":1611072842898.063,"packetsReceived":9410,"packetsLost":0},"Type":"inbound-rtp","Video":{"timestamp":1611072842898.063,"packetsReceived":379,"packetsLost":0}},{"from":"Sankalp_5070585a-5c03-45fd-9d0a-94cb7b78cebb","to":"Rishitha_711f6c97-f528-41f9-bca3-9b4d448daaae","Audio":{"timestamp":1611072847898.152,"packetsReceived":9660,"packetsLost":0},"Type":"inbound-rtp","Video":{"timestamp":1611072847898.152,"packetsReceived":384,"packetsLost":0}},{"from":"Sankalp_5070585a-5c03-45fd-9d0a-94cb7b78cebb","to":"Rishitha_711f6c97-f528-41f9-bca3-9b4d448daaae","Audio":{"timestamp":1611072847898.152,"packetsReceived":9660,"packetsLost":0},"Type":"inbound-rtp","Video":{"timestamp":1611072847898.152,"packetsReceived":384,"packetsLost":0}},{"from":"Sankalp_5070585a-5c03-45fd-9d0a-94cb7b78cebb","to":"Rishitha_711f6c97-f528-41f9-bca3-9b4d448daaae","Audio":{"timestamp":1611072852898.103,"packetsReceived":9909,"packetsLost":0},"Type":"inbound-rtp","Video":{"timestamp":1611072852898.103,"packetsReceived":404,"packetsLost":0}},{"from":"Sankalp_5070585a-5c03-45fd-9d0a-94cb7b78cebb","to":"Rishitha_711f6c97-f528-41f9-bca3-9b4d448daaae","Audio":{"timestamp":1611072852898.103,"packetsReceived":9909,"packetsLost":0},"Type":"inbound-rtp","Video":{"timestamp":1611072852898.103,"packetsReceived":404,"packetsLost":0}},{"from":"Sankalp_5070585a-5c03-45fd-9d0a-94cb7b78cebb","to":"Rishitha_711f6c97-f528-41f9-bca3-9b4d448daaae","Audio":{"timestamp":1611072857898.14,"packetsReceived":10159,"packetsLost":0},"Type":"inbound-rtp","Video":{"timestamp":1611072857898.14,"packetsReceived":513,"packetsLost":0}},{"from":"Sankalp_5070585a-5c03-45fd-9d0a-94cb7b78cebb","to":"Rishitha_711f6c97-f528-41f9-bca3-9b4d448daaae","Audio":{"timestamp":1611072857898.14,"packetsReceived":10159,"packetsLost":0},"Type":"inbound-rtp","Video":{"timestamp":1611072857898.14,"packetsReceived":513,"packetsLost":0}},{"from":"Sankalp_5070585a-5c03-45fd-9d0a-94cb7b78cebb","to":"Rishitha_711f6c97-f528-41f9-bca3-9b4d448daaae","Audio":{"timestamp":1611072862898.131,"packetsReceived":10409,"packetsLost":0},"Type":"inbound-rtp","Video":{"timestamp":1611072862898.131,"packetsReceived":528,"packetsLost":0}},{"from":"Sankalp_5070585a-5c03-45fd-9d0a-94cb7b78cebb","to":"Rishitha_711f6c97-f528-41f9-bca3-9b4d448daaae","Audio":{"timestamp":1611072862898.131,"packetsReceived":10409,"packetsLost":0},"Type":"inbound-rtp","Video":{"timestamp":1611072862898.131,"packetsReceived":528,"packetsLost":0}},{"from":"Sankalp_5070585a-5c03-45fd-9d0a-94cb7b78cebb","to":"Rishitha_711f6c97-f528-41f9-bca3-9b4d448daaae","Audio":{"timestamp":1611072867898.077,"packetsReceived":10660,"packetsLost":0},"Type":"inbound-rtp","Video":{"timestamp":1611072867898.077,"packetsReceived":540,"packetsLost":0}},{"from":"Sankalp_5070585a-5c03-45fd-9d0a-94cb7b78cebb","to":"Rishitha_711f6c97-f528-41f9-bca3-9b4d448daaae","Audio":{"timestamp":1611072867898.077,"packetsReceived":10660,"packetsLost":0},"Type":"inbound-rtp","Video":{"timestamp":1611072867898.077,"packetsReceived":540,"packetsLost":0}},{"from":"Sankalp_5070585a-5c03-45fd-9d0a-94cb7b78cebb","to":"Rishitha_711f6c97-f528-41f9-bca3-9b4d448daaae","Audio":{"timestamp":1611072872898.053,"packetsReceived":10910,"packetsLost":0},"Type":"inbound-rtp","Video":{"timestamp":1611072872898.053,"packetsReceived":636,"packetsLost":0}},{"from":"Sankalp_5070585a-5c03-45fd-9d0a-94cb7b78cebb","to":"Rishitha_711f6c97-f528-41f9-bca3-9b4d448daaae","Audio":{"timestamp":1611072872898.053,"packetsReceived":10910,"packetsLost":0},"Type":"inbound-rtp","Video":{"timestamp":1611072872898.053,"packetsReceived":636,"packetsLost":0}},{"from":"Sankalp_5070585a-5c03-45fd-9d0a-94cb7b78cebb","to":"Rishitha_711f6c97-f528-41f9-bca3-9b4d448daaae","Audio":{"timestamp":1611072877898.103,"packetsReceived":11159,"packetsLost":0},"Type":"inbound-rtp","Video":{"timestamp":1611072877898.103,"packetsReceived":646,"packetsLost":0}},{"from":"Sankalp_5070585a-5c03-45fd-9d0a-94cb7b78cebb","to":"Rishitha_711f6c97-f528-41f9-bca3-9b4d448daaae","Audio":{"timestamp":1611072877898.103,"packetsReceived":11159,"packetsLost":0},"Type":"inbound-rtp","Video":{"timestamp":1611072877898.103,"packetsReceived":646,"packetsLost":0}},{"from":"Sankalp_5070585a-5c03-45fd-9d0a-94cb7b78cebb","to":"Rishitha_711f6c97-f528-41f9-bca3-9b4d448daaae","Audio":{"timestamp":1611072882898.115,"packetsReceived":11409,"packetsLost":0},"Type":"inbound-rtp","Video":{"timestamp":1611072882898.115,"packetsReceived":656,"packetsLost":0}},{"from":"Sankalp_5070585a-5c03-45fd-9d0a-94cb7b78cebb","to":"Rishitha_711f6c97-f528-41f9-bca3-9b4d448daaae","Audio":{"timestamp":1611072882898.115,"packetsReceived":11409,"packetsLost":0},"Type":"inbound-rtp","Video":{"timestamp":1611072882898.115,"packetsReceived":656,"packetsLost":0}},{"from":"Sankalp_5070585a-5c03-45fd-9d0a-94cb7b78cebb","to":"Rishitha_711f6c97-f528-41f9-bca3-9b4d448daaae","Audio":{"timestamp":1611072887898.122,"packetsReceived":11659,"packetsLost":0},"Type":"inbound-rtp","Video":{"timestamp":1611072887898.122,"packetsReceived":664,"packetsLost":0}},{"from":"Sankalp_5070585a-5c03-45fd-9d0a-94cb7b78cebb","to":"Rishitha_711f6c97-f528-41f9-bca3-9b4d448daaae","Audio":{"timestamp":1611072887898.122,"packetsReceived":11659,"packetsLost":0},"Type":"inbound-rtp","Video":{"timestamp":1611072887898.122,"packetsReceived":664,"packetsLost":0}},{"from":"Sankalp_5070585a-5c03-45fd-9d0a-94cb7b78cebb","to":"Rishitha_711f6c97-f528-41f9-bca3-9b4d448daaae","Audio":{"timestamp":1611072892898.114,"packetsReceived":11909,"packetsLost":0},"Type":"inbound-rtp","Video":{"timestamp":1611072892898.114,"packetsReceived":674,"packetsLost":0}},{"from":"Sankalp_5070585a-5c03-45fd-9d0a-94cb7b78cebb","to":"Rishitha_711f6c97-f528-41f9-bca3-9b4d448daaae","Audio":{"timestamp":1611072892898.114,"packetsReceived":11909,"packetsLost":0},"Type":"inbound-rtp","Video":{"timestamp":1611072892898.114,"packetsReceived":674,"packetsLost":0}},{"from":"Sankalp_5070585a-5c03-45fd-9d0a-94cb7b78cebb","to":"Rishitha_711f6c97-f528-41f9-bca3-9b4d448daaae","Audio":{"timestamp":1611072897898.157,"packetsReceived":12160,"packetsLost":0},"Type":"inbound-rtp","Video":{"timestamp":1611072897898.157,"packetsReceived":684,"packetsLost":0}},{"from":"Sankalp_5070585a-5c03-45fd-9d0a-94cb7b78cebb","to":"Rishitha_711f6c97-f528-41f9-bca3-9b4d448daaae","Audio":{"timestamp":1611072897898.157,"packetsReceived":12160,"packetsLost":0},"Type":"inbound-rtp","Video":{"timestamp":1611072897898.157,"packetsReceived":684,"packetsLost":0}},{"from":"Sankalp_5070585a-5c03-45fd-9d0a-94cb7b78cebb","to":"Rishitha_711f6c97-f528-41f9-bca3-9b4d448daaae","Audio":{"timestamp":1611072902898.083,"packetsReceived":12409,"packetsLost":0},"Type":"inbound-rtp","Video":{"timestamp":1611072902898.083,"packetsReceived":692,"packetsLost":0}},{"from":"Sankalp_5070585a-5c03-45fd-9d0a-94cb7b78cebb","to":"Rishitha_711f6c97-f528-41f9-bca3-9b4d448daaae","Audio":{"timestamp":1611072902898.083,"packetsReceived":12409,"packetsLost":0},"Type":"inbound-rtp","Video":{"timestamp":1611072902898.083,"packetsReceived":692,"packetsLost":0}},{"from":"Sankalp_5070585a-5c03-45fd-9d0a-94cb7b78cebb","to":"Rishitha_711f6c97-f528-41f9-bca3-9b4d448daaae","Audio":{"timestamp":1611072907898.141,"packetsReceived":12659,"packetsLost":0},"Type":"inbound-rtp","Video":{"timestamp":1611072907898.141,"packetsReceived":702,"packetsLost":0}},{"from":"Sankalp_5070585a-5c03-45fd-9d0a-94cb7b78cebb","to":"Rishitha_711f6c97-f528-41f9-bca3-9b4d448daaae","Audio":{"timestamp":1611072907898.141,"packetsReceived":12659,"packetsLost":0},"Type":"inbound-rtp","Video":{"timestamp":1611072907898.141,"packetsReceived":702,"packetsLost":0}},{"from":"Sankalp_5070585a-5c03-45fd-9d0a-94cb7b78cebb","to":"Rishitha_711f6c97-f528-41f9-bca3-9b4d448daaae","Audio":{"timestamp":1611072912898.082,"packetsReceived":12909,"packetsLost":0},"Type":"inbound-rtp","Video":{"timestamp":1611072912898.082,"packetsReceived":712,"packetsLost":0}},{"from":"Sankalp_5070585a-5c03-45fd-9d0a-94cb7b78cebb","to":"Rishitha_711f6c97-f528-41f9-bca3-9b4d448daaae","Audio":{"timestamp":1611072912898.082,"packetsReceived":12909,"packetsLost":0},"Type":"inbound-rtp","Video":{"timestamp":1611072912898.082,"packetsReceived":712,"packetsLost":0}},{"from":"Sankalp_5070585a-5c03-45fd-9d0a-94cb7b78cebb","to":"Rishitha_711f6c97-f528-41f9-bca3-9b4d448daaae","Audio":{"timestamp":1611072917898.137,"packetsReceived":13159,"packetsLost":0},"Type":"inbound-rtp","Video":{"timestamp":1611072917898.137,"packetsReceived":720,"packetsLost":0}},{"from":"Sankalp_5070585a-5c03-45fd-9d0a-94cb7b78cebb","to":"Rishitha_711f6c97-f528-41f9-bca3-9b4d448daaae","Audio":{"timestamp":1611072917898.137,"packetsReceived":13159,"packetsLost":0},"Type":"inbound-rtp","Video":{"timestamp":1611072917898.137,"packetsReceived":720,"packetsLost":0}},{"from":"Sankalp_5070585a-5c03-45fd-9d0a-94cb7b78cebb","to":"Rishitha_711f6c97-f528-41f9-bca3-9b4d448daaae","Audio":{"timestamp":1611072922898.087,"packetsReceived":13409,"packetsLost":0},"Type":"inbound-rtp","Video":{"timestamp":1611072922898.087,"packetsReceived":730,"packetsLost":0}},{"from":"Sankalp_5070585a-5c03-45fd-9d0a-94cb7b78cebb","to":"Rishitha_711f6c97-f528-41f9-bca3-9b4d448daaae","Audio":{"timestamp":1611072922898.087,"packetsReceived":13409,"packetsLost":0},"Type":"inbound-rtp","Video":{"timestamp":1611072922898.087,"packetsReceived":730,"packetsLost":0}},{"from":"Sankalp_5070585a-5c03-45fd-9d0a-94cb7b78cebb","to":"Rishitha_711f6c97-f528-41f9-bca3-9b4d448daaae","Audio":{"timestamp":1611072927898.135,"packetsReceived":13660,"packetsLost":0},"Type":"inbound-rtp","Video":{"timestamp":1611072927898.135,"packetsReceived":740,"packetsLost":0}},{"from":"Sankalp_5070585a-5c03-45fd-9d0a-94cb7b78cebb","to":"Rishitha_711f6c97-f528-41f9-bca3-9b4d448daaae","Audio":{"timestamp":1611072927898.135,"packetsReceived":13660,"packetsLost":0},"Type":"inbound-rtp","Video":{"timestamp":1611072927898.135,"packetsReceived":740,"packetsLost":0}},{"from":"Sankalp_5070585a-5c03-45fd-9d0a-94cb7b78cebb","to":"Rishitha_711f6c97-f528-41f9-bca3-9b4d448daaae","Audio":{"timestamp":1611072932898.078,"packetsReceived":13909,"packetsLost":0},"Type":"inbound-rtp","Video":{"timestamp":1611072932898.078,"packetsReceived":748,"packetsLost":0}},{"from":"Sankalp_5070585a-5c03-45fd-9d0a-94cb7b78cebb","to":"Rishitha_711f6c97-f528-41f9-bca3-9b4d448daaae","Audio":{"timestamp":1611072932898.078,"packetsReceived":13909,"packetsLost":0},"Type":"inbound-rtp","Video":{"timestamp":1611072932898.078,"packetsReceived":748,"packetsLost":0}},{"from":"Sankalp_5070585a-5c03-45fd-9d0a-94cb7b78cebb","to":"Rishitha_711f6c97-f528-41f9-bca3-9b4d448daaae","Audio":{"timestamp":1611072937898.08,"packetsReceived":14159,"packetsLost":0},"Type":"inbound-rtp","Video":{"timestamp":1611072937898.08,"packetsReceived":758,"packetsLost":0}},{"from":"Sankalp_5070585a-5c03-45fd-9d0a-94cb7b78cebb","to":"Rishitha_711f6c97-f528-41f9-bca3-9b4d448daaae","Audio":{"timestamp":1611072937898.08,"packetsReceived":14159,"packetsLost":0},"Type":"inbound-rtp","Video":{"timestamp":1611072937898.08,"packetsReceived":758,"packetsLost":0}},{"from":"Sankalp_5070585a-5c03-45fd-9d0a-94cb7b78cebb","to":"Rishitha_711f6c97-f528-41f9-bca3-9b4d448daaae","Audio":{"timestamp":1611072942898.086,"packetsReceived":14409,"packetsLost":0},"Type":"inbound-rtp","Video":{"timestamp":1611072942898.086,"packetsReceived":768,"packetsLost":0}},{"from":"Sankalp_5070585a-5c03-45fd-9d0a-94cb7b78cebb","to":"Rishitha_711f6c97-f528-41f9-bca3-9b4d448daaae","Audio":{"timestamp":1611072942898.086,"packetsReceived":14409,"packetsLost":0},"Type":"inbound-rtp","Video":{"timestamp":1611072942898.086,"packetsReceived":768,"packetsLost":0}},{"from":"Sankalp_5070585a-5c03-45fd-9d0a-94cb7b78cebb","to":"Rishitha_711f6c97-f528-41f9-bca3-9b4d448daaae","Audio":{"timestamp":1611072947898.043,"packetsReceived":14659,"packetsLost":0},"Type":"inbound-rtp","Video":{"timestamp":1611072947898.043,"packetsReceived":776,"packetsLost":0}},{"from":"Sankalp_5070585a-5c03-45fd-9d0a-94cb7b78cebb","to":"Rishitha_711f6c97-f528-41f9-bca3-9b4d448daaae","Audio":{"timestamp":1611072947898.043,"packetsReceived":14659,"packetsLost":0},"Type":"inbound-rtp","Video":{"timestamp":1611072947898.043,"packetsReceived":776,"packetsLost":0}},{"from":"Sankalp_5070585a-5c03-45fd-9d0a-94cb7b78cebb","to":"Rishitha_711f6c97-f528-41f9-bca3-9b4d448daaae","Audio":{"timestamp":1611072952898.085,"packetsReceived":14910,"packetsLost":0},"Type":"inbound-rtp","Video":{"timestamp":1611072952898.085,"packetsReceived":786,"packetsLost":0}},{"from":"Sankalp_5070585a-5c03-45fd-9d0a-94cb7b78cebb","to":"Rishitha_711f6c97-f528-41f9-bca3-9b4d448daaae","Audio":{"timestamp":1611072952898.085,"packetsReceived":14910,"packetsLost":0},"Type":"inbound-rtp","Video":{"timestamp":1611072952898.085,"packetsReceived":786,"packetsLost":0}},{"from":"Sankalp_5070585a-5c03-45fd-9d0a-94cb7b78cebb","to":"Rishitha_711f6c97-f528-41f9-bca3-9b4d448daaae","Audio":{"timestamp":1611072957898.081,"packetsReceived":15159,"packetsLost":0},"Type":"inbound-rtp","Video":{"timestamp":1611072957898.081,"packetsReceived":796,"packetsLost":0}},{"from":"Sankalp_5070585a-5c03-45fd-9d0a-94cb7b78cebb","to":"Rishitha_711f6c97-f528-41f9-bca3-9b4d448daaae","Audio":{"timestamp":1611072957898.081,"packetsReceived":15159,"packetsLost":0},"Type":"inbound-rtp","Video":{"timestamp":1611072957898.081,"packetsReceived":796,"packetsLost":0}},{"from":"Sankalp_5070585a-5c03-45fd-9d0a-94cb7b78cebb","to":"Rishitha_711f6c97-f528-41f9-bca3-9b4d448daaae","Audio":{"timestamp":1611072962898.122,"packetsReceived":15409,"packetsLost":0},"Type":"inbound-rtp","Video":{"timestamp":1611072962898.122,"packetsReceived":804,"packetsLost":0}},{"from":"Sankalp_5070585a-5c03-45fd-9d0a-94cb7b78cebb","to":"Rishitha_711f6c97-f528-41f9-bca3-9b4d448daaae","Audio":{"timestamp":1611072962898.122,"packetsReceived":15409,"packetsLost":0},"Type":"inbound-rtp","Video":{"timestamp":1611072962898.122,"packetsReceived":804,"packetsLost":0}},{"from":"Sankalp_5070585a-5c03-45fd-9d0a-94cb7b78cebb","to":"Rishitha_711f6c97-f528-41f9-bca3-9b4d448daaae","Audio":{"timestamp":1611072967898.046,"packetsReceived":15659,"packetsLost":0},"Type":"inbound-rtp","Video":{"timestamp":1611072967898.046,"packetsReceived":814,"packetsLost":0}},{"from":"Sankalp_5070585a-5c03-45fd-9d0a-94cb7b78cebb","to":"Rishitha_711f6c97-f528-41f9-bca3-9b4d448daaae","Audio":{"timestamp":1611072967898.046,"packetsReceived":15659,"packetsLost":0},"Type":"inbound-rtp","Video":{"timestamp":1611072967898.046,"packetsReceived":814,"packetsLost":0}},{"from":"Sankalp_5070585a-5c03-45fd-9d0a-94cb7b78cebb","to":"Rishitha_711f6c97-f528-41f9-bca3-9b4d448daaae","Audio":{"timestamp":1611072972898.168,"packetsReceived":15909,"packetsLost":0},"Type":"inbound-rtp","Video":{"timestamp":1611072972898.168,"packetsReceived":824,"packetsLost":0}},{"from":"Sankalp_5070585a-5c03-45fd-9d0a-94cb7b78cebb","to":"Rishitha_711f6c97-f528-41f9-bca3-9b4d448daaae","Audio":{"timestamp":1611072972898.168,"packetsReceived":15909,"packetsLost":0},"Type":"inbound-rtp","Video":{"timestamp":1611072972898.168,"packetsReceived":824,"packetsLost":0}},{"from":"Sankalp_5070585a-5c03-45fd-9d0a-94cb7b78cebb","to":"Rishitha_711f6c97-f528-41f9-bca3-9b4d448daaae","Audio":{"timestamp":1611072977898.133,"packetsReceived":16159,"packetsLost":0},"Type":"inbound-rtp","Video":{"timestamp":1611072977898.133,"packetsReceived":832,"packetsLost":0}},{"from":"Sankalp_5070585a-5c03-45fd-9d0a-94cb7b78cebb","to":"Rishitha_711f6c97-f528-41f9-bca3-9b4d448daaae","Audio":{"timestamp":1611072977898.133,"packetsReceived":16159,"packetsLost":0},"Type":"inbound-rtp","Video":{"timestamp":1611072977898.133,"packetsReceived":832,"packetsLost":0}},{"from":"Sankalp_5070585a-5c03-45fd-9d0a-94cb7b78cebb","to":"Rishitha_711f6c97-f528-41f9-bca3-9b4d448daaae","Audio":{"timestamp":1611072982898.081,"packetsReceived":16409,"packetsLost":0},"Type":"inbound-rtp","Video":{"timestamp":1611072982898.081,"packetsReceived":842,"packetsLost":0}},{"from":"Sankalp_5070585a-5c03-45fd-9d0a-94cb7b78cebb","to":"Rishitha_711f6c97-f528-41f9-bca3-9b4d448daaae","Audio":{"timestamp":1611072982898.081,"packetsReceived":16409,"packetsLost":0},"Type":"inbound-rtp","Video":{"timestamp":1611072982898.081,"packetsReceived":842,"packetsLost":0}},{"from":"Sankalp_5070585a-5c03-45fd-9d0a-94cb7b78cebb","to":"Rishitha_711f6c97-f528-41f9-bca3-9b4d448daaae","Audio":{"timestamp":1611072987898.118,"packetsReceived":16659,"packetsLost":0},"Type":"inbound-rtp","Video":{"timestamp":1611072987898.118,"packetsReceived":852,"packetsLost":0}},{"from":"Sankalp_5070585a-5c03-45fd-9d0a-94cb7b78cebb","to":"Rishitha_711f6c97-f528-41f9-bca3-9b4d448daaae","Audio":{"timestamp":1611072987898.118,"packetsReceived":16659,"packetsLost":0},"Type":"inbound-rtp","Video":{"timestamp":1611072987898.118,"packetsReceived":852,"packetsLost":0}},{"from":"Sankalp_5070585a-5c03-45fd-9d0a-94cb7b78cebb","to":"Rishitha_711f6c97-f528-41f9-bca3-9b4d448daaae","Audio":{"timestamp":1611072992898.081,"packetsReceived":16909,"packetsLost":0},"Type":"inbound-rtp","Video":{"timestamp":1611072992898.081,"packetsReceived":860,"packetsLost":0}},{"from":"Sankalp_5070585a-5c03-45fd-9d0a-94cb7b78cebb","to":"Rishitha_711f6c97-f528-41f9-bca3-9b4d448daaae","Audio":{"timestamp":1611072992898.081,"packetsReceived":16909,"packetsLost":0},"Type":"inbound-rtp","Video":{"timestamp":1611072992898.081,"packetsReceived":860,"packetsLost":0}},{"from":"Sankalp_5070585a-5c03-45fd-9d0a-94cb7b78cebb","to":"Rishitha_711f6c97-f528-41f9-bca3-9b4d448daaae","Audio":{"timestamp":1611072997898.134,"packetsReceived":17159,"packetsLost":0},"Type":"inbound-rtp","Video":{"timestamp":1611072997898.134,"packetsReceived":870,"packetsLost":0}},{"from":"Sankalp_5070585a-5c03-45fd-9d0a-94cb7b78cebb","to":"Rishitha_711f6c97-f528-41f9-bca3-9b4d448daaae","Audio":{"timestamp":1611072997898.134,"packetsReceived":17159,"packetsLost":0},"Type":"inbound-rtp","Video":{"timestamp":1611072997898.134,"packetsReceived":870,"packetsLost":0}},{"from":"Sankalp_5070585a-5c03-45fd-9d0a-94cb7b78cebb","to":"Rishitha_711f6c97-f528-41f9-bca3-9b4d448daaae","Audio":{"timestamp":1611073002898.097,"packetsReceived":17409,"packetsLost":0},"Type":"inbound-rtp","Video":{"timestamp":1611073002898.097,"packetsReceived":894,"packetsLost":0}},{"from":"Sankalp_5070585a-5c03-45fd-9d0a-94cb7b78cebb","to":"Rishitha_711f6c97-f528-41f9-bca3-9b4d448daaae","Audio":{"timestamp":1611073002898.097,"packetsReceived":17409,"packetsLost":0},"Type":"inbound-rtp","Video":{"timestamp":1611073002898.097,"packetsReceived":894,"packetsLost":0}},{"from":"Sankalp_5070585a-5c03-45fd-9d0a-94cb7b78cebb","to":"Rishitha_711f6c97-f528-41f9-bca3-9b4d448daaae","Audio":{"timestamp":1611073007898.148,"packetsReceived":17659,"packetsLost":0},"Type":"inbound-rtp","Video":{"timestamp":1611073007898.148,"packetsReceived":1062,"packetsLost":0}},{"from":"Sankalp_5070585a-5c03-45fd-9d0a-94cb7b78cebb","to":"Rishitha_711f6c97-f528-41f9-bca3-9b4d448daaae","Audio":{"timestamp":1611073007898.148,"packetsReceived":17659,"packetsLost":0},"Type":"inbound-rtp","Video":{"timestamp":1611073007898.148,"packetsReceived":1062,"packetsLost":0}},{"from":"Sankalp_5070585a-5c03-45fd-9d0a-94cb7b78cebb","to":"Rishitha_711f6c97-f528-41f9-bca3-9b4d448daaae","Audio":{"timestamp":1611073012898.14,"packetsReceived":17909,"packetsLost":0},"Type":"inbound-rtp","Video":{"timestamp":1611073012898.14,"packetsReceived":1098,"packetsLost":0}},{"from":"Sankalp_5070585a-5c03-45fd-9d0a-94cb7b78cebb","to":"Rishitha_711f6c97-f528-41f9-bca3-9b4d448daaae","Audio":{"timestamp":1611073012898.14,"packetsReceived":17909,"packetsLost":0},"Type":"inbound-rtp","Video":{"timestamp":1611073012898.14,"packetsReceived":1098,"packetsLost":0}},{"from":"Sankalp_5070585a-5c03-45fd-9d0a-94cb7b78cebb","to":"Rishitha_711f6c97-f528-41f9-bca3-9b4d448daaae","Audio":{"timestamp":1611073017898.139,"packetsReceived":18159,"packetsLost":0},"Type":"inbound-rtp","Video":{"timestamp":1611073017898.139,"packetsReceived":1128,"packetsLost":0}},{"from":"Sankalp_5070585a-5c03-45fd-9d0a-94cb7b78cebb","to":"Rishitha_711f6c97-f528-41f9-bca3-9b4d448daaae","Audio":{"timestamp":1611073017898.139,"packetsReceived":18159,"packetsLost":0},"Type":"inbound-rtp","Video":{"timestamp":1611073017898.139,"packetsReceived":1128,"packetsLost":0}},{"from":"Sankalp_5070585a-5c03-45fd-9d0a-94cb7b78cebb","to":"Rishitha_711f6c97-f528-41f9-bca3-9b4d448daaae","Audio":{"timestamp":1611073022898.064,"packetsReceived":18409,"packetsLost":0},"Type":"inbound-rtp","Video":{"timestamp":1611073022898.064,"packetsReceived":1149,"packetsLost":0}},{"from":"Sankalp_5070585a-5c03-45fd-9d0a-94cb7b78cebb","to":"Rishitha_711f6c97-f528-41f9-bca3-9b4d448daaae","Audio":{"timestamp":1611073022898.064,"packetsReceived":18409,"packetsLost":0},"Type":"inbound-rtp","Video":{"timestamp":1611073022898.064,"packetsReceived":1149,"packetsLost":0}},{"from":"Sankalp_5070585a-5c03-45fd-9d0a-94cb7b78cebb","to":"Rishitha_711f6c97-f528-41f9-bca3-9b4d448daaae","Audio":{"timestamp":1611073027898.133,"packetsReceived":18659,"packetsLost":0},"Type":"inbound-rtp","Video":{"timestamp":1611073027898.133,"packetsReceived":1174,"packetsLost":0}},{"from":"Sankalp_5070585a-5c03-45fd-9d0a-94cb7b78cebb","to":"Rishitha_711f6c97-f528-41f9-bca3-9b4d448daaae","Audio":{"timestamp":1611073027898.133,"packetsReceived":18659,"packetsLost":0},"Type":"inbound-rtp","Video":{"timestamp":1611073027898.133,"packetsReceived":1174,"packetsLost":0}},{"from":"Sankalp_5070585a-5c03-45fd-9d0a-94cb7b78cebb","to":"Rishitha_711f6c97-f528-41f9-bca3-9b4d448daaae","Audio":{"timestamp":1611073032898.106,"packetsReceived":18909,"packetsLost":0},"Type":"inbound-rtp","Video":{"timestamp":1611073032898.106,"packetsReceived":1199,"packetsLost":0}},{"from":"Sankalp_5070585a-5c03-45fd-9d0a-94cb7b78cebb","to":"Rishitha_711f6c97-f528-41f9-bca3-9b4d448daaae","Audio":{"timestamp":1611073032898.106,"packetsReceived":18909,"packetsLost":0},"Type":"inbound-rtp","Video":{"timestamp":1611073032898.106,"packetsReceived":1199,"packetsLost":0}},{"from":"Sankalp_5070585a-5c03-45fd-9d0a-94cb7b78cebb","to":"Rishitha_711f6c97-f528-41f9-bca3-9b4d448daaae","Audio":{"timestamp":1611073037898.013,"packetsReceived":19159,"packetsLost":0},"Type":"inbound-rtp","Video":{"timestamp":1611073037898.013,"packetsReceived":1225,"packetsLost":0}},{"from":"Sankalp_5070585a-5c03-45fd-9d0a-94cb7b78cebb","to":"Rishitha_711f6c97-f528-41f9-bca3-9b4d448daaae","Audio":{"timestamp":1611073037898.013,"packetsReceived":19159,"packetsLost":0},"Type":"inbound-rtp","Video":{"timestamp":1611073037898.013,"packetsReceived":1225,"packetsLost":0}},{"from":"Sankalp_5070585a-5c03-45fd-9d0a-94cb7b78cebb","to":"Rishitha_711f6c97-f528-41f9-bca3-9b4d448daaae","Audio":{"timestamp":1611073042898.133,"packetsReceived":19409,"packetsLost":0},"Type":"inbound-rtp","Video":{"timestamp":1611073042898.133,"packetsReceived":1249,"packetsLost":0}},{"from":"Sankalp_5070585a-5c03-45fd-9d0a-94cb7b78cebb","to":"Rishitha_711f6c97-f528-41f9-bca3-9b4d448daaae","Audio":{"timestamp":1611073042898.133,"packetsReceived":19409,"packetsLost":0},"Type":"inbound-rtp","Video":{"timestamp":1611073042898.133,"packetsReceived":1249,"packetsLost":0}},{"from":"Sankalp_5070585a-5c03-45fd-9d0a-94cb7b78cebb","to":"Rishitha_711f6c97-f528-41f9-bca3-9b4d448daaae","Audio":{"timestamp":1611073047898.041,"packetsReceived":19659,"packetsLost":0},"Type":"inbound-rtp","Video":{"timestamp":1611073047898.041,"packetsReceived":1274,"packetsLost":0}},{"from":"Sankalp_5070585a-5c03-45fd-9d0a-94cb7b78cebb","to":"Rishitha_711f6c97-f528-41f9-bca3-9b4d448daaae","Audio":{"timestamp":1611073047898.041,"packetsReceived":19659,"packetsLost":0},"Type":"inbound-rtp","Video":{"timestamp":1611073047898.041,"packetsReceived":1274,"packetsLost":0}},{"from":"Sankalp_5070585a-5c03-45fd-9d0a-94cb7b78cebb","to":"Rishitha_711f6c97-f528-41f9-bca3-9b4d448daaae","Audio":{"timestamp":1611073052898.139,"packetsReceived":19909,"packetsLost":0},"Type":"inbound-rtp","Video":{"timestamp":1611073052898.139,"packetsReceived":1299,"packetsLost":0}},{"from":"Sankalp_5070585a-5c03-45fd-9d0a-94cb7b78cebb","to":"Rishitha_711f6c97-f528-41f9-bca3-9b4d448daaae","Audio":{"timestamp":1611073052898.139,"packetsReceived":19909,"packetsLost":0},"Type":"inbound-rtp","Video":{"timestamp":1611073052898.139,"packetsReceived":1299,"packetsLost":0}},{"from":"Sankalp_5070585a-5c03-45fd-9d0a-94cb7b78cebb","to":"Rishitha_711f6c97-f528-41f9-bca3-9b4d448daaae","Audio":{"timestamp":1611073057898.105,"packetsReceived":20159,"packetsLost":0},"Type":"inbound-rtp","Video":{"timestamp":1611073057898.105,"packetsReceived":1319,"packetsLost":0}},{"from":"Sankalp_5070585a-5c03-45fd-9d0a-94cb7b78cebb","to":"Rishitha_711f6c97-f528-41f9-bca3-9b4d448daaae","Audio":{"timestamp":1611073057898.105,"packetsReceived":20159,"packetsLost":0},"Type":"inbound-rtp","Video":{"timestamp":1611073057898.105,"packetsReceived":1319,"packetsLost":0}},{"from":"Sankalp_5070585a-5c03-45fd-9d0a-94cb7b78cebb","to":"Rishitha_711f6c97-f528-41f9-bca3-9b4d448daaae","Audio":{"timestamp":1611073062898.074,"packetsReceived":20409,"packetsLost":0},"Type":"inbound-rtp","Video":{"timestamp":1611073062898.074,"packetsReceived":1344,"packetsLost":0}},{"from":"Sankalp_5070585a-5c03-45fd-9d0a-94cb7b78cebb","to":"Rishitha_711f6c97-f528-41f9-bca3-9b4d448daaae","Audio":{"timestamp":1611073062898.074,"packetsReceived":20409,"packetsLost":0},"Type":"inbound-rtp","Video":{"timestamp":1611073062898.074,"packetsReceived":1344,"packetsLost":0}},{"from":"Sankalp_5070585a-5c03-45fd-9d0a-94cb7b78cebb","to":"Rishitha_711f6c97-f528-41f9-bca3-9b4d448daaae","Audio":{"timestamp":1611073067898.084,"packetsReceived":20659,"packetsLost":0},"Type":"inbound-rtp","Video":{"timestamp":1611073067898.084,"packetsReceived":1369,"packetsLost":0}},{"from":"Sankalp_5070585a-5c03-45fd-9d0a-94cb7b78cebb","to":"Rishitha_711f6c97-f528-41f9-bca3-9b4d448daaae","Audio":{"timestamp":1611073067898.084,"packetsReceived":20659,"packetsLost":0},"Type":"inbound-rtp","Video":{"timestamp":1611073067898.084,"packetsReceived":1369,"packetsLost":0}},{"from":"Sankalp_5070585a-5c03-45fd-9d0a-94cb7b78cebb","to":"Rishitha_711f6c97-f528-41f9-bca3-9b4d448daaae","Audio":{"timestamp":1611073072898.06,"packetsReceived":20909,"packetsLost":0},"Type":"inbound-rtp","Video":{"timestamp":1611073072898.06,"packetsReceived":1389,"packetsLost":0}},{"from":"Sankalp_5070585a-5c03-45fd-9d0a-94cb7b78cebb","to":"Rishitha_711f6c97-f528-41f9-bca3-9b4d448daaae","Audio":{"timestamp":1611073072898.06,"packetsReceived":20909,"packetsLost":0},"Type":"inbound-rtp","Video":{"timestamp":1611073072898.06,"packetsReceived":1389,"packetsLost":0}},{"from":"Sankalp_5070585a-5c03-45fd-9d0a-94cb7b78cebb","to":"Rishitha_711f6c97-f528-41f9-bca3-9b4d448daaae","Audio":{"timestamp":1611073077898.118,"packetsReceived":21159,"packetsLost":0},"Type":"inbound-rtp","Video":{"timestamp":1611073077898.118,"packetsReceived":1414,"packetsLost":0}},{"from":"Sankalp_5070585a-5c03-45fd-9d0a-94cb7b78cebb","to":"Rishitha_711f6c97-f528-41f9-bca3-9b4d448daaae","Audio":{"timestamp":1611073077898.118,"packetsReceived":21159,"packetsLost":0},"Type":"inbound-rtp","Video":{"timestamp":1611073077898.118,"packetsReceived":1414,"packetsLost":0}},{"from":"Sankalp_5070585a-5c03-45fd-9d0a-94cb7b78cebb","to":"Rishitha_711f6c97-f528-41f9-bca3-9b4d448daaae","Audio":{"timestamp":1611073082898.083,"packetsReceived":21409,"packetsLost":0},"Type":"inbound-rtp","Video":{"timestamp":1611073082898.083,"packetsReceived":1439,"packetsLost":0}},{"from":"Sankalp_5070585a-5c03-45fd-9d0a-94cb7b78cebb","to":"Rishitha_711f6c97-f528-41f9-bca3-9b4d448daaae","Audio":{"timestamp":1611073082898.083,"packetsReceived":21409,"packetsLost":0},"Type":"inbound-rtp","Video":{"timestamp":1611073082898.083,"packetsReceived":1439,"packetsLost":0}},{"from":"Sankalp_5070585a-5c03-45fd-9d0a-94cb7b78cebb","to":"Rishitha_711f6c97-f528-41f9-bca3-9b4d448daaae","Audio":{"timestamp":1611073087898.137,"packetsReceived":21660,"packetsLost":0},"Type":"inbound-rtp","Video":{"timestamp":1611073087898.137,"packetsReceived":1459,"packetsLost":0}},{"from":"Sankalp_5070585a-5c03-45fd-9d0a-94cb7b78cebb","to":"Rishitha_711f6c97-f528-41f9-bca3-9b4d448daaae","Audio":{"timestamp":1611073087898.137,"packetsReceived":21660,"packetsLost":0},"Type":"inbound-rtp","Video":{"timestamp":1611073087898.137,"packetsReceived":1459,"packetsLost":0}},{"from":"Sankalp_5070585a-5c03-45fd-9d0a-94cb7b78cebb","to":"Rishitha_711f6c97-f528-41f9-bca3-9b4d448daaae","Audio":{"timestamp":1611073092898.075,"packetsReceived":21909,"packetsLost":0},"Type":"inbound-rtp","Video":{"timestamp":1611073092898.075,"packetsReceived":1484,"packetsLost":0}},{"from":"Sankalp_5070585a-5c03-45fd-9d0a-94cb7b78cebb","to":"Rishitha_711f6c97-f528-41f9-bca3-9b4d448daaae","Audio":{"timestamp":1611073092898.075,"packetsReceived":21909,"packetsLost":0},"Type":"inbound-rtp","Video":{"timestamp":1611073092898.075,"packetsReceived":1484,"packetsLost":0}},{"from":"Sankalp_5070585a-5c03-45fd-9d0a-94cb7b78cebb","to":"Rishitha_711f6c97-f528-41f9-bca3-9b4d448daaae","Audio":{"timestamp":1611073097898.265,"packetsReceived":22159,"packetsLost":0},"Type":"inbound-rtp","Video":{"timestamp":1611073097898.265,"packetsReceived":1509,"packetsLost":0}},{"from":"Sankalp_5070585a-5c03-45fd-9d0a-94cb7b78cebb","to":"Rishitha_711f6c97-f528-41f9-bca3-9b4d448daaae","Audio":{"timestamp":1611073097898.265,"packetsReceived":22159,"packetsLost":0},"Type":"inbound-rtp","Video":{"timestamp":1611073097898.265,"packetsReceived":1509,"packetsLost":0}},{"from":"Sankalp_5070585a-5c03-45fd-9d0a-94cb7b78cebb","to":"Rishitha_711f6c97-f528-41f9-bca3-9b4d448daaae","Audio":{"timestamp":1611073102898.133,"packetsReceived":22409,"packetsLost":0},"Type":"inbound-rtp","Video":{"timestamp":1611073102898.133,"packetsReceived":1529,"packetsLost":0}},{"from":"Sankalp_5070585a-5c03-45fd-9d0a-94cb7b78cebb","to":"Rishitha_711f6c97-f528-41f9-bca3-9b4d448daaae","Audio":{"timestamp":1611073102898.133,"packetsReceived":22409,"packetsLost":0},"Type":"inbound-rtp","Video":{"timestamp":1611073102898.133,"packetsReceived":1529,"packetsLost":0}},{"from":"Sankalp_5070585a-5c03-45fd-9d0a-94cb7b78cebb","to":"Rishitha_711f6c97-f528-41f9-bca3-9b4d448daaae","Audio":{"timestamp":1611073107898.102,"packetsReceived":22659,"packetsLost":0},"Type":"inbound-rtp","Video":{"timestamp":1611073107898.102,"packetsReceived":1554,"packetsLost":0}},{"from":"Sankalp_5070585a-5c03-45fd-9d0a-94cb7b78cebb","to":"Rishitha_711f6c97-f528-41f9-bca3-9b4d448daaae","Audio":{"timestamp":1611073107898.102,"packetsReceived":22659,"packetsLost":0},"Type":"inbound-rtp","Video":{"timestamp":1611073107898.102,"packetsReceived":1554,"packetsLost":0}},{"from":"Sankalp_5070585a-5c03-45fd-9d0a-94cb7b78cebb","to":"Rishitha_711f6c97-f528-41f9-bca3-9b4d448daaae","Audio":{"timestamp":1611073112898.073,"packetsReceived":22909,"packetsLost":0},"Type":"inbound-rtp","Video":{"timestamp":1611073112898.073,"packetsReceived":1579,"packetsLost":0}},{"from":"Sankalp_5070585a-5c03-45fd-9d0a-94cb7b78cebb","to":"Rishitha_711f6c97-f528-41f9-bca3-9b4d448daaae","Audio":{"timestamp":1611073112898.073,"packetsReceived":22909,"packetsLost":0},"Type":"inbound-rtp","Video":{"timestamp":1611073112898.073,"packetsReceived":1579,"packetsLost":0}},{"from":"Sankalp_5070585a-5c03-45fd-9d0a-94cb7b78cebb","to":"Rishitha_711f6c97-f528-41f9-bca3-9b4d448daaae","Audio":{"timestamp":1611073117898.089,"packetsReceived":23159,"packetsLost":0},"Type":"inbound-rtp","Video":{"timestamp":1611073117898.089,"packetsReceived":1599,"packetsLost":0}},{"from":"Sankalp_5070585a-5c03-45fd-9d0a-94cb7b78cebb","to":"Rishitha_711f6c97-f528-41f9-bca3-9b4d448daaae","Audio":{"timestamp":1611073117898.089,"packetsReceived":23159,"packetsLost":0},"Type":"inbound-rtp","Video":{"timestamp":1611073117898.089,"packetsReceived":1599,"packetsLost":0}},{"from":"Sankalp_5070585a-5c03-45fd-9d0a-94cb7b78cebb","to":"Rishitha_711f6c97-f528-41f9-bca3-9b4d448daaae","Audio":{"timestamp":1611073122898.318,"packetsReceived":23409,"packetsLost":0},"Type":"inbound-rtp","Video":{"timestamp":1611073122898.318,"packetsReceived":1624,"packetsLost":0}},{"from":"Sankalp_5070585a-5c03-45fd-9d0a-94cb7b78cebb","to":"Rishitha_711f6c97-f528-41f9-bca3-9b4d448daaae","Audio":{"timestamp":1611073122898.318,"packetsReceived":23409,"packetsLost":0},"Type":"inbound-rtp","Video":{"timestamp":1611073122898.318,"packetsReceived":1624,"packetsLost":0}},{"from":"Sankalp_5070585a-5c03-45fd-9d0a-94cb7b78cebb","to":"Rishitha_711f6c97-f528-41f9-bca3-9b4d448daaae","Audio":{"timestamp":1611073127898.16,"packetsReceived":23659,"packetsLost":0},"Type":"inbound-rtp","Video":{"timestamp":1611073127898.16,"packetsReceived":1649,"packetsLost":0}},{"from":"Sankalp_5070585a-5c03-45fd-9d0a-94cb7b78cebb","to":"Rishitha_711f6c97-f528-41f9-bca3-9b4d448daaae","Audio":{"timestamp":1611073127898.16,"packetsReceived":23659,"packetsLost":0},"Type":"inbound-rtp","Video":{"timestamp":1611073127898.16,"packetsReceived":1649,"packetsLost":0}},{"from":"Sankalp_5070585a-5c03-45fd-9d0a-94cb7b78cebb","to":"Rishitha_711f6c97-f528-41f9-bca3-9b4d448daaae","Audio":{"timestamp":1611073132898.122,"packetsReceived":23909,"packetsLost":0},"Type":"inbound-rtp","Video":{"timestamp":1611073132898.122,"packetsReceived":1669,"packetsLost":0}},{"from":"Sankalp_5070585a-5c03-45fd-9d0a-94cb7b78cebb","to":"Rishitha_711f6c97-f528-41f9-bca3-9b4d448daaae","Audio":{"timestamp":1611073132898.122,"packetsReceived":23909,"packetsLost":0},"Type":"inbound-rtp","Video":{"timestamp":1611073132898.122,"packetsReceived":1669,"packetsLost":0}},{"from":"Sankalp_5070585a-5c03-45fd-9d0a-94cb7b78cebb","to":"Rishitha_711f6c97-f528-41f9-bca3-9b4d448daaae","Audio":{"timestamp":1611073137898.14,"packetsReceived":24159,"packetsLost":0},"Type":"inbound-rtp","Video":{"timestamp":1611073137898.14,"packetsReceived":1694,"packetsLost":0}},{"from":"Sankalp_5070585a-5c03-45fd-9d0a-94cb7b78cebb","to":"Rishitha_711f6c97-f528-41f9-bca3-9b4d448daaae","Audio":{"timestamp":1611073137898.14,"packetsReceived":24159,"packetsLost":0},"Type":"inbound-rtp","Video":{"timestamp":1611073137898.14,"packetsReceived":1694,"packetsLost":0}},{"from":"Sankalp_5070585a-5c03-45fd-9d0a-94cb7b78cebb","to":"Rishitha_711f6c97-f528-41f9-bca3-9b4d448daaae","Audio":{"timestamp":1611073142898.091,"packetsReceived":24409,"packetsLost":0},"Type":"inbound-rtp","Video":{"timestamp":1611073142898.091,"packetsReceived":1747,"packetsLost":0}},{"from":"Sankalp_5070585a-5c03-45fd-9d0a-94cb7b78cebb","to":"Rishitha_711f6c97-f528-41f9-bca3-9b4d448daaae","Audio":{"timestamp":1611073142898.091,"packetsReceived":24409,"packetsLost":0},"Type":"inbound-rtp","Video":{"timestamp":1611073142898.091,"packetsReceived":1747,"packetsLost":0}},{"from":"Sankalp_5070585a-5c03-45fd-9d0a-94cb7b78cebb","to":"Rishitha_711f6c97-f528-41f9-bca3-9b4d448daaae","Audio":{"timestamp":1611073147898.205,"packetsReceived":24659,"packetsLost":0},"Type":"inbound-rtp","Video":{"timestamp":1611073147898.205,"packetsReceived":1926,"packetsLost":0}},{"from":"Sankalp_5070585a-5c03-45fd-9d0a-94cb7b78cebb","to":"Rishitha_711f6c97-f528-41f9-bca3-9b4d448daaae","Audio":{"timestamp":1611073147898.205,"packetsReceived":24659,"packetsLost":0},"Type":"inbound-rtp","Video":{"timestamp":1611073147898.205,"packetsReceived":1926,"packetsLost":0}},{"from":"Sankalp_5070585a-5c03-45fd-9d0a-94cb7b78cebb","to":"Rishitha_711f6c97-f528-41f9-bca3-9b4d448daaae","Audio":{"timestamp":1611073152898.054,"packetsReceived":24909,"packetsLost":0},"Type":"inbound-rtp","Video":{"timestamp":1611073152898.054,"packetsReceived":2424,"packetsLost":0}},{"from":"Sankalp_5070585a-5c03-45fd-9d0a-94cb7b78cebb","to":"Rishitha_711f6c97-f528-41f9-bca3-9b4d448daaae","Audio":{"timestamp":1611073152898.054,"packetsReceived":24909,"packetsLost":0},"Type":"inbound-rtp","Video":{"timestamp":1611073152898.054,"packetsReceived":2424,"packetsLost":0}},{"from":"Sankalp_5070585a-5c03-45fd-9d0a-94cb7b78cebb","to":"Rishitha_711f6c97-f528-41f9-bca3-9b4d448daaae","Audio":{"timestamp":1611073157898.101,"packetsReceived":25159,"packetsLost":0},"Type":"inbound-rtp","Video":{"timestamp":1611073157898.101,"packetsReceived":2882,"packetsLost":0}},{"from":"Sankalp_5070585a-5c03-45fd-9d0a-94cb7b78cebb","to":"Rishitha_711f6c97-f528-41f9-bca3-9b4d448daaae","Audio":{"timestamp":1611073157898.101,"packetsReceived":25159,"packetsLost":0},"Type":"inbound-rtp","Video":{"timestamp":1611073157898.101,"packetsReceived":2882,"packetsLost":0}},{"from":"Sankalp_5070585a-5c03-45fd-9d0a-94cb7b78cebb","to":"Rishitha_711f6c97-f528-41f9-bca3-9b4d448daaae","Audio":{"timestamp":1611073162898.305,"packetsReceived":25409,"packetsLost":0},"Type":"inbound-rtp","Video":{"timestamp":1611073162898.305,"packetsReceived":3205,"packetsLost":0}},{"from":"Sankalp_5070585a-5c03-45fd-9d0a-94cb7b78cebb","to":"Rishitha_711f6c97-f528-41f9-bca3-9b4d448daaae","Audio":{"timestamp":1611073162898.305,"packetsReceived":25409,"packetsLost":0},"Type":"inbound-rtp","Video":{"timestamp":1611073162898.305,"packetsReceived":3205,"packetsLost":0}},{"from":"Sankalp_5070585a-5c03-45fd-9d0a-94cb7b78cebb","to":"Rishitha_711f6c97-f528-41f9-bca3-9b4d448daaae","Audio":{"timestamp":1611073167898.136,"packetsReceived":25659,"packetsLost":0},"Type":"inbound-rtp","Video":{"timestamp":1611073167898.136,"packetsReceived":3489,"packetsLost":0}},{"from":"Sankalp_5070585a-5c03-45fd-9d0a-94cb7b78cebb","to":"Rishitha_711f6c97-f528-41f9-bca3-9b4d448daaae","Audio":{"timestamp":1611073167898.136,"packetsReceived":25659,"packetsLost":0},"Type":"inbound-rtp","Video":{"timestamp":1611073167898.136,"packetsReceived":3489,"packetsLost":0}},{"from":"Sankalp_5070585a-5c03-45fd-9d0a-94cb7b78cebb","to":"Rishitha_711f6c97-f528-41f9-bca3-9b4d448daaae","Audio":{"timestamp":1611073172898.097,"packetsReceived":25909,"packetsLost":0},"Type":"inbound-rtp","Video":{"timestamp":1611073172898.097,"packetsReceived":3817,"packetsLost":0}},{"from":"Sankalp_5070585a-5c03-45fd-9d0a-94cb7b78cebb","to":"Rishitha_711f6c97-f528-41f9-bca3-9b4d448daaae","Audio":{"timestamp":1611073172898.097,"packetsReceived":25909,"packetsLost":0},"Type":"inbound-rtp","Video":{"timestamp":1611073172898.097,"packetsReceived":3817,"packetsLost":0}},{"from":"Sankalp_5070585a-5c03-45fd-9d0a-94cb7b78cebb","to":"Rishitha_711f6c97-f528-41f9-bca3-9b4d448daaae","Audio":{"timestamp":1611073177898.12,"packetsReceived":26159,"packetsLost":0},"Type":"inbound-rtp","Video":{"timestamp":1611073177898.12,"packetsReceived":4249,"packetsLost":0}},{"from":"Sankalp_5070585a-5c03-45fd-9d0a-94cb7b78cebb","to":"Rishitha_711f6c97-f528-41f9-bca3-9b4d448daaae","Audio":{"timestamp":1611073177898.12,"packetsReceived":26159,"packetsLost":0},"Type":"inbound-rtp","Video":{"timestamp":1611073177898.12,"packetsReceived":4249,"packetsLost":0}},{"from":"Sankalp_5070585a-5c03-45fd-9d0a-94cb7b78cebb","to":"Rishitha_711f6c97-f528-41f9-bca3-9b4d448daaae","Audio":{"timestamp":1611073182898.12,"packetsReceived":26409,"packetsLost":0},"Type":"inbound-rtp","Video":{"timestamp":1611073182898.12,"packetsReceived":4677,"packetsLost":0}},{"from":"Sankalp_5070585a-5c03-45fd-9d0a-94cb7b78cebb","to":"Rishitha_711f6c97-f528-41f9-bca3-9b4d448daaae","Audio":{"timestamp":1611073182898.12,"packetsReceived":26409,"packetsLost":0},"Type":"inbound-rtp","Video":{"timestamp":1611073182898.12,"packetsReceived":4677,"packetsLost":0}},{"from":"Sankalp_5070585a-5c03-45fd-9d0a-94cb7b78cebb","to":"Rishitha_711f6c97-f528-41f9-bca3-9b4d448daaae","Audio":{"timestamp":1611073187898.063,"packetsReceived":26659,"packetsLost":0},"Type":"inbound-rtp","Video":{"timestamp":1611073187898.063,"packetsReceived":5230,"packetsLost":0}},{"from":"Sankalp_5070585a-5c03-45fd-9d0a-94cb7b78cebb","to":"Rishitha_711f6c97-f528-41f9-bca3-9b4d448daaae","Audio":{"timestamp":1611073187898.063,"packetsReceived":26659,"packetsLost":0},"Type":"inbound-rtp","Video":{"timestamp":1611073187898.063,"packetsReceived":5230,"packetsLost":0}},{"from":"Sankalp_5070585a-5c03-45fd-9d0a-94cb7b78cebb","to":"Rishitha_711f6c97-f528-41f9-bca3-9b4d448daaae","Audio":{"timestamp":1611073192898.042,"packetsReceived":26909,"packetsLost":0},"Type":"inbound-rtp","Video":{"timestamp":1611073192898.042,"packetsReceived":5867,"packetsLost":0}},{"from":"Sankalp_5070585a-5c03-45fd-9d0a-94cb7b78cebb","to":"Rishitha_711f6c97-f528-41f9-bca3-9b4d448daaae","Audio":{"timestamp":1611073192898.042,"packetsReceived":26909,"packetsLost":0},"Type":"inbound-rtp","Video":{"timestamp":1611073192898.042,"packetsReceived":5867,"packetsLost":0}},{"from":"Sankalp_5070585a-5c03-45fd-9d0a-94cb7b78cebb","to":"Rishitha_711f6c97-f528-41f9-bca3-9b4d448daaae","Audio":{"timestamp":1611073197898.133,"packetsReceived":27159,"packetsLost":0},"Type":"inbound-rtp","Video":{"timestamp":1611073197898.133,"packetsReceived":6756,"packetsLost":0}},{"from":"Sankalp_5070585a-5c03-45fd-9d0a-94cb7b78cebb","to":"Rishitha_711f6c97-f528-41f9-bca3-9b4d448daaae","Audio":{"timestamp":1611073197898.133,"packetsReceived":27159,"packetsLost":0},"Type":"inbound-rtp","Video":{"timestamp":1611073197898.133,"packetsReceived":6756,"packetsLost":0}},{"from":"Sankalp_5070585a-5c03-45fd-9d0a-94cb7b78cebb","to":"Rishitha_711f6c97-f528-41f9-bca3-9b4d448daaae","Audio":{"timestamp":1611073202898.058,"packetsReceived":27409,"packetsLost":0},"Type":"inbound-rtp","Video":{"timestamp":1611073202898.058,"packetsReceived":7800,"packetsLost":0}},{"from":"Sankalp_5070585a-5c03-45fd-9d0a-94cb7b78cebb","to":"Rishitha_711f6c97-f528-41f9-bca3-9b4d448daaae","Audio":{"timestamp":1611073202898.058,"packetsReceived":27409,"packetsLost":0},"Type":"inbound-rtp","Video":{"timestamp":1611073202898.058,"packetsReceived":7800,"packetsLost":0}},{"from":"Sankalp_5070585a-5c03-45fd-9d0a-94cb7b78cebb","to":"Rishitha_711f6c97-f528-41f9-bca3-9b4d448daaae","Audio":{"timestamp":1611073207898.06,"packetsReceived":27659,"packetsLost":0},"Type":"inbound-rtp","Video":{"timestamp":1611073207898.06,"packetsReceived":8874,"packetsLost":0}},{"from":"Sankalp_5070585a-5c03-45fd-9d0a-94cb7b78cebb","to":"Rishitha_711f6c97-f528-41f9-bca3-9b4d448daaae","Audio":{"timestamp":1611073207898.06,"packetsReceived":27659,"packetsLost":0},"Type":"inbound-rtp","Video":{"timestamp":1611073207898.06,"packetsReceived":8874,"packetsLost":0}},{"from":"Sankalp_5070585a-5c03-45fd-9d0a-94cb7b78cebb","to":"Rishitha_711f6c97-f528-41f9-bca3-9b4d448daaae","Audio":{"timestamp":1611073212898.722,"packetsReceived":27909,"packetsLost":0},"Type":"inbound-rtp","Video":{"timestamp":1611073212898.722,"packetsReceived":10231,"packetsLost":0}},{"from":"Sankalp_5070585a-5c03-45fd-9d0a-94cb7b78cebb","to":"Rishitha_711f6c97-f528-41f9-bca3-9b4d448daaae","Audio":{"timestamp":1611073212898.722,"packetsReceived":27909,"packetsLost":0},"Type":"inbound-rtp","Video":{"timestamp":1611073212898.722,"packetsReceived":10231,"packetsLost":0}},{"from":"Sankalp_5070585a-5c03-45fd-9d0a-94cb7b78cebb","to":"Rishitha_711f6c97-f528-41f9-bca3-9b4d448daaae","Audio":{"timestamp":1611073217898.089,"packetsReceived":28159,"packetsLost":0},"Type":"inbound-rtp","Video":{"timestamp":1611073217898.089,"packetsReceived":11598,"packetsLost":0}},{"from":"Sankalp_5070585a-5c03-45fd-9d0a-94cb7b78cebb","to":"Rishitha_711f6c97-f528-41f9-bca3-9b4d448daaae","Audio":{"timestamp":1611073217898.089,"packetsReceived":28159,"packetsLost":0},"Type":"inbound-rtp","Video":{"timestamp":1611073217898.089,"packetsReceived":11598,"packetsLost":0}},{"from":"Sankalp_5070585a-5c03-45fd-9d0a-94cb7b78cebb","to":"Rishitha_711f6c97-f528-41f9-bca3-9b4d448daaae","Audio":{"timestamp":1611073222898.11,"packetsReceived":28409,"packetsLost":0},"Type":"inbound-rtp","Video":{"timestamp":1611073222898.11,"packetsReceived":12698,"packetsLost":0}},{"from":"Sankalp_5070585a-5c03-45fd-9d0a-94cb7b78cebb","to":"Rishitha_711f6c97-f528-41f9-bca3-9b4d448daaae","Audio":{"timestamp":1611073222898.11,"packetsReceived":28409,"packetsLost":0},"Type":"inbound-rtp","Video":{"timestamp":1611073222898.11,"packetsReceived":12698,"packetsLost":0}},{"from":"Sankalp_5070585a-5c03-45fd-9d0a-94cb7b78cebb","to":"Rishitha_711f6c97-f528-41f9-bca3-9b4d448daaae","Audio":{"timestamp":1611073227898.126,"packetsReceived":28659,"packetsLost":0},"Type":"inbound-rtp","Video":{"timestamp":1611073227898.126,"packetsReceived":13662,"packetsLost":0}},{"from":"Sankalp_5070585a-5c03-45fd-9d0a-94cb7b78cebb","to":"Rishitha_711f6c97-f528-41f9-bca3-9b4d448daaae","Audio":{"timestamp":1611073227898.126,"packetsReceived":28659,"packetsLost":0},"Type":"inbound-rtp","Video":{"timestamp":1611073227898.126,"packetsReceived":13662,"packetsLost":0}},{"from":"Sankalp_5070585a-5c03-45fd-9d0a-94cb7b78cebb","to":"Rishitha_711f6c97-f528-41f9-bca3-9b4d448daaae","Audio":{"timestamp":1611073232898.058,"packetsReceived":28909,"packetsLost":0},"Type":"inbound-rtp","Video":{"timestamp":1611073232898.058,"packetsReceived":14627,"packetsLost":0}},{"from":"Sankalp_5070585a-5c03-45fd-9d0a-94cb7b78cebb","to":"Rishitha_711f6c97-f528-41f9-bca3-9b4d448daaae","Audio":{"timestamp":1611073232898.058,"packetsReceived":28909,"packetsLost":0},"Type":"inbound-rtp","Video":{"timestamp":1611073232898.058,"packetsReceived":14627,"packetsLost":0}},{"from":"Sankalp_5070585a-5c03-45fd-9d0a-94cb7b78cebb","to":"Rishitha_711f6c97-f528-41f9-bca3-9b4d448daaae","Audio":{"timestamp":1611073237898.115,"packetsReceived":29159,"packetsLost":0},"Type":"inbound-rtp","Video":{"timestamp":1611073237898.115,"packetsReceived":15600,"packetsLost":0}},{"from":"Sankalp_5070585a-5c03-45fd-9d0a-94cb7b78cebb","to":"Rishitha_711f6c97-f528-41f9-bca3-9b4d448daaae","Audio":{"timestamp":1611073237898.115,"packetsReceived":29159,"packetsLost":0},"Type":"inbound-rtp","Video":{"timestamp":1611073237898.115,"packetsReceived":15600,"packetsLost":0}},{"from":"Sankalp_5070585a-5c03-45fd-9d0a-94cb7b78cebb","to":"Rishitha_711f6c97-f528-41f9-bca3-9b4d448daaae","Audio":{"timestamp":1611073242898.109,"packetsReceived":29409,"packetsLost":0},"Type":"inbound-rtp","Video":{"timestamp":1611073242898.109,"packetsReceived":15946,"packetsLost":0}},{"from":"Sankalp_5070585a-5c03-45fd-9d0a-94cb7b78cebb","to":"Rishitha_711f6c97-f528-41f9-bca3-9b4d448daaae","Audio":{"timestamp":1611073242898.109,"packetsReceived":29409,"packetsLost":0},"Type":"inbound-rtp","Video":{"timestamp":1611073242898.109,"packetsReceived":15946,"packetsLost":0}},{"from":"Sankalp_5070585a-5c03-45fd-9d0a-94cb7b78cebb","to":"Rishitha_711f6c97-f528-41f9-bca3-9b4d448daaae","Audio":{"timestamp":1611073247898.086,"packetsReceived":29659,"packetsLost":0},"Type":"inbound-rtp","Video":{"timestamp":1611073247898.086,"packetsReceived":16409,"packetsLost":0}},{"from":"Sankalp_5070585a-5c03-45fd-9d0a-94cb7b78cebb","to":"Rishitha_711f6c97-f528-41f9-bca3-9b4d448daaae","Audio":{"timestamp":1611073247898.086,"packetsReceived":29659,"packetsLost":0},"Type":"inbound-rtp","Video":{"timestamp":1611073247898.086,"packetsReceived":16409,"packetsLost":0}},{"from":"Sankalp_5070585a-5c03-45fd-9d0a-94cb7b78cebb","to":"Rishitha_711f6c97-f528-41f9-bca3-9b4d448daaae","Audio":{"timestamp":1611073252898.134,"packetsReceived":29909,"packetsLost":0},"Type":"inbound-rtp","Video":{"timestamp":1611073252898.134,"packetsReceived":16858,"packetsLost":0}},{"from":"Sankalp_5070585a-5c03-45fd-9d0a-94cb7b78cebb","to":"Rishitha_711f6c97-f528-41f9-bca3-9b4d448daaae","Audio":{"timestamp":1611073252898.134,"packetsReceived":29909,"packetsLost":0},"Type":"inbound-rtp","Video":{"timestamp":1611073252898.134,"packetsReceived":16858,"packetsLost":0}},{"from":"Sankalp_5070585a-5c03-45fd-9d0a-94cb7b78cebb","to":"Rishitha_711f6c97-f528-41f9-bca3-9b4d448daaae","Audio":{"timestamp":1611073257898.119,"packetsReceived":30159,"packetsLost":0},"Type":"inbound-rtp","Video":{"timestamp":1611073257898.119,"packetsReceived":17351,"packetsLost":0}},{"from":"Sankalp_5070585a-5c03-45fd-9d0a-94cb7b78cebb","to":"Rishitha_711f6c97-f528-41f9-bca3-9b4d448daaae","Audio":{"timestamp":1611073257898.119,"packetsReceived":30159,"packetsLost":0},"Type":"inbound-rtp","Video":{"timestamp":1611073257898.119,"packetsReceived":17351,"packetsLost":0}},{"from":"Sankalp_5070585a-5c03-45fd-9d0a-94cb7b78cebb","to":"Rishitha_711f6c97-f528-41f9-bca3-9b4d448daaae","Audio":{"timestamp":1611073262898.108,"packetsReceived":30409,"packetsLost":0},"Type":"inbound-rtp","Video":{"timestamp":1611073262898.108,"packetsReceived":17878,"packetsLost":0}},{"from":"Sankalp_5070585a-5c03-45fd-9d0a-94cb7b78cebb","to":"Rishitha_711f6c97-f528-41f9-bca3-9b4d448daaae","Audio":{"timestamp":1611073262898.108,"packetsReceived":30409,"packetsLost":0},"Type":"inbound-rtp","Video":{"timestamp":1611073262898.108,"packetsReceived":17878,"packetsLost":0}},{"from":"Sankalp_5070585a-5c03-45fd-9d0a-94cb7b78cebb","to":"Rishitha_711f6c97-f528-41f9-bca3-9b4d448daaae","Audio":{"timestamp":1611073267898.06,"packetsReceived":30659,"packetsLost":0},"Type":"inbound-rtp","Video":{"timestamp":1611073267898.06,"packetsReceived":18543,"packetsLost":0}},{"from":"Sankalp_5070585a-5c03-45fd-9d0a-94cb7b78cebb","to":"Rishitha_711f6c97-f528-41f9-bca3-9b4d448daaae","Audio":{"timestamp":1611073267898.06,"packetsReceived":30659,"packetsLost":0},"Type":"inbound-rtp","Video":{"timestamp":1611073267898.06,"packetsReceived":18543,"packetsLost":0}},{"from":"Sankalp_5070585a-5c03-45fd-9d0a-94cb7b78cebb","to":"Rishitha_711f6c97-f528-41f9-bca3-9b4d448daaae","Audio":{"timestamp":1611073272898.069,"packetsReceived":30909,"packetsLost":0},"Type":"inbound-rtp","Video":{"timestamp":1611073272898.069,"packetsReceived":19413,"packetsLost":0}},{"from":"Sankalp_5070585a-5c03-45fd-9d0a-94cb7b78cebb","to":"Rishitha_711f6c97-f528-41f9-bca3-9b4d448daaae","Audio":{"timestamp":1611073272898.069,"packetsReceived":30909,"packetsLost":0},"Type":"inbound-rtp","Video":{"timestamp":1611073272898.069,"packetsReceived":19413,"packetsLost":0}},{"from":"Sankalp_5070585a-5c03-45fd-9d0a-94cb7b78cebb","to":"Rishitha_711f6c97-f528-41f9-bca3-9b4d448daaae","Audio":{"timestamp":1611073277898.058,"packetsReceived":31159,"packetsLost":0},"Type":"inbound-rtp","Video":{"timestamp":1611073277898.058,"packetsReceived":20265,"packetsLost":0}},{"from":"Sankalp_5070585a-5c03-45fd-9d0a-94cb7b78cebb","to":"Rishitha_711f6c97-f528-41f9-bca3-9b4d448daaae","Audio":{"timestamp":1611073277898.058,"packetsReceived":31159,"packetsLost":0},"Type":"inbound-rtp","Video":{"timestamp":1611073277898.058,"packetsReceived":20265,"packetsLost":0}},{"from":"Sankalp_5070585a-5c03-45fd-9d0a-94cb7b78cebb","to":"Rishitha_711f6c97-f528-41f9-bca3-9b4d448daaae","Audio":{"timestamp":1611073282898.147,"packetsReceived":31409,"packetsLost":0},"Type":"inbound-rtp","Video":{"timestamp":1611073282898.147,"packetsReceived":21257,"packetsLost":0}},{"from":"Sankalp_5070585a-5c03-45fd-9d0a-94cb7b78cebb","to":"Rishitha_711f6c97-f528-41f9-bca3-9b4d448daaae","Audio":{"timestamp":1611073282898.147,"packetsReceived":31409,"packetsLost":0},"Type":"inbound-rtp","Video":{"timestamp":1611073282898.147,"packetsReceived":21257,"packetsLost":0}},{"from":"Sankalp_5070585a-5c03-45fd-9d0a-94cb7b78cebb","to":"Rishitha_711f6c97-f528-41f9-bca3-9b4d448daaae","Audio":{"timestamp":1611073287898.111,"packetsReceived":31659,"packetsLost":0},"Type":"inbound-rtp","Video":{"timestamp":1611073287898.111,"packetsReceived":22080,"packetsLost":0}},{"from":"Sankalp_5070585a-5c03-45fd-9d0a-94cb7b78cebb","to":"Rishitha_711f6c97-f528-41f9-bca3-9b4d448daaae","Audio":{"timestamp":1611073287898.111,"packetsReceived":31659,"packetsLost":0},"Type":"inbound-rtp","Video":{"timestamp":1611073287898.111,"packetsReceived":22080,"packetsLost":0}},{"from":"Sankalp_5070585a-5c03-45fd-9d0a-94cb7b78cebb","to":"Rishitha_711f6c97-f528-41f9-bca3-9b4d448daaae","Audio":{"timestamp":1611073292898.11,"packetsReceived":31909,"packetsLost":0},"Type":"inbound-rtp","Video":{"timestamp":1611073292898.11,"packetsReceived":22781,"packetsLost":0}},{"from":"Sankalp_5070585a-5c03-45fd-9d0a-94cb7b78cebb","to":"Rishitha_711f6c97-f528-41f9-bca3-9b4d448daaae","Audio":{"timestamp":1611073292898.11,"packetsReceived":31909,"packetsLost":0},"Type":"inbound-rtp","Video":{"timestamp":1611073292898.11,"packetsReceived":22781,"packetsLost":0}},{"from":"Sankalp_5070585a-5c03-45fd-9d0a-94cb7b78cebb","to":"Rishitha_711f6c97-f528-41f9-bca3-9b4d448daaae","Audio":{"timestamp":1611073298622.721,"packetsReceived":32195,"packetsLost":0},"Type":"inbound-rtp","Video":{"timestamp":1611073298622.721,"packetsReceived":24001,"packetsLost":0}},{"from":"Sankalp_5070585a-5c03-45fd-9d0a-94cb7b78cebb","to":"Rishitha_711f6c97-f528-41f9-bca3-9b4d448daaae","Audio":{"timestamp":1611073298622.721,"packetsReceived":32195,"packetsLost":0},"Type":"inbound-rtp","Video":{"timestamp":1611073298622.721,"packetsReceived":24001,"packetsLost":0}},{"from":"Sankalp_5070585a-5c03-45fd-9d0a-94cb7b78cebb","to":"Rishitha_711f6c97-f528-41f9-bca3-9b4d448daaae","Audio":{"timestamp":1611073303622.737,"packetsReceived":32445,"packetsLost":0},"Type":"inbound-rtp","Video":{"timestamp":1611073303622.737,"packetsReceived":24665,"packetsLost":0}},{"from":"Sankalp_5070585a-5c03-45fd-9d0a-94cb7b78cebb","to":"Rishitha_711f6c97-f528-41f9-bca3-9b4d448daaae","Audio":{"timestamp":1611073303622.737,"packetsReceived":32445,"packetsLost":0},"Type":"inbound-rtp","Video":{"timestamp":1611073303622.737,"packetsReceived":24665,"packetsLost":0}},{"from":"Sankalp_5070585a-5c03-45fd-9d0a-94cb7b78cebb","to":"Rishitha_711f6c97-f528-41f9-bca3-9b4d448daaae","Audio":{"timestamp":1611073308622.721,"packetsReceived":32695,"packetsLost":0},"Type":"inbound-rtp","Video":{"timestamp":1611073308622.721,"packetsReceived":25357,"packetsLost":0}},{"from":"Sankalp_5070585a-5c03-45fd-9d0a-94cb7b78cebb","to":"Rishitha_711f6c97-f528-41f9-bca3-9b4d448daaae","Audio":{"timestamp":1611073308622.721,"packetsReceived":32695,"packetsLost":0},"Type":"inbound-rtp","Video":{"timestamp":1611073308622.721,"packetsReceived":25357,"packetsLost":0}},{"from":"Sankalp_5070585a-5c03-45fd-9d0a-94cb7b78cebb","to":"Rishitha_711f6c97-f528-41f9-bca3-9b4d448daaae","Audio":{"timestamp":1611073313622.719,"packetsReceived":32945,"packetsLost":0},"Type":"inbound-rtp","Video":{"timestamp":1611073313622.719,"packetsReceived":25938,"packetsLost":0}},{"from":"Sankalp_5070585a-5c03-45fd-9d0a-94cb7b78cebb","to":"Rishitha_711f6c97-f528-41f9-bca3-9b4d448daaae","Audio":{"timestamp":1611073313622.719,"packetsReceived":32945,"packetsLost":0},"Type":"inbound-rtp","Video":{"timestamp":1611073313622.719,"packetsReceived":25938,"packetsLost":0}},{"from":"Sankalp_5070585a-5c03-45fd-9d0a-94cb7b78cebb","to":"Rishitha_711f6c97-f528-41f9-bca3-9b4d448daaae","Audio":{"timestamp":1611073318622.921,"packetsReceived":33195,"packetsLost":0},"Type":"inbound-rtp","Video":{"timestamp":1611073318622.921,"packetsReceived":26688,"packetsLost":0}},{"from":"Sankalp_5070585a-5c03-45fd-9d0a-94cb7b78cebb","to":"Rishitha_711f6c97-f528-41f9-bca3-9b4d448daaae","Audio":{"timestamp":1611073318622.921,"packetsReceived":33195,"packetsLost":0},"Type":"inbound-rtp","Video":{"timestamp":1611073318622.921,"packetsReceived":26688,"packetsLost":0}},{"from":"Sankalp_5070585a-5c03-45fd-9d0a-94cb7b78cebb","to":"Rishitha_711f6c97-f528-41f9-bca3-9b4d448daaae","Audio":{"timestamp":1611073323622.667,"packetsReceived":33445,"packetsLost":0},"Type":"inbound-rtp","Video":{"timestamp":1611073323622.667,"packetsReceived":27488,"packetsLost":0}},{"from":"Sankalp_5070585a-5c03-45fd-9d0a-94cb7b78cebb","to":"Rishitha_711f6c97-f528-41f9-bca3-9b4d448daaae","Audio":{"timestamp":1611073323622.667,"packetsReceived":33445,"packetsLost":0},"Type":"inbound-rtp","Video":{"timestamp":1611073323622.667,"packetsReceived":27488,"packetsLost":0}},{"from":"Sankalp_5070585a-5c03-45fd-9d0a-94cb7b78cebb","to":"Rishitha_711f6c97-f528-41f9-bca3-9b4d448daaae","Audio":{"timestamp":1611073328622.892,"packetsReceived":33695,"packetsLost":0},"Type":"inbound-rtp","Video":{"timestamp":1611073328622.892,"packetsReceived":27602,"packetsLost":0}},{"from":"Sankalp_5070585a-5c03-45fd-9d0a-94cb7b78cebb","to":"Rishitha_711f6c97-f528-41f9-bca3-9b4d448daaae","Audio":{"timestamp":1611073328622.892,"packetsReceived":33695,"packetsLost":0},"Type":"inbound-rtp","Video":{"timestamp":1611073328622.892,"packetsReceived":27602,"packetsLost":0}},{"from":"Sankalp_5070585a-5c03-45fd-9d0a-94cb7b78cebb","to":"Rishitha_711f6c97-f528-41f9-bca3-9b4d448daaae","Audio":{"timestamp":1611073333622.769,"packetsReceived":33945,"packetsLost":0},"Type":"inbound-rtp","Video":{"timestamp":1611073333622.769,"packetsReceived":27756,"packetsLost":0}},{"from":"Sankalp_5070585a-5c03-45fd-9d0a-94cb7b78cebb","to":"Rishitha_711f6c97-f528-41f9-bca3-9b4d448daaae","Audio":{"timestamp":1611073333622.769,"packetsReceived":33945,"packetsLost":0},"Type":"inbound-rtp","Video":{"timestamp":1611073333622.769,"packetsReceived":27756,"packetsLost":0}},{"from":"Sankalp_5070585a-5c03-45fd-9d0a-94cb7b78cebb","to":"Rishitha_711f6c97-f528-41f9-bca3-9b4d448daaae","Audio":{"timestamp":1611073338622.799,"packetsReceived":34195,"packetsLost":0},"Type":"inbound-rtp","Video":{"timestamp":1611073338622.799,"packetsReceived":27911,"packetsLost":0}},{"from":"Sankalp_5070585a-5c03-45fd-9d0a-94cb7b78cebb","to":"Rishitha_711f6c97-f528-41f9-bca3-9b4d448daaae","Audio":{"timestamp":1611073338622.799,"packetsReceived":34195,"packetsLost":0},"Type":"inbound-rtp","Video":{"timestamp":1611073338622.799,"packetsReceived":27911,"packetsLost":0}},{"from":"Sankalp_5070585a-5c03-45fd-9d0a-94cb7b78cebb","to":"Rishitha_711f6c97-f528-41f9-bca3-9b4d448daaae","Audio":{"timestamp":1611073343622.71,"packetsReceived":34445,"packetsLost":0},"Type":"inbound-rtp","Video":{"timestamp":1611073343622.71,"packetsReceived":28044,"packetsLost":0}},{"from":"Sankalp_5070585a-5c03-45fd-9d0a-94cb7b78cebb","to":"Rishitha_711f6c97-f528-41f9-bca3-9b4d448daaae","Audio":{"timestamp":1611073343622.71,"packetsReceived":34445,"packetsLost":0},"Type":"inbound-rtp","Video":{"timestamp":1611073343622.71,"packetsReceived":28044,"packetsLost":0}},{"from":"Sankalp_5070585a-5c03-45fd-9d0a-94cb7b78cebb","to":"Rishitha_711f6c97-f528-41f9-bca3-9b4d448daaae","Audio":{"timestamp":1611073348622.891,"packetsReceived":34695,"packetsLost":0},"Type":"inbound-rtp","Video":{"timestamp":1611073348622.891,"packetsReceived":28070,"packetsLost":0}},{"from":"Sankalp_5070585a-5c03-45fd-9d0a-94cb7b78cebb","to":"Rishitha_711f6c97-f528-41f9-bca3-9b4d448daaae","Audio":{"timestamp":1611073348622.891,"packetsReceived":34695,"packetsLost":0},"Type":"inbound-rtp","Video":{"timestamp":1611073348622.891,"packetsReceived":28070,"packetsLost":0}},{"from":"Sankalp_5070585a-5c03-45fd-9d0a-94cb7b78cebb","to":"Rishitha_711f6c97-f528-41f9-bca3-9b4d448daaae","Audio":{"timestamp":1611073353622.727,"packetsReceived":34945,"packetsLost":0},"Type":"inbound-rtp","Video":{"timestamp":1611073353622.727,"packetsReceived":28086,"packetsLost":0}},{"from":"Sankalp_5070585a-5c03-45fd-9d0a-94cb7b78cebb","to":"Rishitha_711f6c97-f528-41f9-bca3-9b4d448daaae","Audio":{"timestamp":1611073353622.727,"packetsReceived":34945,"packetsLost":0},"Type":"inbound-rtp","Video":{"timestamp":1611073353622.727,"packetsReceived":28086,"packetsLost":0}},{"from":"Sankalp_5070585a-5c03-45fd-9d0a-94cb7b78cebb","to":"Rishitha_711f6c97-f528-41f9-bca3-9b4d448daaae","Audio":{"timestamp":1611073358622.924,"packetsReceived":35195,"packetsLost":0},"Type":"inbound-rtp","Video":{"timestamp":1611073358622.924,"packetsReceived":28107,"packetsLost":0}},{"from":"Sankalp_5070585a-5c03-45fd-9d0a-94cb7b78cebb","to":"Rishitha_711f6c97-f528-41f9-bca3-9b4d448daaae","Audio":{"timestamp":1611073358622.924,"packetsReceived":35195,"packetsLost":0},"Type":"inbound-rtp","Video":{"timestamp":1611073358622.924,"packetsReceived":28107,"packetsLost":0}},{"from":"Sankalp_5070585a-5c03-45fd-9d0a-94cb7b78cebb","to":"Rishitha_711f6c97-f528-41f9-bca3-9b4d448daaae","Audio":{"timestamp":1611073363622.709,"packetsReceived":35445,"packetsLost":0},"Type":"inbound-rtp","Video":{"timestamp":1611073363622.709,"packetsReceived":28129,"packetsLost":0}},{"from":"Sankalp_5070585a-5c03-45fd-9d0a-94cb7b78cebb","to":"Rishitha_711f6c97-f528-41f9-bca3-9b4d448daaae","Audio":{"timestamp":1611073363622.709,"packetsReceived":35445,"packetsLost":0},"Type":"inbound-rtp","Video":{"timestamp":1611073363622.709,"packetsReceived":28129,"packetsLost":0}},{"from":"Sankalp_5070585a-5c03-45fd-9d0a-94cb7b78cebb","to":"Rishitha_711f6c97-f528-41f9-bca3-9b4d448daaae","Audio":{"timestamp":1611073368622.74,"packetsReceived":35695,"packetsLost":0},"Type":"inbound-rtp","Video":{"timestamp":1611073368622.74,"packetsReceived":28145,"packetsLost":0}},{"from":"Sankalp_5070585a-5c03-45fd-9d0a-94cb7b78cebb","to":"Rishitha_711f6c97-f528-41f9-bca3-9b4d448daaae","Audio":{"timestamp":1611073368622.74,"packetsReceived":35695,"packetsLost":0},"Type":"inbound-rtp","Video":{"timestamp":1611073368622.74,"packetsReceived":28145,"packetsLost":0}},{"from":"Sankalp_5070585a-5c03-45fd-9d0a-94cb7b78cebb","to":"Rishitha_711f6c97-f528-41f9-bca3-9b4d448daaae","Audio":{"timestamp":1611073373622.756,"packetsReceived":35945,"packetsLost":0},"Type":"inbound-rtp","Video":{"timestamp":1611073373622.756,"packetsReceived":28169,"packetsLost":0}},{"from":"Sankalp_5070585a-5c03-45fd-9d0a-94cb7b78cebb","to":"Rishitha_711f6c97-f528-41f9-bca3-9b4d448daaae","Audio":{"timestamp":1611073373622.756,"packetsReceived":35945,"packetsLost":0},"Type":"inbound-rtp","Video":{"timestamp":1611073373622.756,"packetsReceived":28169,"packetsLost":0}},{"from":"Sankalp_5070585a-5c03-45fd-9d0a-94cb7b78cebb","to":"Rishitha_711f6c97-f528-41f9-bca3-9b4d448daaae","Audio":{"timestamp":1611073378622.801,"packetsReceived":36195,"packetsLost":0},"Type":"inbound-rtp","Video":{"timestamp":1611073378622.801,"packetsReceived":28192,"packetsLost":0}},{"from":"Sankalp_5070585a-5c03-45fd-9d0a-94cb7b78cebb","to":"Rishitha_711f6c97-f528-41f9-bca3-9b4d448daaae","Audio":{"timestamp":1611073378622.801,"packetsReceived":36195,"packetsLost":0},"Type":"inbound-rtp","Video":{"timestamp":1611073378622.801,"packetsReceived":28192,"packetsLost":0}},{"from":"Sankalp_5070585a-5c03-45fd-9d0a-94cb7b78cebb","to":"Rishitha_711f6c97-f528-41f9-bca3-9b4d448daaae","Audio":{"timestamp":1611073383622.708,"packetsReceived":36444,"packetsLost":0},"Type":"inbound-rtp","Video":{"timestamp":1611073383622.708,"packetsReceived":28208,"packetsLost":0}},{"from":"Sankalp_5070585a-5c03-45fd-9d0a-94cb7b78cebb","to":"Rishitha_711f6c97-f528-41f9-bca3-9b4d448daaae","Audio":{"timestamp":1611073383622.708,"packetsReceived":36444,"packetsLost":0},"Type":"inbound-rtp","Video":{"timestamp":1611073383622.708,"packetsReceived":28208,"packetsLost":0}},{"from":"Sankalp_5070585a-5c03-45fd-9d0a-94cb7b78cebb","to":"Rishitha_711f6c97-f528-41f9-bca3-9b4d448daaae","Audio":{"timestamp":1611073388622.733,"packetsReceived":36695,"packetsLost":0},"Type":"inbound-rtp","Video":{"timestamp":1611073388622.733,"packetsReceived":28228,"packetsLost":0}},{"from":"Sankalp_5070585a-5c03-45fd-9d0a-94cb7b78cebb","to":"Rishitha_711f6c97-f528-41f9-bca3-9b4d448daaae","Audio":{"timestamp":1611073388622.733,"packetsReceived":36695,"packetsLost":0},"Type":"inbound-rtp","Video":{"timestamp":1611073388622.733,"packetsReceived":28228,"packetsLost":0}},{"from":"Sankalp_5070585a-5c03-45fd-9d0a-94cb7b78cebb","to":"Rishitha_711f6c97-f528-41f9-bca3-9b4d448daaae","Audio":{"timestamp":1611073393622.73,"packetsReceived":36945,"packetsLost":0},"Type":"inbound-rtp","Video":{"timestamp":1611073393622.73,"packetsReceived":28248,"packetsLost":0}},{"from":"Sankalp_5070585a-5c03-45fd-9d0a-94cb7b78cebb","to":"Rishitha_711f6c97-f528-41f9-bca3-9b4d448daaae","Audio":{"timestamp":1611073393622.73,"packetsReceived":36945,"packetsLost":0},"Type":"inbound-rtp","Video":{"timestamp":1611073393622.73,"packetsReceived":28248,"packetsLost":0}},{"from":"Sankalp_5070585a-5c03-45fd-9d0a-94cb7b78cebb","to":"Rishitha_711f6c97-f528-41f9-bca3-9b4d448daaae","Audio":{"timestamp":1611073398622.708,"packetsReceived":37195,"packetsLost":0},"Type":"inbound-rtp","Video":{"timestamp":1611073398622.708,"packetsReceived":28268,"packetsLost":0}},{"from":"Sankalp_5070585a-5c03-45fd-9d0a-94cb7b78cebb","to":"Rishitha_711f6c97-f528-41f9-bca3-9b4d448daaae","Audio":{"timestamp":1611073398622.708,"packetsReceived":37195,"packetsLost":0},"Type":"inbound-rtp","Video":{"timestamp":1611073398622.708,"packetsReceived":28268,"packetsLost":0}},{"from":"Sankalp_5070585a-5c03-45fd-9d0a-94cb7b78cebb","to":"Rishitha_711f6c97-f528-41f9-bca3-9b4d448daaae","Audio":{"timestamp":1611073403622.713,"packetsReceived":37445,"packetsLost":0},"Type":"inbound-rtp","Video":{"timestamp":1611073403622.713,"packetsReceived":28284,"packetsLost":0}},{"from":"Sankalp_5070585a-5c03-45fd-9d0a-94cb7b78cebb","to":"Rishitha_711f6c97-f528-41f9-bca3-9b4d448daaae","Audio":{"timestamp":1611073403622.713,"packetsReceived":37445,"packetsLost":0},"Type":"inbound-rtp","Video":{"timestamp":1611073403622.713,"packetsReceived":28284,"packetsLost":0}},{"from":"Sankalp_5070585a-5c03-45fd-9d0a-94cb7b78cebb","to":"Rishitha_711f6c97-f528-41f9-bca3-9b4d448daaae","Audio":{"timestamp":1611073408622.71,"packetsReceived":37695,"packetsLost":0},"Type":"inbound-rtp","Video":{"timestamp":1611073408622.71,"packetsReceived":28304,"packetsLost":0}},{"from":"Sankalp_5070585a-5c03-45fd-9d0a-94cb7b78cebb","to":"Rishitha_711f6c97-f528-41f9-bca3-9b4d448daaae","Audio":{"timestamp":1611073408622.71,"packetsReceived":37695,"packetsLost":0},"Type":"inbound-rtp","Video":{"timestamp":1611073408622.71,"packetsReceived":28304,"packetsLost":0}},{"from":"Sankalp_5070585a-5c03-45fd-9d0a-94cb7b78cebb","to":"Rishitha_711f6c97-f528-41f9-bca3-9b4d448daaae","Audio":{"timestamp":1611073413622.844,"packetsReceived":37945,"packetsLost":0},"Type":"inbound-rtp","Video":{"timestamp":1611073413622.844,"packetsReceived":28324,"packetsLost":0}},{"from":"Sankalp_5070585a-5c03-45fd-9d0a-94cb7b78cebb","to":"Rishitha_711f6c97-f528-41f9-bca3-9b4d448daaae","Audio":{"timestamp":1611073413622.844,"packetsReceived":37945,"packetsLost":0},"Type":"inbound-rtp","Video":{"timestamp":1611073413622.844,"packetsReceived":28324,"packetsLost":0}},{"from":"Sankalp_5070585a-5c03-45fd-9d0a-94cb7b78cebb","to":"Rishitha_711f6c97-f528-41f9-bca3-9b4d448daaae","Audio":{"timestamp":1611073418622.733,"packetsReceived":38195,"packetsLost":0},"Type":"inbound-rtp","Video":{"timestamp":1611073418622.733,"packetsReceived":28340,"packetsLost":0}},{"from":"Sankalp_5070585a-5c03-45fd-9d0a-94cb7b78cebb","to":"Rishitha_711f6c97-f528-41f9-bca3-9b4d448daaae","Audio":{"timestamp":1611073418622.733,"packetsReceived":38195,"packetsLost":0},"Type":"inbound-rtp","Video":{"timestamp":1611073418622.733,"packetsReceived":28340,"packetsLost":0}}]}