[{"timestamp":1611072653865,"log":{"from":"server","to":"Rishitha_711f6c97-f528-41f9-bca3-9b4d448daaae","context":"PARENT","data":"{\"peer\":\"Sankalp_5070585a-5c03-45fd-9d0a-94cb7b78cebb\"}"}},{"timestamp":1611072653865,"log":"Parent : Sankalp_5070585a-5c03-45fd-9d0a-94cb7b78cebb"},{"timestamp":1611072654358,"log":{"from":"Sankalp_5070585a-5c03-45fd-9d0a-94cb7b78cebb","to":"Rishitha_711f6c97-f528-41f9-bca3-9b4d448daaae","context":"CONNECT_ACK","data":"{\"roomID\":\"123456\"}"}},{"timestamp":1611072654358,"log":"Connection ACK from parent : Sankalp_5070585a-5c03-45fd-9d0a-94cb7b78cebb"},{"timestamp":1611072654374,"log":"received sdp from peer : Sankalp_5070585a-5c03-45fd-9d0a-94cb7b78cebb"},{"timestamp":1611072654382,"log":"remote stream received"},{"timestamp":1611072654383,"log":{}},{"timestamp":1611072654383,"log":"remote stream received"},{"timestamp":1611072654383,"log":{}},{"timestamp":1611072654383,"log":"received ice from peer : Sankalp_5070585a-5c03-45fd-9d0a-94cb7b78cebb"},{"timestamp":1611072654388,"log":"received ice from peer : Sankalp_5070585a-5c03-45fd-9d0a-94cb7b78cebb"},{"timestamp":1611072654390,"log":"created description for peer : Sankalp_5070585a-5c03-45fd-9d0a-94cb7b78cebb"},{"timestamp":1611072654400,"log":"connection with peer Sankalp_5070585a-5c03-45fd-9d0a-94cb7b78cebb checking"},{"timestamp":1611072654401,"log":"ice: Rishitha_711f6c97-f528-41f9-bca3-9b4d448daaae to Sankalp_5070585a-5c03-45fd-9d0a-94cb7b78cebb"},{"timestamp":1611072654412,"log":"received ice from peer : Sankalp_5070585a-5c03-45fd-9d0a-94cb7b78cebb"},{"timestamp":1611072654437,"log":"ice: Rishitha_711f6c97-f528-41f9-bca3-9b4d448daaae to Sankalp_5070585a-5c03-45fd-9d0a-94cb7b78cebb"},{"timestamp":1611072654612,"log":"received ice from peer : Sankalp_5070585a-5c03-45fd-9d0a-94cb7b78cebb"},{"timestamp":1611072654690,"log":"ice: Rishitha_711f6c97-f528-41f9-bca3-9b4d448daaae to Sankalp_5070585a-5c03-45fd-9d0a-94cb7b78cebb"},{"timestamp":1611072654690,"log":"connection with peer Sankalp_5070585a-5c03-45fd-9d0a-94cb7b78cebb connected"}]