[{"timestamp":1611070256814,"log":{"from":"server","to":"Lohit_3f6823ee-41c1-437f-92ca-1aad5dfa09ad","context":"PARENT","data":"{\"peer\":\"Ansh_a78d7f79-ead8-4eaf-9ca9-afc7c8d8706d\"}"}},{"timestamp":1611070256814,"log":"Parent : Ansh_a78d7f79-ead8-4eaf-9ca9-afc7c8d8706d"},{"timestamp":1611070257322,"log":{"from":"Ansh_a78d7f79-ead8-4eaf-9ca9-afc7c8d8706d","to":"Lohit_3f6823ee-41c1-437f-92ca-1aad5dfa09ad","context":"CONNECT_ACK","data":"{\"roomID\":\"123456\"}"}},{"timestamp":1611070257322,"log":"Connection ACK from parent : Ansh_a78d7f79-ead8-4eaf-9ca9-afc7c8d8706d"},{"timestamp":1611070257333,"log":"received sdp from peer : Ansh_a78d7f79-ead8-4eaf-9ca9-afc7c8d8706d"},{"timestamp":1611070257335,"log":"received ice from peer : Ansh_a78d7f79-ead8-4eaf-9ca9-afc7c8d8706d"},{"timestamp":1611070257337,"log":"received ice from peer : Ansh_a78d7f79-ead8-4eaf-9ca9-afc7c8d8706d"},{"timestamp":1611070257338,"log":"remote stream received"},{"timestamp":1611070257339,"log":{}},{"timestamp":1611070257339,"log":"remote stream received"},{"timestamp":1611070257339,"log":{}},{"timestamp":1611070257343,"log":"created description for peer : Ansh_a78d7f79-ead8-4eaf-9ca9-afc7c8d8706d"},{"timestamp":1611070257361,"log":"received ice from peer : Ansh_a78d7f79-ead8-4eaf-9ca9-afc7c8d8706d"},{"timestamp":1611070257383,"log":"received ice from peer : Ansh_a78d7f79-ead8-4eaf-9ca9-afc7c8d8706d"},{"timestamp":1611070257384,"log":"connection with peer Ansh_a78d7f79-ead8-4eaf-9ca9-afc7c8d8706d checking"},{"timestamp":1611070257385,"log":"ice: Lohit_3f6823ee-41c1-437f-92ca-1aad5dfa09ad to Ansh_a78d7f79-ead8-4eaf-9ca9-afc7c8d8706d"},{"timestamp":1611070257385,"log":"connection with peer Ansh_a78d7f79-ead8-4eaf-9ca9-afc7c8d8706d connected"},{"timestamp":1611070257386,"log":"ice: Lohit_3f6823ee-41c1-437f-92ca-1aad5dfa09ad to Ansh_a78d7f79-ead8-4eaf-9ca9-afc7c8d8706d"}]