[{"timestamp":1611072705909,"log":{"from":"server","to":"Shubham_964da319-5cc8-4af6-9976-eeceef3e34c2","context":"PARENT","data":"{\"peer\":\"Jysamrani_4f259002-81e1-43ee-b6ee-738e01617b81\"}"}},{"timestamp":1611072705910,"log":"Parent : Jysamrani_4f259002-81e1-43ee-b6ee-738e01617b81"},{"timestamp":1611072706406,"log":{"from":"Jysamrani_4f259002-81e1-43ee-b6ee-738e01617b81","to":"Shubham_964da319-5cc8-4af6-9976-eeceef3e34c2","context":"CONNECT_ACK","data":"{\"roomID\":\"123456\"}"}},{"timestamp":1611072706406,"log":"Connection ACK from parent : Jysamrani_4f259002-81e1-43ee-b6ee-738e01617b81"},{"timestamp":1611072706410,"log":"received sdp from peer : Jysamrani_4f259002-81e1-43ee-b6ee-738e01617b81"},{"timestamp":1611072706414,"log":"received ice from peer : Jysamrani_4f259002-81e1-43ee-b6ee-738e01617b81"},{"timestamp":1611072706416,"log":"received ice from peer : Jysamrani_4f259002-81e1-43ee-b6ee-738e01617b81"},{"timestamp":1611072706417,"log":"remote stream received"},{"timestamp":1611072706418,"log":{}},{"timestamp":1611072706418,"log":"remote stream received"},{"timestamp":1611072706418,"log":{}},{"timestamp":1611072706422,"log":"created description for peer : Jysamrani_4f259002-81e1-43ee-b6ee-738e01617b81"},{"timestamp":1611072706426,"log":"connection with peer Jysamrani_4f259002-81e1-43ee-b6ee-738e01617b81 checking"},{"timestamp":1611072706427,"log":"ice: Shubham_964da319-5cc8-4af6-9976-eeceef3e34c2 to Jysamrani_4f259002-81e1-43ee-b6ee-738e01617b81"},{"timestamp":1611072706428,"log":"connection with peer Jysamrani_4f259002-81e1-43ee-b6ee-738e01617b81 connected"},{"timestamp":1611072706428,"log":"ice: Shubham_964da319-5cc8-4af6-9976-eeceef3e34c2 to Jysamrani_4f259002-81e1-43ee-b6ee-738e01617b81"},{"timestamp":1611072706441,"log":"received ice from peer : Jysamrani_4f259002-81e1-43ee-b6ee-738e01617b81"},{"timestamp":1611072706442,"log":"received ice from peer : Jysamrani_4f259002-81e1-43ee-b6ee-738e01617b81"}]