[{"timestamp":1611069753459,"log":{"from":"server","to":"Unique_00094b25-658f-43d6-92b6-d819e4d90e8f","context":"PARENT","data":"{\"peer\":\"Sumit_c3b4b6df-baa4-4279-a1ad-3f6798fb7b64\"}"}},{"timestamp":1611069753459,"log":"Parent : Sumit_c3b4b6df-baa4-4279-a1ad-3f6798fb7b64"},{"timestamp":1611069753969,"log":{"from":"Sumit_c3b4b6df-baa4-4279-a1ad-3f6798fb7b64","to":"Unique_00094b25-658f-43d6-92b6-d819e4d90e8f","context":"CONNECT_ACK","data":"{\"roomID\":\"123456\"}"}},{"timestamp":1611069753969,"log":"Connection ACK from parent : Sumit_c3b4b6df-baa4-4279-a1ad-3f6798fb7b64"},{"timestamp":1611069753974,"log":"received sdp from peer : Sumit_c3b4b6df-baa4-4279-a1ad-3f6798fb7b64"},{"timestamp":1611069753977,"log":"received ice from peer : Sumit_c3b4b6df-baa4-4279-a1ad-3f6798fb7b64"},{"timestamp":1611069753980,"log":"received ice from peer : Sumit_c3b4b6df-baa4-4279-a1ad-3f6798fb7b64"},{"timestamp":1611069753981,"log":"remote stream received"},{"timestamp":1611069753982,"log":{}},{"timestamp":1611069753982,"log":"remote stream received"},{"timestamp":1611069753982,"log":{}},{"timestamp":1611069753987,"log":"created description for peer : Sumit_c3b4b6df-baa4-4279-a1ad-3f6798fb7b64"},{"timestamp":1611069753994,"log":"ice: Unique_00094b25-658f-43d6-92b6-d819e4d90e8f to Sumit_c3b4b6df-baa4-4279-a1ad-3f6798fb7b64"},{"timestamp":1611069753996,"log":"connection with peer Sumit_c3b4b6df-baa4-4279-a1ad-3f6798fb7b64 connected"},{"timestamp":1611069753996,"log":"ice: Unique_00094b25-658f-43d6-92b6-d819e4d90e8f to Sumit_c3b4b6df-baa4-4279-a1ad-3f6798fb7b64"},{"timestamp":1611069754004,"log":"received ice from peer : Sumit_c3b4b6df-baa4-4279-a1ad-3f6798fb7b64"},{"timestamp":1611069754217,"log":"received ice from peer : Sumit_c3b4b6df-baa4-4279-a1ad-3f6798fb7b64"},{"timestamp":1611070017974,"log":{"from":"Arnav_beb6ad95-a849-4eb9-a733-a8deb73344f7","to":"Unique_00094b25-658f-43d6-92b6-d819e4d90e8f","context":"CONNECT","data":"{\"roomID\":\"123456\"}"}},{"timestamp":1611070017974,"log":"Connect request from Child : Arnav_beb6ad95-a849-4eb9-a733-a8deb73344f7"},{"timestamp":1611070017977,"log":"adding tracks"},{"timestamp":1611070017979,"log":"call inititated: Unique_00094b25-658f-43d6-92b6-d819e4d90e8f to Arnav_beb6ad95-a849-4eb9-a733-a8deb73344f7"},{"timestamp":1611070017982,"log":"created description for peer : Arnav_beb6ad95-a849-4eb9-a733-a8deb73344f7"},{"timestamp":1611070017987,"log":"ice: Unique_00094b25-658f-43d6-92b6-d819e4d90e8f to Arnav_beb6ad95-a849-4eb9-a733-a8deb73344f7"},{"timestamp":1611070017988,"log":"ice: Unique_00094b25-658f-43d6-92b6-d819e4d90e8f to Arnav_beb6ad95-a849-4eb9-a733-a8deb73344f7"},{"timestamp":1611070018021,"log":"ice: Unique_00094b25-658f-43d6-92b6-d819e4d90e8f to Arnav_beb6ad95-a849-4eb9-a733-a8deb73344f7"},{"timestamp":1611070018024,"log":"ice: Unique_00094b25-658f-43d6-92b6-d819e4d90e8f to Arnav_beb6ad95-a849-4eb9-a733-a8deb73344f7"},{"timestamp":1611070018304,"log":"connection with peer Arnav_beb6ad95-a849-4eb9-a733-a8deb73344f7 checking"},{"timestamp":1611070018554,"log":"received sdp from peer : Arnav_beb6ad95-a849-4eb9-a733-a8deb73344f7"},{"timestamp":1611070018557,"log":"received ice from peer : Arnav_beb6ad95-a849-4eb9-a733-a8deb73344f7"},{"timestamp":1611070018562,"log":"connection with peer Arnav_beb6ad95-a849-4eb9-a733-a8deb73344f7 connected"},{"timestamp":1611070018562,"log":"ice: Unique_00094b25-658f-43d6-92b6-d819e4d90e8f to Arnav_beb6ad95-a849-4eb9-a733-a8deb73344f7"},{"timestamp":1611070042754,"log":{"from":"Anees_c4eec9de-2582-48b7-bef7-e0dd3fa1c6f4","to":"Unique_00094b25-658f-43d6-92b6-d819e4d90e8f","context":"CONNECT","data":"{\"roomID\":\"123456\"}"}},{"timestamp":1611070042754,"log":"Connect request from Child : Anees_c4eec9de-2582-48b7-bef7-e0dd3fa1c6f4"},{"timestamp":1611070042755,"log":"adding tracks"},{"timestamp":1611070042756,"log":"call inititated: Unique_00094b25-658f-43d6-92b6-d819e4d90e8f to Anees_c4eec9de-2582-48b7-bef7-e0dd3fa1c6f4"},{"timestamp":1611070042759,"log":"created description for peer : Anees_c4eec9de-2582-48b7-bef7-e0dd3fa1c6f4"},{"timestamp":1611070042764,"log":"ice: Unique_00094b25-658f-43d6-92b6-d819e4d90e8f to Anees_c4eec9de-2582-48b7-bef7-e0dd3fa1c6f4"},{"timestamp":1611070042764,"log":"ice: Unique_00094b25-658f-43d6-92b6-d819e4d90e8f to Anees_c4eec9de-2582-48b7-bef7-e0dd3fa1c6f4"},{"timestamp":1611070042797,"log":"ice: Unique_00094b25-658f-43d6-92b6-d819e4d90e8f to Anees_c4eec9de-2582-48b7-bef7-e0dd3fa1c6f4"},{"timestamp":1611070042801,"log":"ice: Unique_00094b25-658f-43d6-92b6-d819e4d90e8f to Anees_c4eec9de-2582-48b7-bef7-e0dd3fa1c6f4"},{"timestamp":1611070043058,"log":"connection with peer Anees_c4eec9de-2582-48b7-bef7-e0dd3fa1c6f4 checking"},{"timestamp":1611070043556,"log":"received sdp from peer : Anees_c4eec9de-2582-48b7-bef7-e0dd3fa1c6f4"},{"timestamp":1611070043558,"log":"received ice from peer : Anees_c4eec9de-2582-48b7-bef7-e0dd3fa1c6f4"},{"timestamp":1611070043562,"log":"connection with peer Anees_c4eec9de-2582-48b7-bef7-e0dd3fa1c6f4 connected"},{"timestamp":1611070043562,"log":"ice: Unique_00094b25-658f-43d6-92b6-d819e4d90e8f to Anees_c4eec9de-2582-48b7-bef7-e0dd3fa1c6f4"}]