[{"timestamp":1611069640127,"log":{"from":"server","to":"Ashmesh_6994197c-862c-4ffd-871b-82ae2d48b813","context":"PARENT","data":"{\"peer\":\"Parth_76f53bdf-f7bc-427b-82f3-d8c41a941ed2\"}"}},{"timestamp":1611069640127,"log":"Parent : Parth_76f53bdf-f7bc-427b-82f3-d8c41a941ed2"},{"timestamp":1611069640611,"log":{"from":"Parth_76f53bdf-f7bc-427b-82f3-d8c41a941ed2","to":"Ashmesh_6994197c-862c-4ffd-871b-82ae2d48b813","context":"CONNECT_ACK","data":"{\"roomID\":\"123456\"}"}},{"timestamp":1611069640611,"log":"Connection ACK from parent : Parth_76f53bdf-f7bc-427b-82f3-d8c41a941ed2"},{"timestamp":1611069640618,"log":"received sdp from peer : Parth_76f53bdf-f7bc-427b-82f3-d8c41a941ed2"},{"timestamp":1611069640622,"log":"received ice from peer : Parth_76f53bdf-f7bc-427b-82f3-d8c41a941ed2"},{"timestamp":1611069640624,"log":"received ice from peer : Parth_76f53bdf-f7bc-427b-82f3-d8c41a941ed2"},{"timestamp":1611069640624,"log":"remote stream received"},{"timestamp":1611069640625,"log":{}},{"timestamp":1611069640625,"log":"remote stream received"},{"timestamp":1611069640625,"log":{}},{"timestamp":1611069640656,"log":"created description for peer : Parth_76f53bdf-f7bc-427b-82f3-d8c41a941ed2"},{"timestamp":1611069640659,"log":"connection with peer Parth_76f53bdf-f7bc-427b-82f3-d8c41a941ed2 checking"},{"timestamp":1611069640660,"log":"ice: Ashmesh_6994197c-862c-4ffd-871b-82ae2d48b813 to Parth_76f53bdf-f7bc-427b-82f3-d8c41a941ed2"},{"timestamp":1611069640661,"log":"connection with peer Parth_76f53bdf-f7bc-427b-82f3-d8c41a941ed2 connected"},{"timestamp":1611069640661,"log":"ice: Ashmesh_6994197c-862c-4ffd-871b-82ae2d48b813 to Parth_76f53bdf-f7bc-427b-82f3-d8c41a941ed2"},{"timestamp":1611069640738,"log":"received ice from peer : Parth_76f53bdf-f7bc-427b-82f3-d8c41a941ed2"},{"timestamp":1611069640739,"log":"received ice from peer : Parth_76f53bdf-f7bc-427b-82f3-d8c41a941ed2"},{"timestamp":1611069805134,"log":{"from":"Ayush_c79c1559-3b2b-4c48-ab68-878e137cf2c7","to":"Ashmesh_6994197c-862c-4ffd-871b-82ae2d48b813","context":"CONNECT","data":"{\"roomID\":\"123456\"}"}},{"timestamp":1611069805134,"log":"Connect request from Child : Ayush_c79c1559-3b2b-4c48-ab68-878e137cf2c7"},{"timestamp":1611069805136,"log":"adding tracks"},{"timestamp":1611069805140,"log":"call inititated: Ashmesh_6994197c-862c-4ffd-871b-82ae2d48b813 to Ayush_c79c1559-3b2b-4c48-ab68-878e137cf2c7"},{"timestamp":1611069805143,"log":"created description for peer : Ayush_c79c1559-3b2b-4c48-ab68-878e137cf2c7"},{"timestamp":1611069805151,"log":"ice: Ashmesh_6994197c-862c-4ffd-871b-82ae2d48b813 to Ayush_c79c1559-3b2b-4c48-ab68-878e137cf2c7"},{"timestamp":1611069805152,"log":"ice: Ashmesh_6994197c-862c-4ffd-871b-82ae2d48b813 to Ayush_c79c1559-3b2b-4c48-ab68-878e137cf2c7"},{"timestamp":1611069805185,"log":"ice: Ashmesh_6994197c-862c-4ffd-871b-82ae2d48b813 to Ayush_c79c1559-3b2b-4c48-ab68-878e137cf2c7"},{"timestamp":1611069805189,"log":"ice: Ashmesh_6994197c-862c-4ffd-871b-82ae2d48b813 to Ayush_c79c1559-3b2b-4c48-ab68-878e137cf2c7"},{"timestamp":1611069805439,"log":"connection with peer Ayush_c79c1559-3b2b-4c48-ab68-878e137cf2c7 checking"},{"timestamp":1611069805674,"log":"received sdp from peer : Ayush_c79c1559-3b2b-4c48-ab68-878e137cf2c7"},{"timestamp":1611069805677,"log":"received ice from peer : Ayush_c79c1559-3b2b-4c48-ab68-878e137cf2c7"},{"timestamp":1611069805682,"log":"connection with peer Ayush_c79c1559-3b2b-4c48-ab68-878e137cf2c7 connected"},{"timestamp":1611069805682,"log":"ice: Ashmesh_6994197c-862c-4ffd-871b-82ae2d48b813 to Ayush_c79c1559-3b2b-4c48-ab68-878e137cf2c7"},{"timestamp":1611069819154,"log":{"from":"Ansh_a78d7f79-ead8-4eaf-9ca9-afc7c8d8706d","to":"Ashmesh_6994197c-862c-4ffd-871b-82ae2d48b813","context":"CONNECT","data":"{\"roomID\":\"123456\"}"}},{"timestamp":1611069819154,"log":"Connect request from Child : Ansh_a78d7f79-ead8-4eaf-9ca9-afc7c8d8706d"},{"timestamp":1611069819155,"log":"adding tracks"},{"timestamp":1611069819157,"log":"call inititated: Ashmesh_6994197c-862c-4ffd-871b-82ae2d48b813 to Ansh_a78d7f79-ead8-4eaf-9ca9-afc7c8d8706d"},{"timestamp":1611069819160,"log":"created description for peer : Ansh_a78d7f79-ead8-4eaf-9ca9-afc7c8d8706d"},{"timestamp":1611069819171,"log":"ice: Ashmesh_6994197c-862c-4ffd-871b-82ae2d48b813 to Ansh_a78d7f79-ead8-4eaf-9ca9-afc7c8d8706d"},{"timestamp":1611069819173,"log":"ice: Ashmesh_6994197c-862c-4ffd-871b-82ae2d48b813 to Ansh_a78d7f79-ead8-4eaf-9ca9-afc7c8d8706d"},{"timestamp":1611069819206,"log":"ice: Ashmesh_6994197c-862c-4ffd-871b-82ae2d48b813 to Ansh_a78d7f79-ead8-4eaf-9ca9-afc7c8d8706d"},{"timestamp":1611069819208,"log":"ice: Ashmesh_6994197c-862c-4ffd-871b-82ae2d48b813 to Ansh_a78d7f79-ead8-4eaf-9ca9-afc7c8d8706d"},{"timestamp":1611069819503,"log":"connection with peer Ansh_a78d7f79-ead8-4eaf-9ca9-afc7c8d8706d checking"},{"timestamp":1611069819741,"log":"received sdp from peer : Ansh_a78d7f79-ead8-4eaf-9ca9-afc7c8d8706d"},{"timestamp":1611069819745,"log":"received ice from peer : Ansh_a78d7f79-ead8-4eaf-9ca9-afc7c8d8706d"},{"timestamp":1611069819750,"log":"connection with peer Ansh_a78d7f79-ead8-4eaf-9ca9-afc7c8d8706d connected"},{"timestamp":1611069819750,"log":"ice: Ashmesh_6994197c-862c-4ffd-871b-82ae2d48b813 to Ansh_a78d7f79-ead8-4eaf-9ca9-afc7c8d8706d"}]