[{"timestamp":1611069848072,"log":{"from":"server","to":"ChinmaySahoo_662996d7-857d-4974-91a4-e6c3e8872077","context":"PARENT","data":"{\"peer\":\"Avatansh_0a38adef-10b1-4d61-a3ae-a57eb5dd92df\"}"}},{"timestamp":1611069848072,"log":"Parent : Avatansh_0a38adef-10b1-4d61-a3ae-a57eb5dd92df"},{"timestamp":1611069848569,"log":{"from":"Avatansh_0a38adef-10b1-4d61-a3ae-a57eb5dd92df","to":"ChinmaySahoo_662996d7-857d-4974-91a4-e6c3e8872077","context":"CONNECT_ACK","data":"{\"roomID\":\"123456\"}"}},{"timestamp":1611069848569,"log":"Connection ACK from parent : Avatansh_0a38adef-10b1-4d61-a3ae-a57eb5dd92df"},{"timestamp":1611069848591,"log":"received sdp from peer : Avatansh_0a38adef-10b1-4d61-a3ae-a57eb5dd92df"},{"timestamp":1611069848594,"log":"received ice from peer : Avatansh_0a38adef-10b1-4d61-a3ae-a57eb5dd92df"},{"timestamp":1611069848597,"log":"received ice from peer : Avatansh_0a38adef-10b1-4d61-a3ae-a57eb5dd92df"},{"timestamp":1611069848599,"log":"remote stream received"},{"timestamp":1611069848599,"log":{}},{"timestamp":1611069848599,"log":"remote stream received"},{"timestamp":1611069848600,"log":{}},{"timestamp":1611069848636,"log":"received ice from peer : Avatansh_0a38adef-10b1-4d61-a3ae-a57eb5dd92df"},{"timestamp":1611069848638,"log":"created description for peer : Avatansh_0a38adef-10b1-4d61-a3ae-a57eb5dd92df"},{"timestamp":1611069848640,"log":"received ice from peer : Avatansh_0a38adef-10b1-4d61-a3ae-a57eb5dd92df"},{"timestamp":1611069848674,"log":"connection with peer Avatansh_0a38adef-10b1-4d61-a3ae-a57eb5dd92df checking"},{"timestamp":1611069848675,"log":"ice: ChinmaySahoo_662996d7-857d-4974-91a4-e6c3e8872077 to Avatansh_0a38adef-10b1-4d61-a3ae-a57eb5dd92df"},{"timestamp":1611069848675,"log":"connection with peer Avatansh_0a38adef-10b1-4d61-a3ae-a57eb5dd92df connected"},{"timestamp":1611069848675,"log":"ice: ChinmaySahoo_662996d7-857d-4974-91a4-e6c3e8872077 to Avatansh_0a38adef-10b1-4d61-a3ae-a57eb5dd92df"},{"timestamp":1611070317387,"log":{"from":"Mohit_aefefcd8-4332-47e9-b05a-8a76451c0f99","to":"ChinmaySahoo_662996d7-857d-4974-91a4-e6c3e8872077","context":"CONNECT","data":"{\"roomID\":\"123456\"}"}},{"timestamp":1611070317387,"log":"Connect request from Child : Mohit_aefefcd8-4332-47e9-b05a-8a76451c0f99"},{"timestamp":1611070317391,"log":"adding tracks"},{"timestamp":1611070317393,"log":"call inititated: ChinmaySahoo_662996d7-857d-4974-91a4-e6c3e8872077 to Mohit_aefefcd8-4332-47e9-b05a-8a76451c0f99"},{"timestamp":1611070317396,"log":"created description for peer : Mohit_aefefcd8-4332-47e9-b05a-8a76451c0f99"},{"timestamp":1611070317402,"log":"ice: ChinmaySahoo_662996d7-857d-4974-91a4-e6c3e8872077 to Mohit_aefefcd8-4332-47e9-b05a-8a76451c0f99"},{"timestamp":1611070317403,"log":"ice: ChinmaySahoo_662996d7-857d-4974-91a4-e6c3e8872077 to Mohit_aefefcd8-4332-47e9-b05a-8a76451c0f99"},{"timestamp":1611070317436,"log":"ice: ChinmaySahoo_662996d7-857d-4974-91a4-e6c3e8872077 to Mohit_aefefcd8-4332-47e9-b05a-8a76451c0f99"},{"timestamp":1611070317436,"log":"ice: ChinmaySahoo_662996d7-857d-4974-91a4-e6c3e8872077 to Mohit_aefefcd8-4332-47e9-b05a-8a76451c0f99"},{"timestamp":1611070317679,"log":"connection with peer Mohit_aefefcd8-4332-47e9-b05a-8a76451c0f99 checking"},{"timestamp":1611070317928,"log":"received sdp from peer : Mohit_aefefcd8-4332-47e9-b05a-8a76451c0f99"},{"timestamp":1611070317933,"log":"received ice from peer : Mohit_aefefcd8-4332-47e9-b05a-8a76451c0f99"},{"timestamp":1611070317936,"log":"connection with peer Mohit_aefefcd8-4332-47e9-b05a-8a76451c0f99 connected"},{"timestamp":1611070317936,"log":"ice: ChinmaySahoo_662996d7-857d-4974-91a4-e6c3e8872077 to Mohit_aefefcd8-4332-47e9-b05a-8a76451c0f99"},{"timestamp":1611070351000,"log":{"from":"NIshant_2287d586-6e55-4b29-affa-063f529b965c","to":"ChinmaySahoo_662996d7-857d-4974-91a4-e6c3e8872077","context":"CONNECT","data":"{\"roomID\":\"123456\"}"}},{"timestamp":1611070351000,"log":"Connect request from Child : NIshant_2287d586-6e55-4b29-affa-063f529b965c"},{"timestamp":1611070351002,"log":"adding tracks"},{"timestamp":1611070351004,"log":"call inititated: ChinmaySahoo_662996d7-857d-4974-91a4-e6c3e8872077 to NIshant_2287d586-6e55-4b29-affa-063f529b965c"},{"timestamp":1611070351008,"log":"created description for peer : NIshant_2287d586-6e55-4b29-affa-063f529b965c"},{"timestamp":1611070351013,"log":"ice: ChinmaySahoo_662996d7-857d-4974-91a4-e6c3e8872077 to NIshant_2287d586-6e55-4b29-affa-063f529b965c"},{"timestamp":1611070351013,"log":"ice: ChinmaySahoo_662996d7-857d-4974-91a4-e6c3e8872077 to NIshant_2287d586-6e55-4b29-affa-063f529b965c"},{"timestamp":1611070351046,"log":"ice: ChinmaySahoo_662996d7-857d-4974-91a4-e6c3e8872077 to NIshant_2287d586-6e55-4b29-affa-063f529b965c"},{"timestamp":1611070351048,"log":"ice: ChinmaySahoo_662996d7-857d-4974-91a4-e6c3e8872077 to NIshant_2287d586-6e55-4b29-affa-063f529b965c"},{"timestamp":1611070351297,"log":"connection with peer NIshant_2287d586-6e55-4b29-affa-063f529b965c checking"},{"timestamp":1611070351542,"log":"received sdp from peer : NIshant_2287d586-6e55-4b29-affa-063f529b965c"},{"timestamp":1611070351546,"log":"received ice from peer : NIshant_2287d586-6e55-4b29-affa-063f529b965c"},{"timestamp":1611070351552,"log":"connection with peer NIshant_2287d586-6e55-4b29-affa-063f529b965c connected"},{"timestamp":1611070351553,"log":"ice: ChinmaySahoo_662996d7-857d-4974-91a4-e6c3e8872077 to NIshant_2287d586-6e55-4b29-affa-063f529b965c"}]