[{"timestamp":1611072544803,"log":{"from":"server","to":"Lohit_b1a3f8d6-3d0f-4b2e-993c-23d36c1e08f6","context":"PARENT","data":"{\"peer\":\"Ansh_7d76d88f-3f4d-4420-a512-a5cc2f44d116\"}"}},{"timestamp":1611072544803,"log":"Parent : Ansh_7d76d88f-3f4d-4420-a512-a5cc2f44d116"},{"timestamp":1611072545298,"log":{"from":"Ansh_7d76d88f-3f4d-4420-a512-a5cc2f44d116","to":"Lohit_b1a3f8d6-3d0f-4b2e-993c-23d36c1e08f6","context":"CONNECT_ACK","data":"{\"roomID\":\"123456\"}"}},{"timestamp":1611072545298,"log":"Connection ACK from parent : Ansh_7d76d88f-3f4d-4420-a512-a5cc2f44d116"},{"timestamp":1611072545306,"log":"received sdp from peer : Ansh_7d76d88f-3f4d-4420-a512-a5cc2f44d116"},{"timestamp":1611072545312,"log":"received ice from peer : Ansh_7d76d88f-3f4d-4420-a512-a5cc2f44d116"},{"timestamp":1611072545316,"log":"remote stream received"},{"timestamp":1611072545317,"log":{}},{"timestamp":1611072545317,"log":"remote stream received"},{"timestamp":1611072545317,"log":{}},{"timestamp":1611072545320,"log":"created description for peer : Ansh_7d76d88f-3f4d-4420-a512-a5cc2f44d116"},{"timestamp":1611072545323,"log":"connection with peer Ansh_7d76d88f-3f4d-4420-a512-a5cc2f44d116 checking"},{"timestamp":1611072545324,"log":"ice: Lohit_b1a3f8d6-3d0f-4b2e-993c-23d36c1e08f6 to Ansh_7d76d88f-3f4d-4420-a512-a5cc2f44d116"},{"timestamp":1611072545324,"log":"connection with peer Ansh_7d76d88f-3f4d-4420-a512-a5cc2f44d116 connected"},{"timestamp":1611072545324,"log":"ice: Lohit_b1a3f8d6-3d0f-4b2e-993c-23d36c1e08f6 to Ansh_7d76d88f-3f4d-4420-a512-a5cc2f44d116"},{"timestamp":1611072545443,"log":"received ice from peer : Ansh_7d76d88f-3f4d-4420-a512-a5cc2f44d116"},{"timestamp":1611072545444,"log":"received ice from peer : Ansh_7d76d88f-3f4d-4420-a512-a5cc2f44d116"},{"timestamp":1611072545445,"log":"received ice from peer : Ansh_7d76d88f-3f4d-4420-a512-a5cc2f44d116"}]