[{"timestamp":1611070128894,"log":{"from":"server","to":"Jysamrani_47537ac6-2dac-4307-8d08-3c34e0b4b4a9","context":"PARENT","data":"{\"peer\":\"Ayush_c79c1559-3b2b-4c48-ab68-878e137cf2c7\"}"}},{"timestamp":1611070128895,"log":"Parent : Ayush_c79c1559-3b2b-4c48-ab68-878e137cf2c7"},{"timestamp":1611070129400,"log":{"from":"Ayush_c79c1559-3b2b-4c48-ab68-878e137cf2c7","to":"Jysamrani_47537ac6-2dac-4307-8d08-3c34e0b4b4a9","context":"CONNECT_ACK","data":"{\"roomID\":\"123456\"}"}},{"timestamp":1611070129400,"log":"Connection ACK from parent : Ayush_c79c1559-3b2b-4c48-ab68-878e137cf2c7"},{"timestamp":1611070129410,"log":"received sdp from peer : Ayush_c79c1559-3b2b-4c48-ab68-878e137cf2c7"},{"timestamp":1611070129412,"log":"received ice from peer : Ayush_c79c1559-3b2b-4c48-ab68-878e137cf2c7"},{"timestamp":1611070129414,"log":"received ice from peer : Ayush_c79c1559-3b2b-4c48-ab68-878e137cf2c7"},{"timestamp":1611070129415,"log":"remote stream received"},{"timestamp":1611070129415,"log":{}},{"timestamp":1611070129415,"log":"remote stream received"},{"timestamp":1611070129416,"log":{}},{"timestamp":1611070129419,"log":"created description for peer : Ayush_c79c1559-3b2b-4c48-ab68-878e137cf2c7"},{"timestamp":1611070129436,"log":"received ice from peer : Ayush_c79c1559-3b2b-4c48-ab68-878e137cf2c7"},{"timestamp":1611070129464,"log":"received ice from peer : Ayush_c79c1559-3b2b-4c48-ab68-878e137cf2c7"},{"timestamp":1611070129465,"log":"ice: Jysamrani_47537ac6-2dac-4307-8d08-3c34e0b4b4a9 to Ayush_c79c1559-3b2b-4c48-ab68-878e137cf2c7"},{"timestamp":1611070129466,"log":"connection with peer Ayush_c79c1559-3b2b-4c48-ab68-878e137cf2c7 connected"},{"timestamp":1611070129466,"log":"ice: Jysamrani_47537ac6-2dac-4307-8d08-3c34e0b4b4a9 to Ayush_c79c1559-3b2b-4c48-ab68-878e137cf2c7"},{"timestamp":1611070775929,"log":{"from":"Tishang_fbfe336b-9c38-4b34-b0e4-a9d6110b748c","to":"Jysamrani_47537ac6-2dac-4307-8d08-3c34e0b4b4a9","context":"CONNECT","data":"{\"roomID\":\"123456\"}"}},{"timestamp":1611070775929,"log":"Connect request from Child : Tishang_fbfe336b-9c38-4b34-b0e4-a9d6110b748c"},{"timestamp":1611070775933,"log":"adding tracks"},{"timestamp":1611070775936,"log":"call inititated: Jysamrani_47537ac6-2dac-4307-8d08-3c34e0b4b4a9 to Tishang_fbfe336b-9c38-4b34-b0e4-a9d6110b748c"},{"timestamp":1611070775938,"log":"created description for peer : Tishang_fbfe336b-9c38-4b34-b0e4-a9d6110b748c"},{"timestamp":1611070775942,"log":"ice: Jysamrani_47537ac6-2dac-4307-8d08-3c34e0b4b4a9 to Tishang_fbfe336b-9c38-4b34-b0e4-a9d6110b748c"},{"timestamp":1611070775942,"log":"ice: Jysamrani_47537ac6-2dac-4307-8d08-3c34e0b4b4a9 to Tishang_fbfe336b-9c38-4b34-b0e4-a9d6110b748c"},{"timestamp":1611070775976,"log":"ice: Jysamrani_47537ac6-2dac-4307-8d08-3c34e0b4b4a9 to Tishang_fbfe336b-9c38-4b34-b0e4-a9d6110b748c"},{"timestamp":1611070775977,"log":"ice: Jysamrani_47537ac6-2dac-4307-8d08-3c34e0b4b4a9 to Tishang_fbfe336b-9c38-4b34-b0e4-a9d6110b748c"},{"timestamp":1611070776258,"log":"connection with peer Tishang_fbfe336b-9c38-4b34-b0e4-a9d6110b748c checking"},{"timestamp":1611070776493,"log":"received sdp from peer : Tishang_fbfe336b-9c38-4b34-b0e4-a9d6110b748c"},{"timestamp":1611070776497,"log":"received ice from peer : Tishang_fbfe336b-9c38-4b34-b0e4-a9d6110b748c"},{"timestamp":1611070776501,"log":"connection with peer Tishang_fbfe336b-9c38-4b34-b0e4-a9d6110b748c connected"},{"timestamp":1611070776501,"log":"ice: Jysamrani_47537ac6-2dac-4307-8d08-3c34e0b4b4a9 to Tishang_fbfe336b-9c38-4b34-b0e4-a9d6110b748c"},{"timestamp":1611070799374,"log":{"from":"Shwetha_e70601a5-225f-494e-8d25-21ffb94a4d94","to":"Jysamrani_47537ac6-2dac-4307-8d08-3c34e0b4b4a9","context":"CONNECT","data":"{\"roomID\":\"123456\"}"}},{"timestamp":1611070799374,"log":"Connect request from Child : Shwetha_e70601a5-225f-494e-8d25-21ffb94a4d94"},{"timestamp":1611070799376,"log":"adding tracks"},{"timestamp":1611070799378,"log":"call inititated: Jysamrani_47537ac6-2dac-4307-8d08-3c34e0b4b4a9 to Shwetha_e70601a5-225f-494e-8d25-21ffb94a4d94"},{"timestamp":1611070799382,"log":"created description for peer : Shwetha_e70601a5-225f-494e-8d25-21ffb94a4d94"},{"timestamp":1611070799388,"log":"ice: Jysamrani_47537ac6-2dac-4307-8d08-3c34e0b4b4a9 to Shwetha_e70601a5-225f-494e-8d25-21ffb94a4d94"},{"timestamp":1611070799389,"log":"ice: Jysamrani_47537ac6-2dac-4307-8d08-3c34e0b4b4a9 to Shwetha_e70601a5-225f-494e-8d25-21ffb94a4d94"},{"timestamp":1611070799421,"log":"ice: Jysamrani_47537ac6-2dac-4307-8d08-3c34e0b4b4a9 to Shwetha_e70601a5-225f-494e-8d25-21ffb94a4d94"},{"timestamp":1611070799422,"log":"ice: Jysamrani_47537ac6-2dac-4307-8d08-3c34e0b4b4a9 to Shwetha_e70601a5-225f-494e-8d25-21ffb94a4d94"},{"timestamp":1611070799665,"log":"connection with peer Shwetha_e70601a5-225f-494e-8d25-21ffb94a4d94 checking"},{"timestamp":1611070800143,"log":"received sdp from peer : Shwetha_e70601a5-225f-494e-8d25-21ffb94a4d94"},{"timestamp":1611070800147,"log":"received ice from peer : Shwetha_e70601a5-225f-494e-8d25-21ffb94a4d94"},{"timestamp":1611070800153,"log":"connection with peer Shwetha_e70601a5-225f-494e-8d25-21ffb94a4d94 connected"},{"timestamp":1611070800153,"log":"ice: Jysamrani_47537ac6-2dac-4307-8d08-3c34e0b4b4a9 to Shwetha_e70601a5-225f-494e-8d25-21ffb94a4d94"}]