[{"timestamp":1611072468350,"log":{"from":"server","to":"Mohit_589492c8-f0c9-4198-9e4f-14c4a185ffc7","context":"PARENT","data":"{\"peer\":\"Ashmesh_8687c9a5-c3fb-4484-a42c-dffd19a21047\"}"}},{"timestamp":1611072468350,"log":"Parent : Ashmesh_8687c9a5-c3fb-4484-a42c-dffd19a21047"},{"timestamp":1611072469091,"log":{"from":"Ashmesh_8687c9a5-c3fb-4484-a42c-dffd19a21047","to":"Mohit_589492c8-f0c9-4198-9e4f-14c4a185ffc7","context":"CONNECT_ACK","data":"{\"roomID\":\"123456\"}"}},{"timestamp":1611072469091,"log":"Connection ACK from parent : Ashmesh_8687c9a5-c3fb-4484-a42c-dffd19a21047"},{"timestamp":1611072469094,"log":"received sdp from peer : Ashmesh_8687c9a5-c3fb-4484-a42c-dffd19a21047"},{"timestamp":1611072469098,"log":"received ice from peer : Ashmesh_8687c9a5-c3fb-4484-a42c-dffd19a21047"},{"timestamp":1611072469102,"log":"received ice from peer : Ashmesh_8687c9a5-c3fb-4484-a42c-dffd19a21047"},{"timestamp":1611072469103,"log":"received ice from peer : Ashmesh_8687c9a5-c3fb-4484-a42c-dffd19a21047"},{"timestamp":1611072469103,"log":"received ice from peer : Ashmesh_8687c9a5-c3fb-4484-a42c-dffd19a21047"},{"timestamp":1611072469104,"log":"remote stream received"},{"timestamp":1611072469105,"log":{}},{"timestamp":1611072469105,"log":"remote stream received"},{"timestamp":1611072469105,"log":{}},{"timestamp":1611072469108,"log":"created description for peer : Ashmesh_8687c9a5-c3fb-4484-a42c-dffd19a21047"},{"timestamp":1611072469111,"log":"connection with peer Ashmesh_8687c9a5-c3fb-4484-a42c-dffd19a21047 checking"},{"timestamp":1611072469111,"log":"ice: Mohit_589492c8-f0c9-4198-9e4f-14c4a185ffc7 to Ashmesh_8687c9a5-c3fb-4484-a42c-dffd19a21047"},{"timestamp":1611072469112,"log":"connection with peer Ashmesh_8687c9a5-c3fb-4484-a42c-dffd19a21047 connected"},{"timestamp":1611072469112,"log":"ice: Mohit_589492c8-f0c9-4198-9e4f-14c4a185ffc7 to Ashmesh_8687c9a5-c3fb-4484-a42c-dffd19a21047"}]