[{"timestamp":1611069804876,"log":{"from":"server","to":"Ayush_c79c1559-3b2b-4c48-ab68-878e137cf2c7","context":"PARENT","data":"{\"peer\":\"Ashmesh_6994197c-862c-4ffd-871b-82ae2d48b813\"}"}},{"timestamp":1611069804876,"log":"Parent : Ashmesh_6994197c-862c-4ffd-871b-82ae2d48b813"},{"timestamp":1611069805389,"log":{"from":"Ashmesh_6994197c-862c-4ffd-871b-82ae2d48b813","to":"Ayush_c79c1559-3b2b-4c48-ab68-878e137cf2c7","context":"CONNECT_ACK","data":"{\"roomID\":\"123456\"}"}},{"timestamp":1611069805389,"log":"Connection ACK from parent : Ashmesh_6994197c-862c-4ffd-871b-82ae2d48b813"},{"timestamp":1611069805396,"log":"received sdp from peer : Ashmesh_6994197c-862c-4ffd-871b-82ae2d48b813"},{"timestamp":1611069805400,"log":"received ice from peer : Ashmesh_6994197c-862c-4ffd-871b-82ae2d48b813"},{"timestamp":1611069805403,"log":"received ice from peer : Ashmesh_6994197c-862c-4ffd-871b-82ae2d48b813"},{"timestamp":1611069805405,"log":"remote stream received"},{"timestamp":1611069805405,"log":{}},{"timestamp":1611069805406,"log":"remote stream received"},{"timestamp":1611069805406,"log":{}},{"timestamp":1611069805411,"log":"created description for peer : Ashmesh_6994197c-862c-4ffd-871b-82ae2d48b813"},{"timestamp":1611069805430,"log":"received ice from peer : Ashmesh_6994197c-862c-4ffd-871b-82ae2d48b813"},{"timestamp":1611069805436,"log":"connection with peer Ashmesh_6994197c-862c-4ffd-871b-82ae2d48b813 checking"},{"timestamp":1611069805436,"log":"ice: Ayush_c79c1559-3b2b-4c48-ab68-878e137cf2c7 to Ashmesh_6994197c-862c-4ffd-871b-82ae2d48b813"},{"timestamp":1611069805437,"log":"connection with peer Ashmesh_6994197c-862c-4ffd-871b-82ae2d48b813 connected"},{"timestamp":1611069805437,"log":"ice: Ayush_c79c1559-3b2b-4c48-ab68-878e137cf2c7 to Ashmesh_6994197c-862c-4ffd-871b-82ae2d48b813"},{"timestamp":1611069805639,"log":"received ice from peer : Ashmesh_6994197c-862c-4ffd-871b-82ae2d48b813"},{"timestamp":1611070129197,"log":{"from":"Jysamrani_47537ac6-2dac-4307-8d08-3c34e0b4b4a9","to":"Ayush_c79c1559-3b2b-4c48-ab68-878e137cf2c7","context":"CONNECT","data":"{\"roomID\":\"123456\"}"}},{"timestamp":1611070129197,"log":"Connect request from Child : Jysamrani_47537ac6-2dac-4307-8d08-3c34e0b4b4a9"},{"timestamp":1611070129200,"log":"adding tracks"},{"timestamp":1611070129203,"log":"call inititated: Ayush_c79c1559-3b2b-4c48-ab68-878e137cf2c7 to Jysamrani_47537ac6-2dac-4307-8d08-3c34e0b4b4a9"},{"timestamp":1611070129205,"log":"created description for peer : Jysamrani_47537ac6-2dac-4307-8d08-3c34e0b4b4a9"},{"timestamp":1611070129211,"log":"ice: Ayush_c79c1559-3b2b-4c48-ab68-878e137cf2c7 to Jysamrani_47537ac6-2dac-4307-8d08-3c34e0b4b4a9"},{"timestamp":1611070129211,"log":"ice: Ayush_c79c1559-3b2b-4c48-ab68-878e137cf2c7 to Jysamrani_47537ac6-2dac-4307-8d08-3c34e0b4b4a9"},{"timestamp":1611070129244,"log":"ice: Ayush_c79c1559-3b2b-4c48-ab68-878e137cf2c7 to Jysamrani_47537ac6-2dac-4307-8d08-3c34e0b4b4a9"},{"timestamp":1611070129248,"log":"ice: Ayush_c79c1559-3b2b-4c48-ab68-878e137cf2c7 to Jysamrani_47537ac6-2dac-4307-8d08-3c34e0b4b4a9"},{"timestamp":1611070129515,"log":"connection with peer Jysamrani_47537ac6-2dac-4307-8d08-3c34e0b4b4a9 checking"},{"timestamp":1611070129767,"log":"received sdp from peer : Jysamrani_47537ac6-2dac-4307-8d08-3c34e0b4b4a9"},{"timestamp":1611070129770,"log":"received ice from peer : Jysamrani_47537ac6-2dac-4307-8d08-3c34e0b4b4a9"},{"timestamp":1611070129775,"log":"connection with peer Jysamrani_47537ac6-2dac-4307-8d08-3c34e0b4b4a9 connected"},{"timestamp":1611070129775,"log":"ice: Ayush_c79c1559-3b2b-4c48-ab68-878e137cf2c7 to Jysamrani_47537ac6-2dac-4307-8d08-3c34e0b4b4a9"},{"timestamp":1611070192473,"log":{"from":"Anshu_715feb1f-a25a-4ae3-8c2f-68f8feb07cd2","to":"Ayush_c79c1559-3b2b-4c48-ab68-878e137cf2c7","context":"CONNECT","data":"{\"roomID\":\"123456\"}"}},{"timestamp":1611070192473,"log":"Connect request from Child : Anshu_715feb1f-a25a-4ae3-8c2f-68f8feb07cd2"},{"timestamp":1611070192475,"log":"adding tracks"},{"timestamp":1611070192477,"log":"call inititated: Ayush_c79c1559-3b2b-4c48-ab68-878e137cf2c7 to Anshu_715feb1f-a25a-4ae3-8c2f-68f8feb07cd2"},{"timestamp":1611070192481,"log":"created description for peer : Anshu_715feb1f-a25a-4ae3-8c2f-68f8feb07cd2"},{"timestamp":1611070192486,"log":"ice: Ayush_c79c1559-3b2b-4c48-ab68-878e137cf2c7 to Anshu_715feb1f-a25a-4ae3-8c2f-68f8feb07cd2"},{"timestamp":1611070192486,"log":"ice: Ayush_c79c1559-3b2b-4c48-ab68-878e137cf2c7 to Anshu_715feb1f-a25a-4ae3-8c2f-68f8feb07cd2"},{"timestamp":1611070192519,"log":"ice: Ayush_c79c1559-3b2b-4c48-ab68-878e137cf2c7 to Anshu_715feb1f-a25a-4ae3-8c2f-68f8feb07cd2"},{"timestamp":1611070192522,"log":"ice: Ayush_c79c1559-3b2b-4c48-ab68-878e137cf2c7 to Anshu_715feb1f-a25a-4ae3-8c2f-68f8feb07cd2"},{"timestamp":1611070192815,"log":"connection with peer Anshu_715feb1f-a25a-4ae3-8c2f-68f8feb07cd2 checking"},{"timestamp":1611070193063,"log":"received sdp from peer : Anshu_715feb1f-a25a-4ae3-8c2f-68f8feb07cd2"},{"timestamp":1611070193069,"log":"received ice from peer : Anshu_715feb1f-a25a-4ae3-8c2f-68f8feb07cd2"},{"timestamp":1611070193071,"log":"ice: Ayush_c79c1559-3b2b-4c48-ab68-878e137cf2c7 to Anshu_715feb1f-a25a-4ae3-8c2f-68f8feb07cd2"},{"timestamp":1611070193071,"log":"connection with peer Anshu_715feb1f-a25a-4ae3-8c2f-68f8feb07cd2 connected"}]