[{"timestamp":1611070695740,"log":{"from":"server","to":"Sarthak_9b492fff-c1b8-415d-bf60-a60a30296cf5","context":"PARENT","data":"{\"peer\":\"Ruchika_d244ffd0-9079-46ad-a0ac-5dfc49145500\"}"}},{"timestamp":1611070695740,"log":"Parent : Ruchika_d244ffd0-9079-46ad-a0ac-5dfc49145500"},{"timestamp":1611070696254,"log":{"from":"Ruchika_d244ffd0-9079-46ad-a0ac-5dfc49145500","to":"Sarthak_9b492fff-c1b8-415d-bf60-a60a30296cf5","context":"CONNECT_ACK","data":"{\"roomID\":\"123456\"}"}},{"timestamp":1611070696254,"log":"Connection ACK from parent : Ruchika_d244ffd0-9079-46ad-a0ac-5dfc49145500"},{"timestamp":1611070696276,"log":"received sdp from peer : Ruchika_d244ffd0-9079-46ad-a0ac-5dfc49145500"},{"timestamp":1611070696281,"log":"remote stream received"},{"timestamp":1611070696281,"log":{}},{"timestamp":1611070696282,"log":"remote stream received"},{"timestamp":1611070696282,"log":{}},{"timestamp":1611070696285,"log":"received ice from peer : Ruchika_d244ffd0-9079-46ad-a0ac-5dfc49145500"},{"timestamp":1611070696287,"log":"created description for peer : Ruchika_d244ffd0-9079-46ad-a0ac-5dfc49145500"},{"timestamp":1611070696297,"log":"ice: Sarthak_9b492fff-c1b8-415d-bf60-a60a30296cf5 to Ruchika_d244ffd0-9079-46ad-a0ac-5dfc49145500"},{"timestamp":1611070696333,"log":"ice: Sarthak_9b492fff-c1b8-415d-bf60-a60a30296cf5 to Ruchika_d244ffd0-9079-46ad-a0ac-5dfc49145500"},{"timestamp":1611070696395,"log":"connection with peer Ruchika_d244ffd0-9079-46ad-a0ac-5dfc49145500 checking"},{"timestamp":1611070696521,"log":"received ice from peer : Ruchika_d244ffd0-9079-46ad-a0ac-5dfc49145500"},{"timestamp":1611070696522,"log":"received ice from peer : Ruchika_d244ffd0-9079-46ad-a0ac-5dfc49145500"},{"timestamp":1611070696523,"log":"received ice from peer : Ruchika_d244ffd0-9079-46ad-a0ac-5dfc49145500"},{"timestamp":1611070696590,"log":"ice: Sarthak_9b492fff-c1b8-415d-bf60-a60a30296cf5 to Ruchika_d244ffd0-9079-46ad-a0ac-5dfc49145500"},{"timestamp":1611070696591,"log":"connection with peer Ruchika_d244ffd0-9079-46ad-a0ac-5dfc49145500 connected"}]