[{"timestamp":1611072471607,"log":{"from":"server","to":"Pravin_8defaf3c-0911-4961-a8a2-e16c054f4e88","context":"PARENT","data":"{\"peer\":\"Unique_676d6f67-4353-47e5-a8e0-e04872e652cb\"}"}},{"timestamp":1611072471607,"log":"Parent : Unique_676d6f67-4353-47e5-a8e0-e04872e652cb"},{"timestamp":1611072472086,"log":{"from":"Unique_676d6f67-4353-47e5-a8e0-e04872e652cb","to":"Pravin_8defaf3c-0911-4961-a8a2-e16c054f4e88","context":"CONNECT_ACK","data":"{\"roomID\":\"123456\"}"}},{"timestamp":1611072472086,"log":"Connection ACK from parent : Unique_676d6f67-4353-47e5-a8e0-e04872e652cb"},{"timestamp":1611072472095,"log":"received sdp from peer : Unique_676d6f67-4353-47e5-a8e0-e04872e652cb"},{"timestamp":1611072472099,"log":"received ice from peer : Unique_676d6f67-4353-47e5-a8e0-e04872e652cb"},{"timestamp":1611072472102,"log":"received ice from peer : Unique_676d6f67-4353-47e5-a8e0-e04872e652cb"},{"timestamp":1611072472103,"log":"remote stream received"},{"timestamp":1611072472103,"log":{}},{"timestamp":1611072472103,"log":"remote stream received"},{"timestamp":1611072472104,"log":{}},{"timestamp":1611072472106,"log":"created description for peer : Unique_676d6f67-4353-47e5-a8e0-e04872e652cb"},{"timestamp":1611072472114,"log":"connection with peer Unique_676d6f67-4353-47e5-a8e0-e04872e652cb checking"},{"timestamp":1611072472114,"log":"ice: Pravin_8defaf3c-0911-4961-a8a2-e16c054f4e88 to Unique_676d6f67-4353-47e5-a8e0-e04872e652cb"},{"timestamp":1611072472115,"log":"connection with peer Unique_676d6f67-4353-47e5-a8e0-e04872e652cb connected"},{"timestamp":1611072472115,"log":"ice: Pravin_8defaf3c-0911-4961-a8a2-e16c054f4e88 to Unique_676d6f67-4353-47e5-a8e0-e04872e652cb"},{"timestamp":1611072472127,"log":"received ice from peer : Unique_676d6f67-4353-47e5-a8e0-e04872e652cb"},{"timestamp":1611072472128,"log":"received ice from peer : Unique_676d6f67-4353-47e5-a8e0-e04872e652cb"}]