[{"timestamp":1611072500943,"log":{"from":"server","to":"Moka_7d7cea5d-2292-43ce-8160-f81ccea9862c","context":"PARENT","data":"{\"peer\":\"Unique_676d6f67-4353-47e5-a8e0-e04872e652cb\"}"}},{"timestamp":1611072500943,"log":"Parent : Unique_676d6f67-4353-47e5-a8e0-e04872e652cb"},{"timestamp":1611072501429,"log":{"from":"Unique_676d6f67-4353-47e5-a8e0-e04872e652cb","to":"Moka_7d7cea5d-2292-43ce-8160-f81ccea9862c","context":"CONNECT_ACK","data":"{\"roomID\":\"123456\"}"}},{"timestamp":1611072501429,"log":"Connection ACK from parent : Unique_676d6f67-4353-47e5-a8e0-e04872e652cb"},{"timestamp":1611072501437,"log":"received sdp from peer : Unique_676d6f67-4353-47e5-a8e0-e04872e652cb"},{"timestamp":1611072501446,"log":"received ice from peer : Unique_676d6f67-4353-47e5-a8e0-e04872e652cb"},{"timestamp":1611072501460,"log":"remote stream received"},{"timestamp":1611072501462,"log":{}},{"timestamp":1611072501462,"log":"remote stream received"},{"timestamp":1611072501463,"log":{}},{"timestamp":1611072501473,"log":"received ice from peer : Unique_676d6f67-4353-47e5-a8e0-e04872e652cb"},{"timestamp":1611072501490,"log":"created description for peer : Unique_676d6f67-4353-47e5-a8e0-e04872e652cb"},{"timestamp":1611072501499,"log":"received ice from peer : Unique_676d6f67-4353-47e5-a8e0-e04872e652cb"},{"timestamp":1611072501510,"log":"connection with peer Unique_676d6f67-4353-47e5-a8e0-e04872e652cb checking"},{"timestamp":1611072501512,"log":"connection with peer Unique_676d6f67-4353-47e5-a8e0-e04872e652cb connected"},{"timestamp":1611072501514,"log":"ice: Moka_7d7cea5d-2292-43ce-8160-f81ccea9862c to Unique_676d6f67-4353-47e5-a8e0-e04872e652cb"},{"timestamp":1611072501514,"log":"ice: Moka_7d7cea5d-2292-43ce-8160-f81ccea9862c to Unique_676d6f67-4353-47e5-a8e0-e04872e652cb"},{"timestamp":1611072501622,"log":"received ice from peer : Unique_676d6f67-4353-47e5-a8e0-e04872e652cb"}]