[{"timestamp":1611072756184,"log":{"from":"server","to":"Jaysoni_592d9756-9848-4425-b968-d7066e98111e","context":"PARENT","data":"{\"peer\":\"Shivam_d3c79d6a-f882-41f2-a578-970ee49ff3dd\"}"}},{"timestamp":1611072756184,"log":"Parent : Shivam_d3c79d6a-f882-41f2-a578-970ee49ff3dd"},{"timestamp":1611072756685,"log":{"from":"Shivam_d3c79d6a-f882-41f2-a578-970ee49ff3dd","to":"Jaysoni_592d9756-9848-4425-b968-d7066e98111e","context":"CONNECT_ACK","data":"{\"roomID\":\"123456\"}"}},{"timestamp":1611072756685,"log":"Connection ACK from parent : Shivam_d3c79d6a-f882-41f2-a578-970ee49ff3dd"},{"timestamp":1611072756692,"log":"received sdp from peer : Shivam_d3c79d6a-f882-41f2-a578-970ee49ff3dd"},{"timestamp":1611072756694,"log":"received ice from peer : Shivam_d3c79d6a-f882-41f2-a578-970ee49ff3dd"},{"timestamp":1611072756696,"log":"received ice from peer : Shivam_d3c79d6a-f882-41f2-a578-970ee49ff3dd"},{"timestamp":1611072756697,"log":"remote stream received"},{"timestamp":1611072756698,"log":{}},{"timestamp":1611072756698,"log":"remote stream received"},{"timestamp":1611072756698,"log":{}},{"timestamp":1611072756702,"log":"created description for peer : Shivam_d3c79d6a-f882-41f2-a578-970ee49ff3dd"},{"timestamp":1611072756706,"log":"ice: Jaysoni_592d9756-9848-4425-b968-d7066e98111e to Shivam_d3c79d6a-f882-41f2-a578-970ee49ff3dd"},{"timestamp":1611072756720,"log":"received ice from peer : Shivam_d3c79d6a-f882-41f2-a578-970ee49ff3dd"},{"timestamp":1611072756722,"log":"connection with peer Shivam_d3c79d6a-f882-41f2-a578-970ee49ff3dd checking"},{"timestamp":1611072756723,"log":"received ice from peer : Shivam_d3c79d6a-f882-41f2-a578-970ee49ff3dd"},{"timestamp":1611072756739,"log":"ice: Jaysoni_592d9756-9848-4425-b968-d7066e98111e to Shivam_d3c79d6a-f882-41f2-a578-970ee49ff3dd"},{"timestamp":1611072757013,"log":"ice: Jaysoni_592d9756-9848-4425-b968-d7066e98111e to Shivam_d3c79d6a-f882-41f2-a578-970ee49ff3dd"},{"timestamp":1611072757013,"log":"connection with peer Shivam_d3c79d6a-f882-41f2-a578-970ee49ff3dd connected"}]