{"Shivam_d3c79d6a-f882-41f2-a578-970ee49ff3dd":[{"from":"Shivam_d3c79d6a-f882-41f2-a578-970ee49ff3dd","to":"Jaysoni_592d9756-9848-4425-b968-d7066e98111e","Audio":{"timestamp":1611072760167.331,"packetsReceived":157,"packetsLost":0},"Type":"inbound-rtp","Video":{"timestamp":1611072760167.331,"packetsReceived":0,"packetsLost":0}},{"from":"Shivam_d3c79d6a-f882-41f2-a578-970ee49ff3dd","to":"Jaysoni_592d9756-9848-4425-b968-d7066e98111e","Audio":{"timestamp":1611072760167.331,"packetsReceived":157,"packetsLost":0},"Type":"inbound-rtp","Video":{"timestamp":1611072760167.331,"packetsReceived":0,"packetsLost":0}},{"from":"Shivam_d3c79d6a-f882-41f2-a578-970ee49ff3dd","to":"Jaysoni_592d9756-9848-4425-b968-d7066e98111e","Audio":{"timestamp":1611072765735.968,"packetsReceived":436,"packetsLost":0},"Type":"inbound-rtp","Video":{"timestamp":1611072765735.968,"packetsReceived":41,"packetsLost":0}},{"from":"Shivam_d3c79d6a-f882-41f2-a578-970ee49ff3dd","to":"Jaysoni_592d9756-9848-4425-b968-d7066e98111e","Audio":{"timestamp":1611072765735.968,"packetsReceived":436,"packetsLost":0},"Type":"inbound-rtp","Video":{"timestamp":1611072765735.968,"packetsReceived":41,"packetsLost":0}},{"from":"Shivam_d3c79d6a-f882-41f2-a578-970ee49ff3dd","to":"Jaysoni_592d9756-9848-4425-b968-d7066e98111e","Audio":{"timestamp":1611072770735.819,"packetsReceived":686,"packetsLost":0},"Type":"inbound-rtp","Video":{"timestamp":1611072770735.819,"packetsReceived":66,"packetsLost":0}},{"from":"Shivam_d3c79d6a-f882-41f2-a578-970ee49ff3dd","to":"Jaysoni_592d9756-9848-4425-b968-d7066e98111e","Audio":{"timestamp":1611072770735.819,"packetsReceived":686,"packetsLost":0},"Type":"inbound-rtp","Video":{"timestamp":1611072770735.819,"packetsReceived":66,"packetsLost":0}},{"from":"Shivam_d3c79d6a-f882-41f2-a578-970ee49ff3dd","to":"Jaysoni_592d9756-9848-4425-b968-d7066e98111e","Audio":{"timestamp":1611072775735.914,"packetsReceived":936,"packetsLost":0},"Type":"inbound-rtp","Video":{"timestamp":1611072775735.914,"packetsReceived":98,"packetsLost":0}},{"from":"Shivam_d3c79d6a-f882-41f2-a578-970ee49ff3dd","to":"Jaysoni_592d9756-9848-4425-b968-d7066e98111e","Audio":{"timestamp":1611072775735.914,"packetsReceived":936,"packetsLost":0},"Type":"inbound-rtp","Video":{"timestamp":1611072775735.914,"packetsReceived":98,"packetsLost":0}},{"from":"Shivam_d3c79d6a-f882-41f2-a578-970ee49ff3dd","to":"Jaysoni_592d9756-9848-4425-b968-d7066e98111e","Audio":{"timestamp":1611072780736.004,"packetsReceived":1186,"packetsLost":0},"Type":"inbound-rtp","Video":{"timestamp":1611072780736.004,"packetsReceived":107,"packetsLost":0}},{"from":"Shivam_d3c79d6a-f882-41f2-a578-970ee49ff3dd","to":"Jaysoni_592d9756-9848-4425-b968-d7066e98111e","Audio":{"timestamp":1611072780736.004,"packetsReceived":1186,"packetsLost":0},"Type":"inbound-rtp","Video":{"timestamp":1611072780736.004,"packetsReceived":107,"packetsLost":0}},{"from":"Shivam_d3c79d6a-f882-41f2-a578-970ee49ff3dd","to":"Jaysoni_592d9756-9848-4425-b968-d7066e98111e","Audio":{"timestamp":1611072785735.894,"packetsReceived":1436,"packetsLost":0},"Type":"inbound-rtp","Video":{"timestamp":1611072785735.894,"packetsReceived":112,"packetsLost":0}},{"from":"Shivam_d3c79d6a-f882-41f2-a578-970ee49ff3dd","to":"Jaysoni_592d9756-9848-4425-b968-d7066e98111e","Audio":{"timestamp":1611072785735.894,"packetsReceived":1436,"packetsLost":0},"Type":"inbound-rtp","Video":{"timestamp":1611072785735.894,"packetsReceived":112,"packetsLost":0}},{"from":"Shivam_d3c79d6a-f882-41f2-a578-970ee49ff3dd","to":"Jaysoni_592d9756-9848-4425-b968-d7066e98111e","Audio":{"timestamp":1611072790735.89,"packetsReceived":1686,"packetsLost":0},"Type":"inbound-rtp","Video":{"timestamp":1611072790735.89,"packetsReceived":116,"packetsLost":0}},{"from":"Shivam_d3c79d6a-f882-41f2-a578-970ee49ff3dd","to":"Jaysoni_592d9756-9848-4425-b968-d7066e98111e","Audio":{"timestamp":1611072790735.89,"packetsReceived":1686,"packetsLost":0},"Type":"inbound-rtp","Video":{"timestamp":1611072790735.89,"packetsReceived":116,"packetsLost":0}},{"from":"Shivam_d3c79d6a-f882-41f2-a578-970ee49ff3dd","to":"Jaysoni_592d9756-9848-4425-b968-d7066e98111e","Audio":{"timestamp":1611072795735.865,"packetsReceived":1936,"packetsLost":0},"Type":"inbound-rtp","Video":{"timestamp":1611072795735.865,"packetsReceived":121,"packetsLost":0}},{"from":"Shivam_d3c79d6a-f882-41f2-a578-970ee49ff3dd","to":"Jaysoni_592d9756-9848-4425-b968-d7066e98111e","Audio":{"timestamp":1611072795735.865,"packetsReceived":1936,"packetsLost":0},"Type":"inbound-rtp","Video":{"timestamp":1611072795735.865,"packetsReceived":121,"packetsLost":0}},{"from":"Shivam_d3c79d6a-f882-41f2-a578-970ee49ff3dd","to":"Jaysoni_592d9756-9848-4425-b968-d7066e98111e","Audio":{"timestamp":1611072800735.901,"packetsReceived":2186,"packetsLost":0},"Type":"inbound-rtp","Video":{"timestamp":1611072800735.901,"packetsReceived":126,"packetsLost":0}},{"from":"Shivam_d3c79d6a-f882-41f2-a578-970ee49ff3dd","to":"Jaysoni_592d9756-9848-4425-b968-d7066e98111e","Audio":{"timestamp":1611072800735.901,"packetsReceived":2186,"packetsLost":0},"Type":"inbound-rtp","Video":{"timestamp":1611072800735.901,"packetsReceived":126,"packetsLost":0}},{"from":"Shivam_d3c79d6a-f882-41f2-a578-970ee49ff3dd","to":"Jaysoni_592d9756-9848-4425-b968-d7066e98111e","Audio":{"timestamp":1611072805735.863,"packetsReceived":2436,"packetsLost":0},"Type":"inbound-rtp","Video":{"timestamp":1611072805735.863,"packetsReceived":130,"packetsLost":0}},{"from":"Shivam_d3c79d6a-f882-41f2-a578-970ee49ff3dd","to":"Jaysoni_592d9756-9848-4425-b968-d7066e98111e","Audio":{"timestamp":1611072805735.863,"packetsReceived":2436,"packetsLost":0},"Type":"inbound-rtp","Video":{"timestamp":1611072805735.863,"packetsReceived":130,"packetsLost":0}},{"from":"Shivam_d3c79d6a-f882-41f2-a578-970ee49ff3dd","to":"Jaysoni_592d9756-9848-4425-b968-d7066e98111e","Audio":{"timestamp":1611072810735.944,"packetsReceived":2686,"packetsLost":0},"Type":"inbound-rtp","Video":{"timestamp":1611072810735.944,"packetsReceived":135,"packetsLost":0}},{"from":"Shivam_d3c79d6a-f882-41f2-a578-970ee49ff3dd","to":"Jaysoni_592d9756-9848-4425-b968-d7066e98111e","Audio":{"timestamp":1611072810735.944,"packetsReceived":2686,"packetsLost":0},"Type":"inbound-rtp","Video":{"timestamp":1611072810735.944,"packetsReceived":135,"packetsLost":0}},{"from":"Shivam_d3c79d6a-f882-41f2-a578-970ee49ff3dd","to":"Jaysoni_592d9756-9848-4425-b968-d7066e98111e","Audio":{"timestamp":1611072815735.903,"packetsReceived":2936,"packetsLost":0},"Type":"inbound-rtp","Video":{"timestamp":1611072815735.903,"packetsReceived":140,"packetsLost":0}},{"from":"Shivam_d3c79d6a-f882-41f2-a578-970ee49ff3dd","to":"Jaysoni_592d9756-9848-4425-b968-d7066e98111e","Audio":{"timestamp":1611072815735.903,"packetsReceived":2936,"packetsLost":0},"Type":"inbound-rtp","Video":{"timestamp":1611072815735.903,"packetsReceived":140,"packetsLost":0}},{"from":"Shivam_d3c79d6a-f882-41f2-a578-970ee49ff3dd","to":"Jaysoni_592d9756-9848-4425-b968-d7066e98111e","Audio":{"timestamp":1611072820735.852,"packetsReceived":3186,"packetsLost":0},"Type":"inbound-rtp","Video":{"timestamp":1611072820735.852,"packetsReceived":144,"packetsLost":0}},{"from":"Shivam_d3c79d6a-f882-41f2-a578-970ee49ff3dd","to":"Jaysoni_592d9756-9848-4425-b968-d7066e98111e","Audio":{"timestamp":1611072820735.852,"packetsReceived":3186,"packetsLost":0},"Type":"inbound-rtp","Video":{"timestamp":1611072820735.852,"packetsReceived":144,"packetsLost":0}},{"from":"Shivam_d3c79d6a-f882-41f2-a578-970ee49ff3dd","to":"Jaysoni_592d9756-9848-4425-b968-d7066e98111e","Audio":{"timestamp":1611072825735.938,"packetsReceived":3436,"packetsLost":0},"Type":"inbound-rtp","Video":{"timestamp":1611072825735.938,"packetsReceived":149,"packetsLost":0}},{"from":"Shivam_d3c79d6a-f882-41f2-a578-970ee49ff3dd","to":"Jaysoni_592d9756-9848-4425-b968-d7066e98111e","Audio":{"timestamp":1611072825735.938,"packetsReceived":3436,"packetsLost":0},"Type":"inbound-rtp","Video":{"timestamp":1611072825735.938,"packetsReceived":149,"packetsLost":0}},{"from":"Shivam_d3c79d6a-f882-41f2-a578-970ee49ff3dd","to":"Jaysoni_592d9756-9848-4425-b968-d7066e98111e","Audio":{"timestamp":1611072830735.844,"packetsReceived":3686,"packetsLost":0},"Type":"inbound-rtp","Video":{"timestamp":1611072830735.844,"packetsReceived":212,"packetsLost":0}},{"from":"Shivam_d3c79d6a-f882-41f2-a578-970ee49ff3dd","to":"Jaysoni_592d9756-9848-4425-b968-d7066e98111e","Audio":{"timestamp":1611072830735.844,"packetsReceived":3686,"packetsLost":0},"Type":"inbound-rtp","Video":{"timestamp":1611072830735.844,"packetsReceived":212,"packetsLost":0}},{"from":"Shivam_d3c79d6a-f882-41f2-a578-970ee49ff3dd","to":"Jaysoni_592d9756-9848-4425-b968-d7066e98111e","Audio":{"timestamp":1611072835735.872,"packetsReceived":3936,"packetsLost":0},"Type":"inbound-rtp","Video":{"timestamp":1611072835735.872,"packetsReceived":216,"packetsLost":0}},{"from":"Shivam_d3c79d6a-f882-41f2-a578-970ee49ff3dd","to":"Jaysoni_592d9756-9848-4425-b968-d7066e98111e","Audio":{"timestamp":1611072835735.872,"packetsReceived":3936,"packetsLost":0},"Type":"inbound-rtp","Video":{"timestamp":1611072835735.872,"packetsReceived":216,"packetsLost":0}},{"from":"Shivam_d3c79d6a-f882-41f2-a578-970ee49ff3dd","to":"Jaysoni_592d9756-9848-4425-b968-d7066e98111e","Audio":{"timestamp":1611072840735.885,"packetsReceived":4186,"packetsLost":0},"Type":"inbound-rtp","Video":{"timestamp":1611072840735.885,"packetsReceived":221,"packetsLost":0}},{"from":"Shivam_d3c79d6a-f882-41f2-a578-970ee49ff3dd","to":"Jaysoni_592d9756-9848-4425-b968-d7066e98111e","Audio":{"timestamp":1611072840735.885,"packetsReceived":4186,"packetsLost":0},"Type":"inbound-rtp","Video":{"timestamp":1611072840735.885,"packetsReceived":221,"packetsLost":0}},{"from":"Shivam_d3c79d6a-f882-41f2-a578-970ee49ff3dd","to":"Jaysoni_592d9756-9848-4425-b968-d7066e98111e","Audio":{"timestamp":1611072845735.858,"packetsReceived":4436,"packetsLost":0},"Type":"inbound-rtp","Video":{"timestamp":1611072845735.858,"packetsReceived":226,"packetsLost":0}},{"from":"Shivam_d3c79d6a-f882-41f2-a578-970ee49ff3dd","to":"Jaysoni_592d9756-9848-4425-b968-d7066e98111e","Audio":{"timestamp":1611072845735.858,"packetsReceived":4436,"packetsLost":0},"Type":"inbound-rtp","Video":{"timestamp":1611072845735.858,"packetsReceived":226,"packetsLost":0}},{"from":"Shivam_d3c79d6a-f882-41f2-a578-970ee49ff3dd","to":"Jaysoni_592d9756-9848-4425-b968-d7066e98111e","Audio":{"timestamp":1611072850735.798,"packetsReceived":4686,"packetsLost":0},"Type":"inbound-rtp","Video":{"timestamp":1611072850735.798,"packetsReceived":230,"packetsLost":0}},{"from":"Shivam_d3c79d6a-f882-41f2-a578-970ee49ff3dd","to":"Jaysoni_592d9756-9848-4425-b968-d7066e98111e","Audio":{"timestamp":1611072850735.798,"packetsReceived":4686,"packetsLost":0},"Type":"inbound-rtp","Video":{"timestamp":1611072850735.798,"packetsReceived":230,"packetsLost":0}},{"from":"Shivam_d3c79d6a-f882-41f2-a578-970ee49ff3dd","to":"Jaysoni_592d9756-9848-4425-b968-d7066e98111e","Audio":{"timestamp":1611072855735.91,"packetsReceived":4936,"packetsLost":0},"Type":"inbound-rtp","Video":{"timestamp":1611072855735.91,"packetsReceived":235,"packetsLost":0}},{"from":"Shivam_d3c79d6a-f882-41f2-a578-970ee49ff3dd","to":"Jaysoni_592d9756-9848-4425-b968-d7066e98111e","Audio":{"timestamp":1611072855735.91,"packetsReceived":4936,"packetsLost":0},"Type":"inbound-rtp","Video":{"timestamp":1611072855735.91,"packetsReceived":235,"packetsLost":0}},{"from":"Shivam_d3c79d6a-f882-41f2-a578-970ee49ff3dd","to":"Jaysoni_592d9756-9848-4425-b968-d7066e98111e","Audio":{"timestamp":1611072860735.923,"packetsReceived":5186,"packetsLost":0},"Type":"inbound-rtp","Video":{"timestamp":1611072860735.923,"packetsReceived":240,"packetsLost":0}},{"from":"Shivam_d3c79d6a-f882-41f2-a578-970ee49ff3dd","to":"Jaysoni_592d9756-9848-4425-b968-d7066e98111e","Audio":{"timestamp":1611072860735.923,"packetsReceived":5186,"packetsLost":0},"Type":"inbound-rtp","Video":{"timestamp":1611072860735.923,"packetsReceived":240,"packetsLost":0}},{"from":"Shivam_d3c79d6a-f882-41f2-a578-970ee49ff3dd","to":"Jaysoni_592d9756-9848-4425-b968-d7066e98111e","Audio":{"timestamp":1611072865736.149,"packetsReceived":5436,"packetsLost":0},"Type":"inbound-rtp","Video":{"timestamp":1611072865736.149,"packetsReceived":244,"packetsLost":0}},{"from":"Shivam_d3c79d6a-f882-41f2-a578-970ee49ff3dd","to":"Jaysoni_592d9756-9848-4425-b968-d7066e98111e","Audio":{"timestamp":1611072865736.149,"packetsReceived":5436,"packetsLost":0},"Type":"inbound-rtp","Video":{"timestamp":1611072865736.149,"packetsReceived":244,"packetsLost":0}},{"from":"Shivam_d3c79d6a-f882-41f2-a578-970ee49ff3dd","to":"Jaysoni_592d9756-9848-4425-b968-d7066e98111e","Audio":{"timestamp":1611072870735.884,"packetsReceived":5686,"packetsLost":0},"Type":"inbound-rtp","Video":{"timestamp":1611072870735.884,"packetsReceived":249,"packetsLost":0}},{"from":"Shivam_d3c79d6a-f882-41f2-a578-970ee49ff3dd","to":"Jaysoni_592d9756-9848-4425-b968-d7066e98111e","Audio":{"timestamp":1611072870735.884,"packetsReceived":5686,"packetsLost":0},"Type":"inbound-rtp","Video":{"timestamp":1611072870735.884,"packetsReceived":249,"packetsLost":0}},{"from":"Shivam_d3c79d6a-f882-41f2-a578-970ee49ff3dd","to":"Jaysoni_592d9756-9848-4425-b968-d7066e98111e","Audio":{"timestamp":1611072875735.864,"packetsReceived":5936,"packetsLost":0},"Type":"inbound-rtp","Video":{"timestamp":1611072875735.864,"packetsReceived":254,"packetsLost":0}},{"from":"Shivam_d3c79d6a-f882-41f2-a578-970ee49ff3dd","to":"Jaysoni_592d9756-9848-4425-b968-d7066e98111e","Audio":{"timestamp":1611072875735.864,"packetsReceived":5936,"packetsLost":0},"Type":"inbound-rtp","Video":{"timestamp":1611072875735.864,"packetsReceived":254,"packetsLost":0}},{"from":"Shivam_d3c79d6a-f882-41f2-a578-970ee49ff3dd","to":"Jaysoni_592d9756-9848-4425-b968-d7066e98111e","Audio":{"timestamp":1611072880735.805,"packetsReceived":6186,"packetsLost":0},"Type":"inbound-rtp","Video":{"timestamp":1611072880735.805,"packetsReceived":259,"packetsLost":0}},{"from":"Shivam_d3c79d6a-f882-41f2-a578-970ee49ff3dd","to":"Jaysoni_592d9756-9848-4425-b968-d7066e98111e","Audio":{"timestamp":1611072880735.805,"packetsReceived":6186,"packetsLost":0},"Type":"inbound-rtp","Video":{"timestamp":1611072880735.805,"packetsReceived":259,"packetsLost":0}},{"from":"Shivam_d3c79d6a-f882-41f2-a578-970ee49ff3dd","to":"Jaysoni_592d9756-9848-4425-b968-d7066e98111e","Audio":{"timestamp":1611072885735.91,"packetsReceived":6436,"packetsLost":0},"Type":"inbound-rtp","Video":{"timestamp":1611072885735.91,"packetsReceived":263,"packetsLost":0}},{"from":"Shivam_d3c79d6a-f882-41f2-a578-970ee49ff3dd","to":"Jaysoni_592d9756-9848-4425-b968-d7066e98111e","Audio":{"timestamp":1611072885735.91,"packetsReceived":6436,"packetsLost":0},"Type":"inbound-rtp","Video":{"timestamp":1611072885735.91,"packetsReceived":263,"packetsLost":0}},{"from":"Shivam_d3c79d6a-f882-41f2-a578-970ee49ff3dd","to":"Jaysoni_592d9756-9848-4425-b968-d7066e98111e","Audio":{"timestamp":1611072890735.875,"packetsReceived":6686,"packetsLost":0},"Type":"inbound-rtp","Video":{"timestamp":1611072890735.875,"packetsReceived":284,"packetsLost":0}},{"from":"Shivam_d3c79d6a-f882-41f2-a578-970ee49ff3dd","to":"Jaysoni_592d9756-9848-4425-b968-d7066e98111e","Audio":{"timestamp":1611072890735.875,"packetsReceived":6686,"packetsLost":0},"Type":"inbound-rtp","Video":{"timestamp":1611072890735.875,"packetsReceived":284,"packetsLost":0}},{"from":"Shivam_d3c79d6a-f882-41f2-a578-970ee49ff3dd","to":"Jaysoni_592d9756-9848-4425-b968-d7066e98111e","Audio":{"timestamp":1611072895735.873,"packetsReceived":6936,"packetsLost":0},"Type":"inbound-rtp","Video":{"timestamp":1611072895735.873,"packetsReceived":391,"packetsLost":0}},{"from":"Shivam_d3c79d6a-f882-41f2-a578-970ee49ff3dd","to":"Jaysoni_592d9756-9848-4425-b968-d7066e98111e","Audio":{"timestamp":1611072895735.873,"packetsReceived":6936,"packetsLost":0},"Type":"inbound-rtp","Video":{"timestamp":1611072895735.873,"packetsReceived":391,"packetsLost":0}},{"from":"Shivam_d3c79d6a-f882-41f2-a578-970ee49ff3dd","to":"Jaysoni_592d9756-9848-4425-b968-d7066e98111e","Audio":{"timestamp":1611072900735.957,"packetsReceived":7186,"packetsLost":0},"Type":"inbound-rtp","Video":{"timestamp":1611072900735.957,"packetsReceived":403,"packetsLost":0}},{"from":"Shivam_d3c79d6a-f882-41f2-a578-970ee49ff3dd","to":"Jaysoni_592d9756-9848-4425-b968-d7066e98111e","Audio":{"timestamp":1611072900735.957,"packetsReceived":7186,"packetsLost":0},"Type":"inbound-rtp","Video":{"timestamp":1611072900735.957,"packetsReceived":403,"packetsLost":0}},{"from":"Shivam_d3c79d6a-f882-41f2-a578-970ee49ff3dd","to":"Jaysoni_592d9756-9848-4425-b968-d7066e98111e","Audio":{"timestamp":1611072905735.895,"packetsReceived":7436,"packetsLost":0},"Type":"inbound-rtp","Video":{"timestamp":1611072905735.895,"packetsReceived":418,"packetsLost":0}},{"from":"Shivam_d3c79d6a-f882-41f2-a578-970ee49ff3dd","to":"Jaysoni_592d9756-9848-4425-b968-d7066e98111e","Audio":{"timestamp":1611072905735.895,"packetsReceived":7436,"packetsLost":0},"Type":"inbound-rtp","Video":{"timestamp":1611072905735.895,"packetsReceived":418,"packetsLost":0}},{"from":"Shivam_d3c79d6a-f882-41f2-a578-970ee49ff3dd","to":"Jaysoni_592d9756-9848-4425-b968-d7066e98111e","Audio":{"timestamp":1611072910735.776,"packetsReceived":7686,"packetsLost":0},"Type":"inbound-rtp","Video":{"timestamp":1611072910735.776,"packetsReceived":514,"packetsLost":0}},{"from":"Shivam_d3c79d6a-f882-41f2-a578-970ee49ff3dd","to":"Jaysoni_592d9756-9848-4425-b968-d7066e98111e","Audio":{"timestamp":1611072910735.776,"packetsReceived":7686,"packetsLost":0},"Type":"inbound-rtp","Video":{"timestamp":1611072910735.776,"packetsReceived":514,"packetsLost":0}},{"from":"Shivam_d3c79d6a-f882-41f2-a578-970ee49ff3dd","to":"Jaysoni_592d9756-9848-4425-b968-d7066e98111e","Audio":{"timestamp":1611072915735.925,"packetsReceived":7936,"packetsLost":0},"Type":"inbound-rtp","Video":{"timestamp":1611072915735.925,"packetsReceived":522,"packetsLost":0}},{"from":"Shivam_d3c79d6a-f882-41f2-a578-970ee49ff3dd","to":"Jaysoni_592d9756-9848-4425-b968-d7066e98111e","Audio":{"timestamp":1611072915735.925,"packetsReceived":7936,"packetsLost":0},"Type":"inbound-rtp","Video":{"timestamp":1611072915735.925,"packetsReceived":522,"packetsLost":0}},{"from":"Shivam_d3c79d6a-f882-41f2-a578-970ee49ff3dd","to":"Jaysoni_592d9756-9848-4425-b968-d7066e98111e","Audio":{"timestamp":1611072920735.89,"packetsReceived":8186,"packetsLost":0},"Type":"inbound-rtp","Video":{"timestamp":1611072920735.89,"packetsReceived":532,"packetsLost":0}},{"from":"Shivam_d3c79d6a-f882-41f2-a578-970ee49ff3dd","to":"Jaysoni_592d9756-9848-4425-b968-d7066e98111e","Audio":{"timestamp":1611072920735.89,"packetsReceived":8186,"packetsLost":0},"Type":"inbound-rtp","Video":{"timestamp":1611072920735.89,"packetsReceived":532,"packetsLost":0}},{"from":"Shivam_d3c79d6a-f882-41f2-a578-970ee49ff3dd","to":"Jaysoni_592d9756-9848-4425-b968-d7066e98111e","Audio":{"timestamp":1611072925735.84,"packetsReceived":8436,"packetsLost":0},"Type":"inbound-rtp","Video":{"timestamp":1611072925735.84,"packetsReceived":542,"packetsLost":0}},{"from":"Shivam_d3c79d6a-f882-41f2-a578-970ee49ff3dd","to":"Jaysoni_592d9756-9848-4425-b968-d7066e98111e","Audio":{"timestamp":1611072925735.84,"packetsReceived":8436,"packetsLost":0},"Type":"inbound-rtp","Video":{"timestamp":1611072925735.84,"packetsReceived":542,"packetsLost":0}},{"from":"Shivam_d3c79d6a-f882-41f2-a578-970ee49ff3dd","to":"Jaysoni_592d9756-9848-4425-b968-d7066e98111e","Audio":{"timestamp":1611072930735.951,"packetsReceived":8686,"packetsLost":0},"Type":"inbound-rtp","Video":{"timestamp":1611072930735.951,"packetsReceived":550,"packetsLost":0}},{"from":"Shivam_d3c79d6a-f882-41f2-a578-970ee49ff3dd","to":"Jaysoni_592d9756-9848-4425-b968-d7066e98111e","Audio":{"timestamp":1611072930735.951,"packetsReceived":8686,"packetsLost":0},"Type":"inbound-rtp","Video":{"timestamp":1611072930735.951,"packetsReceived":550,"packetsLost":0}},{"from":"Shivam_d3c79d6a-f882-41f2-a578-970ee49ff3dd","to":"Jaysoni_592d9756-9848-4425-b968-d7066e98111e","Audio":{"timestamp":1611072935735.918,"packetsReceived":8936,"packetsLost":0},"Type":"inbound-rtp","Video":{"timestamp":1611072935735.918,"packetsReceived":560,"packetsLost":0}},{"from":"Shivam_d3c79d6a-f882-41f2-a578-970ee49ff3dd","to":"Jaysoni_592d9756-9848-4425-b968-d7066e98111e","Audio":{"timestamp":1611072935735.918,"packetsReceived":8936,"packetsLost":0},"Type":"inbound-rtp","Video":{"timestamp":1611072935735.918,"packetsReceived":560,"packetsLost":0}},{"from":"Shivam_d3c79d6a-f882-41f2-a578-970ee49ff3dd","to":"Jaysoni_592d9756-9848-4425-b968-d7066e98111e","Audio":{"timestamp":1611072940736.013,"packetsReceived":9186,"packetsLost":0},"Type":"inbound-rtp","Video":{"timestamp":1611072940736.013,"packetsReceived":570,"packetsLost":0}},{"from":"Shivam_d3c79d6a-f882-41f2-a578-970ee49ff3dd","to":"Jaysoni_592d9756-9848-4425-b968-d7066e98111e","Audio":{"timestamp":1611072940736.013,"packetsReceived":9186,"packetsLost":0},"Type":"inbound-rtp","Video":{"timestamp":1611072940736.013,"packetsReceived":570,"packetsLost":0}},{"from":"Shivam_d3c79d6a-f882-41f2-a578-970ee49ff3dd","to":"Jaysoni_592d9756-9848-4425-b968-d7066e98111e","Audio":{"timestamp":1611072945735.864,"packetsReceived":9436,"packetsLost":0},"Type":"inbound-rtp","Video":{"timestamp":1611072945735.864,"packetsReceived":578,"packetsLost":0}},{"from":"Shivam_d3c79d6a-f882-41f2-a578-970ee49ff3dd","to":"Jaysoni_592d9756-9848-4425-b968-d7066e98111e","Audio":{"timestamp":1611072945735.864,"packetsReceived":9436,"packetsLost":0},"Type":"inbound-rtp","Video":{"timestamp":1611072945735.864,"packetsReceived":578,"packetsLost":0}},{"from":"Shivam_d3c79d6a-f882-41f2-a578-970ee49ff3dd","to":"Jaysoni_592d9756-9848-4425-b968-d7066e98111e","Audio":{"timestamp":1611072950735.982,"packetsReceived":9686,"packetsLost":0},"Type":"inbound-rtp","Video":{"timestamp":1611072950735.982,"packetsReceived":588,"packetsLost":0}},{"from":"Shivam_d3c79d6a-f882-41f2-a578-970ee49ff3dd","to":"Jaysoni_592d9756-9848-4425-b968-d7066e98111e","Audio":{"timestamp":1611072950735.982,"packetsReceived":9686,"packetsLost":0},"Type":"inbound-rtp","Video":{"timestamp":1611072950735.982,"packetsReceived":588,"packetsLost":0}},{"from":"Shivam_d3c79d6a-f882-41f2-a578-970ee49ff3dd","to":"Jaysoni_592d9756-9848-4425-b968-d7066e98111e","Audio":{"timestamp":1611072955735.887,"packetsReceived":9936,"packetsLost":0},"Type":"inbound-rtp","Video":{"timestamp":1611072955735.887,"packetsReceived":598,"packetsLost":0}},{"from":"Shivam_d3c79d6a-f882-41f2-a578-970ee49ff3dd","to":"Jaysoni_592d9756-9848-4425-b968-d7066e98111e","Audio":{"timestamp":1611072955735.887,"packetsReceived":9936,"packetsLost":0},"Type":"inbound-rtp","Video":{"timestamp":1611072955735.887,"packetsReceived":598,"packetsLost":0}},{"from":"Shivam_d3c79d6a-f882-41f2-a578-970ee49ff3dd","to":"Jaysoni_592d9756-9848-4425-b968-d7066e98111e","Audio":{"timestamp":1611072960735.987,"packetsReceived":10186,"packetsLost":0},"Type":"inbound-rtp","Video":{"timestamp":1611072960735.987,"packetsReceived":606,"packetsLost":0}},{"from":"Shivam_d3c79d6a-f882-41f2-a578-970ee49ff3dd","to":"Jaysoni_592d9756-9848-4425-b968-d7066e98111e","Audio":{"timestamp":1611072960735.987,"packetsReceived":10186,"packetsLost":0},"Type":"inbound-rtp","Video":{"timestamp":1611072960735.987,"packetsReceived":606,"packetsLost":0}},{"from":"Shivam_d3c79d6a-f882-41f2-a578-970ee49ff3dd","to":"Jaysoni_592d9756-9848-4425-b968-d7066e98111e","Audio":{"timestamp":1611072965735.904,"packetsReceived":10436,"packetsLost":0},"Type":"inbound-rtp","Video":{"timestamp":1611072965735.904,"packetsReceived":616,"packetsLost":0}},{"from":"Shivam_d3c79d6a-f882-41f2-a578-970ee49ff3dd","to":"Jaysoni_592d9756-9848-4425-b968-d7066e98111e","Audio":{"timestamp":1611072965735.904,"packetsReceived":10436,"packetsLost":0},"Type":"inbound-rtp","Video":{"timestamp":1611072965735.904,"packetsReceived":616,"packetsLost":0}},{"from":"Shivam_d3c79d6a-f882-41f2-a578-970ee49ff3dd","to":"Jaysoni_592d9756-9848-4425-b968-d7066e98111e","Audio":{"timestamp":1611072970735.887,"packetsReceived":10686,"packetsLost":0},"Type":"inbound-rtp","Video":{"timestamp":1611072970735.887,"packetsReceived":626,"packetsLost":0}},{"from":"Shivam_d3c79d6a-f882-41f2-a578-970ee49ff3dd","to":"Jaysoni_592d9756-9848-4425-b968-d7066e98111e","Audio":{"timestamp":1611072970735.887,"packetsReceived":10686,"packetsLost":0},"Type":"inbound-rtp","Video":{"timestamp":1611072970735.887,"packetsReceived":626,"packetsLost":0}},{"from":"Shivam_d3c79d6a-f882-41f2-a578-970ee49ff3dd","to":"Jaysoni_592d9756-9848-4425-b968-d7066e98111e","Audio":{"timestamp":1611072975736.014,"packetsReceived":10936,"packetsLost":0},"Type":"inbound-rtp","Video":{"timestamp":1611072975736.014,"packetsReceived":634,"packetsLost":0}},{"from":"Shivam_d3c79d6a-f882-41f2-a578-970ee49ff3dd","to":"Jaysoni_592d9756-9848-4425-b968-d7066e98111e","Audio":{"timestamp":1611072975736.014,"packetsReceived":10936,"packetsLost":0},"Type":"inbound-rtp","Video":{"timestamp":1611072975736.014,"packetsReceived":634,"packetsLost":0}},{"from":"Shivam_d3c79d6a-f882-41f2-a578-970ee49ff3dd","to":"Jaysoni_592d9756-9848-4425-b968-d7066e98111e","Audio":{"timestamp":1611072980735.894,"packetsReceived":11186,"packetsLost":0},"Type":"inbound-rtp","Video":{"timestamp":1611072980735.894,"packetsReceived":644,"packetsLost":0}},{"from":"Shivam_d3c79d6a-f882-41f2-a578-970ee49ff3dd","to":"Jaysoni_592d9756-9848-4425-b968-d7066e98111e","Audio":{"timestamp":1611072980735.894,"packetsReceived":11186,"packetsLost":0},"Type":"inbound-rtp","Video":{"timestamp":1611072980735.894,"packetsReceived":644,"packetsLost":0}},{"from":"Shivam_d3c79d6a-f882-41f2-a578-970ee49ff3dd","to":"Jaysoni_592d9756-9848-4425-b968-d7066e98111e","Audio":{"timestamp":1611072985735.867,"packetsReceived":11436,"packetsLost":0},"Type":"inbound-rtp","Video":{"timestamp":1611072985735.867,"packetsReceived":654,"packetsLost":0}},{"from":"Shivam_d3c79d6a-f882-41f2-a578-970ee49ff3dd","to":"Jaysoni_592d9756-9848-4425-b968-d7066e98111e","Audio":{"timestamp":1611072985735.867,"packetsReceived":11436,"packetsLost":0},"Type":"inbound-rtp","Video":{"timestamp":1611072985735.867,"packetsReceived":654,"packetsLost":0}},{"from":"Shivam_d3c79d6a-f882-41f2-a578-970ee49ff3dd","to":"Jaysoni_592d9756-9848-4425-b968-d7066e98111e","Audio":{"timestamp":1611072990735.875,"packetsReceived":11686,"packetsLost":0},"Type":"inbound-rtp","Video":{"timestamp":1611072990735.875,"packetsReceived":662,"packetsLost":0}},{"from":"Shivam_d3c79d6a-f882-41f2-a578-970ee49ff3dd","to":"Jaysoni_592d9756-9848-4425-b968-d7066e98111e","Audio":{"timestamp":1611072990735.875,"packetsReceived":11686,"packetsLost":0},"Type":"inbound-rtp","Video":{"timestamp":1611072990735.875,"packetsReceived":662,"packetsLost":0}},{"from":"Shivam_d3c79d6a-f882-41f2-a578-970ee49ff3dd","to":"Jaysoni_592d9756-9848-4425-b968-d7066e98111e","Audio":{"timestamp":1611072995735.909,"packetsReceived":11936,"packetsLost":0},"Type":"inbound-rtp","Video":{"timestamp":1611072995735.909,"packetsReceived":672,"packetsLost":0}},{"from":"Shivam_d3c79d6a-f882-41f2-a578-970ee49ff3dd","to":"Jaysoni_592d9756-9848-4425-b968-d7066e98111e","Audio":{"timestamp":1611072995735.909,"packetsReceived":11936,"packetsLost":0},"Type":"inbound-rtp","Video":{"timestamp":1611072995735.909,"packetsReceived":672,"packetsLost":0}},{"from":"Shivam_d3c79d6a-f882-41f2-a578-970ee49ff3dd","to":"Jaysoni_592d9756-9848-4425-b968-d7066e98111e","Audio":{"timestamp":1611073000735.904,"packetsReceived":12186,"packetsLost":0},"Type":"inbound-rtp","Video":{"timestamp":1611073000735.904,"packetsReceived":682,"packetsLost":0}},{"from":"Shivam_d3c79d6a-f882-41f2-a578-970ee49ff3dd","to":"Jaysoni_592d9756-9848-4425-b968-d7066e98111e","Audio":{"timestamp":1611073000735.904,"packetsReceived":12186,"packetsLost":0},"Type":"inbound-rtp","Video":{"timestamp":1611073000735.904,"packetsReceived":682,"packetsLost":0}},{"from":"Shivam_d3c79d6a-f882-41f2-a578-970ee49ff3dd","to":"Jaysoni_592d9756-9848-4425-b968-d7066e98111e","Audio":{"timestamp":1611073005735.928,"packetsReceived":12436,"packetsLost":0},"Type":"inbound-rtp","Video":{"timestamp":1611073005735.928,"packetsReceived":690,"packetsLost":0}},{"from":"Shivam_d3c79d6a-f882-41f2-a578-970ee49ff3dd","to":"Jaysoni_592d9756-9848-4425-b968-d7066e98111e","Audio":{"timestamp":1611073005735.928,"packetsReceived":12436,"packetsLost":0},"Type":"inbound-rtp","Video":{"timestamp":1611073005735.928,"packetsReceived":690,"packetsLost":0}},{"from":"Shivam_d3c79d6a-f882-41f2-a578-970ee49ff3dd","to":"Jaysoni_592d9756-9848-4425-b968-d7066e98111e","Audio":{"timestamp":1611073010735.887,"packetsReceived":12686,"packetsLost":0},"Type":"inbound-rtp","Video":{"timestamp":1611073010735.887,"packetsReceived":700,"packetsLost":0}},{"from":"Shivam_d3c79d6a-f882-41f2-a578-970ee49ff3dd","to":"Jaysoni_592d9756-9848-4425-b968-d7066e98111e","Audio":{"timestamp":1611073010735.887,"packetsReceived":12686,"packetsLost":0},"Type":"inbound-rtp","Video":{"timestamp":1611073010735.887,"packetsReceived":700,"packetsLost":0}},{"from":"Shivam_d3c79d6a-f882-41f2-a578-970ee49ff3dd","to":"Jaysoni_592d9756-9848-4425-b968-d7066e98111e","Audio":{"timestamp":1611073015735.859,"packetsReceived":12936,"packetsLost":0},"Type":"inbound-rtp","Video":{"timestamp":1611073015735.859,"packetsReceived":710,"packetsLost":0}},{"from":"Shivam_d3c79d6a-f882-41f2-a578-970ee49ff3dd","to":"Jaysoni_592d9756-9848-4425-b968-d7066e98111e","Audio":{"timestamp":1611073015735.859,"packetsReceived":12936,"packetsLost":0},"Type":"inbound-rtp","Video":{"timestamp":1611073015735.859,"packetsReceived":710,"packetsLost":0}},{"from":"Shivam_d3c79d6a-f882-41f2-a578-970ee49ff3dd","to":"Jaysoni_592d9756-9848-4425-b968-d7066e98111e","Audio":{"timestamp":1611073020736.13,"packetsReceived":13186,"packetsLost":0},"Type":"inbound-rtp","Video":{"timestamp":1611073020736.13,"packetsReceived":718,"packetsLost":0}},{"from":"Shivam_d3c79d6a-f882-41f2-a578-970ee49ff3dd","to":"Jaysoni_592d9756-9848-4425-b968-d7066e98111e","Audio":{"timestamp":1611073020736.13,"packetsReceived":13186,"packetsLost":0},"Type":"inbound-rtp","Video":{"timestamp":1611073020736.13,"packetsReceived":718,"packetsLost":0}},{"from":"Shivam_d3c79d6a-f882-41f2-a578-970ee49ff3dd","to":"Jaysoni_592d9756-9848-4425-b968-d7066e98111e","Audio":{"timestamp":1611073025735.883,"packetsReceived":13436,"packetsLost":0},"Type":"inbound-rtp","Video":{"timestamp":1611073025735.883,"packetsReceived":728,"packetsLost":0}},{"from":"Shivam_d3c79d6a-f882-41f2-a578-970ee49ff3dd","to":"Jaysoni_592d9756-9848-4425-b968-d7066e98111e","Audio":{"timestamp":1611073025735.883,"packetsReceived":13436,"packetsLost":0},"Type":"inbound-rtp","Video":{"timestamp":1611073025735.883,"packetsReceived":728,"packetsLost":0}},{"from":"Shivam_d3c79d6a-f882-41f2-a578-970ee49ff3dd","to":"Jaysoni_592d9756-9848-4425-b968-d7066e98111e","Audio":{"timestamp":1611073030735.892,"packetsReceived":13686,"packetsLost":0},"Type":"inbound-rtp","Video":{"timestamp":1611073030735.892,"packetsReceived":738,"packetsLost":0}},{"from":"Shivam_d3c79d6a-f882-41f2-a578-970ee49ff3dd","to":"Jaysoni_592d9756-9848-4425-b968-d7066e98111e","Audio":{"timestamp":1611073030735.892,"packetsReceived":13686,"packetsLost":0},"Type":"inbound-rtp","Video":{"timestamp":1611073030735.892,"packetsReceived":738,"packetsLost":0}},{"from":"Shivam_d3c79d6a-f882-41f2-a578-970ee49ff3dd","to":"Jaysoni_592d9756-9848-4425-b968-d7066e98111e","Audio":{"timestamp":1611073035735.869,"packetsReceived":13936,"packetsLost":0},"Type":"inbound-rtp","Video":{"timestamp":1611073035735.869,"packetsReceived":748,"packetsLost":0}},{"from":"Shivam_d3c79d6a-f882-41f2-a578-970ee49ff3dd","to":"Jaysoni_592d9756-9848-4425-b968-d7066e98111e","Audio":{"timestamp":1611073035735.869,"packetsReceived":13936,"packetsLost":0},"Type":"inbound-rtp","Video":{"timestamp":1611073035735.869,"packetsReceived":748,"packetsLost":0}},{"from":"Shivam_d3c79d6a-f882-41f2-a578-970ee49ff3dd","to":"Jaysoni_592d9756-9848-4425-b968-d7066e98111e","Audio":{"timestamp":1611073040735.876,"packetsReceived":14186,"packetsLost":0},"Type":"inbound-rtp","Video":{"timestamp":1611073040735.876,"packetsReceived":756,"packetsLost":0}},{"from":"Shivam_d3c79d6a-f882-41f2-a578-970ee49ff3dd","to":"Jaysoni_592d9756-9848-4425-b968-d7066e98111e","Audio":{"timestamp":1611073040735.876,"packetsReceived":14186,"packetsLost":0},"Type":"inbound-rtp","Video":{"timestamp":1611073040735.876,"packetsReceived":756,"packetsLost":0}},{"from":"Shivam_d3c79d6a-f882-41f2-a578-970ee49ff3dd","to":"Jaysoni_592d9756-9848-4425-b968-d7066e98111e","Audio":{"timestamp":1611073045735.879,"packetsReceived":14436,"packetsLost":0},"Type":"inbound-rtp","Video":{"timestamp":1611073045735.879,"packetsReceived":766,"packetsLost":0}},{"from":"Shivam_d3c79d6a-f882-41f2-a578-970ee49ff3dd","to":"Jaysoni_592d9756-9848-4425-b968-d7066e98111e","Audio":{"timestamp":1611073045735.879,"packetsReceived":14436,"packetsLost":0},"Type":"inbound-rtp","Video":{"timestamp":1611073045735.879,"packetsReceived":766,"packetsLost":0}},{"from":"Shivam_d3c79d6a-f882-41f2-a578-970ee49ff3dd","to":"Jaysoni_592d9756-9848-4425-b968-d7066e98111e","Audio":{"timestamp":1611073050735.871,"packetsReceived":14685,"packetsLost":0},"Type":"inbound-rtp","Video":{"timestamp":1611073050735.871,"packetsReceived":776,"packetsLost":0}},{"from":"Shivam_d3c79d6a-f882-41f2-a578-970ee49ff3dd","to":"Jaysoni_592d9756-9848-4425-b968-d7066e98111e","Audio":{"timestamp":1611073050735.871,"packetsReceived":14685,"packetsLost":0},"Type":"inbound-rtp","Video":{"timestamp":1611073050735.871,"packetsReceived":776,"packetsLost":0}},{"from":"Shivam_d3c79d6a-f882-41f2-a578-970ee49ff3dd","to":"Jaysoni_592d9756-9848-4425-b968-d7066e98111e","Audio":{"timestamp":1611073055735.89,"packetsReceived":14936,"packetsLost":0},"Type":"inbound-rtp","Video":{"timestamp":1611073055735.89,"packetsReceived":784,"packetsLost":0}},{"from":"Shivam_d3c79d6a-f882-41f2-a578-970ee49ff3dd","to":"Jaysoni_592d9756-9848-4425-b968-d7066e98111e","Audio":{"timestamp":1611073055735.89,"packetsReceived":14936,"packetsLost":0},"Type":"inbound-rtp","Video":{"timestamp":1611073055735.89,"packetsReceived":784,"packetsLost":0}},{"from":"Shivam_d3c79d6a-f882-41f2-a578-970ee49ff3dd","to":"Jaysoni_592d9756-9848-4425-b968-d7066e98111e","Audio":{"timestamp":1611073060735.864,"packetsReceived":15186,"packetsLost":0},"Type":"inbound-rtp","Video":{"timestamp":1611073060735.864,"packetsReceived":794,"packetsLost":0}},{"from":"Shivam_d3c79d6a-f882-41f2-a578-970ee49ff3dd","to":"Jaysoni_592d9756-9848-4425-b968-d7066e98111e","Audio":{"timestamp":1611073060735.864,"packetsReceived":15186,"packetsLost":0},"Type":"inbound-rtp","Video":{"timestamp":1611073060735.864,"packetsReceived":794,"packetsLost":0}},{"from":"Shivam_d3c79d6a-f882-41f2-a578-970ee49ff3dd","to":"Jaysoni_592d9756-9848-4425-b968-d7066e98111e","Audio":{"timestamp":1611073065735.902,"packetsReceived":15436,"packetsLost":0},"Type":"inbound-rtp","Video":{"timestamp":1611073065735.902,"packetsReceived":804,"packetsLost":0}},{"from":"Shivam_d3c79d6a-f882-41f2-a578-970ee49ff3dd","to":"Jaysoni_592d9756-9848-4425-b968-d7066e98111e","Audio":{"timestamp":1611073065735.902,"packetsReceived":15436,"packetsLost":0},"Type":"inbound-rtp","Video":{"timestamp":1611073065735.902,"packetsReceived":804,"packetsLost":0}},{"from":"Shivam_d3c79d6a-f882-41f2-a578-970ee49ff3dd","to":"Jaysoni_592d9756-9848-4425-b968-d7066e98111e","Audio":{"timestamp":1611073070735.908,"packetsReceived":15686,"packetsLost":0},"Type":"inbound-rtp","Video":{"timestamp":1611073070735.908,"packetsReceived":812,"packetsLost":0}},{"from":"Shivam_d3c79d6a-f882-41f2-a578-970ee49ff3dd","to":"Jaysoni_592d9756-9848-4425-b968-d7066e98111e","Audio":{"timestamp":1611073070735.908,"packetsReceived":15686,"packetsLost":0},"Type":"inbound-rtp","Video":{"timestamp":1611073070735.908,"packetsReceived":812,"packetsLost":0}},{"from":"Shivam_d3c79d6a-f882-41f2-a578-970ee49ff3dd","to":"Jaysoni_592d9756-9848-4425-b968-d7066e98111e","Audio":{"timestamp":1611073075735.821,"packetsReceived":15935,"packetsLost":0},"Type":"inbound-rtp","Video":{"timestamp":1611073075735.821,"packetsReceived":822,"packetsLost":0}},{"from":"Shivam_d3c79d6a-f882-41f2-a578-970ee49ff3dd","to":"Jaysoni_592d9756-9848-4425-b968-d7066e98111e","Audio":{"timestamp":1611073075735.821,"packetsReceived":15935,"packetsLost":0},"Type":"inbound-rtp","Video":{"timestamp":1611073075735.821,"packetsReceived":822,"packetsLost":0}},{"from":"Shivam_d3c79d6a-f882-41f2-a578-970ee49ff3dd","to":"Jaysoni_592d9756-9848-4425-b968-d7066e98111e","Audio":{"timestamp":1611073080735.925,"packetsReceived":16186,"packetsLost":0},"Type":"inbound-rtp","Video":{"timestamp":1611073080735.925,"packetsReceived":832,"packetsLost":0}},{"from":"Shivam_d3c79d6a-f882-41f2-a578-970ee49ff3dd","to":"Jaysoni_592d9756-9848-4425-b968-d7066e98111e","Audio":{"timestamp":1611073080735.925,"packetsReceived":16186,"packetsLost":0},"Type":"inbound-rtp","Video":{"timestamp":1611073080735.925,"packetsReceived":832,"packetsLost":0}},{"from":"Shivam_d3c79d6a-f882-41f2-a578-970ee49ff3dd","to":"Jaysoni_592d9756-9848-4425-b968-d7066e98111e","Audio":{"timestamp":1611073085735.844,"packetsReceived":16436,"packetsLost":0},"Type":"inbound-rtp","Video":{"timestamp":1611073085735.844,"packetsReceived":840,"packetsLost":0}},{"from":"Shivam_d3c79d6a-f882-41f2-a578-970ee49ff3dd","to":"Jaysoni_592d9756-9848-4425-b968-d7066e98111e","Audio":{"timestamp":1611073085735.844,"packetsReceived":16436,"packetsLost":0},"Type":"inbound-rtp","Video":{"timestamp":1611073085735.844,"packetsReceived":840,"packetsLost":0}},{"from":"Shivam_d3c79d6a-f882-41f2-a578-970ee49ff3dd","to":"Jaysoni_592d9756-9848-4425-b968-d7066e98111e","Audio":{"timestamp":1611073090735.878,"packetsReceived":16686,"packetsLost":0},"Type":"inbound-rtp","Video":{"timestamp":1611073090735.878,"packetsReceived":850,"packetsLost":0}},{"from":"Shivam_d3c79d6a-f882-41f2-a578-970ee49ff3dd","to":"Jaysoni_592d9756-9848-4425-b968-d7066e98111e","Audio":{"timestamp":1611073090735.878,"packetsReceived":16686,"packetsLost":0},"Type":"inbound-rtp","Video":{"timestamp":1611073090735.878,"packetsReceived":850,"packetsLost":0}},{"from":"Shivam_d3c79d6a-f882-41f2-a578-970ee49ff3dd","to":"Jaysoni_592d9756-9848-4425-b968-d7066e98111e","Audio":{"timestamp":1611073095735.863,"packetsReceived":16936,"packetsLost":0},"Type":"inbound-rtp","Video":{"timestamp":1611073095735.863,"packetsReceived":860,"packetsLost":0}},{"from":"Shivam_d3c79d6a-f882-41f2-a578-970ee49ff3dd","to":"Jaysoni_592d9756-9848-4425-b968-d7066e98111e","Audio":{"timestamp":1611073095735.863,"packetsReceived":16936,"packetsLost":0},"Type":"inbound-rtp","Video":{"timestamp":1611073095735.863,"packetsReceived":860,"packetsLost":0}},{"from":"Shivam_d3c79d6a-f882-41f2-a578-970ee49ff3dd","to":"Jaysoni_592d9756-9848-4425-b968-d7066e98111e","Audio":{"timestamp":1611073100735.874,"packetsReceived":17186,"packetsLost":0},"Type":"inbound-rtp","Video":{"timestamp":1611073100735.874,"packetsReceived":868,"packetsLost":0}},{"from":"Shivam_d3c79d6a-f882-41f2-a578-970ee49ff3dd","to":"Jaysoni_592d9756-9848-4425-b968-d7066e98111e","Audio":{"timestamp":1611073100735.874,"packetsReceived":17186,"packetsLost":0},"Type":"inbound-rtp","Video":{"timestamp":1611073100735.874,"packetsReceived":868,"packetsLost":0}},{"from":"Shivam_d3c79d6a-f882-41f2-a578-970ee49ff3dd","to":"Jaysoni_592d9756-9848-4425-b968-d7066e98111e","Audio":{"timestamp":1611073105735.913,"packetsReceived":17436,"packetsLost":0},"Type":"inbound-rtp","Video":{"timestamp":1611073105735.913,"packetsReceived":878,"packetsLost":0}},{"from":"Shivam_d3c79d6a-f882-41f2-a578-970ee49ff3dd","to":"Jaysoni_592d9756-9848-4425-b968-d7066e98111e","Audio":{"timestamp":1611073105735.913,"packetsReceived":17436,"packetsLost":0},"Type":"inbound-rtp","Video":{"timestamp":1611073105735.913,"packetsReceived":878,"packetsLost":0}},{"from":"Shivam_d3c79d6a-f882-41f2-a578-970ee49ff3dd","to":"Jaysoni_592d9756-9848-4425-b968-d7066e98111e","Audio":{"timestamp":1611073110735.942,"packetsReceived":17686,"packetsLost":0},"Type":"inbound-rtp","Video":{"timestamp":1611073110735.942,"packetsReceived":888,"packetsLost":0}},{"from":"Shivam_d3c79d6a-f882-41f2-a578-970ee49ff3dd","to":"Jaysoni_592d9756-9848-4425-b968-d7066e98111e","Audio":{"timestamp":1611073110735.942,"packetsReceived":17686,"packetsLost":0},"Type":"inbound-rtp","Video":{"timestamp":1611073110735.942,"packetsReceived":888,"packetsLost":0}},{"from":"Shivam_d3c79d6a-f882-41f2-a578-970ee49ff3dd","to":"Jaysoni_592d9756-9848-4425-b968-d7066e98111e","Audio":{"timestamp":1611073115735.869,"packetsReceived":17936,"packetsLost":0},"Type":"inbound-rtp","Video":{"timestamp":1611073115735.869,"packetsReceived":896,"packetsLost":0}},{"from":"Shivam_d3c79d6a-f882-41f2-a578-970ee49ff3dd","to":"Jaysoni_592d9756-9848-4425-b968-d7066e98111e","Audio":{"timestamp":1611073115735.869,"packetsReceived":17936,"packetsLost":0},"Type":"inbound-rtp","Video":{"timestamp":1611073115735.869,"packetsReceived":896,"packetsLost":0}},{"from":"Shivam_d3c79d6a-f882-41f2-a578-970ee49ff3dd","to":"Jaysoni_592d9756-9848-4425-b968-d7066e98111e","Audio":{"timestamp":1611073120735.991,"packetsReceived":18186,"packetsLost":0},"Type":"inbound-rtp","Video":{"timestamp":1611073120735.991,"packetsReceived":906,"packetsLost":0}},{"from":"Shivam_d3c79d6a-f882-41f2-a578-970ee49ff3dd","to":"Jaysoni_592d9756-9848-4425-b968-d7066e98111e","Audio":{"timestamp":1611073120735.991,"packetsReceived":18186,"packetsLost":0},"Type":"inbound-rtp","Video":{"timestamp":1611073120735.991,"packetsReceived":906,"packetsLost":0}},{"from":"Shivam_d3c79d6a-f882-41f2-a578-970ee49ff3dd","to":"Jaysoni_592d9756-9848-4425-b968-d7066e98111e","Audio":{"timestamp":1611073125735.905,"packetsReceived":18436,"packetsLost":0},"Type":"inbound-rtp","Video":{"timestamp":1611073125735.905,"packetsReceived":916,"packetsLost":0}},{"from":"Shivam_d3c79d6a-f882-41f2-a578-970ee49ff3dd","to":"Jaysoni_592d9756-9848-4425-b968-d7066e98111e","Audio":{"timestamp":1611073125735.905,"packetsReceived":18436,"packetsLost":0},"Type":"inbound-rtp","Video":{"timestamp":1611073125735.905,"packetsReceived":916,"packetsLost":0}},{"from":"Shivam_d3c79d6a-f882-41f2-a578-970ee49ff3dd","to":"Jaysoni_592d9756-9848-4425-b968-d7066e98111e","Audio":{"timestamp":1611073130735.858,"packetsReceived":18686,"packetsLost":0},"Type":"inbound-rtp","Video":{"timestamp":1611073130735.858,"packetsReceived":924,"packetsLost":0}},{"from":"Shivam_d3c79d6a-f882-41f2-a578-970ee49ff3dd","to":"Jaysoni_592d9756-9848-4425-b968-d7066e98111e","Audio":{"timestamp":1611073130735.858,"packetsReceived":18686,"packetsLost":0},"Type":"inbound-rtp","Video":{"timestamp":1611073130735.858,"packetsReceived":924,"packetsLost":0}},{"from":"Shivam_d3c79d6a-f882-41f2-a578-970ee49ff3dd","to":"Jaysoni_592d9756-9848-4425-b968-d7066e98111e","Audio":{"timestamp":1611073135735.911,"packetsReceived":18936,"packetsLost":0},"Type":"inbound-rtp","Video":{"timestamp":1611073135735.911,"packetsReceived":934,"packetsLost":0}},{"from":"Shivam_d3c79d6a-f882-41f2-a578-970ee49ff3dd","to":"Jaysoni_592d9756-9848-4425-b968-d7066e98111e","Audio":{"timestamp":1611073135735.911,"packetsReceived":18936,"packetsLost":0},"Type":"inbound-rtp","Video":{"timestamp":1611073135735.911,"packetsReceived":934,"packetsLost":0}},{"from":"Shivam_d3c79d6a-f882-41f2-a578-970ee49ff3dd","to":"Jaysoni_592d9756-9848-4425-b968-d7066e98111e","Audio":{"timestamp":1611073140735.873,"packetsReceived":19186,"packetsLost":0},"Type":"inbound-rtp","Video":{"timestamp":1611073140735.873,"packetsReceived":944,"packetsLost":0}},{"from":"Shivam_d3c79d6a-f882-41f2-a578-970ee49ff3dd","to":"Jaysoni_592d9756-9848-4425-b968-d7066e98111e","Audio":{"timestamp":1611073140735.873,"packetsReceived":19186,"packetsLost":0},"Type":"inbound-rtp","Video":{"timestamp":1611073140735.873,"packetsReceived":944,"packetsLost":0}},{"from":"Shivam_d3c79d6a-f882-41f2-a578-970ee49ff3dd","to":"Jaysoni_592d9756-9848-4425-b968-d7066e98111e","Audio":{"timestamp":1611073145735.87,"packetsReceived":19436,"packetsLost":0},"Type":"inbound-rtp","Video":{"timestamp":1611073145735.87,"packetsReceived":1017,"packetsLost":0}},{"from":"Shivam_d3c79d6a-f882-41f2-a578-970ee49ff3dd","to":"Jaysoni_592d9756-9848-4425-b968-d7066e98111e","Audio":{"timestamp":1611073145735.87,"packetsReceived":19436,"packetsLost":0},"Type":"inbound-rtp","Video":{"timestamp":1611073145735.87,"packetsReceived":1017,"packetsLost":0}},{"from":"Shivam_d3c79d6a-f882-41f2-a578-970ee49ff3dd","to":"Jaysoni_592d9756-9848-4425-b968-d7066e98111e","Audio":{"timestamp":1611073150735.754,"packetsReceived":19686,"packetsLost":0},"Type":"inbound-rtp","Video":{"timestamp":1611073150735.754,"packetsReceived":1192,"packetsLost":0}},{"from":"Shivam_d3c79d6a-f882-41f2-a578-970ee49ff3dd","to":"Jaysoni_592d9756-9848-4425-b968-d7066e98111e","Audio":{"timestamp":1611073150735.754,"packetsReceived":19686,"packetsLost":0},"Type":"inbound-rtp","Video":{"timestamp":1611073150735.754,"packetsReceived":1192,"packetsLost":0}},{"from":"Shivam_d3c79d6a-f882-41f2-a578-970ee49ff3dd","to":"Jaysoni_592d9756-9848-4425-b968-d7066e98111e","Audio":{"timestamp":1611073155736.092,"packetsReceived":19936,"packetsLost":0},"Type":"inbound-rtp","Video":{"timestamp":1611073155736.092,"packetsReceived":1547,"packetsLost":0}},{"from":"Shivam_d3c79d6a-f882-41f2-a578-970ee49ff3dd","to":"Jaysoni_592d9756-9848-4425-b968-d7066e98111e","Audio":{"timestamp":1611073155736.092,"packetsReceived":19936,"packetsLost":0},"Type":"inbound-rtp","Video":{"timestamp":1611073155736.092,"packetsReceived":1547,"packetsLost":0}},{"from":"Shivam_d3c79d6a-f882-41f2-a578-970ee49ff3dd","to":"Jaysoni_592d9756-9848-4425-b968-d7066e98111e","Audio":{"timestamp":1611073160735.734,"packetsReceived":20186,"packetsLost":0},"Type":"inbound-rtp","Video":{"timestamp":1611073160735.734,"packetsReceived":1740,"packetsLost":0}},{"from":"Shivam_d3c79d6a-f882-41f2-a578-970ee49ff3dd","to":"Jaysoni_592d9756-9848-4425-b968-d7066e98111e","Audio":{"timestamp":1611073160735.734,"packetsReceived":20186,"packetsLost":0},"Type":"inbound-rtp","Video":{"timestamp":1611073160735.734,"packetsReceived":1740,"packetsLost":0}},{"from":"Shivam_d3c79d6a-f882-41f2-a578-970ee49ff3dd","to":"Jaysoni_592d9756-9848-4425-b968-d7066e98111e","Audio":{"timestamp":1611073165735.857,"packetsReceived":20436,"packetsLost":0},"Type":"inbound-rtp","Video":{"timestamp":1611073165735.857,"packetsReceived":1857,"packetsLost":0}},{"from":"Shivam_d3c79d6a-f882-41f2-a578-970ee49ff3dd","to":"Jaysoni_592d9756-9848-4425-b968-d7066e98111e","Audio":{"timestamp":1611073165735.857,"packetsReceived":20436,"packetsLost":0},"Type":"inbound-rtp","Video":{"timestamp":1611073165735.857,"packetsReceived":1857,"packetsLost":0}},{"from":"Shivam_d3c79d6a-f882-41f2-a578-970ee49ff3dd","to":"Jaysoni_592d9756-9848-4425-b968-d7066e98111e","Audio":{"timestamp":1611073170736.106,"packetsReceived":20686,"packetsLost":0},"Type":"inbound-rtp","Video":{"timestamp":1611073170736.106,"packetsReceived":2038,"packetsLost":0}},{"from":"Shivam_d3c79d6a-f882-41f2-a578-970ee49ff3dd","to":"Jaysoni_592d9756-9848-4425-b968-d7066e98111e","Audio":{"timestamp":1611073170736.106,"packetsReceived":20686,"packetsLost":0},"Type":"inbound-rtp","Video":{"timestamp":1611073170736.106,"packetsReceived":2038,"packetsLost":0}},{"from":"Shivam_d3c79d6a-f882-41f2-a578-970ee49ff3dd","to":"Jaysoni_592d9756-9848-4425-b968-d7066e98111e","Audio":{"timestamp":1611073175735.873,"packetsReceived":20936,"packetsLost":0},"Type":"inbound-rtp","Video":{"timestamp":1611073175735.873,"packetsReceived":2305,"packetsLost":0}},{"from":"Shivam_d3c79d6a-f882-41f2-a578-970ee49ff3dd","to":"Jaysoni_592d9756-9848-4425-b968-d7066e98111e","Audio":{"timestamp":1611073175735.873,"packetsReceived":20936,"packetsLost":0},"Type":"inbound-rtp","Video":{"timestamp":1611073175735.873,"packetsReceived":2305,"packetsLost":0}},{"from":"Shivam_d3c79d6a-f882-41f2-a578-970ee49ff3dd","to":"Jaysoni_592d9756-9848-4425-b968-d7066e98111e","Audio":{"timestamp":1611073180735.801,"packetsReceived":21186,"packetsLost":0},"Type":"inbound-rtp","Video":{"timestamp":1611073180735.801,"packetsReceived":2515,"packetsLost":0}},{"from":"Shivam_d3c79d6a-f882-41f2-a578-970ee49ff3dd","to":"Jaysoni_592d9756-9848-4425-b968-d7066e98111e","Audio":{"timestamp":1611073180735.801,"packetsReceived":21186,"packetsLost":0},"Type":"inbound-rtp","Video":{"timestamp":1611073180735.801,"packetsReceived":2515,"packetsLost":0}},{"from":"Shivam_d3c79d6a-f882-41f2-a578-970ee49ff3dd","to":"Jaysoni_592d9756-9848-4425-b968-d7066e98111e","Audio":{"timestamp":1611073185735.847,"packetsReceived":21436,"packetsLost":0},"Type":"inbound-rtp","Video":{"timestamp":1611073185735.847,"packetsReceived":2771,"packetsLost":0}},{"from":"Shivam_d3c79d6a-f882-41f2-a578-970ee49ff3dd","to":"Jaysoni_592d9756-9848-4425-b968-d7066e98111e","Audio":{"timestamp":1611073185735.847,"packetsReceived":21436,"packetsLost":0},"Type":"inbound-rtp","Video":{"timestamp":1611073185735.847,"packetsReceived":2771,"packetsLost":0}},{"from":"Shivam_d3c79d6a-f882-41f2-a578-970ee49ff3dd","to":"Jaysoni_592d9756-9848-4425-b968-d7066e98111e","Audio":{"timestamp":1611073190735.835,"packetsReceived":21686,"packetsLost":0},"Type":"inbound-rtp","Video":{"timestamp":1611073190735.835,"packetsReceived":3130,"packetsLost":0}},{"from":"Shivam_d3c79d6a-f882-41f2-a578-970ee49ff3dd","to":"Jaysoni_592d9756-9848-4425-b968-d7066e98111e","Audio":{"timestamp":1611073190735.835,"packetsReceived":21686,"packetsLost":0},"Type":"inbound-rtp","Video":{"timestamp":1611073190735.835,"packetsReceived":3130,"packetsLost":0}},{"from":"Shivam_d3c79d6a-f882-41f2-a578-970ee49ff3dd","to":"Jaysoni_592d9756-9848-4425-b968-d7066e98111e","Audio":{"timestamp":1611073195735.87,"packetsReceived":21936,"packetsLost":0},"Type":"inbound-rtp","Video":{"timestamp":1611073195735.87,"packetsReceived":3598,"packetsLost":0}},{"from":"Shivam_d3c79d6a-f882-41f2-a578-970ee49ff3dd","to":"Jaysoni_592d9756-9848-4425-b968-d7066e98111e","Audio":{"timestamp":1611073195735.87,"packetsReceived":21936,"packetsLost":0},"Type":"inbound-rtp","Video":{"timestamp":1611073195735.87,"packetsReceived":3598,"packetsLost":0}},{"from":"Shivam_d3c79d6a-f882-41f2-a578-970ee49ff3dd","to":"Jaysoni_592d9756-9848-4425-b968-d7066e98111e","Audio":{"timestamp":1611073200735.701,"packetsReceived":22186,"packetsLost":0},"Type":"inbound-rtp","Video":{"timestamp":1611073200735.701,"packetsReceived":4152,"packetsLost":0}},{"from":"Shivam_d3c79d6a-f882-41f2-a578-970ee49ff3dd","to":"Jaysoni_592d9756-9848-4425-b968-d7066e98111e","Audio":{"timestamp":1611073200735.701,"packetsReceived":22186,"packetsLost":0},"Type":"inbound-rtp","Video":{"timestamp":1611073200735.701,"packetsReceived":4152,"packetsLost":0}},{"from":"Shivam_d3c79d6a-f882-41f2-a578-970ee49ff3dd","to":"Jaysoni_592d9756-9848-4425-b968-d7066e98111e","Audio":{"timestamp":1611073205735.766,"packetsReceived":22436,"packetsLost":0},"Type":"inbound-rtp","Video":{"timestamp":1611073205735.766,"packetsReceived":4792,"packetsLost":0}},{"from":"Shivam_d3c79d6a-f882-41f2-a578-970ee49ff3dd","to":"Jaysoni_592d9756-9848-4425-b968-d7066e98111e","Audio":{"timestamp":1611073205735.766,"packetsReceived":22436,"packetsLost":0},"Type":"inbound-rtp","Video":{"timestamp":1611073205735.766,"packetsReceived":4792,"packetsLost":0}},{"from":"Shivam_d3c79d6a-f882-41f2-a578-970ee49ff3dd","to":"Jaysoni_592d9756-9848-4425-b968-d7066e98111e","Audio":{"timestamp":1611073210735.761,"packetsReceived":22685,"packetsLost":0},"Type":"inbound-rtp","Video":{"timestamp":1611073210735.761,"packetsReceived":5538,"packetsLost":0}},{"from":"Shivam_d3c79d6a-f882-41f2-a578-970ee49ff3dd","to":"Jaysoni_592d9756-9848-4425-b968-d7066e98111e","Audio":{"timestamp":1611073210735.761,"packetsReceived":22685,"packetsLost":0},"Type":"inbound-rtp","Video":{"timestamp":1611073210735.761,"packetsReceived":5538,"packetsLost":0}},{"from":"Shivam_d3c79d6a-f882-41f2-a578-970ee49ff3dd","to":"Jaysoni_592d9756-9848-4425-b968-d7066e98111e","Audio":{"timestamp":1611073215735.834,"packetsReceived":22936,"packetsLost":0},"Type":"inbound-rtp","Video":{"timestamp":1611073215735.834,"packetsReceived":6508,"packetsLost":0}},{"from":"Shivam_d3c79d6a-f882-41f2-a578-970ee49ff3dd","to":"Jaysoni_592d9756-9848-4425-b968-d7066e98111e","Audio":{"timestamp":1611073215735.834,"packetsReceived":22936,"packetsLost":0},"Type":"inbound-rtp","Video":{"timestamp":1611073215735.834,"packetsReceived":6508,"packetsLost":0}},{"from":"Shivam_d3c79d6a-f882-41f2-a578-970ee49ff3dd","to":"Jaysoni_592d9756-9848-4425-b968-d7066e98111e","Audio":{"timestamp":1611073220735.764,"packetsReceived":23186,"packetsLost":0},"Type":"inbound-rtp","Video":{"timestamp":1611073220735.764,"packetsReceived":7499,"packetsLost":0}},{"from":"Shivam_d3c79d6a-f882-41f2-a578-970ee49ff3dd","to":"Jaysoni_592d9756-9848-4425-b968-d7066e98111e","Audio":{"timestamp":1611073220735.764,"packetsReceived":23186,"packetsLost":0},"Type":"inbound-rtp","Video":{"timestamp":1611073220735.764,"packetsReceived":7499,"packetsLost":0}},{"from":"Shivam_d3c79d6a-f882-41f2-a578-970ee49ff3dd","to":"Jaysoni_592d9756-9848-4425-b968-d7066e98111e","Audio":{"timestamp":1611073225735.878,"packetsReceived":23436,"packetsLost":0},"Type":"inbound-rtp","Video":{"timestamp":1611073225735.878,"packetsReceived":8214,"packetsLost":0}},{"from":"Shivam_d3c79d6a-f882-41f2-a578-970ee49ff3dd","to":"Jaysoni_592d9756-9848-4425-b968-d7066e98111e","Audio":{"timestamp":1611073225735.878,"packetsReceived":23436,"packetsLost":0},"Type":"inbound-rtp","Video":{"timestamp":1611073225735.878,"packetsReceived":8214,"packetsLost":0}},{"from":"Shivam_d3c79d6a-f882-41f2-a578-970ee49ff3dd","to":"Jaysoni_592d9756-9848-4425-b968-d7066e98111e","Audio":{"timestamp":1611073230735.917,"packetsReceived":23686,"packetsLost":0},"Type":"inbound-rtp","Video":{"timestamp":1611073230735.917,"packetsReceived":8948,"packetsLost":0}},{"from":"Shivam_d3c79d6a-f882-41f2-a578-970ee49ff3dd","to":"Jaysoni_592d9756-9848-4425-b968-d7066e98111e","Audio":{"timestamp":1611073230735.917,"packetsReceived":23686,"packetsLost":0},"Type":"inbound-rtp","Video":{"timestamp":1611073230735.917,"packetsReceived":8948,"packetsLost":0}},{"from":"Shivam_d3c79d6a-f882-41f2-a578-970ee49ff3dd","to":"Jaysoni_592d9756-9848-4425-b968-d7066e98111e","Audio":{"timestamp":1611073235735.837,"packetsReceived":23936,"packetsLost":0},"Type":"inbound-rtp","Video":{"timestamp":1611073235735.837,"packetsReceived":9634,"packetsLost":0}},{"from":"Shivam_d3c79d6a-f882-41f2-a578-970ee49ff3dd","to":"Jaysoni_592d9756-9848-4425-b968-d7066e98111e","Audio":{"timestamp":1611073235735.837,"packetsReceived":23936,"packetsLost":0},"Type":"inbound-rtp","Video":{"timestamp":1611073235735.837,"packetsReceived":9634,"packetsLost":0}},{"from":"Shivam_d3c79d6a-f882-41f2-a578-970ee49ff3dd","to":"Jaysoni_592d9756-9848-4425-b968-d7066e98111e","Audio":{"timestamp":1611073240735.773,"packetsReceived":24186,"packetsLost":0},"Type":"inbound-rtp","Video":{"timestamp":1611073240735.773,"packetsReceived":10023,"packetsLost":0}},{"from":"Shivam_d3c79d6a-f882-41f2-a578-970ee49ff3dd","to":"Jaysoni_592d9756-9848-4425-b968-d7066e98111e","Audio":{"timestamp":1611073240735.773,"packetsReceived":24186,"packetsLost":0},"Type":"inbound-rtp","Video":{"timestamp":1611073240735.773,"packetsReceived":10023,"packetsLost":0}},{"from":"Shivam_d3c79d6a-f882-41f2-a578-970ee49ff3dd","to":"Jaysoni_592d9756-9848-4425-b968-d7066e98111e","Audio":{"timestamp":1611073245735.825,"packetsReceived":24435,"packetsLost":0},"Type":"inbound-rtp","Video":{"timestamp":1611073245735.825,"packetsReceived":10321,"packetsLost":0}},{"from":"Shivam_d3c79d6a-f882-41f2-a578-970ee49ff3dd","to":"Jaysoni_592d9756-9848-4425-b968-d7066e98111e","Audio":{"timestamp":1611073245735.825,"packetsReceived":24435,"packetsLost":0},"Type":"inbound-rtp","Video":{"timestamp":1611073245735.825,"packetsReceived":10321,"packetsLost":0}},{"from":"Shivam_d3c79d6a-f882-41f2-a578-970ee49ff3dd","to":"Jaysoni_592d9756-9848-4425-b968-d7066e98111e","Audio":{"timestamp":1611073250736.019,"packetsReceived":24686,"packetsLost":0},"Type":"inbound-rtp","Video":{"timestamp":1611073250736.019,"packetsReceived":10610,"packetsLost":0}},{"from":"Shivam_d3c79d6a-f882-41f2-a578-970ee49ff3dd","to":"Jaysoni_592d9756-9848-4425-b968-d7066e98111e","Audio":{"timestamp":1611073250736.019,"packetsReceived":24686,"packetsLost":0},"Type":"inbound-rtp","Video":{"timestamp":1611073250736.019,"packetsReceived":10610,"packetsLost":0}},{"from":"Shivam_d3c79d6a-f882-41f2-a578-970ee49ff3dd","to":"Jaysoni_592d9756-9848-4425-b968-d7066e98111e","Audio":{"timestamp":1611073255735.823,"packetsReceived":24936,"packetsLost":0},"Type":"inbound-rtp","Video":{"timestamp":1611073255735.823,"packetsReceived":10910,"packetsLost":0}},{"from":"Shivam_d3c79d6a-f882-41f2-a578-970ee49ff3dd","to":"Jaysoni_592d9756-9848-4425-b968-d7066e98111e","Audio":{"timestamp":1611073255735.823,"packetsReceived":24936,"packetsLost":0},"Type":"inbound-rtp","Video":{"timestamp":1611073255735.823,"packetsReceived":10910,"packetsLost":0}},{"from":"Shivam_d3c79d6a-f882-41f2-a578-970ee49ff3dd","to":"Jaysoni_592d9756-9848-4425-b968-d7066e98111e","Audio":{"timestamp":1611073260735.771,"packetsReceived":25186,"packetsLost":0},"Type":"inbound-rtp","Video":{"timestamp":1611073260735.771,"packetsReceived":11281,"packetsLost":0}},{"from":"Shivam_d3c79d6a-f882-41f2-a578-970ee49ff3dd","to":"Jaysoni_592d9756-9848-4425-b968-d7066e98111e","Audio":{"timestamp":1611073260735.771,"packetsReceived":25186,"packetsLost":0},"Type":"inbound-rtp","Video":{"timestamp":1611073260735.771,"packetsReceived":11281,"packetsLost":0}},{"from":"Shivam_d3c79d6a-f882-41f2-a578-970ee49ff3dd","to":"Jaysoni_592d9756-9848-4425-b968-d7066e98111e","Audio":{"timestamp":1611073265735.82,"packetsReceived":25436,"packetsLost":0},"Type":"inbound-rtp","Video":{"timestamp":1611073265735.82,"packetsReceived":11644,"packetsLost":0}},{"from":"Shivam_d3c79d6a-f882-41f2-a578-970ee49ff3dd","to":"Jaysoni_592d9756-9848-4425-b968-d7066e98111e","Audio":{"timestamp":1611073265735.82,"packetsReceived":25436,"packetsLost":0},"Type":"inbound-rtp","Video":{"timestamp":1611073265735.82,"packetsReceived":11644,"packetsLost":0}},{"from":"Shivam_d3c79d6a-f882-41f2-a578-970ee49ff3dd","to":"Jaysoni_592d9756-9848-4425-b968-d7066e98111e","Audio":{"timestamp":1611073270735.85,"packetsReceived":25686,"packetsLost":0},"Type":"inbound-rtp","Video":{"timestamp":1611073270735.85,"packetsReceived":12264,"packetsLost":0}},{"from":"Shivam_d3c79d6a-f882-41f2-a578-970ee49ff3dd","to":"Jaysoni_592d9756-9848-4425-b968-d7066e98111e","Audio":{"timestamp":1611073270735.85,"packetsReceived":25686,"packetsLost":0},"Type":"inbound-rtp","Video":{"timestamp":1611073270735.85,"packetsReceived":12264,"packetsLost":0}},{"from":"Shivam_d3c79d6a-f882-41f2-a578-970ee49ff3dd","to":"Jaysoni_592d9756-9848-4425-b968-d7066e98111e","Audio":{"timestamp":1611073275735.792,"packetsReceived":25936,"packetsLost":0},"Type":"inbound-rtp","Video":{"timestamp":1611073275735.792,"packetsReceived":12774,"packetsLost":0}},{"from":"Shivam_d3c79d6a-f882-41f2-a578-970ee49ff3dd","to":"Jaysoni_592d9756-9848-4425-b968-d7066e98111e","Audio":{"timestamp":1611073275735.792,"packetsReceived":25936,"packetsLost":0},"Type":"inbound-rtp","Video":{"timestamp":1611073275735.792,"packetsReceived":12774,"packetsLost":0}},{"from":"Shivam_d3c79d6a-f882-41f2-a578-970ee49ff3dd","to":"Jaysoni_592d9756-9848-4425-b968-d7066e98111e","Audio":{"timestamp":1611073280735.789,"packetsReceived":26186,"packetsLost":0},"Type":"inbound-rtp","Video":{"timestamp":1611073280735.789,"packetsReceived":13566,"packetsLost":0}},{"from":"Shivam_d3c79d6a-f882-41f2-a578-970ee49ff3dd","to":"Jaysoni_592d9756-9848-4425-b968-d7066e98111e","Audio":{"timestamp":1611073280735.789,"packetsReceived":26186,"packetsLost":0},"Type":"inbound-rtp","Video":{"timestamp":1611073280735.789,"packetsReceived":13566,"packetsLost":0}},{"from":"Shivam_d3c79d6a-f882-41f2-a578-970ee49ff3dd","to":"Jaysoni_592d9756-9848-4425-b968-d7066e98111e","Audio":{"timestamp":1611073285735.891,"packetsReceived":26436,"packetsLost":0},"Type":"inbound-rtp","Video":{"timestamp":1611073285735.891,"packetsReceived":14048,"packetsLost":0}},{"from":"Shivam_d3c79d6a-f882-41f2-a578-970ee49ff3dd","to":"Jaysoni_592d9756-9848-4425-b968-d7066e98111e","Audio":{"timestamp":1611073285735.891,"packetsReceived":26436,"packetsLost":0},"Type":"inbound-rtp","Video":{"timestamp":1611073285735.891,"packetsReceived":14048,"packetsLost":0}},{"from":"Shivam_d3c79d6a-f882-41f2-a578-970ee49ff3dd","to":"Jaysoni_592d9756-9848-4425-b968-d7066e98111e","Audio":{"timestamp":1611073290735.772,"packetsReceived":26686,"packetsLost":0},"Type":"inbound-rtp","Video":{"timestamp":1611073290735.772,"packetsReceived":14675,"packetsLost":0}},{"from":"Shivam_d3c79d6a-f882-41f2-a578-970ee49ff3dd","to":"Jaysoni_592d9756-9848-4425-b968-d7066e98111e","Audio":{"timestamp":1611073290735.772,"packetsReceived":26686,"packetsLost":0},"Type":"inbound-rtp","Video":{"timestamp":1611073290735.772,"packetsReceived":14675,"packetsLost":0}},{"from":"Shivam_d3c79d6a-f882-41f2-a578-970ee49ff3dd","to":"Jaysoni_592d9756-9848-4425-b968-d7066e98111e","Audio":{"timestamp":1611073295735.891,"packetsReceived":26936,"packetsLost":0},"Type":"inbound-rtp","Video":{"timestamp":1611073295735.891,"packetsReceived":15281,"packetsLost":0}},{"from":"Shivam_d3c79d6a-f882-41f2-a578-970ee49ff3dd","to":"Jaysoni_592d9756-9848-4425-b968-d7066e98111e","Audio":{"timestamp":1611073295735.891,"packetsReceived":26936,"packetsLost":0},"Type":"inbound-rtp","Video":{"timestamp":1611073295735.891,"packetsReceived":15281,"packetsLost":0}},{"from":"Shivam_d3c79d6a-f882-41f2-a578-970ee49ff3dd","to":"Jaysoni_592d9756-9848-4425-b968-d7066e98111e","Audio":{"timestamp":1611073300735.8,"packetsReceived":27186,"packetsLost":0},"Type":"inbound-rtp","Video":{"timestamp":1611073300735.8,"packetsReceived":15640,"packetsLost":0}},{"from":"Shivam_d3c79d6a-f882-41f2-a578-970ee49ff3dd","to":"Jaysoni_592d9756-9848-4425-b968-d7066e98111e","Audio":{"timestamp":1611073300735.8,"packetsReceived":27186,"packetsLost":0},"Type":"inbound-rtp","Video":{"timestamp":1611073300735.8,"packetsReceived":15640,"packetsLost":0}},{"from":"Shivam_d3c79d6a-f882-41f2-a578-970ee49ff3dd","to":"Jaysoni_592d9756-9848-4425-b968-d7066e98111e","Audio":{"timestamp":1611073305735.851,"packetsReceived":27436,"packetsLost":0},"Type":"inbound-rtp","Video":{"timestamp":1611073305735.851,"packetsReceived":15932,"packetsLost":0}},{"from":"Shivam_d3c79d6a-f882-41f2-a578-970ee49ff3dd","to":"Jaysoni_592d9756-9848-4425-b968-d7066e98111e","Audio":{"timestamp":1611073305735.851,"packetsReceived":27436,"packetsLost":0},"Type":"inbound-rtp","Video":{"timestamp":1611073305735.851,"packetsReceived":15932,"packetsLost":0}},{"from":"Shivam_d3c79d6a-f882-41f2-a578-970ee49ff3dd","to":"Jaysoni_592d9756-9848-4425-b968-d7066e98111e","Audio":{"timestamp":1611073310735.798,"packetsReceived":27686,"packetsLost":0},"Type":"inbound-rtp","Video":{"timestamp":1611073310735.798,"packetsReceived":16193,"packetsLost":0}},{"from":"Shivam_d3c79d6a-f882-41f2-a578-970ee49ff3dd","to":"Jaysoni_592d9756-9848-4425-b968-d7066e98111e","Audio":{"timestamp":1611073310735.798,"packetsReceived":27686,"packetsLost":0},"Type":"inbound-rtp","Video":{"timestamp":1611073310735.798,"packetsReceived":16193,"packetsLost":0}},{"from":"Shivam_d3c79d6a-f882-41f2-a578-970ee49ff3dd","to":"Jaysoni_592d9756-9848-4425-b968-d7066e98111e","Audio":{"timestamp":1611073315735.884,"packetsReceived":27936,"packetsLost":0},"Type":"inbound-rtp","Video":{"timestamp":1611073315735.884,"packetsReceived":16448,"packetsLost":0}},{"from":"Shivam_d3c79d6a-f882-41f2-a578-970ee49ff3dd","to":"Jaysoni_592d9756-9848-4425-b968-d7066e98111e","Audio":{"timestamp":1611073315735.884,"packetsReceived":27936,"packetsLost":0},"Type":"inbound-rtp","Video":{"timestamp":1611073315735.884,"packetsReceived":16448,"packetsLost":0}},{"from":"Shivam_d3c79d6a-f882-41f2-a578-970ee49ff3dd","to":"Jaysoni_592d9756-9848-4425-b968-d7066e98111e","Audio":{"timestamp":1611073320736.057,"packetsReceived":28186,"packetsLost":0},"Type":"inbound-rtp","Video":{"timestamp":1611073320736.057,"packetsReceived":16784,"packetsLost":0}},{"from":"Shivam_d3c79d6a-f882-41f2-a578-970ee49ff3dd","to":"Jaysoni_592d9756-9848-4425-b968-d7066e98111e","Audio":{"timestamp":1611073320736.057,"packetsReceived":28186,"packetsLost":0},"Type":"inbound-rtp","Video":{"timestamp":1611073320736.057,"packetsReceived":16784,"packetsLost":0}},{"from":"Shivam_d3c79d6a-f882-41f2-a578-970ee49ff3dd","to":"Jaysoni_592d9756-9848-4425-b968-d7066e98111e","Audio":{"timestamp":1611073325736.019,"packetsReceived":28436,"packetsLost":0},"Type":"inbound-rtp","Video":{"timestamp":1611073325736.019,"packetsReceived":16927,"packetsLost":0}},{"from":"Shivam_d3c79d6a-f882-41f2-a578-970ee49ff3dd","to":"Jaysoni_592d9756-9848-4425-b968-d7066e98111e","Audio":{"timestamp":1611073325736.019,"packetsReceived":28436,"packetsLost":0},"Type":"inbound-rtp","Video":{"timestamp":1611073325736.019,"packetsReceived":16927,"packetsLost":0}},{"from":"Shivam_d3c79d6a-f882-41f2-a578-970ee49ff3dd","to":"Jaysoni_592d9756-9848-4425-b968-d7066e98111e","Audio":{"timestamp":1611073330735.787,"packetsReceived":28686,"packetsLost":0},"Type":"inbound-rtp","Video":{"timestamp":1611073330735.787,"packetsReceived":16977,"packetsLost":0}},{"from":"Shivam_d3c79d6a-f882-41f2-a578-970ee49ff3dd","to":"Jaysoni_592d9756-9848-4425-b968-d7066e98111e","Audio":{"timestamp":1611073330735.787,"packetsReceived":28686,"packetsLost":0},"Type":"inbound-rtp","Video":{"timestamp":1611073330735.787,"packetsReceived":16977,"packetsLost":0}},{"from":"Shivam_d3c79d6a-f882-41f2-a578-970ee49ff3dd","to":"Jaysoni_592d9756-9848-4425-b968-d7066e98111e","Audio":{"timestamp":1611073335735.764,"packetsReceived":28936,"packetsLost":0},"Type":"inbound-rtp","Video":{"timestamp":1611073335735.764,"packetsReceived":17032,"packetsLost":0}},{"from":"Shivam_d3c79d6a-f882-41f2-a578-970ee49ff3dd","to":"Jaysoni_592d9756-9848-4425-b968-d7066e98111e","Audio":{"timestamp":1611073335735.764,"packetsReceived":28936,"packetsLost":0},"Type":"inbound-rtp","Video":{"timestamp":1611073335735.764,"packetsReceived":17032,"packetsLost":0}},{"from":"Shivam_d3c79d6a-f882-41f2-a578-970ee49ff3dd","to":"Jaysoni_592d9756-9848-4425-b968-d7066e98111e","Audio":{"timestamp":1611073340735.885,"packetsReceived":29186,"packetsLost":0},"Type":"inbound-rtp","Video":{"timestamp":1611073340735.885,"packetsReceived":17156,"packetsLost":0}},{"from":"Shivam_d3c79d6a-f882-41f2-a578-970ee49ff3dd","to":"Jaysoni_592d9756-9848-4425-b968-d7066e98111e","Audio":{"timestamp":1611073340735.885,"packetsReceived":29186,"packetsLost":0},"Type":"inbound-rtp","Video":{"timestamp":1611073340735.885,"packetsReceived":17156,"packetsLost":0}},{"from":"Shivam_d3c79d6a-f882-41f2-a578-970ee49ff3dd","to":"Jaysoni_592d9756-9848-4425-b968-d7066e98111e","Audio":{"timestamp":1611073345736.107,"packetsReceived":29436,"packetsLost":0},"Type":"inbound-rtp","Video":{"timestamp":1611073345736.107,"packetsReceived":17165,"packetsLost":0}},{"from":"Shivam_d3c79d6a-f882-41f2-a578-970ee49ff3dd","to":"Jaysoni_592d9756-9848-4425-b968-d7066e98111e","Audio":{"timestamp":1611073345736.107,"packetsReceived":29436,"packetsLost":0},"Type":"inbound-rtp","Video":{"timestamp":1611073345736.107,"packetsReceived":17165,"packetsLost":0}},{"from":"Shivam_d3c79d6a-f882-41f2-a578-970ee49ff3dd","to":"Jaysoni_592d9756-9848-4425-b968-d7066e98111e","Audio":{"timestamp":1611073350735.874,"packetsReceived":29686,"packetsLost":0},"Type":"inbound-rtp","Video":{"timestamp":1611073350735.874,"packetsReceived":17170,"packetsLost":0}},{"from":"Shivam_d3c79d6a-f882-41f2-a578-970ee49ff3dd","to":"Jaysoni_592d9756-9848-4425-b968-d7066e98111e","Audio":{"timestamp":1611073350735.874,"packetsReceived":29686,"packetsLost":0},"Type":"inbound-rtp","Video":{"timestamp":1611073350735.874,"packetsReceived":17170,"packetsLost":0}},{"from":"Shivam_d3c79d6a-f882-41f2-a578-970ee49ff3dd","to":"Jaysoni_592d9756-9848-4425-b968-d7066e98111e","Audio":{"timestamp":1611073355735.895,"packetsReceived":29936,"packetsLost":0},"Type":"inbound-rtp","Video":{"timestamp":1611073355735.895,"packetsReceived":17174,"packetsLost":0}},{"from":"Shivam_d3c79d6a-f882-41f2-a578-970ee49ff3dd","to":"Jaysoni_592d9756-9848-4425-b968-d7066e98111e","Audio":{"timestamp":1611073355735.895,"packetsReceived":29936,"packetsLost":0},"Type":"inbound-rtp","Video":{"timestamp":1611073355735.895,"packetsReceived":17174,"packetsLost":0}},{"from":"Shivam_d3c79d6a-f882-41f2-a578-970ee49ff3dd","to":"Jaysoni_592d9756-9848-4425-b968-d7066e98111e","Audio":{"timestamp":1611073360735.92,"packetsReceived":30186,"packetsLost":0},"Type":"inbound-rtp","Video":{"timestamp":1611073360735.92,"packetsReceived":17179,"packetsLost":0}},{"from":"Shivam_d3c79d6a-f882-41f2-a578-970ee49ff3dd","to":"Jaysoni_592d9756-9848-4425-b968-d7066e98111e","Audio":{"timestamp":1611073360735.92,"packetsReceived":30186,"packetsLost":0},"Type":"inbound-rtp","Video":{"timestamp":1611073360735.92,"packetsReceived":17179,"packetsLost":0}},{"from":"Shivam_d3c79d6a-f882-41f2-a578-970ee49ff3dd","to":"Jaysoni_592d9756-9848-4425-b968-d7066e98111e","Audio":{"timestamp":1611073365735.945,"packetsReceived":30436,"packetsLost":0},"Type":"inbound-rtp","Video":{"timestamp":1611073365735.945,"packetsReceived":17184,"packetsLost":0}},{"from":"Shivam_d3c79d6a-f882-41f2-a578-970ee49ff3dd","to":"Jaysoni_592d9756-9848-4425-b968-d7066e98111e","Audio":{"timestamp":1611073365735.945,"packetsReceived":30436,"packetsLost":0},"Type":"inbound-rtp","Video":{"timestamp":1611073365735.945,"packetsReceived":17184,"packetsLost":0}},{"from":"Shivam_d3c79d6a-f882-41f2-a578-970ee49ff3dd","to":"Jaysoni_592d9756-9848-4425-b968-d7066e98111e","Audio":{"timestamp":1611073370735.869,"packetsReceived":30685,"packetsLost":0},"Type":"inbound-rtp","Video":{"timestamp":1611073370735.869,"packetsReceived":17189,"packetsLost":0}},{"from":"Shivam_d3c79d6a-f882-41f2-a578-970ee49ff3dd","to":"Jaysoni_592d9756-9848-4425-b968-d7066e98111e","Audio":{"timestamp":1611073370735.869,"packetsReceived":30685,"packetsLost":0},"Type":"inbound-rtp","Video":{"timestamp":1611073370735.869,"packetsReceived":17189,"packetsLost":0}},{"from":"Shivam_d3c79d6a-f882-41f2-a578-970ee49ff3dd","to":"Jaysoni_592d9756-9848-4425-b968-d7066e98111e","Audio":{"timestamp":1611073375735.967,"packetsReceived":30936,"packetsLost":0},"Type":"inbound-rtp","Video":{"timestamp":1611073375735.967,"packetsReceived":17194,"packetsLost":0}},{"from":"Shivam_d3c79d6a-f882-41f2-a578-970ee49ff3dd","to":"Jaysoni_592d9756-9848-4425-b968-d7066e98111e","Audio":{"timestamp":1611073375735.967,"packetsReceived":30936,"packetsLost":0},"Type":"inbound-rtp","Video":{"timestamp":1611073375735.967,"packetsReceived":17194,"packetsLost":0}},{"from":"Shivam_d3c79d6a-f882-41f2-a578-970ee49ff3dd","to":"Jaysoni_592d9756-9848-4425-b968-d7066e98111e","Audio":{"timestamp":1611073380735.904,"packetsReceived":31186,"packetsLost":0},"Type":"inbound-rtp","Video":{"timestamp":1611073380735.904,"packetsReceived":17199,"packetsLost":0}},{"from":"Shivam_d3c79d6a-f882-41f2-a578-970ee49ff3dd","to":"Jaysoni_592d9756-9848-4425-b968-d7066e98111e","Audio":{"timestamp":1611073380735.904,"packetsReceived":31186,"packetsLost":0},"Type":"inbound-rtp","Video":{"timestamp":1611073380735.904,"packetsReceived":17199,"packetsLost":0}},{"from":"Shivam_d3c79d6a-f882-41f2-a578-970ee49ff3dd","to":"Jaysoni_592d9756-9848-4425-b968-d7066e98111e","Audio":{"timestamp":1611073385735.815,"packetsReceived":31436,"packetsLost":0},"Type":"inbound-rtp","Video":{"timestamp":1611073385735.815,"packetsReceived":17204,"packetsLost":0}},{"from":"Shivam_d3c79d6a-f882-41f2-a578-970ee49ff3dd","to":"Jaysoni_592d9756-9848-4425-b968-d7066e98111e","Audio":{"timestamp":1611073385735.815,"packetsReceived":31436,"packetsLost":0},"Type":"inbound-rtp","Video":{"timestamp":1611073385735.815,"packetsReceived":17204,"packetsLost":0}},{"from":"Shivam_d3c79d6a-f882-41f2-a578-970ee49ff3dd","to":"Jaysoni_592d9756-9848-4425-b968-d7066e98111e","Audio":{"timestamp":1611073390735.873,"packetsReceived":31686,"packetsLost":0},"Type":"inbound-rtp","Video":{"timestamp":1611073390735.873,"packetsReceived":17208,"packetsLost":0}},{"from":"Shivam_d3c79d6a-f882-41f2-a578-970ee49ff3dd","to":"Jaysoni_592d9756-9848-4425-b968-d7066e98111e","Audio":{"timestamp":1611073390735.873,"packetsReceived":31686,"packetsLost":0},"Type":"inbound-rtp","Video":{"timestamp":1611073390735.873,"packetsReceived":17208,"packetsLost":0}},{"from":"Shivam_d3c79d6a-f882-41f2-a578-970ee49ff3dd","to":"Jaysoni_592d9756-9848-4425-b968-d7066e98111e","Audio":{"timestamp":1611073395735.92,"packetsReceived":31936,"packetsLost":0},"Type":"inbound-rtp","Video":{"timestamp":1611073395735.92,"packetsReceived":17213,"packetsLost":0}},{"from":"Shivam_d3c79d6a-f882-41f2-a578-970ee49ff3dd","to":"Jaysoni_592d9756-9848-4425-b968-d7066e98111e","Audio":{"timestamp":1611073395735.92,"packetsReceived":31936,"packetsLost":0},"Type":"inbound-rtp","Video":{"timestamp":1611073395735.92,"packetsReceived":17213,"packetsLost":0}},{"from":"Shivam_d3c79d6a-f882-41f2-a578-970ee49ff3dd","to":"Jaysoni_592d9756-9848-4425-b968-d7066e98111e","Audio":{"timestamp":1611073400735.835,"packetsReceived":32186,"packetsLost":0},"Type":"inbound-rtp","Video":{"timestamp":1611073400735.835,"packetsReceived":17218,"packetsLost":0}},{"from":"Shivam_d3c79d6a-f882-41f2-a578-970ee49ff3dd","to":"Jaysoni_592d9756-9848-4425-b968-d7066e98111e","Audio":{"timestamp":1611073400735.835,"packetsReceived":32186,"packetsLost":0},"Type":"inbound-rtp","Video":{"timestamp":1611073400735.835,"packetsReceived":17218,"packetsLost":0}},{"from":"Shivam_d3c79d6a-f882-41f2-a578-970ee49ff3dd","to":"Jaysoni_592d9756-9848-4425-b968-d7066e98111e","Audio":{"timestamp":1611073405735.874,"packetsReceived":32436,"packetsLost":0},"Type":"inbound-rtp","Video":{"timestamp":1611073405735.874,"packetsReceived":17222,"packetsLost":0}},{"from":"Shivam_d3c79d6a-f882-41f2-a578-970ee49ff3dd","to":"Jaysoni_592d9756-9848-4425-b968-d7066e98111e","Audio":{"timestamp":1611073405735.874,"packetsReceived":32436,"packetsLost":0},"Type":"inbound-rtp","Video":{"timestamp":1611073405735.874,"packetsReceived":17222,"packetsLost":0}},{"from":"Shivam_d3c79d6a-f882-41f2-a578-970ee49ff3dd","to":"Jaysoni_592d9756-9848-4425-b968-d7066e98111e","Audio":{"timestamp":1611073410735.894,"packetsReceived":32686,"packetsLost":0},"Type":"inbound-rtp","Video":{"timestamp":1611073410735.894,"packetsReceived":17227,"packetsLost":0}},{"from":"Shivam_d3c79d6a-f882-41f2-a578-970ee49ff3dd","to":"Jaysoni_592d9756-9848-4425-b968-d7066e98111e","Audio":{"timestamp":1611073410735.894,"packetsReceived":32686,"packetsLost":0},"Type":"inbound-rtp","Video":{"timestamp":1611073410735.894,"packetsReceived":17227,"packetsLost":0}},{"from":"Shivam_d3c79d6a-f882-41f2-a578-970ee49ff3dd","to":"Jaysoni_592d9756-9848-4425-b968-d7066e98111e","Audio":{"timestamp":1611073415735.762,"packetsReceived":32936,"packetsLost":0},"Type":"inbound-rtp","Video":{"timestamp":1611073415735.762,"packetsReceived":17232,"packetsLost":0}},{"from":"Shivam_d3c79d6a-f882-41f2-a578-970ee49ff3dd","to":"Jaysoni_592d9756-9848-4425-b968-d7066e98111e","Audio":{"timestamp":1611073415735.762,"packetsReceived":32936,"packetsLost":0},"Type":"inbound-rtp","Video":{"timestamp":1611073415735.762,"packetsReceived":17232,"packetsLost":0}},{"from":"Shivam_d3c79d6a-f882-41f2-a578-970ee49ff3dd","to":"Jaysoni_592d9756-9848-4425-b968-d7066e98111e","Audio":{"timestamp":1611073420735.712,"packetsReceived":33186,"packetsLost":0},"Type":"inbound-rtp","Video":{"timestamp":1611073420735.712,"packetsReceived":17236,"packetsLost":0}},{"from":"Shivam_d3c79d6a-f882-41f2-a578-970ee49ff3dd","to":"Jaysoni_592d9756-9848-4425-b968-d7066e98111e","Audio":{"timestamp":1611073420735.712,"packetsReceived":33186,"packetsLost":0},"Type":"inbound-rtp","Video":{"timestamp":1611073420735.712,"packetsReceived":17236,"packetsLost":0}},{"from":"Shivam_d3c79d6a-f882-41f2-a578-970ee49ff3dd","to":"Jaysoni_592d9756-9848-4425-b968-d7066e98111e","Audio":{"timestamp":1611073425735.866,"packetsReceived":33436,"packetsLost":0},"Type":"inbound-rtp","Video":{"timestamp":1611073425735.866,"packetsReceived":17241,"packetsLost":0}},{"from":"Shivam_d3c79d6a-f882-41f2-a578-970ee49ff3dd","to":"Jaysoni_592d9756-9848-4425-b968-d7066e98111e","Audio":{"timestamp":1611073425735.866,"packetsReceived":33436,"packetsLost":0},"Type":"inbound-rtp","Video":{"timestamp":1611073425735.866,"packetsReceived":17241,"packetsLost":0}},{"from":"Shivam_d3c79d6a-f882-41f2-a578-970ee49ff3dd","to":"Jaysoni_592d9756-9848-4425-b968-d7066e98111e","Audio":{"timestamp":1611073430735.859,"packetsReceived":33686,"packetsLost":0},"Type":"inbound-rtp","Video":{"timestamp":1611073430735.859,"packetsReceived":17342,"packetsLost":0}},{"from":"Shivam_d3c79d6a-f882-41f2-a578-970ee49ff3dd","to":"Jaysoni_592d9756-9848-4425-b968-d7066e98111e","Audio":{"timestamp":1611073430735.859,"packetsReceived":33686,"packetsLost":0},"Type":"inbound-rtp","Video":{"timestamp":1611073430735.859,"packetsReceived":17342,"packetsLost":0}},{"from":"Shivam_d3c79d6a-f882-41f2-a578-970ee49ff3dd","to":"Jaysoni_592d9756-9848-4425-b968-d7066e98111e","Audio":{"timestamp":1611073435735.92,"packetsReceived":33936,"packetsLost":0},"Type":"inbound-rtp","Video":{"timestamp":1611073435735.92,"packetsReceived":17351,"packetsLost":0}},{"from":"Shivam_d3c79d6a-f882-41f2-a578-970ee49ff3dd","to":"Jaysoni_592d9756-9848-4425-b968-d7066e98111e","Audio":{"timestamp":1611073435735.92,"packetsReceived":33936,"packetsLost":0},"Type":"inbound-rtp","Video":{"timestamp":1611073435735.92,"packetsReceived":17351,"packetsLost":0}},{"from":"Shivam_d3c79d6a-f882-41f2-a578-970ee49ff3dd","to":"Jaysoni_592d9756-9848-4425-b968-d7066e98111e","Audio":{"timestamp":1611073440735.864,"packetsReceived":34186,"packetsLost":0},"Type":"inbound-rtp","Video":{"timestamp":1611073440735.864,"packetsReceived":17361,"packetsLost":0}},{"from":"Shivam_d3c79d6a-f882-41f2-a578-970ee49ff3dd","to":"Jaysoni_592d9756-9848-4425-b968-d7066e98111e","Audio":{"timestamp":1611073440735.864,"packetsReceived":34186,"packetsLost":0},"Type":"inbound-rtp","Video":{"timestamp":1611073440735.864,"packetsReceived":17361,"packetsLost":0}},{"from":"Shivam_d3c79d6a-f882-41f2-a578-970ee49ff3dd","to":"Jaysoni_592d9756-9848-4425-b968-d7066e98111e","Audio":{"timestamp":1611073445735.861,"packetsReceived":34436,"packetsLost":0},"Type":"inbound-rtp","Video":{"timestamp":1611073445735.861,"packetsReceived":17371,"packetsLost":0}},{"from":"Shivam_d3c79d6a-f882-41f2-a578-970ee49ff3dd","to":"Jaysoni_592d9756-9848-4425-b968-d7066e98111e","Audio":{"timestamp":1611073445735.861,"packetsReceived":34436,"packetsLost":0},"Type":"inbound-rtp","Video":{"timestamp":1611073445735.861,"packetsReceived":17371,"packetsLost":0}},{"from":"Shivam_d3c79d6a-f882-41f2-a578-970ee49ff3dd","to":"Jaysoni_592d9756-9848-4425-b968-d7066e98111e","Audio":{"timestamp":1611073450735.917,"packetsReceived":34686,"packetsLost":0},"Type":"inbound-rtp","Video":{"timestamp":1611073450735.917,"packetsReceived":17379,"packetsLost":0}},{"from":"Shivam_d3c79d6a-f882-41f2-a578-970ee49ff3dd","to":"Jaysoni_592d9756-9848-4425-b968-d7066e98111e","Audio":{"timestamp":1611073450735.917,"packetsReceived":34686,"packetsLost":0},"Type":"inbound-rtp","Video":{"timestamp":1611073450735.917,"packetsReceived":17379,"packetsLost":0}},{"from":"Shivam_d3c79d6a-f882-41f2-a578-970ee49ff3dd","to":"Jaysoni_592d9756-9848-4425-b968-d7066e98111e","Audio":{"timestamp":1611073455735.943,"packetsReceived":34936,"packetsLost":0},"Type":"inbound-rtp","Video":{"timestamp":1611073455735.943,"packetsReceived":17389,"packetsLost":0}},{"from":"Shivam_d3c79d6a-f882-41f2-a578-970ee49ff3dd","to":"Jaysoni_592d9756-9848-4425-b968-d7066e98111e","Audio":{"timestamp":1611073455735.943,"packetsReceived":34936,"packetsLost":0},"Type":"inbound-rtp","Video":{"timestamp":1611073455735.943,"packetsReceived":17389,"packetsLost":0}},{"from":"Shivam_d3c79d6a-f882-41f2-a578-970ee49ff3dd","to":"Jaysoni_592d9756-9848-4425-b968-d7066e98111e","Audio":{"timestamp":1611073460735.904,"packetsReceived":35186,"packetsLost":0},"Type":"inbound-rtp","Video":{"timestamp":1611073460735.904,"packetsReceived":17399,"packetsLost":0}},{"from":"Shivam_d3c79d6a-f882-41f2-a578-970ee49ff3dd","to":"Jaysoni_592d9756-9848-4425-b968-d7066e98111e","Audio":{"timestamp":1611073460735.904,"packetsReceived":35186,"packetsLost":0},"Type":"inbound-rtp","Video":{"timestamp":1611073460735.904,"packetsReceived":17399,"packetsLost":0}},{"from":"Shivam_d3c79d6a-f882-41f2-a578-970ee49ff3dd","to":"Jaysoni_592d9756-9848-4425-b968-d7066e98111e","Audio":{"timestamp":1611073465735.903,"packetsReceived":35436,"packetsLost":0},"Type":"inbound-rtp","Video":{"timestamp":1611073465735.903,"packetsReceived":17409,"packetsLost":0}},{"from":"Shivam_d3c79d6a-f882-41f2-a578-970ee49ff3dd","to":"Jaysoni_592d9756-9848-4425-b968-d7066e98111e","Audio":{"timestamp":1611073465735.903,"packetsReceived":35436,"packetsLost":0},"Type":"inbound-rtp","Video":{"timestamp":1611073465735.903,"packetsReceived":17409,"packetsLost":0}},{"from":"Shivam_d3c79d6a-f882-41f2-a578-970ee49ff3dd","to":"Jaysoni_592d9756-9848-4425-b968-d7066e98111e","Audio":{"timestamp":1611073470735.867,"packetsReceived":35686,"packetsLost":0},"Type":"inbound-rtp","Video":{"timestamp":1611073470735.867,"packetsReceived":17419,"packetsLost":0}},{"from":"Shivam_d3c79d6a-f882-41f2-a578-970ee49ff3dd","to":"Jaysoni_592d9756-9848-4425-b968-d7066e98111e","Audio":{"timestamp":1611073470735.867,"packetsReceived":35686,"packetsLost":0},"Type":"inbound-rtp","Video":{"timestamp":1611073470735.867,"packetsReceived":17419,"packetsLost":0}},{"from":"Shivam_d3c79d6a-f882-41f2-a578-970ee49ff3dd","to":"Jaysoni_592d9756-9848-4425-b968-d7066e98111e","Audio":{"timestamp":1611073475735.877,"packetsReceived":35936,"packetsLost":0},"Type":"inbound-rtp","Video":{"timestamp":1611073475735.877,"packetsReceived":17429,"packetsLost":0}},{"from":"Shivam_d3c79d6a-f882-41f2-a578-970ee49ff3dd","to":"Jaysoni_592d9756-9848-4425-b968-d7066e98111e","Audio":{"timestamp":1611073475735.877,"packetsReceived":35936,"packetsLost":0},"Type":"inbound-rtp","Video":{"timestamp":1611073475735.877,"packetsReceived":17429,"packetsLost":0}},{"from":"Shivam_d3c79d6a-f882-41f2-a578-970ee49ff3dd","to":"Jaysoni_592d9756-9848-4425-b968-d7066e98111e","Audio":{"timestamp":1611073480735.98,"packetsReceived":36186,"packetsLost":0},"Type":"inbound-rtp","Video":{"timestamp":1611073480735.98,"packetsReceived":17437,"packetsLost":0}},{"from":"Shivam_d3c79d6a-f882-41f2-a578-970ee49ff3dd","to":"Jaysoni_592d9756-9848-4425-b968-d7066e98111e","Audio":{"timestamp":1611073480735.98,"packetsReceived":36186,"packetsLost":0},"Type":"inbound-rtp","Video":{"timestamp":1611073480735.98,"packetsReceived":17437,"packetsLost":0}},{"from":"Shivam_d3c79d6a-f882-41f2-a578-970ee49ff3dd","to":"Jaysoni_592d9756-9848-4425-b968-d7066e98111e","Audio":{"timestamp":1611073485735.86,"packetsReceived":36436,"packetsLost":0},"Type":"inbound-rtp","Video":{"timestamp":1611073485735.86,"packetsReceived":17447,"packetsLost":0}},{"from":"Shivam_d3c79d6a-f882-41f2-a578-970ee49ff3dd","to":"Jaysoni_592d9756-9848-4425-b968-d7066e98111e","Audio":{"timestamp":1611073485735.86,"packetsReceived":36436,"packetsLost":0},"Type":"inbound-rtp","Video":{"timestamp":1611073485735.86,"packetsReceived":17447,"packetsLost":0}},{"from":"Shivam_d3c79d6a-f882-41f2-a578-970ee49ff3dd","to":"Jaysoni_592d9756-9848-4425-b968-d7066e98111e","Audio":{"timestamp":1611073490735.783,"packetsReceived":36686,"packetsLost":0},"Type":"inbound-rtp","Video":{"timestamp":1611073490735.783,"packetsReceived":17502,"packetsLost":0}},{"from":"Shivam_d3c79d6a-f882-41f2-a578-970ee49ff3dd","to":"Jaysoni_592d9756-9848-4425-b968-d7066e98111e","Audio":{"timestamp":1611073490735.783,"packetsReceived":36686,"packetsLost":0},"Type":"inbound-rtp","Video":{"timestamp":1611073490735.783,"packetsReceived":17502,"packetsLost":0}},{"from":"Shivam_d3c79d6a-f882-41f2-a578-970ee49ff3dd","to":"Jaysoni_592d9756-9848-4425-b968-d7066e98111e","Audio":{"timestamp":1611073495735.82,"packetsReceived":36936,"packetsLost":0},"Type":"inbound-rtp","Video":{"timestamp":1611073495735.82,"packetsReceived":17575,"packetsLost":0}},{"from":"Shivam_d3c79d6a-f882-41f2-a578-970ee49ff3dd","to":"Jaysoni_592d9756-9848-4425-b968-d7066e98111e","Audio":{"timestamp":1611073495735.82,"packetsReceived":36936,"packetsLost":0},"Type":"inbound-rtp","Video":{"timestamp":1611073495735.82,"packetsReceived":17575,"packetsLost":0}},{"from":"Shivam_d3c79d6a-f882-41f2-a578-970ee49ff3dd","to":"Jaysoni_592d9756-9848-4425-b968-d7066e98111e","Audio":{"timestamp":1611073500164.881,"packetsReceived":37157,"packetsLost":0},"Type":"inbound-rtp","Video":{"timestamp":1611073500164.881,"packetsReceived":17618,"packetsLost":0}},{"from":"Shivam_d3c79d6a-f882-41f2-a578-970ee49ff3dd","to":"Jaysoni_592d9756-9848-4425-b968-d7066e98111e","Audio":{"timestamp":1611073500164.881,"packetsReceived":37157,"packetsLost":0},"Type":"inbound-rtp","Video":{"timestamp":1611073500164.881,"packetsReceived":17618,"packetsLost":0}}]}