[{"timestamp":1611070350752,"log":{"from":"server","to":"NIshant_2287d586-6e55-4b29-affa-063f529b965c","context":"PARENT","data":"{\"peer\":\"ChinmaySahoo_662996d7-857d-4974-91a4-e6c3e8872077\"}"}},{"timestamp":1611070350752,"log":"Parent : ChinmaySahoo_662996d7-857d-4974-91a4-e6c3e8872077"},{"timestamp":1611070351242,"log":{"from":"ChinmaySahoo_662996d7-857d-4974-91a4-e6c3e8872077","to":"NIshant_2287d586-6e55-4b29-affa-063f529b965c","context":"CONNECT_ACK","data":"{\"roomID\":\"123456\"}"}},{"timestamp":1611070351242,"log":"Connection ACK from parent : ChinmaySahoo_662996d7-857d-4974-91a4-e6c3e8872077"},{"timestamp":1611070351251,"log":"received sdp from peer : ChinmaySahoo_662996d7-857d-4974-91a4-e6c3e8872077"},{"timestamp":1611070351254,"log":"received ice from peer : ChinmaySahoo_662996d7-857d-4974-91a4-e6c3e8872077"},{"timestamp":1611070351256,"log":"received ice from peer : ChinmaySahoo_662996d7-857d-4974-91a4-e6c3e8872077"},{"timestamp":1611070351257,"log":"remote stream received"},{"timestamp":1611070351258,"log":{}},{"timestamp":1611070351258,"log":"remote stream received"},{"timestamp":1611070351258,"log":{}},{"timestamp":1611070351263,"log":"created description for peer : ChinmaySahoo_662996d7-857d-4974-91a4-e6c3e8872077"},{"timestamp":1611070351282,"log":"received ice from peer : ChinmaySahoo_662996d7-857d-4974-91a4-e6c3e8872077"},{"timestamp":1611070351293,"log":"connection with peer ChinmaySahoo_662996d7-857d-4974-91a4-e6c3e8872077 checking"},{"timestamp":1611070351293,"log":"ice: NIshant_2287d586-6e55-4b29-affa-063f529b965c to ChinmaySahoo_662996d7-857d-4974-91a4-e6c3e8872077"},{"timestamp":1611070351295,"log":"connection with peer ChinmaySahoo_662996d7-857d-4974-91a4-e6c3e8872077 connected"},{"timestamp":1611070351295,"log":"ice: NIshant_2287d586-6e55-4b29-affa-063f529b965c to ChinmaySahoo_662996d7-857d-4974-91a4-e6c3e8872077"},{"timestamp":1611070351484,"log":"received ice from peer : ChinmaySahoo_662996d7-857d-4974-91a4-e6c3e8872077"}]