[{"timestamp":1611069664652,"log":{"from":"server","to":"Avatansh_0a38adef-10b1-4d61-a3ae-a57eb5dd92df","context":"PARENT","data":"{\"peer\":\"Prabhadh_8ddc9099-f320-4337-8c8b-dcb92e603e1f\"}"}},{"timestamp":1611069664652,"log":"Parent : Prabhadh_8ddc9099-f320-4337-8c8b-dcb92e603e1f"},{"timestamp":1611069665152,"log":{"from":"Prabhadh_8ddc9099-f320-4337-8c8b-dcb92e603e1f","to":"Avatansh_0a38adef-10b1-4d61-a3ae-a57eb5dd92df","context":"CONNECT_ACK","data":"{\"roomID\":\"123456\"}"}},{"timestamp":1611069665152,"log":"Connection ACK from parent : Prabhadh_8ddc9099-f320-4337-8c8b-dcb92e603e1f"},{"timestamp":1611069665161,"log":"received sdp from peer : Prabhadh_8ddc9099-f320-4337-8c8b-dcb92e603e1f"},{"timestamp":1611069665174,"log":"remote stream received"},{"timestamp":1611069665175,"log":{}},{"timestamp":1611069665175,"log":"remote stream received"},{"timestamp":1611069665175,"log":{}},{"timestamp":1611069665180,"log":"created description for peer : Prabhadh_8ddc9099-f320-4337-8c8b-dcb92e603e1f"},{"timestamp":1611069665185,"log":"ice: Avatansh_0a38adef-10b1-4d61-a3ae-a57eb5dd92df to Prabhadh_8ddc9099-f320-4337-8c8b-dcb92e603e1f"},{"timestamp":1611069665217,"log":"ice: Avatansh_0a38adef-10b1-4d61-a3ae-a57eb5dd92df to Prabhadh_8ddc9099-f320-4337-8c8b-dcb92e603e1f"},{"timestamp":1611069665399,"log":"received ice from peer : Prabhadh_8ddc9099-f320-4337-8c8b-dcb92e603e1f"},{"timestamp":1611069665401,"log":"connection with peer Prabhadh_8ddc9099-f320-4337-8c8b-dcb92e603e1f checking"},{"timestamp":1611069665401,"log":"received ice from peer : Prabhadh_8ddc9099-f320-4337-8c8b-dcb92e603e1f"},{"timestamp":1611069665402,"log":"received ice from peer : Prabhadh_8ddc9099-f320-4337-8c8b-dcb92e603e1f"},{"timestamp":1611069665403,"log":"received ice from peer : Prabhadh_8ddc9099-f320-4337-8c8b-dcb92e603e1f"},{"timestamp":1611069665403,"log":"connection with peer Prabhadh_8ddc9099-f320-4337-8c8b-dcb92e603e1f connected"},{"timestamp":1611069665404,"log":"ice: Avatansh_0a38adef-10b1-4d61-a3ae-a57eb5dd92df to Prabhadh_8ddc9099-f320-4337-8c8b-dcb92e603e1f"},{"timestamp":1611069838906,"log":{"from":"Sankalp_2c655368-f2a5-443c-ac07-76ae3909c22b","to":"Avatansh_0a38adef-10b1-4d61-a3ae-a57eb5dd92df","context":"CONNECT","data":"{\"roomID\":\"123456\"}"}},{"timestamp":1611069838906,"log":"Connect request from Child : Sankalp_2c655368-f2a5-443c-ac07-76ae3909c22b"},{"timestamp":1611069838908,"log":"adding tracks"},{"timestamp":1611069838911,"log":"call inititated: Avatansh_0a38adef-10b1-4d61-a3ae-a57eb5dd92df to Sankalp_2c655368-f2a5-443c-ac07-76ae3909c22b"},{"timestamp":1611069838915,"log":"created description for peer : Sankalp_2c655368-f2a5-443c-ac07-76ae3909c22b"},{"timestamp":1611069838921,"log":"ice: Avatansh_0a38adef-10b1-4d61-a3ae-a57eb5dd92df to Sankalp_2c655368-f2a5-443c-ac07-76ae3909c22b"},{"timestamp":1611069838922,"log":"ice: Avatansh_0a38adef-10b1-4d61-a3ae-a57eb5dd92df to Sankalp_2c655368-f2a5-443c-ac07-76ae3909c22b"},{"timestamp":1611069838954,"log":"ice: Avatansh_0a38adef-10b1-4d61-a3ae-a57eb5dd92df to Sankalp_2c655368-f2a5-443c-ac07-76ae3909c22b"},{"timestamp":1611069838955,"log":"ice: Avatansh_0a38adef-10b1-4d61-a3ae-a57eb5dd92df to Sankalp_2c655368-f2a5-443c-ac07-76ae3909c22b"},{"timestamp":1611069839218,"log":"connection with peer Sankalp_2c655368-f2a5-443c-ac07-76ae3909c22b checking"},{"timestamp":1611069839707,"log":"received sdp from peer : Sankalp_2c655368-f2a5-443c-ac07-76ae3909c22b"},{"timestamp":1611069839710,"log":"received ice from peer : Sankalp_2c655368-f2a5-443c-ac07-76ae3909c22b"},{"timestamp":1611069839715,"log":"connection with peer Sankalp_2c655368-f2a5-443c-ac07-76ae3909c22b connected"},{"timestamp":1611069839715,"log":"ice: Avatansh_0a38adef-10b1-4d61-a3ae-a57eb5dd92df to Sankalp_2c655368-f2a5-443c-ac07-76ae3909c22b"},{"timestamp":1611069848359,"log":{"from":"ChinmaySahoo_662996d7-857d-4974-91a4-e6c3e8872077","to":"Avatansh_0a38adef-10b1-4d61-a3ae-a57eb5dd92df","context":"CONNECT","data":"{\"roomID\":\"123456\"}"}},{"timestamp":1611069848359,"log":"Connect request from Child : ChinmaySahoo_662996d7-857d-4974-91a4-e6c3e8872077"},{"timestamp":1611069848361,"log":"adding tracks"},{"timestamp":1611069848362,"log":"call inititated: Avatansh_0a38adef-10b1-4d61-a3ae-a57eb5dd92df to ChinmaySahoo_662996d7-857d-4974-91a4-e6c3e8872077"},{"timestamp":1611069848365,"log":"created description for peer : ChinmaySahoo_662996d7-857d-4974-91a4-e6c3e8872077"},{"timestamp":1611069848372,"log":"ice: Avatansh_0a38adef-10b1-4d61-a3ae-a57eb5dd92df to ChinmaySahoo_662996d7-857d-4974-91a4-e6c3e8872077"},{"timestamp":1611069848373,"log":"ice: Avatansh_0a38adef-10b1-4d61-a3ae-a57eb5dd92df to ChinmaySahoo_662996d7-857d-4974-91a4-e6c3e8872077"},{"timestamp":1611069848405,"log":"ice: Avatansh_0a38adef-10b1-4d61-a3ae-a57eb5dd92df to ChinmaySahoo_662996d7-857d-4974-91a4-e6c3e8872077"},{"timestamp":1611069848406,"log":"ice: Avatansh_0a38adef-10b1-4d61-a3ae-a57eb5dd92df to ChinmaySahoo_662996d7-857d-4974-91a4-e6c3e8872077"},{"timestamp":1611069848721,"log":"connection with peer ChinmaySahoo_662996d7-857d-4974-91a4-e6c3e8872077 checking"},{"timestamp":1611069848962,"log":"received sdp from peer : ChinmaySahoo_662996d7-857d-4974-91a4-e6c3e8872077"},{"timestamp":1611069848964,"log":"received ice from peer : ChinmaySahoo_662996d7-857d-4974-91a4-e6c3e8872077"},{"timestamp":1611069848971,"log":"connection with peer ChinmaySahoo_662996d7-857d-4974-91a4-e6c3e8872077 connected"},{"timestamp":1611069848971,"log":"ice: Avatansh_0a38adef-10b1-4d61-a3ae-a57eb5dd92df to ChinmaySahoo_662996d7-857d-4974-91a4-e6c3e8872077"}]