[{"timestamp":1611070077039,"log":{"from":"server","to":"Ruchika_d244ffd0-9079-46ad-a0ac-5dfc49145500","context":"PARENT","data":"{\"peer\":\"Shivank_3861bd06-827e-483e-bd1e-545b519e277f\"}"}},{"timestamp":1611070077039,"log":"Parent : Shivank_3861bd06-827e-483e-bd1e-545b519e277f"},{"timestamp":1611070077539,"log":{"from":"Shivank_3861bd06-827e-483e-bd1e-545b519e277f","to":"Ruchika_d244ffd0-9079-46ad-a0ac-5dfc49145500","context":"CONNECT_ACK","data":"{\"roomID\":\"123456\"}"}},{"timestamp":1611070077539,"log":"Connection ACK from parent : Shivank_3861bd06-827e-483e-bd1e-545b519e277f"},{"timestamp":1611070077549,"log":"received sdp from peer : Shivank_3861bd06-827e-483e-bd1e-545b519e277f"},{"timestamp":1611070077556,"log":"received ice from peer : Shivank_3861bd06-827e-483e-bd1e-545b519e277f"},{"timestamp":1611070077567,"log":"received ice from peer : Shivank_3861bd06-827e-483e-bd1e-545b519e277f"},{"timestamp":1611070077573,"log":"remote stream received"},{"timestamp":1611070077574,"log":{}},{"timestamp":1611070077575,"log":"remote stream received"},{"timestamp":1611070077575,"log":{}},{"timestamp":1611070077588,"log":"created description for peer : Shivank_3861bd06-827e-483e-bd1e-545b519e277f"},{"timestamp":1611070077605,"log":"connection with peer Shivank_3861bd06-827e-483e-bd1e-545b519e277f checking"},{"timestamp":1611070077609,"log":"ice: Ruchika_d244ffd0-9079-46ad-a0ac-5dfc49145500 to Shivank_3861bd06-827e-483e-bd1e-545b519e277f"},{"timestamp":1611070077610,"log":"connection with peer Shivank_3861bd06-827e-483e-bd1e-545b519e277f connected"},{"timestamp":1611070077610,"log":"ice: Ruchika_d244ffd0-9079-46ad-a0ac-5dfc49145500 to Shivank_3861bd06-827e-483e-bd1e-545b519e277f"},{"timestamp":1611070077795,"log":"received ice from peer : Shivank_3861bd06-827e-483e-bd1e-545b519e277f"},{"timestamp":1611070077800,"log":"received ice from peer : Shivank_3861bd06-827e-483e-bd1e-545b519e277f"},{"timestamp":1611070699248,"log":{"from":"Sarthak_9b492fff-c1b8-415d-bf60-a60a30296cf5","to":"Ruchika_d244ffd0-9079-46ad-a0ac-5dfc49145500","context":"CONNECT","data":"{\"roomID\":\"123456\"}"}},{"timestamp":1611070699248,"log":"Connect request from Child : Sarthak_9b492fff-c1b8-415d-bf60-a60a30296cf5"},{"timestamp":1611070699251,"log":"adding tracks"},{"timestamp":1611070699258,"log":"call inititated: Ruchika_d244ffd0-9079-46ad-a0ac-5dfc49145500 to Sarthak_9b492fff-c1b8-415d-bf60-a60a30296cf5"},{"timestamp":1611070699263,"log":"created description for peer : Sarthak_9b492fff-c1b8-415d-bf60-a60a30296cf5"},{"timestamp":1611070699289,"log":"ice: Ruchika_d244ffd0-9079-46ad-a0ac-5dfc49145500 to Sarthak_9b492fff-c1b8-415d-bf60-a60a30296cf5"},{"timestamp":1611070699290,"log":"ice: Ruchika_d244ffd0-9079-46ad-a0ac-5dfc49145500 to Sarthak_9b492fff-c1b8-415d-bf60-a60a30296cf5"},{"timestamp":1611070699325,"log":"ice: Ruchika_d244ffd0-9079-46ad-a0ac-5dfc49145500 to Sarthak_9b492fff-c1b8-415d-bf60-a60a30296cf5"},{"timestamp":1611070699327,"log":"ice: Ruchika_d244ffd0-9079-46ad-a0ac-5dfc49145500 to Sarthak_9b492fff-c1b8-415d-bf60-a60a30296cf5"},{"timestamp":1611070699802,"log":"received sdp from peer : Sarthak_9b492fff-c1b8-415d-bf60-a60a30296cf5"},{"timestamp":1611070699808,"log":"received ice from peer : Sarthak_9b492fff-c1b8-415d-bf60-a60a30296cf5"},{"timestamp":1611070699823,"log":"connection with peer Sarthak_9b492fff-c1b8-415d-bf60-a60a30296cf5 checking"},{"timestamp":1611070699824,"log":"connection with peer Sarthak_9b492fff-c1b8-415d-bf60-a60a30296cf5 connected"},{"timestamp":1611070699825,"log":"ice: Ruchika_d244ffd0-9079-46ad-a0ac-5dfc49145500 to Sarthak_9b492fff-c1b8-415d-bf60-a60a30296cf5"},{"timestamp":1611070699839,"log":"received ice from peer : Sarthak_9b492fff-c1b8-415d-bf60-a60a30296cf5"},{"timestamp":1611070724232,"log":{"from":"Vidhi_d6506ee9-bfae-4475-8909-622a33d61d3f","to":"Ruchika_d244ffd0-9079-46ad-a0ac-5dfc49145500","context":"CONNECT","data":"{\"roomID\":\"123456\"}"}},{"timestamp":1611070724232,"log":"Connect request from Child : Vidhi_d6506ee9-bfae-4475-8909-622a33d61d3f"},{"timestamp":1611070724235,"log":"adding tracks"},{"timestamp":1611070724238,"log":"call inititated: Ruchika_d244ffd0-9079-46ad-a0ac-5dfc49145500 to Vidhi_d6506ee9-bfae-4475-8909-622a33d61d3f"},{"timestamp":1611070724241,"log":"created description for peer : Vidhi_d6506ee9-bfae-4475-8909-622a33d61d3f"},{"timestamp":1611070724257,"log":"ice: Ruchika_d244ffd0-9079-46ad-a0ac-5dfc49145500 to Vidhi_d6506ee9-bfae-4475-8909-622a33d61d3f"},{"timestamp":1611070724261,"log":"ice: Ruchika_d244ffd0-9079-46ad-a0ac-5dfc49145500 to Vidhi_d6506ee9-bfae-4475-8909-622a33d61d3f"},{"timestamp":1611070724290,"log":"ice: Ruchika_d244ffd0-9079-46ad-a0ac-5dfc49145500 to Vidhi_d6506ee9-bfae-4475-8909-622a33d61d3f"},{"timestamp":1611070724295,"log":"ice: Ruchika_d244ffd0-9079-46ad-a0ac-5dfc49145500 to Vidhi_d6506ee9-bfae-4475-8909-622a33d61d3f"},{"timestamp":1611070724778,"log":"received sdp from peer : Vidhi_d6506ee9-bfae-4475-8909-622a33d61d3f"},{"timestamp":1611070724784,"log":"received ice from peer : Vidhi_d6506ee9-bfae-4475-8909-622a33d61d3f"},{"timestamp":1611070724799,"log":"connection with peer Vidhi_d6506ee9-bfae-4475-8909-622a33d61d3f checking"},{"timestamp":1611070724801,"log":"connection with peer Vidhi_d6506ee9-bfae-4475-8909-622a33d61d3f connected"},{"timestamp":1611070724802,"log":"ice: Ruchika_d244ffd0-9079-46ad-a0ac-5dfc49145500 to Vidhi_d6506ee9-bfae-4475-8909-622a33d61d3f"},{"timestamp":1611070724810,"log":"received ice from peer : Vidhi_d6506ee9-bfae-4475-8909-622a33d61d3f"}]