[{"timestamp":1611072698098,"log":{"from":"server","to":"Yedla_d568d44c-bc73-4c55-8546-91d9913b13b8","context":"PARENT","data":"{\"peer\":\"Anshu_8bfdf48b-2a95-4693-9479-a9e262b37151\"}"}},{"timestamp":1611072698098,"log":"Parent : Anshu_8bfdf48b-2a95-4693-9479-a9e262b37151"},{"timestamp":1611072698593,"log":{"from":"Anshu_8bfdf48b-2a95-4693-9479-a9e262b37151","to":"Yedla_d568d44c-bc73-4c55-8546-91d9913b13b8","context":"CONNECT_ACK","data":"{\"roomID\":\"123456\"}"}},{"timestamp":1611072698593,"log":"Connection ACK from parent : Anshu_8bfdf48b-2a95-4693-9479-a9e262b37151"},{"timestamp":1611072698602,"log":"received sdp from peer : Anshu_8bfdf48b-2a95-4693-9479-a9e262b37151"},{"timestamp":1611072698606,"log":"received ice from peer : Anshu_8bfdf48b-2a95-4693-9479-a9e262b37151"},{"timestamp":1611072698610,"log":"received ice from peer : Anshu_8bfdf48b-2a95-4693-9479-a9e262b37151"},{"timestamp":1611072698611,"log":"remote stream received"},{"timestamp":1611072698612,"log":{}},{"timestamp":1611072698612,"log":"remote stream received"},{"timestamp":1611072698612,"log":{}},{"timestamp":1611072698617,"log":"created description for peer : Anshu_8bfdf48b-2a95-4693-9479-a9e262b37151"},{"timestamp":1611072698622,"log":"connection with peer Anshu_8bfdf48b-2a95-4693-9479-a9e262b37151 checking"},{"timestamp":1611072698622,"log":"ice: Yedla_d568d44c-bc73-4c55-8546-91d9913b13b8 to Anshu_8bfdf48b-2a95-4693-9479-a9e262b37151"},{"timestamp":1611072698623,"log":"connection with peer Anshu_8bfdf48b-2a95-4693-9479-a9e262b37151 connected"},{"timestamp":1611072698623,"log":"ice: Yedla_d568d44c-bc73-4c55-8546-91d9913b13b8 to Anshu_8bfdf48b-2a95-4693-9479-a9e262b37151"},{"timestamp":1611072698633,"log":"received ice from peer : Anshu_8bfdf48b-2a95-4693-9479-a9e262b37151"},{"timestamp":1611072698784,"log":"received ice from peer : Anshu_8bfdf48b-2a95-4693-9479-a9e262b37151"}]