[{"timestamp":1611070628203,"log":{"from":"server","to":"Prakhar_64881196-9f48-4331-b2a5-93ef3e844e7c","context":"PARENT","data":"{\"peer\":\"Arnav_beb6ad95-a849-4eb9-a733-a8deb73344f7\"}"}},{"timestamp":1611070628203,"log":"Parent : Arnav_beb6ad95-a849-4eb9-a733-a8deb73344f7"},{"timestamp":1611070628713,"log":{"from":"Arnav_beb6ad95-a849-4eb9-a733-a8deb73344f7","to":"Prakhar_64881196-9f48-4331-b2a5-93ef3e844e7c","context":"CONNECT_ACK","data":"{\"roomID\":\"123456\"}"}},{"timestamp":1611070628713,"log":"Connection ACK from parent : Arnav_beb6ad95-a849-4eb9-a733-a8deb73344f7"},{"timestamp":1611070628719,"log":"received sdp from peer : Arnav_beb6ad95-a849-4eb9-a733-a8deb73344f7"},{"timestamp":1611070628721,"log":"received ice from peer : Arnav_beb6ad95-a849-4eb9-a733-a8deb73344f7"},{"timestamp":1611070628724,"log":"remote stream received"},{"timestamp":1611070628724,"log":{}},{"timestamp":1611070628725,"log":"remote stream received"},{"timestamp":1611070628725,"log":{}},{"timestamp":1611070628725,"log":"received ice from peer : Arnav_beb6ad95-a849-4eb9-a733-a8deb73344f7"},{"timestamp":1611070628727,"log":"created description for peer : Arnav_beb6ad95-a849-4eb9-a733-a8deb73344f7"},{"timestamp":1611070628732,"log":"connection with peer Arnav_beb6ad95-a849-4eb9-a733-a8deb73344f7 checking"},{"timestamp":1611070628733,"log":"ice: Prakhar_64881196-9f48-4331-b2a5-93ef3e844e7c to Arnav_beb6ad95-a849-4eb9-a733-a8deb73344f7"},{"timestamp":1611070628733,"log":"connection with peer Arnav_beb6ad95-a849-4eb9-a733-a8deb73344f7 connected"},{"timestamp":1611070628734,"log":"ice: Prakhar_64881196-9f48-4331-b2a5-93ef3e844e7c to Arnav_beb6ad95-a849-4eb9-a733-a8deb73344f7"},{"timestamp":1611070628752,"log":"received ice from peer : Arnav_beb6ad95-a849-4eb9-a733-a8deb73344f7"},{"timestamp":1611070628960,"log":"received ice from peer : Arnav_beb6ad95-a849-4eb9-a733-a8deb73344f7"}]