[{"timestamp":1611070685331,"log":{"from":"server","to":"Vanisha_f5cd88d8-6ca7-4876-9e08-1d5c80409802","context":"PARENT","data":"{\"peer\":\"Anees_c4eec9de-2582-48b7-bef7-e0dd3fa1c6f4\"}"}},{"timestamp":1611070685331,"log":"Parent : Anees_c4eec9de-2582-48b7-bef7-e0dd3fa1c6f4"},{"timestamp":1611070685842,"log":{"from":"Anees_c4eec9de-2582-48b7-bef7-e0dd3fa1c6f4","to":"Vanisha_f5cd88d8-6ca7-4876-9e08-1d5c80409802","context":"CONNECT_ACK","data":"{\"roomID\":\"123456\"}"}},{"timestamp":1611070685842,"log":"Connection ACK from parent : Anees_c4eec9de-2582-48b7-bef7-e0dd3fa1c6f4"},{"timestamp":1611070685862,"log":"received sdp from peer : Anees_c4eec9de-2582-48b7-bef7-e0dd3fa1c6f4"},{"timestamp":1611070685866,"log":"received ice from peer : Anees_c4eec9de-2582-48b7-bef7-e0dd3fa1c6f4"},{"timestamp":1611070685867,"log":"received ice from peer : Anees_c4eec9de-2582-48b7-bef7-e0dd3fa1c6f4"},{"timestamp":1611070685868,"log":"remote stream received"},{"timestamp":1611070685869,"log":{}},{"timestamp":1611070685869,"log":"remote stream received"},{"timestamp":1611070685869,"log":{}},{"timestamp":1611070685872,"log":"created description for peer : Anees_c4eec9de-2582-48b7-bef7-e0dd3fa1c6f4"},{"timestamp":1611070685878,"log":"ice: Vanisha_f5cd88d8-6ca7-4876-9e08-1d5c80409802 to Anees_c4eec9de-2582-48b7-bef7-e0dd3fa1c6f4"},{"timestamp":1611070685878,"log":"connection with peer Anees_c4eec9de-2582-48b7-bef7-e0dd3fa1c6f4 checking"},{"timestamp":1611070685913,"log":"ice: Vanisha_f5cd88d8-6ca7-4876-9e08-1d5c80409802 to Anees_c4eec9de-2582-48b7-bef7-e0dd3fa1c6f4"},{"timestamp":1611070686112,"log":"received ice from peer : Anees_c4eec9de-2582-48b7-bef7-e0dd3fa1c6f4"},{"timestamp":1611070686113,"log":"received ice from peer : Anees_c4eec9de-2582-48b7-bef7-e0dd3fa1c6f4"},{"timestamp":1611070686467,"log":"ice: Vanisha_f5cd88d8-6ca7-4876-9e08-1d5c80409802 to Anees_c4eec9de-2582-48b7-bef7-e0dd3fa1c6f4"},{"timestamp":1611070686467,"log":"connection with peer Anees_c4eec9de-2582-48b7-bef7-e0dd3fa1c6f4 connected"}]