[{"joining_timestamp":1611072380569,"available_slots":4},{"media_timestamp":1611072382044},{"timestamp":1611072753458,"Type":"child_added","available_slots":3,"child_id":"Vidhi_255eb67e-08c0-4975-a44a-b7b5a2b624c8"},{"timestamp":1611072764596,"Type":"child_added","available_slots":2,"child_id":"Jaysoni_592d9756-9848-4425-b968-d7066e98111e"},{"timestamp":1611072773800,"Type":"child_added","available_slots":1,"child_id":"Sarthak_c3e24f24-9228-4b19-ae44-8ec3ec0397d2"},{"timestamp":1611072787102,"Type":"child_added","available_slots":0,"child_id":"Nidhi_436e3ee1-0d20-40c2-8f65-b84816149663"}]