[{"timestamp":1611070720768,"log":{"from":"server","to":"Vidhi_d6506ee9-bfae-4475-8909-622a33d61d3f","context":"PARENT","data":"{\"peer\":\"Ruchika_d244ffd0-9079-46ad-a0ac-5dfc49145500\"}"}},{"timestamp":1611070720768,"log":"Parent : Ruchika_d244ffd0-9079-46ad-a0ac-5dfc49145500"},{"timestamp":1611070721283,"log":{"from":"Ruchika_d244ffd0-9079-46ad-a0ac-5dfc49145500","to":"Vidhi_d6506ee9-bfae-4475-8909-622a33d61d3f","context":"CONNECT_ACK","data":"{\"roomID\":\"123456\"}"}},{"timestamp":1611070721283,"log":"Connection ACK from parent : Ruchika_d244ffd0-9079-46ad-a0ac-5dfc49145500"},{"timestamp":1611070721297,"log":"received sdp from peer : Ruchika_d244ffd0-9079-46ad-a0ac-5dfc49145500"},{"timestamp":1611070721302,"log":"received ice from peer : Ruchika_d244ffd0-9079-46ad-a0ac-5dfc49145500"},{"timestamp":1611070721303,"log":"remote stream received"},{"timestamp":1611070721304,"log":{}},{"timestamp":1611070721304,"log":"remote stream received"},{"timestamp":1611070721304,"log":{}},{"timestamp":1611070721309,"log":"received ice from peer : Ruchika_d244ffd0-9079-46ad-a0ac-5dfc49145500"},{"timestamp":1611070721310,"log":"created description for peer : Ruchika_d244ffd0-9079-46ad-a0ac-5dfc49145500"},{"timestamp":1611070721316,"log":"ice: Vidhi_d6506ee9-bfae-4475-8909-622a33d61d3f to Ruchika_d244ffd0-9079-46ad-a0ac-5dfc49145500"},{"timestamp":1611070721316,"log":"connection with peer Ruchika_d244ffd0-9079-46ad-a0ac-5dfc49145500 checking"},{"timestamp":1611070721350,"log":"ice: Vidhi_d6506ee9-bfae-4475-8909-622a33d61d3f to Ruchika_d244ffd0-9079-46ad-a0ac-5dfc49145500"},{"timestamp":1611070721547,"log":"received ice from peer : Ruchika_d244ffd0-9079-46ad-a0ac-5dfc49145500"},{"timestamp":1611070721547,"log":"received ice from peer : Ruchika_d244ffd0-9079-46ad-a0ac-5dfc49145500"},{"timestamp":1611070721609,"log":"ice: Vidhi_d6506ee9-bfae-4475-8909-622a33d61d3f to Ruchika_d244ffd0-9079-46ad-a0ac-5dfc49145500"},{"timestamp":1611070721609,"log":"connection with peer Ruchika_d244ffd0-9079-46ad-a0ac-5dfc49145500 connected"}]