[{"timestamp":1611069537250,"log":{"from":"server","to":"Prabhadh_8ddc9099-f320-4337-8c8b-dcb92e603e1f","context":"PARENT","data":"{\"peer\":\"Chinmay_a18f9216-e9e0-4b88-8c80-19675cb44b24\"}"}},{"timestamp":1611069537250,"log":"Parent : Chinmay_a18f9216-e9e0-4b88-8c80-19675cb44b24"},{"timestamp":1611069537757,"log":{"from":"Chinmay_a18f9216-e9e0-4b88-8c80-19675cb44b24","to":"Prabhadh_8ddc9099-f320-4337-8c8b-dcb92e603e1f","context":"CONNECT_ACK","data":"{\"roomID\":\"123456\"}"}},{"timestamp":1611069537757,"log":"Connection ACK from parent : Chinmay_a18f9216-e9e0-4b88-8c80-19675cb44b24"},{"timestamp":1611069537765,"log":"received sdp from peer : Chinmay_a18f9216-e9e0-4b88-8c80-19675cb44b24"},{"timestamp":1611069537767,"log":"received ice from peer : Chinmay_a18f9216-e9e0-4b88-8c80-19675cb44b24"},{"timestamp":1611069537771,"log":"received ice from peer : Chinmay_a18f9216-e9e0-4b88-8c80-19675cb44b24"},{"timestamp":1611069537772,"log":"remote stream received"},{"timestamp":1611069537773,"log":{}},{"timestamp":1611069537773,"log":"remote stream received"},{"timestamp":1611069537773,"log":{}},{"timestamp":1611069537781,"log":"created description for peer : Chinmay_a18f9216-e9e0-4b88-8c80-19675cb44b24"},{"timestamp":1611069537800,"log":"received ice from peer : Chinmay_a18f9216-e9e0-4b88-8c80-19675cb44b24"},{"timestamp":1611069537802,"log":"connection with peer Chinmay_a18f9216-e9e0-4b88-8c80-19675cb44b24 checking"},{"timestamp":1611069537802,"log":"ice: Prabhadh_8ddc9099-f320-4337-8c8b-dcb92e603e1f to Chinmay_a18f9216-e9e0-4b88-8c80-19675cb44b24"},{"timestamp":1611069537803,"log":"connection with peer Chinmay_a18f9216-e9e0-4b88-8c80-19675cb44b24 connected"},{"timestamp":1611069537803,"log":"ice: Prabhadh_8ddc9099-f320-4337-8c8b-dcb92e603e1f to Chinmay_a18f9216-e9e0-4b88-8c80-19675cb44b24"},{"timestamp":1611069538007,"log":"received ice from peer : Chinmay_a18f9216-e9e0-4b88-8c80-19675cb44b24"},{"timestamp":1611069664847,"log":{"from":"Avatansh_0a38adef-10b1-4d61-a3ae-a57eb5dd92df","to":"Prabhadh_8ddc9099-f320-4337-8c8b-dcb92e603e1f","context":"CONNECT","data":"{\"roomID\":\"123456\"}"}},{"timestamp":1611069664847,"log":"Connect request from Child : Avatansh_0a38adef-10b1-4d61-a3ae-a57eb5dd92df"},{"timestamp":1611069664848,"log":"adding tracks"},{"timestamp":1611069664851,"log":"call inititated: Prabhadh_8ddc9099-f320-4337-8c8b-dcb92e603e1f to Avatansh_0a38adef-10b1-4d61-a3ae-a57eb5dd92df"},{"timestamp":1611069664853,"log":"created description for peer : Avatansh_0a38adef-10b1-4d61-a3ae-a57eb5dd92df"},{"timestamp":1611069664858,"log":"ice: Prabhadh_8ddc9099-f320-4337-8c8b-dcb92e603e1f to Avatansh_0a38adef-10b1-4d61-a3ae-a57eb5dd92df"},{"timestamp":1611069664859,"log":"ice: Prabhadh_8ddc9099-f320-4337-8c8b-dcb92e603e1f to Avatansh_0a38adef-10b1-4d61-a3ae-a57eb5dd92df"},{"timestamp":1611069664890,"log":"ice: Prabhadh_8ddc9099-f320-4337-8c8b-dcb92e603e1f to Avatansh_0a38adef-10b1-4d61-a3ae-a57eb5dd92df"},{"timestamp":1611069664891,"log":"ice: Prabhadh_8ddc9099-f320-4337-8c8b-dcb92e603e1f to Avatansh_0a38adef-10b1-4d61-a3ae-a57eb5dd92df"},{"timestamp":1611069665344,"log":"connection with peer Avatansh_0a38adef-10b1-4d61-a3ae-a57eb5dd92df checking"},{"timestamp":1611069665381,"log":"received sdp from peer : Avatansh_0a38adef-10b1-4d61-a3ae-a57eb5dd92df"},{"timestamp":1611069665383,"log":"received ice from peer : Avatansh_0a38adef-10b1-4d61-a3ae-a57eb5dd92df"},{"timestamp":1611069665387,"log":"connection with peer Avatansh_0a38adef-10b1-4d61-a3ae-a57eb5dd92df connected"},{"timestamp":1611069665387,"log":"ice: Prabhadh_8ddc9099-f320-4337-8c8b-dcb92e603e1f to Avatansh_0a38adef-10b1-4d61-a3ae-a57eb5dd92df"},{"timestamp":1611069665411,"log":"received ice from peer : Avatansh_0a38adef-10b1-4d61-a3ae-a57eb5dd92df"},{"timestamp":1611069679423,"log":{"from":"Chaitnya_83453f3f-456c-4e25-a95b-5f56eaa393b8","to":"Prabhadh_8ddc9099-f320-4337-8c8b-dcb92e603e1f","context":"CONNECT","data":"{\"roomID\":\"123456\"}"}},{"timestamp":1611069679423,"log":"Connect request from Child : Chaitnya_83453f3f-456c-4e25-a95b-5f56eaa393b8"},{"timestamp":1611069679424,"log":"adding tracks"},{"timestamp":1611069679425,"log":"call inititated: Prabhadh_8ddc9099-f320-4337-8c8b-dcb92e603e1f to Chaitnya_83453f3f-456c-4e25-a95b-5f56eaa393b8"},{"timestamp":1611069679427,"log":"created description for peer : Chaitnya_83453f3f-456c-4e25-a95b-5f56eaa393b8"},{"timestamp":1611069679433,"log":"ice: Prabhadh_8ddc9099-f320-4337-8c8b-dcb92e603e1f to Chaitnya_83453f3f-456c-4e25-a95b-5f56eaa393b8"},{"timestamp":1611069679433,"log":"ice: Prabhadh_8ddc9099-f320-4337-8c8b-dcb92e603e1f to Chaitnya_83453f3f-456c-4e25-a95b-5f56eaa393b8"},{"timestamp":1611069679465,"log":"ice: Prabhadh_8ddc9099-f320-4337-8c8b-dcb92e603e1f to Chaitnya_83453f3f-456c-4e25-a95b-5f56eaa393b8"},{"timestamp":1611069679470,"log":"ice: Prabhadh_8ddc9099-f320-4337-8c8b-dcb92e603e1f to Chaitnya_83453f3f-456c-4e25-a95b-5f56eaa393b8"},{"timestamp":1611069679691,"log":"connection with peer Chaitnya_83453f3f-456c-4e25-a95b-5f56eaa393b8 checking"},{"timestamp":1611069679946,"log":"received sdp from peer : Chaitnya_83453f3f-456c-4e25-a95b-5f56eaa393b8"},{"timestamp":1611069679948,"log":"received ice from peer : Chaitnya_83453f3f-456c-4e25-a95b-5f56eaa393b8"},{"timestamp":1611069679951,"log":"connection with peer Chaitnya_83453f3f-456c-4e25-a95b-5f56eaa393b8 connected"},{"timestamp":1611069679952,"log":"ice: Prabhadh_8ddc9099-f320-4337-8c8b-dcb92e603e1f to Chaitnya_83453f3f-456c-4e25-a95b-5f56eaa393b8"},{"timestamp":1611070616204,"log":{"from":"server","to":"Prabhadh_8ddc9099-f320-4337-8c8b-dcb92e603e1f","context":"PARENTLEFT","data":"{\"parent\":\"Chinmay_a18f9216-e9e0-4b88-8c80-19675cb44b24\"}"}},{"timestamp":1611070616210,"log":"connection with peer Chinmay_a18f9216-e9e0-4b88-8c80-19675cb44b24 closed"},{"timestamp":1611070616211,"log":{"from":"server","to":"Prabhadh_8ddc9099-f320-4337-8c8b-dcb92e603e1f","context":"DIRECTCHILDOFSOURCE","data":"{\"parent\":\"Source_dd9137a1-f8d6-427f-84a2-b427855b696f\"}"}},{"timestamp":1611070616211,"log":"Child of Source"},{"timestamp":1611070616722,"log":{"from":"Source_dd9137a1-f8d6-427f-84a2-b427855b696f","to":"Prabhadh_8ddc9099-f320-4337-8c8b-dcb92e603e1f","context":"CONNECT_ACK","data":"{\"roomID\":\"123456\"}"}},{"timestamp":1611070616722,"log":"Connection ACK from parent : Source_dd9137a1-f8d6-427f-84a2-b427855b696f"},{"timestamp":1611070616729,"log":"received sdp from peer : Source_dd9137a1-f8d6-427f-84a2-b427855b696f"},{"timestamp":1611070616731,"log":"received ice from peer : Source_dd9137a1-f8d6-427f-84a2-b427855b696f"},{"timestamp":1611070616734,"log":"remote stream received"},{"timestamp":1611070616734,"log":{}},{"timestamp":1611070616734,"log":"updating localstream for childpeers"},{"timestamp":1611070616735,"log":"sender: [object RTCRtpSender]"},{"timestamp":1611070616735,"log":"senderAudio: [object RTCRtpSender]"},{"timestamp":1611070616735,"log":"sender: [object RTCRtpSender]"},{"timestamp":1611070616735,"log":"senderAudio: [object RTCRtpSender]"},{"timestamp":1611070616736,"log":"remote stream received"},{"timestamp":1611070616736,"log":{}},{"timestamp":1611070616736,"log":"updating localstream for childpeers"},{"timestamp":1611070616736,"log":"sender: [object RTCRtpSender]"},{"timestamp":1611070616736,"log":"senderAudio: [object RTCRtpSender]"},{"timestamp":1611070616736,"log":"sender: [object RTCRtpSender]"},{"timestamp":1611070616736,"log":"senderAudio: [object RTCRtpSender]"},{"timestamp":1611070616736,"log":"received ice from peer : Source_dd9137a1-f8d6-427f-84a2-b427855b696f"},{"timestamp":1611070616740,"log":"created description for peer : Source_dd9137a1-f8d6-427f-84a2-b427855b696f"},{"timestamp":1611070616746,"log":"connection with peer Source_dd9137a1-f8d6-427f-84a2-b427855b696f checking"},{"timestamp":1611070616746,"log":"ice: Prabhadh_8ddc9099-f320-4337-8c8b-dcb92e603e1f to Source_dd9137a1-f8d6-427f-84a2-b427855b696f"},{"timestamp":1611070616780,"log":"ice: Prabhadh_8ddc9099-f320-4337-8c8b-dcb92e603e1f to Source_dd9137a1-f8d6-427f-84a2-b427855b696f"},{"timestamp":1611070616829,"log":"received ice from peer : Source_dd9137a1-f8d6-427f-84a2-b427855b696f"},{"timestamp":1611070616830,"log":"received ice from peer : Source_dd9137a1-f8d6-427f-84a2-b427855b696f"},{"timestamp":1611070616976,"log":"received ice from peer : Source_dd9137a1-f8d6-427f-84a2-b427855b696f"},{"timestamp":1611070616976,"log":"received ice from peer : Source_dd9137a1-f8d6-427f-84a2-b427855b696f"},{"timestamp":1611070617162,"log":"ice: Prabhadh_8ddc9099-f320-4337-8c8b-dcb92e603e1f to Source_dd9137a1-f8d6-427f-84a2-b427855b696f"},{"timestamp":1611070617162,"log":"connection with peer Source_dd9137a1-f8d6-427f-84a2-b427855b696f connected"}]