[{"timestamp":1611070192201,"log":{"from":"server","to":"Anshu_715feb1f-a25a-4ae3-8c2f-68f8feb07cd2","context":"PARENT","data":"{\"peer\":\"Ayush_c79c1559-3b2b-4c48-ab68-878e137cf2c7\"}"}},{"timestamp":1611070192201,"log":"Parent : Ayush_c79c1559-3b2b-4c48-ab68-878e137cf2c7"},{"timestamp":1611070192712,"log":{"from":"Ayush_c79c1559-3b2b-4c48-ab68-878e137cf2c7","to":"Anshu_715feb1f-a25a-4ae3-8c2f-68f8feb07cd2","context":"CONNECT_ACK","data":"{\"roomID\":\"123456\"}"}},{"timestamp":1611070192712,"log":"Connection ACK from parent : Ayush_c79c1559-3b2b-4c48-ab68-878e137cf2c7"},{"timestamp":1611070192729,"log":"received sdp from peer : Ayush_c79c1559-3b2b-4c48-ab68-878e137cf2c7"},{"timestamp":1611070192730,"log":"received ice from peer : Ayush_c79c1559-3b2b-4c48-ab68-878e137cf2c7"},{"timestamp":1611070192733,"log":"received ice from peer : Ayush_c79c1559-3b2b-4c48-ab68-878e137cf2c7"},{"timestamp":1611070192733,"log":"remote stream received"},{"timestamp":1611070192734,"log":{}},{"timestamp":1611070192734,"log":"remote stream received"},{"timestamp":1611070192734,"log":{}},{"timestamp":1611070192772,"log":"received ice from peer : Ayush_c79c1559-3b2b-4c48-ab68-878e137cf2c7"},{"timestamp":1611070192800,"log":"created description for peer : Ayush_c79c1559-3b2b-4c48-ab68-878e137cf2c7"},{"timestamp":1611070192802,"log":"received ice from peer : Ayush_c79c1559-3b2b-4c48-ab68-878e137cf2c7"},{"timestamp":1611070192806,"log":"connection with peer Ayush_c79c1559-3b2b-4c48-ab68-878e137cf2c7 checking"},{"timestamp":1611070192807,"log":"ice: Anshu_715feb1f-a25a-4ae3-8c2f-68f8feb07cd2 to Ayush_c79c1559-3b2b-4c48-ab68-878e137cf2c7"},{"timestamp":1611070192808,"log":"connection with peer Ayush_c79c1559-3b2b-4c48-ab68-878e137cf2c7 connected"},{"timestamp":1611070192808,"log":"ice: Anshu_715feb1f-a25a-4ae3-8c2f-68f8feb07cd2 to Ayush_c79c1559-3b2b-4c48-ab68-878e137cf2c7"},{"timestamp":1611070970745,"log":{"from":"Vijay_b579e843-f4c3-489a-bd7f-75bd92c999e0","to":"Anshu_715feb1f-a25a-4ae3-8c2f-68f8feb07cd2","context":"CONNECT","data":"{\"roomID\":\"123456\"}"}},{"timestamp":1611070970745,"log":"Connect request from Child : Vijay_b579e843-f4c3-489a-bd7f-75bd92c999e0"},{"timestamp":1611070970746,"log":"adding tracks"},{"timestamp":1611070970747,"log":"call inititated: Anshu_715feb1f-a25a-4ae3-8c2f-68f8feb07cd2 to Vijay_b579e843-f4c3-489a-bd7f-75bd92c999e0"},{"timestamp":1611070970748,"log":"created description for peer : Vijay_b579e843-f4c3-489a-bd7f-75bd92c999e0"},{"timestamp":1611070970752,"log":"ice: Anshu_715feb1f-a25a-4ae3-8c2f-68f8feb07cd2 to Vijay_b579e843-f4c3-489a-bd7f-75bd92c999e0"},{"timestamp":1611070970752,"log":"ice: Anshu_715feb1f-a25a-4ae3-8c2f-68f8feb07cd2 to Vijay_b579e843-f4c3-489a-bd7f-75bd92c999e0"},{"timestamp":1611070970784,"log":"ice: Anshu_715feb1f-a25a-4ae3-8c2f-68f8feb07cd2 to Vijay_b579e843-f4c3-489a-bd7f-75bd92c999e0"},{"timestamp":1611070970788,"log":"ice: Anshu_715feb1f-a25a-4ae3-8c2f-68f8feb07cd2 to Vijay_b579e843-f4c3-489a-bd7f-75bd92c999e0"},{"timestamp":1611070971052,"log":"connection with peer Vijay_b579e843-f4c3-489a-bd7f-75bd92c999e0 checking"},{"timestamp":1611070971294,"log":"received sdp from peer : Vijay_b579e843-f4c3-489a-bd7f-75bd92c999e0"},{"timestamp":1611070971299,"log":"received ice from peer : Vijay_b579e843-f4c3-489a-bd7f-75bd92c999e0"},{"timestamp":1611070971303,"log":"connection with peer Vijay_b579e843-f4c3-489a-bd7f-75bd92c999e0 connected"},{"timestamp":1611070971303,"log":"ice: Anshu_715feb1f-a25a-4ae3-8c2f-68f8feb07cd2 to Vijay_b579e843-f4c3-489a-bd7f-75bd92c999e0"},{"timestamp":1611070971332,"log":{"from":"Siddharth_ba7206ef-7ec3-499a-bbac-c8f45a91e32b","to":"Anshu_715feb1f-a25a-4ae3-8c2f-68f8feb07cd2","context":"CONNECT","data":"{\"roomID\":\"123456\"}"}},{"timestamp":1611070971332,"log":"Connect request from Child : Siddharth_ba7206ef-7ec3-499a-bbac-c8f45a91e32b"},{"timestamp":1611070971334,"log":"adding tracks"},{"timestamp":1611070971335,"log":"call inititated: Anshu_715feb1f-a25a-4ae3-8c2f-68f8feb07cd2 to Siddharth_ba7206ef-7ec3-499a-bbac-c8f45a91e32b"},{"timestamp":1611070971338,"log":"created description for peer : Siddharth_ba7206ef-7ec3-499a-bbac-c8f45a91e32b"},{"timestamp":1611070971345,"log":"ice: Anshu_715feb1f-a25a-4ae3-8c2f-68f8feb07cd2 to Siddharth_ba7206ef-7ec3-499a-bbac-c8f45a91e32b"},{"timestamp":1611070971346,"log":"ice: Anshu_715feb1f-a25a-4ae3-8c2f-68f8feb07cd2 to Siddharth_ba7206ef-7ec3-499a-bbac-c8f45a91e32b"},{"timestamp":1611070971379,"log":"ice: Anshu_715feb1f-a25a-4ae3-8c2f-68f8feb07cd2 to Siddharth_ba7206ef-7ec3-499a-bbac-c8f45a91e32b"},{"timestamp":1611070971379,"log":"ice: Anshu_715feb1f-a25a-4ae3-8c2f-68f8feb07cd2 to Siddharth_ba7206ef-7ec3-499a-bbac-c8f45a91e32b"},{"timestamp":1611070971635,"log":"connection with peer Siddharth_ba7206ef-7ec3-499a-bbac-c8f45a91e32b checking"},{"timestamp":1611070971872,"log":"received sdp from peer : Siddharth_ba7206ef-7ec3-499a-bbac-c8f45a91e32b"},{"timestamp":1611070971873,"log":"received ice from peer : Siddharth_ba7206ef-7ec3-499a-bbac-c8f45a91e32b"},{"timestamp":1611070971876,"log":"connection with peer Siddharth_ba7206ef-7ec3-499a-bbac-c8f45a91e32b connected"},{"timestamp":1611070971876,"log":"ice: Anshu_715feb1f-a25a-4ae3-8c2f-68f8feb07cd2 to Siddharth_ba7206ef-7ec3-499a-bbac-c8f45a91e32b"}]