{"Sankalp_5070585a-5c03-45fd-9d0a-94cb7b78cebb":[{"from":"Sankalp_5070585a-5c03-45fd-9d0a-94cb7b78cebb","to":"Mansi_97e254fb-2ff1-4dcc-8c36-6d051d3b7d24","Audio":{"timestamp":1611072648043.654,"packetsReceived":157,"packetsLost":0},"Type":"inbound-rtp","Video":{"timestamp":1611072648043.654,"packetsReceived":0,"packetsLost":0}},{"from":"Sankalp_5070585a-5c03-45fd-9d0a-94cb7b78cebb","to":"Mansi_97e254fb-2ff1-4dcc-8c36-6d051d3b7d24","Audio":{"timestamp":1611072648043.654,"packetsReceived":157,"packetsLost":0},"Type":"inbound-rtp","Video":{"timestamp":1611072648043.654,"packetsReceived":0,"packetsLost":0}},{"from":"Sankalp_5070585a-5c03-45fd-9d0a-94cb7b78cebb","to":"Mansi_97e254fb-2ff1-4dcc-8c36-6d051d3b7d24","Audio":{"timestamp":1611072653622.993,"packetsReceived":436,"packetsLost":0},"Type":"inbound-rtp","Video":{"timestamp":1611072653622.993,"packetsReceived":41,"packetsLost":0}},{"from":"Sankalp_5070585a-5c03-45fd-9d0a-94cb7b78cebb","to":"Mansi_97e254fb-2ff1-4dcc-8c36-6d051d3b7d24","Audio":{"timestamp":1611072653622.993,"packetsReceived":436,"packetsLost":0},"Type":"inbound-rtp","Video":{"timestamp":1611072653622.993,"packetsReceived":41,"packetsLost":0}},{"from":"Sankalp_5070585a-5c03-45fd-9d0a-94cb7b78cebb","to":"Mansi_97e254fb-2ff1-4dcc-8c36-6d051d3b7d24","Audio":{"timestamp":1611072658622.7,"packetsReceived":686,"packetsLost":0},"Type":"inbound-rtp","Video":{"timestamp":1611072658622.7,"packetsReceived":48,"packetsLost":0}},{"from":"Sankalp_5070585a-5c03-45fd-9d0a-94cb7b78cebb","to":"Mansi_97e254fb-2ff1-4dcc-8c36-6d051d3b7d24","Audio":{"timestamp":1611072658622.7,"packetsReceived":686,"packetsLost":0},"Type":"inbound-rtp","Video":{"timestamp":1611072658622.7,"packetsReceived":48,"packetsLost":0}},{"from":"Sankalp_5070585a-5c03-45fd-9d0a-94cb7b78cebb","to":"Mansi_97e254fb-2ff1-4dcc-8c36-6d051d3b7d24","Audio":{"timestamp":1611072663622.711,"packetsReceived":936,"packetsLost":0},"Type":"inbound-rtp","Video":{"timestamp":1611072663622.711,"packetsReceived":52,"packetsLost":0}},{"from":"Sankalp_5070585a-5c03-45fd-9d0a-94cb7b78cebb","to":"Mansi_97e254fb-2ff1-4dcc-8c36-6d051d3b7d24","Audio":{"timestamp":1611072663622.711,"packetsReceived":936,"packetsLost":0},"Type":"inbound-rtp","Video":{"timestamp":1611072663622.711,"packetsReceived":52,"packetsLost":0}},{"from":"Sankalp_5070585a-5c03-45fd-9d0a-94cb7b78cebb","to":"Mansi_97e254fb-2ff1-4dcc-8c36-6d051d3b7d24","Audio":{"timestamp":1611072668622.716,"packetsReceived":1186,"packetsLost":0},"Type":"inbound-rtp","Video":{"timestamp":1611072668622.716,"packetsReceived":59,"packetsLost":0}},{"from":"Sankalp_5070585a-5c03-45fd-9d0a-94cb7b78cebb","to":"Mansi_97e254fb-2ff1-4dcc-8c36-6d051d3b7d24","Audio":{"timestamp":1611072668622.716,"packetsReceived":1186,"packetsLost":0},"Type":"inbound-rtp","Video":{"timestamp":1611072668622.716,"packetsReceived":59,"packetsLost":0}},{"from":"Sankalp_5070585a-5c03-45fd-9d0a-94cb7b78cebb","to":"Mansi_97e254fb-2ff1-4dcc-8c36-6d051d3b7d24","Audio":{"timestamp":1611072673622.741,"packetsReceived":1436,"packetsLost":0},"Type":"inbound-rtp","Video":{"timestamp":1611072673622.741,"packetsReceived":64,"packetsLost":0}},{"from":"Sankalp_5070585a-5c03-45fd-9d0a-94cb7b78cebb","to":"Mansi_97e254fb-2ff1-4dcc-8c36-6d051d3b7d24","Audio":{"timestamp":1611072673622.741,"packetsReceived":1436,"packetsLost":0},"Type":"inbound-rtp","Video":{"timestamp":1611072673622.741,"packetsReceived":64,"packetsLost":0}},{"from":"Sankalp_5070585a-5c03-45fd-9d0a-94cb7b78cebb","to":"Mansi_97e254fb-2ff1-4dcc-8c36-6d051d3b7d24","Audio":{"timestamp":1611072678622.703,"packetsReceived":1686,"packetsLost":0},"Type":"inbound-rtp","Video":{"timestamp":1611072678622.703,"packetsReceived":68,"packetsLost":0}},{"from":"Sankalp_5070585a-5c03-45fd-9d0a-94cb7b78cebb","to":"Mansi_97e254fb-2ff1-4dcc-8c36-6d051d3b7d24","Audio":{"timestamp":1611072678622.703,"packetsReceived":1686,"packetsLost":0},"Type":"inbound-rtp","Video":{"timestamp":1611072678622.703,"packetsReceived":68,"packetsLost":0}},{"from":"Sankalp_5070585a-5c03-45fd-9d0a-94cb7b78cebb","to":"Mansi_97e254fb-2ff1-4dcc-8c36-6d051d3b7d24","Audio":{"timestamp":1611072683622.705,"packetsReceived":1936,"packetsLost":0},"Type":"inbound-rtp","Video":{"timestamp":1611072683622.705,"packetsReceived":73,"packetsLost":0}},{"from":"Sankalp_5070585a-5c03-45fd-9d0a-94cb7b78cebb","to":"Mansi_97e254fb-2ff1-4dcc-8c36-6d051d3b7d24","Audio":{"timestamp":1611072683622.705,"packetsReceived":1936,"packetsLost":0},"Type":"inbound-rtp","Video":{"timestamp":1611072683622.705,"packetsReceived":73,"packetsLost":0}},{"from":"Sankalp_5070585a-5c03-45fd-9d0a-94cb7b78cebb","to":"Mansi_97e254fb-2ff1-4dcc-8c36-6d051d3b7d24","Audio":{"timestamp":1611072688622.803,"packetsReceived":2186,"packetsLost":0},"Type":"inbound-rtp","Video":{"timestamp":1611072688622.803,"packetsReceived":78,"packetsLost":0}},{"from":"Sankalp_5070585a-5c03-45fd-9d0a-94cb7b78cebb","to":"Mansi_97e254fb-2ff1-4dcc-8c36-6d051d3b7d24","Audio":{"timestamp":1611072688622.803,"packetsReceived":2186,"packetsLost":0},"Type":"inbound-rtp","Video":{"timestamp":1611072688622.803,"packetsReceived":78,"packetsLost":0}},{"from":"Sankalp_5070585a-5c03-45fd-9d0a-94cb7b78cebb","to":"Mansi_97e254fb-2ff1-4dcc-8c36-6d051d3b7d24","Audio":{"timestamp":1611072693622.731,"packetsReceived":2436,"packetsLost":0},"Type":"inbound-rtp","Video":{"timestamp":1611072693622.731,"packetsReceived":82,"packetsLost":0}},{"from":"Sankalp_5070585a-5c03-45fd-9d0a-94cb7b78cebb","to":"Mansi_97e254fb-2ff1-4dcc-8c36-6d051d3b7d24","Audio":{"timestamp":1611072693622.731,"packetsReceived":2436,"packetsLost":0},"Type":"inbound-rtp","Video":{"timestamp":1611072693622.731,"packetsReceived":82,"packetsLost":0}},{"from":"Sankalp_5070585a-5c03-45fd-9d0a-94cb7b78cebb","to":"Mansi_97e254fb-2ff1-4dcc-8c36-6d051d3b7d24","Audio":{"timestamp":1611072698622.709,"packetsReceived":2686,"packetsLost":0},"Type":"inbound-rtp","Video":{"timestamp":1611072698622.709,"packetsReceived":87,"packetsLost":0}},{"from":"Sankalp_5070585a-5c03-45fd-9d0a-94cb7b78cebb","to":"Mansi_97e254fb-2ff1-4dcc-8c36-6d051d3b7d24","Audio":{"timestamp":1611072698622.709,"packetsReceived":2686,"packetsLost":0},"Type":"inbound-rtp","Video":{"timestamp":1611072698622.709,"packetsReceived":87,"packetsLost":0}},{"from":"Sankalp_5070585a-5c03-45fd-9d0a-94cb7b78cebb","to":"Mansi_97e254fb-2ff1-4dcc-8c36-6d051d3b7d24","Audio":{"timestamp":1611072703622.732,"packetsReceived":2936,"packetsLost":0},"Type":"inbound-rtp","Video":{"timestamp":1611072703622.732,"packetsReceived":92,"packetsLost":0}},{"from":"Sankalp_5070585a-5c03-45fd-9d0a-94cb7b78cebb","to":"Mansi_97e254fb-2ff1-4dcc-8c36-6d051d3b7d24","Audio":{"timestamp":1611072703622.732,"packetsReceived":2936,"packetsLost":0},"Type":"inbound-rtp","Video":{"timestamp":1611072703622.732,"packetsReceived":92,"packetsLost":0}},{"from":"Sankalp_5070585a-5c03-45fd-9d0a-94cb7b78cebb","to":"Mansi_97e254fb-2ff1-4dcc-8c36-6d051d3b7d24","Audio":{"timestamp":1611072708622.743,"packetsReceived":3186,"packetsLost":0},"Type":"inbound-rtp","Video":{"timestamp":1611072708622.743,"packetsReceived":96,"packetsLost":0}},{"from":"Sankalp_5070585a-5c03-45fd-9d0a-94cb7b78cebb","to":"Mansi_97e254fb-2ff1-4dcc-8c36-6d051d3b7d24","Audio":{"timestamp":1611072708622.743,"packetsReceived":3186,"packetsLost":0},"Type":"inbound-rtp","Video":{"timestamp":1611072708622.743,"packetsReceived":96,"packetsLost":0}},{"from":"Sankalp_5070585a-5c03-45fd-9d0a-94cb7b78cebb","to":"Mansi_97e254fb-2ff1-4dcc-8c36-6d051d3b7d24","Audio":{"timestamp":1611072713622.73,"packetsReceived":3436,"packetsLost":0},"Type":"inbound-rtp","Video":{"timestamp":1611072713622.73,"packetsReceived":101,"packetsLost":0}},{"from":"Sankalp_5070585a-5c03-45fd-9d0a-94cb7b78cebb","to":"Mansi_97e254fb-2ff1-4dcc-8c36-6d051d3b7d24","Audio":{"timestamp":1611072713622.73,"packetsReceived":3436,"packetsLost":0},"Type":"inbound-rtp","Video":{"timestamp":1611072713622.73,"packetsReceived":101,"packetsLost":0}},{"from":"Sankalp_5070585a-5c03-45fd-9d0a-94cb7b78cebb","to":"Mansi_97e254fb-2ff1-4dcc-8c36-6d051d3b7d24","Audio":{"timestamp":1611072718622.686,"packetsReceived":3686,"packetsLost":0},"Type":"inbound-rtp","Video":{"timestamp":1611072718622.686,"packetsReceived":166,"packetsLost":0}},{"from":"Sankalp_5070585a-5c03-45fd-9d0a-94cb7b78cebb","to":"Mansi_97e254fb-2ff1-4dcc-8c36-6d051d3b7d24","Audio":{"timestamp":1611072718622.686,"packetsReceived":3686,"packetsLost":0},"Type":"inbound-rtp","Video":{"timestamp":1611072718622.686,"packetsReceived":166,"packetsLost":0}},{"from":"Sankalp_5070585a-5c03-45fd-9d0a-94cb7b78cebb","to":"Mansi_97e254fb-2ff1-4dcc-8c36-6d051d3b7d24","Audio":{"timestamp":1611072723622.838,"packetsReceived":3936,"packetsLost":0},"Type":"inbound-rtp","Video":{"timestamp":1611072723622.838,"packetsReceived":171,"packetsLost":0}},{"from":"Sankalp_5070585a-5c03-45fd-9d0a-94cb7b78cebb","to":"Mansi_97e254fb-2ff1-4dcc-8c36-6d051d3b7d24","Audio":{"timestamp":1611072723622.838,"packetsReceived":3936,"packetsLost":0},"Type":"inbound-rtp","Video":{"timestamp":1611072723622.838,"packetsReceived":171,"packetsLost":0}},{"from":"Sankalp_5070585a-5c03-45fd-9d0a-94cb7b78cebb","to":"Mansi_97e254fb-2ff1-4dcc-8c36-6d051d3b7d24","Audio":{"timestamp":1611072728622.727,"packetsReceived":4186,"packetsLost":0},"Type":"inbound-rtp","Video":{"timestamp":1611072728622.727,"packetsReceived":176,"packetsLost":0}},{"from":"Sankalp_5070585a-5c03-45fd-9d0a-94cb7b78cebb","to":"Mansi_97e254fb-2ff1-4dcc-8c36-6d051d3b7d24","Audio":{"timestamp":1611072728622.727,"packetsReceived":4186,"packetsLost":0},"Type":"inbound-rtp","Video":{"timestamp":1611072728622.727,"packetsReceived":176,"packetsLost":0}},{"from":"Sankalp_5070585a-5c03-45fd-9d0a-94cb7b78cebb","to":"Mansi_97e254fb-2ff1-4dcc-8c36-6d051d3b7d24","Audio":{"timestamp":1611072733622.702,"packetsReceived":4436,"packetsLost":0},"Type":"inbound-rtp","Video":{"timestamp":1611072733622.702,"packetsReceived":216,"packetsLost":0}},{"from":"Sankalp_5070585a-5c03-45fd-9d0a-94cb7b78cebb","to":"Mansi_97e254fb-2ff1-4dcc-8c36-6d051d3b7d24","Audio":{"timestamp":1611072733622.702,"packetsReceived":4436,"packetsLost":0},"Type":"inbound-rtp","Video":{"timestamp":1611072733622.702,"packetsReceived":216,"packetsLost":0}},{"from":"Sankalp_5070585a-5c03-45fd-9d0a-94cb7b78cebb","to":"Mansi_97e254fb-2ff1-4dcc-8c36-6d051d3b7d24","Audio":{"timestamp":1611072738622.77,"packetsReceived":4686,"packetsLost":0},"Type":"inbound-rtp","Video":{"timestamp":1611072738622.77,"packetsReceived":231,"packetsLost":0}},{"from":"Sankalp_5070585a-5c03-45fd-9d0a-94cb7b78cebb","to":"Mansi_97e254fb-2ff1-4dcc-8c36-6d051d3b7d24","Audio":{"timestamp":1611072738622.77,"packetsReceived":4686,"packetsLost":0},"Type":"inbound-rtp","Video":{"timestamp":1611072738622.77,"packetsReceived":231,"packetsLost":0}},{"from":"Sankalp_5070585a-5c03-45fd-9d0a-94cb7b78cebb","to":"Mansi_97e254fb-2ff1-4dcc-8c36-6d051d3b7d24","Audio":{"timestamp":1611072743622.704,"packetsReceived":4936,"packetsLost":0},"Type":"inbound-rtp","Video":{"timestamp":1611072743622.704,"packetsReceived":236,"packetsLost":0}},{"from":"Sankalp_5070585a-5c03-45fd-9d0a-94cb7b78cebb","to":"Mansi_97e254fb-2ff1-4dcc-8c36-6d051d3b7d24","Audio":{"timestamp":1611072743622.704,"packetsReceived":4936,"packetsLost":0},"Type":"inbound-rtp","Video":{"timestamp":1611072743622.704,"packetsReceived":236,"packetsLost":0}},{"from":"Sankalp_5070585a-5c03-45fd-9d0a-94cb7b78cebb","to":"Mansi_97e254fb-2ff1-4dcc-8c36-6d051d3b7d24","Audio":{"timestamp":1611072748622.701,"packetsReceived":5186,"packetsLost":0},"Type":"inbound-rtp","Video":{"timestamp":1611072748622.701,"packetsReceived":241,"packetsLost":0}},{"from":"Sankalp_5070585a-5c03-45fd-9d0a-94cb7b78cebb","to":"Mansi_97e254fb-2ff1-4dcc-8c36-6d051d3b7d24","Audio":{"timestamp":1611072748622.701,"packetsReceived":5186,"packetsLost":0},"Type":"inbound-rtp","Video":{"timestamp":1611072748622.701,"packetsReceived":241,"packetsLost":0}},{"from":"Sankalp_5070585a-5c03-45fd-9d0a-94cb7b78cebb","to":"Mansi_97e254fb-2ff1-4dcc-8c36-6d051d3b7d24","Audio":{"timestamp":1611072753622.682,"packetsReceived":5435,"packetsLost":0},"Type":"inbound-rtp","Video":{"timestamp":1611072753622.682,"packetsReceived":246,"packetsLost":0}},{"from":"Sankalp_5070585a-5c03-45fd-9d0a-94cb7b78cebb","to":"Mansi_97e254fb-2ff1-4dcc-8c36-6d051d3b7d24","Audio":{"timestamp":1611072753622.682,"packetsReceived":5435,"packetsLost":0},"Type":"inbound-rtp","Video":{"timestamp":1611072753622.682,"packetsReceived":246,"packetsLost":0}},{"from":"Sankalp_5070585a-5c03-45fd-9d0a-94cb7b78cebb","to":"Mansi_97e254fb-2ff1-4dcc-8c36-6d051d3b7d24","Audio":{"timestamp":1611072758622.743,"packetsReceived":5686,"packetsLost":0},"Type":"inbound-rtp","Video":{"timestamp":1611072758622.743,"packetsReceived":250,"packetsLost":0}},{"from":"Sankalp_5070585a-5c03-45fd-9d0a-94cb7b78cebb","to":"Mansi_97e254fb-2ff1-4dcc-8c36-6d051d3b7d24","Audio":{"timestamp":1611072758622.743,"packetsReceived":5686,"packetsLost":0},"Type":"inbound-rtp","Video":{"timestamp":1611072758622.743,"packetsReceived":250,"packetsLost":0}},{"from":"Sankalp_5070585a-5c03-45fd-9d0a-94cb7b78cebb","to":"Mansi_97e254fb-2ff1-4dcc-8c36-6d051d3b7d24","Audio":{"timestamp":1611072763622.857,"packetsReceived":5936,"packetsLost":0},"Type":"inbound-rtp","Video":{"timestamp":1611072763622.857,"packetsReceived":255,"packetsLost":0}},{"from":"Sankalp_5070585a-5c03-45fd-9d0a-94cb7b78cebb","to":"Mansi_97e254fb-2ff1-4dcc-8c36-6d051d3b7d24","Audio":{"timestamp":1611072763622.857,"packetsReceived":5936,"packetsLost":0},"Type":"inbound-rtp","Video":{"timestamp":1611072763622.857,"packetsReceived":255,"packetsLost":0}},{"from":"Sankalp_5070585a-5c03-45fd-9d0a-94cb7b78cebb","to":"Mansi_97e254fb-2ff1-4dcc-8c36-6d051d3b7d24","Audio":{"timestamp":1611072768622.763,"packetsReceived":6186,"packetsLost":0},"Type":"inbound-rtp","Video":{"timestamp":1611072768622.763,"packetsReceived":260,"packetsLost":0}},{"from":"Sankalp_5070585a-5c03-45fd-9d0a-94cb7b78cebb","to":"Mansi_97e254fb-2ff1-4dcc-8c36-6d051d3b7d24","Audio":{"timestamp":1611072768622.763,"packetsReceived":6186,"packetsLost":0},"Type":"inbound-rtp","Video":{"timestamp":1611072768622.763,"packetsReceived":260,"packetsLost":0}},{"from":"Sankalp_5070585a-5c03-45fd-9d0a-94cb7b78cebb","to":"Mansi_97e254fb-2ff1-4dcc-8c36-6d051d3b7d24","Audio":{"timestamp":1611072773622.768,"packetsReceived":6435,"packetsLost":0},"Type":"inbound-rtp","Video":{"timestamp":1611072773622.768,"packetsReceived":264,"packetsLost":0}},{"from":"Sankalp_5070585a-5c03-45fd-9d0a-94cb7b78cebb","to":"Mansi_97e254fb-2ff1-4dcc-8c36-6d051d3b7d24","Audio":{"timestamp":1611072773622.768,"packetsReceived":6435,"packetsLost":0},"Type":"inbound-rtp","Video":{"timestamp":1611072773622.768,"packetsReceived":264,"packetsLost":0}},{"from":"Sankalp_5070585a-5c03-45fd-9d0a-94cb7b78cebb","to":"Mansi_97e254fb-2ff1-4dcc-8c36-6d051d3b7d24","Audio":{"timestamp":1611072778622.729,"packetsReceived":6686,"packetsLost":0},"Type":"inbound-rtp","Video":{"timestamp":1611072778622.729,"packetsReceived":269,"packetsLost":0}},{"from":"Sankalp_5070585a-5c03-45fd-9d0a-94cb7b78cebb","to":"Mansi_97e254fb-2ff1-4dcc-8c36-6d051d3b7d24","Audio":{"timestamp":1611072778622.729,"packetsReceived":6686,"packetsLost":0},"Type":"inbound-rtp","Video":{"timestamp":1611072778622.729,"packetsReceived":269,"packetsLost":0}},{"from":"Sankalp_5070585a-5c03-45fd-9d0a-94cb7b78cebb","to":"Mansi_97e254fb-2ff1-4dcc-8c36-6d051d3b7d24","Audio":{"timestamp":1611072783622.708,"packetsReceived":6936,"packetsLost":0},"Type":"inbound-rtp","Video":{"timestamp":1611072783622.708,"packetsReceived":333,"packetsLost":0}},{"from":"Sankalp_5070585a-5c03-45fd-9d0a-94cb7b78cebb","to":"Mansi_97e254fb-2ff1-4dcc-8c36-6d051d3b7d24","Audio":{"timestamp":1611072783622.708,"packetsReceived":6936,"packetsLost":0},"Type":"inbound-rtp","Video":{"timestamp":1611072783622.708,"packetsReceived":333,"packetsLost":0}},{"from":"Sankalp_5070585a-5c03-45fd-9d0a-94cb7b78cebb","to":"Mansi_97e254fb-2ff1-4dcc-8c36-6d051d3b7d24","Audio":{"timestamp":1611072788622.721,"packetsReceived":7186,"packetsLost":0},"Type":"inbound-rtp","Video":{"timestamp":1611072788622.721,"packetsReceived":338,"packetsLost":0}},{"from":"Sankalp_5070585a-5c03-45fd-9d0a-94cb7b78cebb","to":"Mansi_97e254fb-2ff1-4dcc-8c36-6d051d3b7d24","Audio":{"timestamp":1611072788622.721,"packetsReceived":7186,"packetsLost":0},"Type":"inbound-rtp","Video":{"timestamp":1611072788622.721,"packetsReceived":338,"packetsLost":0}},{"from":"Sankalp_5070585a-5c03-45fd-9d0a-94cb7b78cebb","to":"Mansi_97e254fb-2ff1-4dcc-8c36-6d051d3b7d24","Audio":{"timestamp":1611072793622.729,"packetsReceived":7436,"packetsLost":0},"Type":"inbound-rtp","Video":{"timestamp":1611072793622.729,"packetsReceived":343,"packetsLost":0}},{"from":"Sankalp_5070585a-5c03-45fd-9d0a-94cb7b78cebb","to":"Mansi_97e254fb-2ff1-4dcc-8c36-6d051d3b7d24","Audio":{"timestamp":1611072793622.729,"packetsReceived":7436,"packetsLost":0},"Type":"inbound-rtp","Video":{"timestamp":1611072793622.729,"packetsReceived":343,"packetsLost":0}},{"from":"Sankalp_5070585a-5c03-45fd-9d0a-94cb7b78cebb","to":"Mansi_97e254fb-2ff1-4dcc-8c36-6d051d3b7d24","Audio":{"timestamp":1611072798622.703,"packetsReceived":7686,"packetsLost":0},"Type":"inbound-rtp","Video":{"timestamp":1611072798622.703,"packetsReceived":348,"packetsLost":0}},{"from":"Sankalp_5070585a-5c03-45fd-9d0a-94cb7b78cebb","to":"Mansi_97e254fb-2ff1-4dcc-8c36-6d051d3b7d24","Audio":{"timestamp":1611072798622.703,"packetsReceived":7686,"packetsLost":0},"Type":"inbound-rtp","Video":{"timestamp":1611072798622.703,"packetsReceived":348,"packetsLost":0}},{"from":"Sankalp_5070585a-5c03-45fd-9d0a-94cb7b78cebb","to":"Mansi_97e254fb-2ff1-4dcc-8c36-6d051d3b7d24","Audio":{"timestamp":1611072803622.695,"packetsReceived":7936,"packetsLost":0},"Type":"inbound-rtp","Video":{"timestamp":1611072803622.695,"packetsReceived":352,"packetsLost":0}},{"from":"Sankalp_5070585a-5c03-45fd-9d0a-94cb7b78cebb","to":"Mansi_97e254fb-2ff1-4dcc-8c36-6d051d3b7d24","Audio":{"timestamp":1611072803622.695,"packetsReceived":7936,"packetsLost":0},"Type":"inbound-rtp","Video":{"timestamp":1611072803622.695,"packetsReceived":352,"packetsLost":0}},{"from":"Sankalp_5070585a-5c03-45fd-9d0a-94cb7b78cebb","to":"Mansi_97e254fb-2ff1-4dcc-8c36-6d051d3b7d24","Audio":{"timestamp":1611072808622.734,"packetsReceived":8186,"packetsLost":0},"Type":"inbound-rtp","Video":{"timestamp":1611072808622.734,"packetsReceived":357,"packetsLost":0}},{"from":"Sankalp_5070585a-5c03-45fd-9d0a-94cb7b78cebb","to":"Mansi_97e254fb-2ff1-4dcc-8c36-6d051d3b7d24","Audio":{"timestamp":1611072808622.734,"packetsReceived":8186,"packetsLost":0},"Type":"inbound-rtp","Video":{"timestamp":1611072808622.734,"packetsReceived":357,"packetsLost":0}},{"from":"Sankalp_5070585a-5c03-45fd-9d0a-94cb7b78cebb","to":"Mansi_97e254fb-2ff1-4dcc-8c36-6d051d3b7d24","Audio":{"timestamp":1611072813622.771,"packetsReceived":8436,"packetsLost":0},"Type":"inbound-rtp","Video":{"timestamp":1611072813622.771,"packetsReceived":362,"packetsLost":0}},{"from":"Sankalp_5070585a-5c03-45fd-9d0a-94cb7b78cebb","to":"Mansi_97e254fb-2ff1-4dcc-8c36-6d051d3b7d24","Audio":{"timestamp":1611072813622.771,"packetsReceived":8436,"packetsLost":0},"Type":"inbound-rtp","Video":{"timestamp":1611072813622.771,"packetsReceived":362,"packetsLost":0}},{"from":"Sankalp_5070585a-5c03-45fd-9d0a-94cb7b78cebb","to":"Mansi_97e254fb-2ff1-4dcc-8c36-6d051d3b7d24","Audio":{"timestamp":1611072818622.7,"packetsReceived":8686,"packetsLost":0},"Type":"inbound-rtp","Video":{"timestamp":1611072818622.7,"packetsReceived":366,"packetsLost":0}},{"from":"Sankalp_5070585a-5c03-45fd-9d0a-94cb7b78cebb","to":"Mansi_97e254fb-2ff1-4dcc-8c36-6d051d3b7d24","Audio":{"timestamp":1611072818622.7,"packetsReceived":8686,"packetsLost":0},"Type":"inbound-rtp","Video":{"timestamp":1611072818622.7,"packetsReceived":366,"packetsLost":0}},{"from":"Sankalp_5070585a-5c03-45fd-9d0a-94cb7b78cebb","to":"Mansi_97e254fb-2ff1-4dcc-8c36-6d051d3b7d24","Audio":{"timestamp":1611072823622.75,"packetsReceived":8936,"packetsLost":0},"Type":"inbound-rtp","Video":{"timestamp":1611072823622.75,"packetsReceived":371,"packetsLost":0}},{"from":"Sankalp_5070585a-5c03-45fd-9d0a-94cb7b78cebb","to":"Mansi_97e254fb-2ff1-4dcc-8c36-6d051d3b7d24","Audio":{"timestamp":1611072823622.75,"packetsReceived":8936,"packetsLost":0},"Type":"inbound-rtp","Video":{"timestamp":1611072823622.75,"packetsReceived":371,"packetsLost":0}},{"from":"Sankalp_5070585a-5c03-45fd-9d0a-94cb7b78cebb","to":"Mansi_97e254fb-2ff1-4dcc-8c36-6d051d3b7d24","Audio":{"timestamp":1611072828622.799,"packetsReceived":9185,"packetsLost":0},"Type":"inbound-rtp","Video":{"timestamp":1611072828622.799,"packetsReceived":376,"packetsLost":0}},{"from":"Sankalp_5070585a-5c03-45fd-9d0a-94cb7b78cebb","to":"Mansi_97e254fb-2ff1-4dcc-8c36-6d051d3b7d24","Audio":{"timestamp":1611072828622.799,"packetsReceived":9185,"packetsLost":0},"Type":"inbound-rtp","Video":{"timestamp":1611072828622.799,"packetsReceived":376,"packetsLost":0}},{"from":"Sankalp_5070585a-5c03-45fd-9d0a-94cb7b78cebb","to":"Mansi_97e254fb-2ff1-4dcc-8c36-6d051d3b7d24","Audio":{"timestamp":1611072833622.724,"packetsReceived":9436,"packetsLost":0},"Type":"inbound-rtp","Video":{"timestamp":1611072833622.724,"packetsReceived":380,"packetsLost":0}},{"from":"Sankalp_5070585a-5c03-45fd-9d0a-94cb7b78cebb","to":"Mansi_97e254fb-2ff1-4dcc-8c36-6d051d3b7d24","Audio":{"timestamp":1611072833622.724,"packetsReceived":9436,"packetsLost":0},"Type":"inbound-rtp","Video":{"timestamp":1611072833622.724,"packetsReceived":380,"packetsLost":0}},{"from":"Sankalp_5070585a-5c03-45fd-9d0a-94cb7b78cebb","to":"Mansi_97e254fb-2ff1-4dcc-8c36-6d051d3b7d24","Audio":{"timestamp":1611072838622.849,"packetsReceived":9686,"packetsLost":0},"Type":"inbound-rtp","Video":{"timestamp":1611072838622.849,"packetsReceived":385,"packetsLost":0}},{"from":"Sankalp_5070585a-5c03-45fd-9d0a-94cb7b78cebb","to":"Mansi_97e254fb-2ff1-4dcc-8c36-6d051d3b7d24","Audio":{"timestamp":1611072838622.849,"packetsReceived":9686,"packetsLost":0},"Type":"inbound-rtp","Video":{"timestamp":1611072838622.849,"packetsReceived":385,"packetsLost":0}},{"from":"Sankalp_5070585a-5c03-45fd-9d0a-94cb7b78cebb","to":"Mansi_97e254fb-2ff1-4dcc-8c36-6d051d3b7d24","Audio":{"timestamp":1611072843622.703,"packetsReceived":9936,"packetsLost":0},"Type":"inbound-rtp","Video":{"timestamp":1611072843622.703,"packetsReceived":390,"packetsLost":0}},{"from":"Sankalp_5070585a-5c03-45fd-9d0a-94cb7b78cebb","to":"Mansi_97e254fb-2ff1-4dcc-8c36-6d051d3b7d24","Audio":{"timestamp":1611072843622.703,"packetsReceived":9936,"packetsLost":0},"Type":"inbound-rtp","Video":{"timestamp":1611072843622.703,"packetsReceived":390,"packetsLost":0}},{"from":"Sankalp_5070585a-5c03-45fd-9d0a-94cb7b78cebb","to":"Mansi_97e254fb-2ff1-4dcc-8c36-6d051d3b7d24","Audio":{"timestamp":1611072848622.717,"packetsReceived":10186,"packetsLost":0},"Type":"inbound-rtp","Video":{"timestamp":1611072848622.717,"packetsReceived":509,"packetsLost":0}},{"from":"Sankalp_5070585a-5c03-45fd-9d0a-94cb7b78cebb","to":"Mansi_97e254fb-2ff1-4dcc-8c36-6d051d3b7d24","Audio":{"timestamp":1611072848622.717,"packetsReceived":10186,"packetsLost":0},"Type":"inbound-rtp","Video":{"timestamp":1611072848622.717,"packetsReceived":509,"packetsLost":0}},{"from":"Sankalp_5070585a-5c03-45fd-9d0a-94cb7b78cebb","to":"Mansi_97e254fb-2ff1-4dcc-8c36-6d051d3b7d24","Audio":{"timestamp":1611072853622.69,"packetsReceived":10435,"packetsLost":0},"Type":"inbound-rtp","Video":{"timestamp":1611072853622.69,"packetsReceived":525,"packetsLost":0}},{"from":"Sankalp_5070585a-5c03-45fd-9d0a-94cb7b78cebb","to":"Mansi_97e254fb-2ff1-4dcc-8c36-6d051d3b7d24","Audio":{"timestamp":1611072853622.69,"packetsReceived":10435,"packetsLost":0},"Type":"inbound-rtp","Video":{"timestamp":1611072853622.69,"packetsReceived":525,"packetsLost":0}},{"from":"Sankalp_5070585a-5c03-45fd-9d0a-94cb7b78cebb","to":"Mansi_97e254fb-2ff1-4dcc-8c36-6d051d3b7d24","Audio":{"timestamp":1611072858622.684,"packetsReceived":10685,"packetsLost":0},"Type":"inbound-rtp","Video":{"timestamp":1611072858622.684,"packetsReceived":540,"packetsLost":0}},{"from":"Sankalp_5070585a-5c03-45fd-9d0a-94cb7b78cebb","to":"Mansi_97e254fb-2ff1-4dcc-8c36-6d051d3b7d24","Audio":{"timestamp":1611072858622.684,"packetsReceived":10685,"packetsLost":0},"Type":"inbound-rtp","Video":{"timestamp":1611072858622.684,"packetsReceived":540,"packetsLost":0}},{"from":"Sankalp_5070585a-5c03-45fd-9d0a-94cb7b78cebb","to":"Mansi_97e254fb-2ff1-4dcc-8c36-6d051d3b7d24","Audio":{"timestamp":1611072863622.837,"packetsReceived":10936,"packetsLost":0},"Type":"inbound-rtp","Video":{"timestamp":1611072863622.837,"packetsReceived":552,"packetsLost":0}},{"from":"Sankalp_5070585a-5c03-45fd-9d0a-94cb7b78cebb","to":"Mansi_97e254fb-2ff1-4dcc-8c36-6d051d3b7d24","Audio":{"timestamp":1611072863622.837,"packetsReceived":10936,"packetsLost":0},"Type":"inbound-rtp","Video":{"timestamp":1611072863622.837,"packetsReceived":552,"packetsLost":0}},{"from":"Sankalp_5070585a-5c03-45fd-9d0a-94cb7b78cebb","to":"Mansi_97e254fb-2ff1-4dcc-8c36-6d051d3b7d24","Audio":{"timestamp":1611072868622.754,"packetsReceived":11186,"packetsLost":0},"Type":"inbound-rtp","Video":{"timestamp":1611072868622.754,"packetsReceived":587,"packetsLost":0}},{"from":"Sankalp_5070585a-5c03-45fd-9d0a-94cb7b78cebb","to":"Mansi_97e254fb-2ff1-4dcc-8c36-6d051d3b7d24","Audio":{"timestamp":1611072868622.754,"packetsReceived":11186,"packetsLost":0},"Type":"inbound-rtp","Video":{"timestamp":1611072868622.754,"packetsReceived":587,"packetsLost":0}},{"from":"Sankalp_5070585a-5c03-45fd-9d0a-94cb7b78cebb","to":"Mansi_97e254fb-2ff1-4dcc-8c36-6d051d3b7d24","Audio":{"timestamp":1611072873622.7,"packetsReceived":11436,"packetsLost":0},"Type":"inbound-rtp","Video":{"timestamp":1611072873622.7,"packetsReceived":662,"packetsLost":0}},{"from":"Sankalp_5070585a-5c03-45fd-9d0a-94cb7b78cebb","to":"Mansi_97e254fb-2ff1-4dcc-8c36-6d051d3b7d24","Audio":{"timestamp":1611072873622.7,"packetsReceived":11436,"packetsLost":0},"Type":"inbound-rtp","Video":{"timestamp":1611072873622.7,"packetsReceived":662,"packetsLost":0}},{"from":"Sankalp_5070585a-5c03-45fd-9d0a-94cb7b78cebb","to":"Mansi_97e254fb-2ff1-4dcc-8c36-6d051d3b7d24","Audio":{"timestamp":1611072878622.785,"packetsReceived":11686,"packetsLost":0},"Type":"inbound-rtp","Video":{"timestamp":1611072878622.785,"packetsReceived":672,"packetsLost":0}},{"from":"Sankalp_5070585a-5c03-45fd-9d0a-94cb7b78cebb","to":"Mansi_97e254fb-2ff1-4dcc-8c36-6d051d3b7d24","Audio":{"timestamp":1611072878622.785,"packetsReceived":11686,"packetsLost":0},"Type":"inbound-rtp","Video":{"timestamp":1611072878622.785,"packetsReceived":672,"packetsLost":0}},{"from":"Sankalp_5070585a-5c03-45fd-9d0a-94cb7b78cebb","to":"Mansi_97e254fb-2ff1-4dcc-8c36-6d051d3b7d24","Audio":{"timestamp":1611072883622.705,"packetsReceived":11935,"packetsLost":0},"Type":"inbound-rtp","Video":{"timestamp":1611072883622.705,"packetsReceived":680,"packetsLost":0}},{"from":"Sankalp_5070585a-5c03-45fd-9d0a-94cb7b78cebb","to":"Mansi_97e254fb-2ff1-4dcc-8c36-6d051d3b7d24","Audio":{"timestamp":1611072883622.705,"packetsReceived":11935,"packetsLost":0},"Type":"inbound-rtp","Video":{"timestamp":1611072883622.705,"packetsReceived":680,"packetsLost":0}},{"from":"Sankalp_5070585a-5c03-45fd-9d0a-94cb7b78cebb","to":"Mansi_97e254fb-2ff1-4dcc-8c36-6d051d3b7d24","Audio":{"timestamp":1611072888622.699,"packetsReceived":12186,"packetsLost":0},"Type":"inbound-rtp","Video":{"timestamp":1611072888622.699,"packetsReceived":690,"packetsLost":0}},{"from":"Sankalp_5070585a-5c03-45fd-9d0a-94cb7b78cebb","to":"Mansi_97e254fb-2ff1-4dcc-8c36-6d051d3b7d24","Audio":{"timestamp":1611072888622.699,"packetsReceived":12186,"packetsLost":0},"Type":"inbound-rtp","Video":{"timestamp":1611072888622.699,"packetsReceived":690,"packetsLost":0}},{"from":"Sankalp_5070585a-5c03-45fd-9d0a-94cb7b78cebb","to":"Mansi_97e254fb-2ff1-4dcc-8c36-6d051d3b7d24","Audio":{"timestamp":1611072893622.836,"packetsReceived":12436,"packetsLost":0},"Type":"inbound-rtp","Video":{"timestamp":1611072893622.836,"packetsReceived":700,"packetsLost":0}},{"from":"Sankalp_5070585a-5c03-45fd-9d0a-94cb7b78cebb","to":"Mansi_97e254fb-2ff1-4dcc-8c36-6d051d3b7d24","Audio":{"timestamp":1611072893622.836,"packetsReceived":12436,"packetsLost":0},"Type":"inbound-rtp","Video":{"timestamp":1611072893622.836,"packetsReceived":700,"packetsLost":0}},{"from":"Sankalp_5070585a-5c03-45fd-9d0a-94cb7b78cebb","to":"Mansi_97e254fb-2ff1-4dcc-8c36-6d051d3b7d24","Audio":{"timestamp":1611072898622.733,"packetsReceived":12686,"packetsLost":0},"Type":"inbound-rtp","Video":{"timestamp":1611072898622.733,"packetsReceived":708,"packetsLost":0}},{"from":"Sankalp_5070585a-5c03-45fd-9d0a-94cb7b78cebb","to":"Mansi_97e254fb-2ff1-4dcc-8c36-6d051d3b7d24","Audio":{"timestamp":1611072898622.733,"packetsReceived":12686,"packetsLost":0},"Type":"inbound-rtp","Video":{"timestamp":1611072898622.733,"packetsReceived":708,"packetsLost":0}},{"from":"Sankalp_5070585a-5c03-45fd-9d0a-94cb7b78cebb","to":"Mansi_97e254fb-2ff1-4dcc-8c36-6d051d3b7d24","Audio":{"timestamp":1611072903622.735,"packetsReceived":12936,"packetsLost":0},"Type":"inbound-rtp","Video":{"timestamp":1611072903622.735,"packetsReceived":718,"packetsLost":0}},{"from":"Sankalp_5070585a-5c03-45fd-9d0a-94cb7b78cebb","to":"Mansi_97e254fb-2ff1-4dcc-8c36-6d051d3b7d24","Audio":{"timestamp":1611072903622.735,"packetsReceived":12936,"packetsLost":0},"Type":"inbound-rtp","Video":{"timestamp":1611072903622.735,"packetsReceived":718,"packetsLost":0}},{"from":"Sankalp_5070585a-5c03-45fd-9d0a-94cb7b78cebb","to":"Mansi_97e254fb-2ff1-4dcc-8c36-6d051d3b7d24","Audio":{"timestamp":1611072908622.73,"packetsReceived":13185,"packetsLost":0},"Type":"inbound-rtp","Video":{"timestamp":1611072908622.73,"packetsReceived":728,"packetsLost":0}},{"from":"Sankalp_5070585a-5c03-45fd-9d0a-94cb7b78cebb","to":"Mansi_97e254fb-2ff1-4dcc-8c36-6d051d3b7d24","Audio":{"timestamp":1611072908622.73,"packetsReceived":13185,"packetsLost":0},"Type":"inbound-rtp","Video":{"timestamp":1611072908622.73,"packetsReceived":728,"packetsLost":0}},{"from":"Sankalp_5070585a-5c03-45fd-9d0a-94cb7b78cebb","to":"Mansi_97e254fb-2ff1-4dcc-8c36-6d051d3b7d24","Audio":{"timestamp":1611072913622.682,"packetsReceived":13435,"packetsLost":0},"Type":"inbound-rtp","Video":{"timestamp":1611072913622.682,"packetsReceived":736,"packetsLost":0}},{"from":"Sankalp_5070585a-5c03-45fd-9d0a-94cb7b78cebb","to":"Mansi_97e254fb-2ff1-4dcc-8c36-6d051d3b7d24","Audio":{"timestamp":1611072913622.682,"packetsReceived":13435,"packetsLost":0},"Type":"inbound-rtp","Video":{"timestamp":1611072913622.682,"packetsReceived":736,"packetsLost":0}},{"from":"Sankalp_5070585a-5c03-45fd-9d0a-94cb7b78cebb","to":"Mansi_97e254fb-2ff1-4dcc-8c36-6d051d3b7d24","Audio":{"timestamp":1611072918622.696,"packetsReceived":13686,"packetsLost":0},"Type":"inbound-rtp","Video":{"timestamp":1611072918622.696,"packetsReceived":746,"packetsLost":0}},{"from":"Sankalp_5070585a-5c03-45fd-9d0a-94cb7b78cebb","to":"Mansi_97e254fb-2ff1-4dcc-8c36-6d051d3b7d24","Audio":{"timestamp":1611072918622.696,"packetsReceived":13686,"packetsLost":0},"Type":"inbound-rtp","Video":{"timestamp":1611072918622.696,"packetsReceived":746,"packetsLost":0}},{"from":"Sankalp_5070585a-5c03-45fd-9d0a-94cb7b78cebb","to":"Mansi_97e254fb-2ff1-4dcc-8c36-6d051d3b7d24","Audio":{"timestamp":1611072923622.7,"packetsReceived":13936,"packetsLost":0},"Type":"inbound-rtp","Video":{"timestamp":1611072923622.7,"packetsReceived":756,"packetsLost":0}},{"from":"Sankalp_5070585a-5c03-45fd-9d0a-94cb7b78cebb","to":"Mansi_97e254fb-2ff1-4dcc-8c36-6d051d3b7d24","Audio":{"timestamp":1611072923622.7,"packetsReceived":13936,"packetsLost":0},"Type":"inbound-rtp","Video":{"timestamp":1611072923622.7,"packetsReceived":756,"packetsLost":0}},{"from":"Sankalp_5070585a-5c03-45fd-9d0a-94cb7b78cebb","to":"Mansi_97e254fb-2ff1-4dcc-8c36-6d051d3b7d24","Audio":{"timestamp":1611072928622.732,"packetsReceived":14186,"packetsLost":0},"Type":"inbound-rtp","Video":{"timestamp":1611072928622.732,"packetsReceived":764,"packetsLost":0}},{"from":"Sankalp_5070585a-5c03-45fd-9d0a-94cb7b78cebb","to":"Mansi_97e254fb-2ff1-4dcc-8c36-6d051d3b7d24","Audio":{"timestamp":1611072928622.732,"packetsReceived":14186,"packetsLost":0},"Type":"inbound-rtp","Video":{"timestamp":1611072928622.732,"packetsReceived":764,"packetsLost":0}},{"from":"Sankalp_5070585a-5c03-45fd-9d0a-94cb7b78cebb","to":"Mansi_97e254fb-2ff1-4dcc-8c36-6d051d3b7d24","Audio":{"timestamp":1611072933622.706,"packetsReceived":14435,"packetsLost":0},"Type":"inbound-rtp","Video":{"timestamp":1611072933622.706,"packetsReceived":774,"packetsLost":0}},{"from":"Sankalp_5070585a-5c03-45fd-9d0a-94cb7b78cebb","to":"Mansi_97e254fb-2ff1-4dcc-8c36-6d051d3b7d24","Audio":{"timestamp":1611072933622.706,"packetsReceived":14435,"packetsLost":0},"Type":"inbound-rtp","Video":{"timestamp":1611072933622.706,"packetsReceived":774,"packetsLost":0}},{"from":"Sankalp_5070585a-5c03-45fd-9d0a-94cb7b78cebb","to":"Mansi_97e254fb-2ff1-4dcc-8c36-6d051d3b7d24","Audio":{"timestamp":1611072938622.702,"packetsReceived":14685,"packetsLost":0},"Type":"inbound-rtp","Video":{"timestamp":1611072938622.702,"packetsReceived":784,"packetsLost":0}},{"from":"Sankalp_5070585a-5c03-45fd-9d0a-94cb7b78cebb","to":"Mansi_97e254fb-2ff1-4dcc-8c36-6d051d3b7d24","Audio":{"timestamp":1611072938622.702,"packetsReceived":14685,"packetsLost":0},"Type":"inbound-rtp","Video":{"timestamp":1611072938622.702,"packetsReceived":784,"packetsLost":0}},{"from":"Sankalp_5070585a-5c03-45fd-9d0a-94cb7b78cebb","to":"Mansi_97e254fb-2ff1-4dcc-8c36-6d051d3b7d24","Audio":{"timestamp":1611072943622.811,"packetsReceived":14936,"packetsLost":0},"Type":"inbound-rtp","Video":{"timestamp":1611072943622.811,"packetsReceived":792,"packetsLost":0}},{"from":"Sankalp_5070585a-5c03-45fd-9d0a-94cb7b78cebb","to":"Mansi_97e254fb-2ff1-4dcc-8c36-6d051d3b7d24","Audio":{"timestamp":1611072943622.811,"packetsReceived":14936,"packetsLost":0},"Type":"inbound-rtp","Video":{"timestamp":1611072943622.811,"packetsReceived":792,"packetsLost":0}},{"from":"Sankalp_5070585a-5c03-45fd-9d0a-94cb7b78cebb","to":"Mansi_97e254fb-2ff1-4dcc-8c36-6d051d3b7d24","Audio":{"timestamp":1611072948622.726,"packetsReceived":15186,"packetsLost":0},"Type":"inbound-rtp","Video":{"timestamp":1611072948622.726,"packetsReceived":802,"packetsLost":0}},{"from":"Sankalp_5070585a-5c03-45fd-9d0a-94cb7b78cebb","to":"Mansi_97e254fb-2ff1-4dcc-8c36-6d051d3b7d24","Audio":{"timestamp":1611072948622.726,"packetsReceived":15186,"packetsLost":0},"Type":"inbound-rtp","Video":{"timestamp":1611072948622.726,"packetsReceived":802,"packetsLost":0}},{"from":"Sankalp_5070585a-5c03-45fd-9d0a-94cb7b78cebb","to":"Mansi_97e254fb-2ff1-4dcc-8c36-6d051d3b7d24","Audio":{"timestamp":1611072953622.73,"packetsReceived":15436,"packetsLost":0},"Type":"inbound-rtp","Video":{"timestamp":1611072953622.73,"packetsReceived":812,"packetsLost":0}},{"from":"Sankalp_5070585a-5c03-45fd-9d0a-94cb7b78cebb","to":"Mansi_97e254fb-2ff1-4dcc-8c36-6d051d3b7d24","Audio":{"timestamp":1611072953622.73,"packetsReceived":15436,"packetsLost":0},"Type":"inbound-rtp","Video":{"timestamp":1611072953622.73,"packetsReceived":812,"packetsLost":0}},{"from":"Sankalp_5070585a-5c03-45fd-9d0a-94cb7b78cebb","to":"Mansi_97e254fb-2ff1-4dcc-8c36-6d051d3b7d24","Audio":{"timestamp":1611072958622.745,"packetsReceived":15686,"packetsLost":0},"Type":"inbound-rtp","Video":{"timestamp":1611072958622.745,"packetsReceived":820,"packetsLost":0}},{"from":"Sankalp_5070585a-5c03-45fd-9d0a-94cb7b78cebb","to":"Mansi_97e254fb-2ff1-4dcc-8c36-6d051d3b7d24","Audio":{"timestamp":1611072958622.745,"packetsReceived":15686,"packetsLost":0},"Type":"inbound-rtp","Video":{"timestamp":1611072958622.745,"packetsReceived":820,"packetsLost":0}},{"from":"Sankalp_5070585a-5c03-45fd-9d0a-94cb7b78cebb","to":"Mansi_97e254fb-2ff1-4dcc-8c36-6d051d3b7d24","Audio":{"timestamp":1611072963622.724,"packetsReceived":15935,"packetsLost":0},"Type":"inbound-rtp","Video":{"timestamp":1611072963622.724,"packetsReceived":830,"packetsLost":0}},{"from":"Sankalp_5070585a-5c03-45fd-9d0a-94cb7b78cebb","to":"Mansi_97e254fb-2ff1-4dcc-8c36-6d051d3b7d24","Audio":{"timestamp":1611072963622.724,"packetsReceived":15935,"packetsLost":0},"Type":"inbound-rtp","Video":{"timestamp":1611072963622.724,"packetsReceived":830,"packetsLost":0}},{"from":"Sankalp_5070585a-5c03-45fd-9d0a-94cb7b78cebb","to":"Mansi_97e254fb-2ff1-4dcc-8c36-6d051d3b7d24","Audio":{"timestamp":1611072968622.701,"packetsReceived":16185,"packetsLost":0},"Type":"inbound-rtp","Video":{"timestamp":1611072968622.701,"packetsReceived":840,"packetsLost":0}},{"from":"Sankalp_5070585a-5c03-45fd-9d0a-94cb7b78cebb","to":"Mansi_97e254fb-2ff1-4dcc-8c36-6d051d3b7d24","Audio":{"timestamp":1611072968622.701,"packetsReceived":16185,"packetsLost":0},"Type":"inbound-rtp","Video":{"timestamp":1611072968622.701,"packetsReceived":840,"packetsLost":0}},{"from":"Sankalp_5070585a-5c03-45fd-9d0a-94cb7b78cebb","to":"Mansi_97e254fb-2ff1-4dcc-8c36-6d051d3b7d24","Audio":{"timestamp":1611072973622.702,"packetsReceived":16436,"packetsLost":0},"Type":"inbound-rtp","Video":{"timestamp":1611072973622.702,"packetsReceived":848,"packetsLost":0}},{"from":"Sankalp_5070585a-5c03-45fd-9d0a-94cb7b78cebb","to":"Mansi_97e254fb-2ff1-4dcc-8c36-6d051d3b7d24","Audio":{"timestamp":1611072973622.702,"packetsReceived":16436,"packetsLost":0},"Type":"inbound-rtp","Video":{"timestamp":1611072973622.702,"packetsReceived":848,"packetsLost":0}},{"from":"Sankalp_5070585a-5c03-45fd-9d0a-94cb7b78cebb","to":"Mansi_97e254fb-2ff1-4dcc-8c36-6d051d3b7d24","Audio":{"timestamp":1611072978622.74,"packetsReceived":16686,"packetsLost":0},"Type":"inbound-rtp","Video":{"timestamp":1611072978622.74,"packetsReceived":858,"packetsLost":0}},{"from":"Sankalp_5070585a-5c03-45fd-9d0a-94cb7b78cebb","to":"Mansi_97e254fb-2ff1-4dcc-8c36-6d051d3b7d24","Audio":{"timestamp":1611072978622.74,"packetsReceived":16686,"packetsLost":0},"Type":"inbound-rtp","Video":{"timestamp":1611072978622.74,"packetsReceived":858,"packetsLost":0}},{"from":"Sankalp_5070585a-5c03-45fd-9d0a-94cb7b78cebb","to":"Mansi_97e254fb-2ff1-4dcc-8c36-6d051d3b7d24","Audio":{"timestamp":1611072983622.704,"packetsReceived":16936,"packetsLost":0},"Type":"inbound-rtp","Video":{"timestamp":1611072983622.704,"packetsReceived":868,"packetsLost":0}},{"from":"Sankalp_5070585a-5c03-45fd-9d0a-94cb7b78cebb","to":"Mansi_97e254fb-2ff1-4dcc-8c36-6d051d3b7d24","Audio":{"timestamp":1611072983622.704,"packetsReceived":16936,"packetsLost":0},"Type":"inbound-rtp","Video":{"timestamp":1611072983622.704,"packetsReceived":868,"packetsLost":0}},{"from":"Sankalp_5070585a-5c03-45fd-9d0a-94cb7b78cebb","to":"Mansi_97e254fb-2ff1-4dcc-8c36-6d051d3b7d24","Audio":{"timestamp":1611072988622.745,"packetsReceived":17185,"packetsLost":0},"Type":"inbound-rtp","Video":{"timestamp":1611072988622.745,"packetsReceived":876,"packetsLost":0}},{"from":"Sankalp_5070585a-5c03-45fd-9d0a-94cb7b78cebb","to":"Mansi_97e254fb-2ff1-4dcc-8c36-6d051d3b7d24","Audio":{"timestamp":1611072988622.745,"packetsReceived":17185,"packetsLost":0},"Type":"inbound-rtp","Video":{"timestamp":1611072988622.745,"packetsReceived":876,"packetsLost":0}},{"from":"Sankalp_5070585a-5c03-45fd-9d0a-94cb7b78cebb","to":"Mansi_97e254fb-2ff1-4dcc-8c36-6d051d3b7d24","Audio":{"timestamp":1611072993622.642,"packetsReceived":17435,"packetsLost":0},"Type":"inbound-rtp","Video":{"timestamp":1611072993622.642,"packetsReceived":886,"packetsLost":0}},{"from":"Sankalp_5070585a-5c03-45fd-9d0a-94cb7b78cebb","to":"Mansi_97e254fb-2ff1-4dcc-8c36-6d051d3b7d24","Audio":{"timestamp":1611072993622.642,"packetsReceived":17435,"packetsLost":0},"Type":"inbound-rtp","Video":{"timestamp":1611072993622.642,"packetsReceived":886,"packetsLost":0}},{"from":"Sankalp_5070585a-5c03-45fd-9d0a-94cb7b78cebb","to":"Mansi_97e254fb-2ff1-4dcc-8c36-6d051d3b7d24","Audio":{"timestamp":1611072998622.711,"packetsReceived":17685,"packetsLost":0},"Type":"inbound-rtp","Video":{"timestamp":1611072998622.711,"packetsReceived":896,"packetsLost":0}},{"from":"Sankalp_5070585a-5c03-45fd-9d0a-94cb7b78cebb","to":"Mansi_97e254fb-2ff1-4dcc-8c36-6d051d3b7d24","Audio":{"timestamp":1611072998622.711,"packetsReceived":17685,"packetsLost":0},"Type":"inbound-rtp","Video":{"timestamp":1611072998622.711,"packetsReceived":896,"packetsLost":0}},{"from":"Sankalp_5070585a-5c03-45fd-9d0a-94cb7b78cebb","to":"Mansi_97e254fb-2ff1-4dcc-8c36-6d051d3b7d24","Audio":{"timestamp":1611073003622.72,"packetsReceived":17936,"packetsLost":0},"Type":"inbound-rtp","Video":{"timestamp":1611073003622.72,"packetsReceived":918,"packetsLost":0}},{"from":"Sankalp_5070585a-5c03-45fd-9d0a-94cb7b78cebb","to":"Mansi_97e254fb-2ff1-4dcc-8c36-6d051d3b7d24","Audio":{"timestamp":1611073003622.72,"packetsReceived":17936,"packetsLost":0},"Type":"inbound-rtp","Video":{"timestamp":1611073003622.72,"packetsReceived":918,"packetsLost":0}},{"from":"Sankalp_5070585a-5c03-45fd-9d0a-94cb7b78cebb","to":"Mansi_97e254fb-2ff1-4dcc-8c36-6d051d3b7d24","Audio":{"timestamp":1611073008622.75,"packetsReceived":18186,"packetsLost":0},"Type":"inbound-rtp","Video":{"timestamp":1611073008622.75,"packetsReceived":1097,"packetsLost":0}},{"from":"Sankalp_5070585a-5c03-45fd-9d0a-94cb7b78cebb","to":"Mansi_97e254fb-2ff1-4dcc-8c36-6d051d3b7d24","Audio":{"timestamp":1611073008622.75,"packetsReceived":18186,"packetsLost":0},"Type":"inbound-rtp","Video":{"timestamp":1611073008622.75,"packetsReceived":1097,"packetsLost":0}},{"from":"Sankalp_5070585a-5c03-45fd-9d0a-94cb7b78cebb","to":"Mansi_97e254fb-2ff1-4dcc-8c36-6d051d3b7d24","Audio":{"timestamp":1611073013622.703,"packetsReceived":18435,"packetsLost":0},"Type":"inbound-rtp","Video":{"timestamp":1611073013622.703,"packetsReceived":1128,"packetsLost":0}},{"from":"Sankalp_5070585a-5c03-45fd-9d0a-94cb7b78cebb","to":"Mansi_97e254fb-2ff1-4dcc-8c36-6d051d3b7d24","Audio":{"timestamp":1611073013622.703,"packetsReceived":18435,"packetsLost":0},"Type":"inbound-rtp","Video":{"timestamp":1611073013622.703,"packetsReceived":1128,"packetsLost":0}},{"from":"Sankalp_5070585a-5c03-45fd-9d0a-94cb7b78cebb","to":"Mansi_97e254fb-2ff1-4dcc-8c36-6d051d3b7d24","Audio":{"timestamp":1611073018622.979,"packetsReceived":18685,"packetsLost":0},"Type":"inbound-rtp","Video":{"timestamp":1611073018622.979,"packetsReceived":1152,"packetsLost":0}},{"from":"Sankalp_5070585a-5c03-45fd-9d0a-94cb7b78cebb","to":"Mansi_97e254fb-2ff1-4dcc-8c36-6d051d3b7d24","Audio":{"timestamp":1611073018622.979,"packetsReceived":18685,"packetsLost":0},"Type":"inbound-rtp","Video":{"timestamp":1611073018622.979,"packetsReceived":1152,"packetsLost":0}},{"from":"Sankalp_5070585a-5c03-45fd-9d0a-94cb7b78cebb","to":"Mansi_97e254fb-2ff1-4dcc-8c36-6d051d3b7d24","Audio":{"timestamp":1611073023622.716,"packetsReceived":18935,"packetsLost":0},"Type":"inbound-rtp","Video":{"timestamp":1611073023622.716,"packetsReceived":1178,"packetsLost":0}},{"from":"Sankalp_5070585a-5c03-45fd-9d0a-94cb7b78cebb","to":"Mansi_97e254fb-2ff1-4dcc-8c36-6d051d3b7d24","Audio":{"timestamp":1611073023622.716,"packetsReceived":18935,"packetsLost":0},"Type":"inbound-rtp","Video":{"timestamp":1611073023622.716,"packetsReceived":1178,"packetsLost":0}},{"from":"Sankalp_5070585a-5c03-45fd-9d0a-94cb7b78cebb","to":"Mansi_97e254fb-2ff1-4dcc-8c36-6d051d3b7d24","Audio":{"timestamp":1611073028622.87,"packetsReceived":19186,"packetsLost":0},"Type":"inbound-rtp","Video":{"timestamp":1611073028622.87,"packetsReceived":1203,"packetsLost":0}},{"from":"Sankalp_5070585a-5c03-45fd-9d0a-94cb7b78cebb","to":"Mansi_97e254fb-2ff1-4dcc-8c36-6d051d3b7d24","Audio":{"timestamp":1611073028622.87,"packetsReceived":19186,"packetsLost":0},"Type":"inbound-rtp","Video":{"timestamp":1611073028622.87,"packetsReceived":1203,"packetsLost":0}},{"from":"Sankalp_5070585a-5c03-45fd-9d0a-94cb7b78cebb","to":"Mansi_97e254fb-2ff1-4dcc-8c36-6d051d3b7d24","Audio":{"timestamp":1611073033626.622,"packetsReceived":19436,"packetsLost":0},"Type":"inbound-rtp","Video":{"timestamp":1611073033626.622,"packetsReceived":1226,"packetsLost":0}},{"from":"Sankalp_5070585a-5c03-45fd-9d0a-94cb7b78cebb","to":"Mansi_97e254fb-2ff1-4dcc-8c36-6d051d3b7d24","Audio":{"timestamp":1611073033626.622,"packetsReceived":19436,"packetsLost":0},"Type":"inbound-rtp","Video":{"timestamp":1611073033626.622,"packetsReceived":1226,"packetsLost":0}},{"from":"Sankalp_5070585a-5c03-45fd-9d0a-94cb7b78cebb","to":"Mansi_97e254fb-2ff1-4dcc-8c36-6d051d3b7d24","Audio":{"timestamp":1611073038623.012,"packetsReceived":19686,"packetsLost":0},"Type":"inbound-rtp","Video":{"timestamp":1611073038623.012,"packetsReceived":1249,"packetsLost":0}},{"from":"Sankalp_5070585a-5c03-45fd-9d0a-94cb7b78cebb","to":"Mansi_97e254fb-2ff1-4dcc-8c36-6d051d3b7d24","Audio":{"timestamp":1611073038623.012,"packetsReceived":19686,"packetsLost":0},"Type":"inbound-rtp","Video":{"timestamp":1611073038623.012,"packetsReceived":1249,"packetsLost":0}},{"from":"Sankalp_5070585a-5c03-45fd-9d0a-94cb7b78cebb","to":"Mansi_97e254fb-2ff1-4dcc-8c36-6d051d3b7d24","Audio":{"timestamp":1611073043622.697,"packetsReceived":19935,"packetsLost":0},"Type":"inbound-rtp","Video":{"timestamp":1611073043622.697,"packetsReceived":1278,"packetsLost":0}},{"from":"Sankalp_5070585a-5c03-45fd-9d0a-94cb7b78cebb","to":"Mansi_97e254fb-2ff1-4dcc-8c36-6d051d3b7d24","Audio":{"timestamp":1611073043622.697,"packetsReceived":19935,"packetsLost":0},"Type":"inbound-rtp","Video":{"timestamp":1611073043622.697,"packetsReceived":1278,"packetsLost":0}},{"from":"Sankalp_5070585a-5c03-45fd-9d0a-94cb7b78cebb","to":"Mansi_97e254fb-2ff1-4dcc-8c36-6d051d3b7d24","Audio":{"timestamp":1611073048622.71,"packetsReceived":20185,"packetsLost":0},"Type":"inbound-rtp","Video":{"timestamp":1611073048622.71,"packetsReceived":1303,"packetsLost":0}},{"from":"Sankalp_5070585a-5c03-45fd-9d0a-94cb7b78cebb","to":"Mansi_97e254fb-2ff1-4dcc-8c36-6d051d3b7d24","Audio":{"timestamp":1611073048622.71,"packetsReceived":20185,"packetsLost":0},"Type":"inbound-rtp","Video":{"timestamp":1611073048622.71,"packetsReceived":1303,"packetsLost":0}},{"from":"Sankalp_5070585a-5c03-45fd-9d0a-94cb7b78cebb","to":"Mansi_97e254fb-2ff1-4dcc-8c36-6d051d3b7d24","Audio":{"timestamp":1611073053622.731,"packetsReceived":20435,"packetsLost":0},"Type":"inbound-rtp","Video":{"timestamp":1611073053622.731,"packetsReceived":1323,"packetsLost":0}},{"from":"Sankalp_5070585a-5c03-45fd-9d0a-94cb7b78cebb","to":"Mansi_97e254fb-2ff1-4dcc-8c36-6d051d3b7d24","Audio":{"timestamp":1611073053622.731,"packetsReceived":20435,"packetsLost":0},"Type":"inbound-rtp","Video":{"timestamp":1611073053622.731,"packetsReceived":1323,"packetsLost":0}},{"from":"Sankalp_5070585a-5c03-45fd-9d0a-94cb7b78cebb","to":"Mansi_97e254fb-2ff1-4dcc-8c36-6d051d3b7d24","Audio":{"timestamp":1611073058622.714,"packetsReceived":20686,"packetsLost":0},"Type":"inbound-rtp","Video":{"timestamp":1611073058622.714,"packetsReceived":1348,"packetsLost":0}},{"from":"Sankalp_5070585a-5c03-45fd-9d0a-94cb7b78cebb","to":"Mansi_97e254fb-2ff1-4dcc-8c36-6d051d3b7d24","Audio":{"timestamp":1611073058622.714,"packetsReceived":20686,"packetsLost":0},"Type":"inbound-rtp","Video":{"timestamp":1611073058622.714,"packetsReceived":1348,"packetsLost":0}},{"from":"Sankalp_5070585a-5c03-45fd-9d0a-94cb7b78cebb","to":"Mansi_97e254fb-2ff1-4dcc-8c36-6d051d3b7d24","Audio":{"timestamp":1611073063622.736,"packetsReceived":20936,"packetsLost":0},"Type":"inbound-rtp","Video":{"timestamp":1611073063622.736,"packetsReceived":1373,"packetsLost":0}},{"from":"Sankalp_5070585a-5c03-45fd-9d0a-94cb7b78cebb","to":"Mansi_97e254fb-2ff1-4dcc-8c36-6d051d3b7d24","Audio":{"timestamp":1611073063622.736,"packetsReceived":20936,"packetsLost":0},"Type":"inbound-rtp","Video":{"timestamp":1611073063622.736,"packetsReceived":1373,"packetsLost":0}},{"from":"Sankalp_5070585a-5c03-45fd-9d0a-94cb7b78cebb","to":"Mansi_97e254fb-2ff1-4dcc-8c36-6d051d3b7d24","Audio":{"timestamp":1611073068622.694,"packetsReceived":21185,"packetsLost":0},"Type":"inbound-rtp","Video":{"timestamp":1611073068622.694,"packetsReceived":1393,"packetsLost":0}},{"from":"Sankalp_5070585a-5c03-45fd-9d0a-94cb7b78cebb","to":"Mansi_97e254fb-2ff1-4dcc-8c36-6d051d3b7d24","Audio":{"timestamp":1611073068622.694,"packetsReceived":21185,"packetsLost":0},"Type":"inbound-rtp","Video":{"timestamp":1611073068622.694,"packetsReceived":1393,"packetsLost":0}},{"from":"Sankalp_5070585a-5c03-45fd-9d0a-94cb7b78cebb","to":"Mansi_97e254fb-2ff1-4dcc-8c36-6d051d3b7d24","Audio":{"timestamp":1611073073622.743,"packetsReceived":21435,"packetsLost":0},"Type":"inbound-rtp","Video":{"timestamp":1611073073622.743,"packetsReceived":1418,"packetsLost":0}},{"from":"Sankalp_5070585a-5c03-45fd-9d0a-94cb7b78cebb","to":"Mansi_97e254fb-2ff1-4dcc-8c36-6d051d3b7d24","Audio":{"timestamp":1611073073622.743,"packetsReceived":21435,"packetsLost":0},"Type":"inbound-rtp","Video":{"timestamp":1611073073622.743,"packetsReceived":1418,"packetsLost":0}},{"from":"Sankalp_5070585a-5c03-45fd-9d0a-94cb7b78cebb","to":"Mansi_97e254fb-2ff1-4dcc-8c36-6d051d3b7d24","Audio":{"timestamp":1611073078622.715,"packetsReceived":21685,"packetsLost":0},"Type":"inbound-rtp","Video":{"timestamp":1611073078622.715,"packetsReceived":1443,"packetsLost":0}},{"from":"Sankalp_5070585a-5c03-45fd-9d0a-94cb7b78cebb","to":"Mansi_97e254fb-2ff1-4dcc-8c36-6d051d3b7d24","Audio":{"timestamp":1611073078622.715,"packetsReceived":21685,"packetsLost":0},"Type":"inbound-rtp","Video":{"timestamp":1611073078622.715,"packetsReceived":1443,"packetsLost":0}},{"from":"Sankalp_5070585a-5c03-45fd-9d0a-94cb7b78cebb","to":"Mansi_97e254fb-2ff1-4dcc-8c36-6d051d3b7d24","Audio":{"timestamp":1611073083622.748,"packetsReceived":21936,"packetsLost":0},"Type":"inbound-rtp","Video":{"timestamp":1611073083622.748,"packetsReceived":1463,"packetsLost":0}},{"from":"Sankalp_5070585a-5c03-45fd-9d0a-94cb7b78cebb","to":"Mansi_97e254fb-2ff1-4dcc-8c36-6d051d3b7d24","Audio":{"timestamp":1611073083622.748,"packetsReceived":21936,"packetsLost":0},"Type":"inbound-rtp","Video":{"timestamp":1611073083622.748,"packetsReceived":1463,"packetsLost":0}},{"from":"Sankalp_5070585a-5c03-45fd-9d0a-94cb7b78cebb","to":"Mansi_97e254fb-2ff1-4dcc-8c36-6d051d3b7d24","Audio":{"timestamp":1611073088622.856,"packetsReceived":22186,"packetsLost":0},"Type":"inbound-rtp","Video":{"timestamp":1611073088622.856,"packetsReceived":1488,"packetsLost":0}},{"from":"Sankalp_5070585a-5c03-45fd-9d0a-94cb7b78cebb","to":"Mansi_97e254fb-2ff1-4dcc-8c36-6d051d3b7d24","Audio":{"timestamp":1611073088622.856,"packetsReceived":22186,"packetsLost":0},"Type":"inbound-rtp","Video":{"timestamp":1611073088622.856,"packetsReceived":1488,"packetsLost":0}},{"from":"Sankalp_5070585a-5c03-45fd-9d0a-94cb7b78cebb","to":"Mansi_97e254fb-2ff1-4dcc-8c36-6d051d3b7d24","Audio":{"timestamp":1611073093622.704,"packetsReceived":22435,"packetsLost":0},"Type":"inbound-rtp","Video":{"timestamp":1611073093622.704,"packetsReceived":1513,"packetsLost":0}},{"from":"Sankalp_5070585a-5c03-45fd-9d0a-94cb7b78cebb","to":"Mansi_97e254fb-2ff1-4dcc-8c36-6d051d3b7d24","Audio":{"timestamp":1611073093622.704,"packetsReceived":22435,"packetsLost":0},"Type":"inbound-rtp","Video":{"timestamp":1611073093622.704,"packetsReceived":1513,"packetsLost":0}},{"from":"Sankalp_5070585a-5c03-45fd-9d0a-94cb7b78cebb","to":"Mansi_97e254fb-2ff1-4dcc-8c36-6d051d3b7d24","Audio":{"timestamp":1611073098622.76,"packetsReceived":22685,"packetsLost":0},"Type":"inbound-rtp","Video":{"timestamp":1611073098622.76,"packetsReceived":1533,"packetsLost":0}},{"from":"Sankalp_5070585a-5c03-45fd-9d0a-94cb7b78cebb","to":"Mansi_97e254fb-2ff1-4dcc-8c36-6d051d3b7d24","Audio":{"timestamp":1611073098622.76,"packetsReceived":22685,"packetsLost":0},"Type":"inbound-rtp","Video":{"timestamp":1611073098622.76,"packetsReceived":1533,"packetsLost":0}},{"from":"Sankalp_5070585a-5c03-45fd-9d0a-94cb7b78cebb","to":"Mansi_97e254fb-2ff1-4dcc-8c36-6d051d3b7d24","Audio":{"timestamp":1611073103622.703,"packetsReceived":22935,"packetsLost":0},"Type":"inbound-rtp","Video":{"timestamp":1611073103622.703,"packetsReceived":1558,"packetsLost":0}},{"from":"Sankalp_5070585a-5c03-45fd-9d0a-94cb7b78cebb","to":"Mansi_97e254fb-2ff1-4dcc-8c36-6d051d3b7d24","Audio":{"timestamp":1611073103622.703,"packetsReceived":22935,"packetsLost":0},"Type":"inbound-rtp","Video":{"timestamp":1611073103622.703,"packetsReceived":1558,"packetsLost":0}},{"from":"Sankalp_5070585a-5c03-45fd-9d0a-94cb7b78cebb","to":"Mansi_97e254fb-2ff1-4dcc-8c36-6d051d3b7d24","Audio":{"timestamp":1611073108622.769,"packetsReceived":23185,"packetsLost":0},"Type":"inbound-rtp","Video":{"timestamp":1611073108622.769,"packetsReceived":1583,"packetsLost":0}},{"from":"Sankalp_5070585a-5c03-45fd-9d0a-94cb7b78cebb","to":"Mansi_97e254fb-2ff1-4dcc-8c36-6d051d3b7d24","Audio":{"timestamp":1611073108622.769,"packetsReceived":23185,"packetsLost":0},"Type":"inbound-rtp","Video":{"timestamp":1611073108622.769,"packetsReceived":1583,"packetsLost":0}},{"from":"Sankalp_5070585a-5c03-45fd-9d0a-94cb7b78cebb","to":"Mansi_97e254fb-2ff1-4dcc-8c36-6d051d3b7d24","Audio":{"timestamp":1611073113622.71,"packetsReceived":23436,"packetsLost":0},"Type":"inbound-rtp","Video":{"timestamp":1611073113622.71,"packetsReceived":1603,"packetsLost":0}},{"from":"Sankalp_5070585a-5c03-45fd-9d0a-94cb7b78cebb","to":"Mansi_97e254fb-2ff1-4dcc-8c36-6d051d3b7d24","Audio":{"timestamp":1611073113622.71,"packetsReceived":23436,"packetsLost":0},"Type":"inbound-rtp","Video":{"timestamp":1611073113622.71,"packetsReceived":1603,"packetsLost":0}},{"from":"Sankalp_5070585a-5c03-45fd-9d0a-94cb7b78cebb","to":"Mansi_97e254fb-2ff1-4dcc-8c36-6d051d3b7d24","Audio":{"timestamp":1611073118622.697,"packetsReceived":23686,"packetsLost":0},"Type":"inbound-rtp","Video":{"timestamp":1611073118622.697,"packetsReceived":1628,"packetsLost":0}},{"from":"Sankalp_5070585a-5c03-45fd-9d0a-94cb7b78cebb","to":"Mansi_97e254fb-2ff1-4dcc-8c36-6d051d3b7d24","Audio":{"timestamp":1611073118622.697,"packetsReceived":23686,"packetsLost":0},"Type":"inbound-rtp","Video":{"timestamp":1611073118622.697,"packetsReceived":1628,"packetsLost":0}},{"from":"Sankalp_5070585a-5c03-45fd-9d0a-94cb7b78cebb","to":"Mansi_97e254fb-2ff1-4dcc-8c36-6d051d3b7d24","Audio":{"timestamp":1611073123622.715,"packetsReceived":23935,"packetsLost":0},"Type":"inbound-rtp","Video":{"timestamp":1611073123622.715,"packetsReceived":1653,"packetsLost":0}},{"from":"Sankalp_5070585a-5c03-45fd-9d0a-94cb7b78cebb","to":"Mansi_97e254fb-2ff1-4dcc-8c36-6d051d3b7d24","Audio":{"timestamp":1611073123622.715,"packetsReceived":23935,"packetsLost":0},"Type":"inbound-rtp","Video":{"timestamp":1611073123622.715,"packetsReceived":1653,"packetsLost":0}},{"from":"Sankalp_5070585a-5c03-45fd-9d0a-94cb7b78cebb","to":"Mansi_97e254fb-2ff1-4dcc-8c36-6d051d3b7d24","Audio":{"timestamp":1611073128622.701,"packetsReceived":24185,"packetsLost":0},"Type":"inbound-rtp","Video":{"timestamp":1611073128622.701,"packetsReceived":1673,"packetsLost":0}},{"from":"Sankalp_5070585a-5c03-45fd-9d0a-94cb7b78cebb","to":"Mansi_97e254fb-2ff1-4dcc-8c36-6d051d3b7d24","Audio":{"timestamp":1611073128622.701,"packetsReceived":24185,"packetsLost":0},"Type":"inbound-rtp","Video":{"timestamp":1611073128622.701,"packetsReceived":1673,"packetsLost":0}},{"from":"Sankalp_5070585a-5c03-45fd-9d0a-94cb7b78cebb","to":"Mansi_97e254fb-2ff1-4dcc-8c36-6d051d3b7d24","Audio":{"timestamp":1611073133622.716,"packetsReceived":24435,"packetsLost":0},"Type":"inbound-rtp","Video":{"timestamp":1611073133622.716,"packetsReceived":1698,"packetsLost":0}},{"from":"Sankalp_5070585a-5c03-45fd-9d0a-94cb7b78cebb","to":"Mansi_97e254fb-2ff1-4dcc-8c36-6d051d3b7d24","Audio":{"timestamp":1611073133622.716,"packetsReceived":24435,"packetsLost":0},"Type":"inbound-rtp","Video":{"timestamp":1611073133622.716,"packetsReceived":1698,"packetsLost":0}},{"from":"Sankalp_5070585a-5c03-45fd-9d0a-94cb7b78cebb","to":"Mansi_97e254fb-2ff1-4dcc-8c36-6d051d3b7d24","Audio":{"timestamp":1611073138622.769,"packetsReceived":24685,"packetsLost":0},"Type":"inbound-rtp","Video":{"timestamp":1611073138622.769,"packetsReceived":1723,"packetsLost":0}},{"from":"Sankalp_5070585a-5c03-45fd-9d0a-94cb7b78cebb","to":"Mansi_97e254fb-2ff1-4dcc-8c36-6d051d3b7d24","Audio":{"timestamp":1611073138622.769,"packetsReceived":24685,"packetsLost":0},"Type":"inbound-rtp","Video":{"timestamp":1611073138622.769,"packetsReceived":1723,"packetsLost":0}},{"from":"Sankalp_5070585a-5c03-45fd-9d0a-94cb7b78cebb","to":"Mansi_97e254fb-2ff1-4dcc-8c36-6d051d3b7d24","Audio":{"timestamp":1611073143622.827,"packetsReceived":24936,"packetsLost":0},"Type":"inbound-rtp","Video":{"timestamp":1611073143622.827,"packetsReceived":1783,"packetsLost":0}},{"from":"Sankalp_5070585a-5c03-45fd-9d0a-94cb7b78cebb","to":"Mansi_97e254fb-2ff1-4dcc-8c36-6d051d3b7d24","Audio":{"timestamp":1611073143622.827,"packetsReceived":24936,"packetsLost":0},"Type":"inbound-rtp","Video":{"timestamp":1611073143622.827,"packetsReceived":1783,"packetsLost":0}},{"from":"Sankalp_5070585a-5c03-45fd-9d0a-94cb7b78cebb","to":"Mansi_97e254fb-2ff1-4dcc-8c36-6d051d3b7d24","Audio":{"timestamp":1611073148622.738,"packetsReceived":25185,"packetsLost":0},"Type":"inbound-rtp","Video":{"timestamp":1611073148622.738,"packetsReceived":1974,"packetsLost":0}},{"from":"Sankalp_5070585a-5c03-45fd-9d0a-94cb7b78cebb","to":"Mansi_97e254fb-2ff1-4dcc-8c36-6d051d3b7d24","Audio":{"timestamp":1611073148622.738,"packetsReceived":25185,"packetsLost":0},"Type":"inbound-rtp","Video":{"timestamp":1611073148622.738,"packetsReceived":1974,"packetsLost":0}},{"from":"Sankalp_5070585a-5c03-45fd-9d0a-94cb7b78cebb","to":"Mansi_97e254fb-2ff1-4dcc-8c36-6d051d3b7d24","Audio":{"timestamp":1611073153622.757,"packetsReceived":25435,"packetsLost":0},"Type":"inbound-rtp","Video":{"timestamp":1611073153622.757,"packetsReceived":2521,"packetsLost":0}},{"from":"Sankalp_5070585a-5c03-45fd-9d0a-94cb7b78cebb","to":"Mansi_97e254fb-2ff1-4dcc-8c36-6d051d3b7d24","Audio":{"timestamp":1611073153622.757,"packetsReceived":25435,"packetsLost":0},"Type":"inbound-rtp","Video":{"timestamp":1611073153622.757,"packetsReceived":2521,"packetsLost":0}},{"from":"Sankalp_5070585a-5c03-45fd-9d0a-94cb7b78cebb","to":"Mansi_97e254fb-2ff1-4dcc-8c36-6d051d3b7d24","Audio":{"timestamp":1611073158622.802,"packetsReceived":25685,"packetsLost":0},"Type":"inbound-rtp","Video":{"timestamp":1611073158622.802,"packetsReceived":2944,"packetsLost":0}},{"from":"Sankalp_5070585a-5c03-45fd-9d0a-94cb7b78cebb","to":"Mansi_97e254fb-2ff1-4dcc-8c36-6d051d3b7d24","Audio":{"timestamp":1611073158622.802,"packetsReceived":25685,"packetsLost":0},"Type":"inbound-rtp","Video":{"timestamp":1611073158622.802,"packetsReceived":2944,"packetsLost":0}},{"from":"Sankalp_5070585a-5c03-45fd-9d0a-94cb7b78cebb","to":"Mansi_97e254fb-2ff1-4dcc-8c36-6d051d3b7d24","Audio":{"timestamp":1611073163622.703,"packetsReceived":25935,"packetsLost":0},"Type":"inbound-rtp","Video":{"timestamp":1611073163622.703,"packetsReceived":3265,"packetsLost":0}},{"from":"Sankalp_5070585a-5c03-45fd-9d0a-94cb7b78cebb","to":"Mansi_97e254fb-2ff1-4dcc-8c36-6d051d3b7d24","Audio":{"timestamp":1611073163622.703,"packetsReceived":25935,"packetsLost":0},"Type":"inbound-rtp","Video":{"timestamp":1611073163622.703,"packetsReceived":3265,"packetsLost":0}},{"from":"Sankalp_5070585a-5c03-45fd-9d0a-94cb7b78cebb","to":"Mansi_97e254fb-2ff1-4dcc-8c36-6d051d3b7d24","Audio":{"timestamp":1611073168622.702,"packetsReceived":26186,"packetsLost":0},"Type":"inbound-rtp","Video":{"timestamp":1611073168622.702,"packetsReceived":3544,"packetsLost":0}},{"from":"Sankalp_5070585a-5c03-45fd-9d0a-94cb7b78cebb","to":"Mansi_97e254fb-2ff1-4dcc-8c36-6d051d3b7d24","Audio":{"timestamp":1611073168622.702,"packetsReceived":26186,"packetsLost":0},"Type":"inbound-rtp","Video":{"timestamp":1611073168622.702,"packetsReceived":3544,"packetsLost":0}},{"from":"Sankalp_5070585a-5c03-45fd-9d0a-94cb7b78cebb","to":"Mansi_97e254fb-2ff1-4dcc-8c36-6d051d3b7d24","Audio":{"timestamp":1611073173622.718,"packetsReceived":26435,"packetsLost":0},"Type":"inbound-rtp","Video":{"timestamp":1611073173622.718,"packetsReceived":3911,"packetsLost":0}},{"from":"Sankalp_5070585a-5c03-45fd-9d0a-94cb7b78cebb","to":"Mansi_97e254fb-2ff1-4dcc-8c36-6d051d3b7d24","Audio":{"timestamp":1611073173622.718,"packetsReceived":26435,"packetsLost":0},"Type":"inbound-rtp","Video":{"timestamp":1611073173622.718,"packetsReceived":3911,"packetsLost":0}},{"from":"Sankalp_5070585a-5c03-45fd-9d0a-94cb7b78cebb","to":"Mansi_97e254fb-2ff1-4dcc-8c36-6d051d3b7d24","Audio":{"timestamp":1611073178622.691,"packetsReceived":26685,"packetsLost":0},"Type":"inbound-rtp","Video":{"timestamp":1611073178622.691,"packetsReceived":4312,"packetsLost":0}},{"from":"Sankalp_5070585a-5c03-45fd-9d0a-94cb7b78cebb","to":"Mansi_97e254fb-2ff1-4dcc-8c36-6d051d3b7d24","Audio":{"timestamp":1611073178622.691,"packetsReceived":26685,"packetsLost":0},"Type":"inbound-rtp","Video":{"timestamp":1611073178622.691,"packetsReceived":4312,"packetsLost":0}},{"from":"Sankalp_5070585a-5c03-45fd-9d0a-94cb7b78cebb","to":"Mansi_97e254fb-2ff1-4dcc-8c36-6d051d3b7d24","Audio":{"timestamp":1611073183622.712,"packetsReceived":26935,"packetsLost":0},"Type":"inbound-rtp","Video":{"timestamp":1611073183622.712,"packetsReceived":4759,"packetsLost":0}},{"from":"Sankalp_5070585a-5c03-45fd-9d0a-94cb7b78cebb","to":"Mansi_97e254fb-2ff1-4dcc-8c36-6d051d3b7d24","Audio":{"timestamp":1611073183622.712,"packetsReceived":26935,"packetsLost":0},"Type":"inbound-rtp","Video":{"timestamp":1611073183622.712,"packetsReceived":4759,"packetsLost":0}},{"from":"Sankalp_5070585a-5c03-45fd-9d0a-94cb7b78cebb","to":"Mansi_97e254fb-2ff1-4dcc-8c36-6d051d3b7d24","Audio":{"timestamp":1611073188622.652,"packetsReceived":27185,"packetsLost":0},"Type":"inbound-rtp","Video":{"timestamp":1611073188622.652,"packetsReceived":5395,"packetsLost":0}},{"from":"Sankalp_5070585a-5c03-45fd-9d0a-94cb7b78cebb","to":"Mansi_97e254fb-2ff1-4dcc-8c36-6d051d3b7d24","Audio":{"timestamp":1611073188622.652,"packetsReceived":27185,"packetsLost":0},"Type":"inbound-rtp","Video":{"timestamp":1611073188622.652,"packetsReceived":5395,"packetsLost":0}},{"from":"Sankalp_5070585a-5c03-45fd-9d0a-94cb7b78cebb","to":"Mansi_97e254fb-2ff1-4dcc-8c36-6d051d3b7d24","Audio":{"timestamp":1611073193622.704,"packetsReceived":27435,"packetsLost":0},"Type":"inbound-rtp","Video":{"timestamp":1611073193622.704,"packetsReceived":6003,"packetsLost":0}},{"from":"Sankalp_5070585a-5c03-45fd-9d0a-94cb7b78cebb","to":"Mansi_97e254fb-2ff1-4dcc-8c36-6d051d3b7d24","Audio":{"timestamp":1611073193622.704,"packetsReceived":27435,"packetsLost":0},"Type":"inbound-rtp","Video":{"timestamp":1611073193622.704,"packetsReceived":6003,"packetsLost":0}},{"from":"Sankalp_5070585a-5c03-45fd-9d0a-94cb7b78cebb","to":"Mansi_97e254fb-2ff1-4dcc-8c36-6d051d3b7d24","Audio":{"timestamp":1611073198622.748,"packetsReceived":27685,"packetsLost":0},"Type":"inbound-rtp","Video":{"timestamp":1611073198622.748,"packetsReceived":6894,"packetsLost":0}},{"from":"Sankalp_5070585a-5c03-45fd-9d0a-94cb7b78cebb","to":"Mansi_97e254fb-2ff1-4dcc-8c36-6d051d3b7d24","Audio":{"timestamp":1611073198622.748,"packetsReceived":27685,"packetsLost":0},"Type":"inbound-rtp","Video":{"timestamp":1611073198622.748,"packetsReceived":6894,"packetsLost":0}},{"from":"Sankalp_5070585a-5c03-45fd-9d0a-94cb7b78cebb","to":"Mansi_97e254fb-2ff1-4dcc-8c36-6d051d3b7d24","Audio":{"timestamp":1611073203622.719,"packetsReceived":27935,"packetsLost":0},"Type":"inbound-rtp","Video":{"timestamp":1611073203622.719,"packetsReceived":7912,"packetsLost":0}},{"from":"Sankalp_5070585a-5c03-45fd-9d0a-94cb7b78cebb","to":"Mansi_97e254fb-2ff1-4dcc-8c36-6d051d3b7d24","Audio":{"timestamp":1611073203622.719,"packetsReceived":27935,"packetsLost":0},"Type":"inbound-rtp","Video":{"timestamp":1611073203622.719,"packetsReceived":7912,"packetsLost":0}},{"from":"Sankalp_5070585a-5c03-45fd-9d0a-94cb7b78cebb","to":"Mansi_97e254fb-2ff1-4dcc-8c36-6d051d3b7d24","Audio":{"timestamp":1611073208622.713,"packetsReceived":28185,"packetsLost":0},"Type":"inbound-rtp","Video":{"timestamp":1611073208622.713,"packetsReceived":9094,"packetsLost":0}},{"from":"Sankalp_5070585a-5c03-45fd-9d0a-94cb7b78cebb","to":"Mansi_97e254fb-2ff1-4dcc-8c36-6d051d3b7d24","Audio":{"timestamp":1611073208622.713,"packetsReceived":28185,"packetsLost":0},"Type":"inbound-rtp","Video":{"timestamp":1611073208622.713,"packetsReceived":9094,"packetsLost":0}},{"from":"Sankalp_5070585a-5c03-45fd-9d0a-94cb7b78cebb","to":"Mansi_97e254fb-2ff1-4dcc-8c36-6d051d3b7d24","Audio":{"timestamp":1611073213622.702,"packetsReceived":28435,"packetsLost":0},"Type":"inbound-rtp","Video":{"timestamp":1611073213622.702,"packetsReceived":10405,"packetsLost":0}},{"from":"Sankalp_5070585a-5c03-45fd-9d0a-94cb7b78cebb","to":"Mansi_97e254fb-2ff1-4dcc-8c36-6d051d3b7d24","Audio":{"timestamp":1611073213622.702,"packetsReceived":28435,"packetsLost":0},"Type":"inbound-rtp","Video":{"timestamp":1611073213622.702,"packetsReceived":10405,"packetsLost":0}},{"from":"Sankalp_5070585a-5c03-45fd-9d0a-94cb7b78cebb","to":"Mansi_97e254fb-2ff1-4dcc-8c36-6d051d3b7d24","Audio":{"timestamp":1611073218622.707,"packetsReceived":28685,"packetsLost":0},"Type":"inbound-rtp","Video":{"timestamp":1611073218622.707,"packetsReceived":11891,"packetsLost":0}},{"from":"Sankalp_5070585a-5c03-45fd-9d0a-94cb7b78cebb","to":"Mansi_97e254fb-2ff1-4dcc-8c36-6d051d3b7d24","Audio":{"timestamp":1611073218622.707,"packetsReceived":28685,"packetsLost":0},"Type":"inbound-rtp","Video":{"timestamp":1611073218622.707,"packetsReceived":11891,"packetsLost":0}},{"from":"Sankalp_5070585a-5c03-45fd-9d0a-94cb7b78cebb","to":"Mansi_97e254fb-2ff1-4dcc-8c36-6d051d3b7d24","Audio":{"timestamp":1611073223622.679,"packetsReceived":28936,"packetsLost":0},"Type":"inbound-rtp","Video":{"timestamp":1611073223622.679,"packetsReceived":12889,"packetsLost":0}},{"from":"Sankalp_5070585a-5c03-45fd-9d0a-94cb7b78cebb","to":"Mansi_97e254fb-2ff1-4dcc-8c36-6d051d3b7d24","Audio":{"timestamp":1611073223622.679,"packetsReceived":28936,"packetsLost":0},"Type":"inbound-rtp","Video":{"timestamp":1611073223622.679,"packetsReceived":12889,"packetsLost":0}},{"from":"Sankalp_5070585a-5c03-45fd-9d0a-94cb7b78cebb","to":"Mansi_97e254fb-2ff1-4dcc-8c36-6d051d3b7d24","Audio":{"timestamp":1611073228622.779,"packetsReceived":29185,"packetsLost":0},"Type":"inbound-rtp","Video":{"timestamp":1611073228622.779,"packetsReceived":13870,"packetsLost":0}},{"from":"Sankalp_5070585a-5c03-45fd-9d0a-94cb7b78cebb","to":"Mansi_97e254fb-2ff1-4dcc-8c36-6d051d3b7d24","Audio":{"timestamp":1611073228622.779,"packetsReceived":29185,"packetsLost":0},"Type":"inbound-rtp","Video":{"timestamp":1611073228622.779,"packetsReceived":13870,"packetsLost":0}},{"from":"Sankalp_5070585a-5c03-45fd-9d0a-94cb7b78cebb","to":"Mansi_97e254fb-2ff1-4dcc-8c36-6d051d3b7d24","Audio":{"timestamp":1611073233622.718,"packetsReceived":29435,"packetsLost":0},"Type":"inbound-rtp","Video":{"timestamp":1611073233622.718,"packetsReceived":14933,"packetsLost":0}},{"from":"Sankalp_5070585a-5c03-45fd-9d0a-94cb7b78cebb","to":"Mansi_97e254fb-2ff1-4dcc-8c36-6d051d3b7d24","Audio":{"timestamp":1611073233622.718,"packetsReceived":29435,"packetsLost":0},"Type":"inbound-rtp","Video":{"timestamp":1611073233622.718,"packetsReceived":14933,"packetsLost":0}},{"from":"Sankalp_5070585a-5c03-45fd-9d0a-94cb7b78cebb","to":"Mansi_97e254fb-2ff1-4dcc-8c36-6d051d3b7d24","Audio":{"timestamp":1611073238622.684,"packetsReceived":29685,"packetsLost":0},"Type":"inbound-rtp","Video":{"timestamp":1611073238622.684,"packetsReceived":15766,"packetsLost":0}},{"from":"Sankalp_5070585a-5c03-45fd-9d0a-94cb7b78cebb","to":"Mansi_97e254fb-2ff1-4dcc-8c36-6d051d3b7d24","Audio":{"timestamp":1611073238622.684,"packetsReceived":29685,"packetsLost":0},"Type":"inbound-rtp","Video":{"timestamp":1611073238622.684,"packetsReceived":15766,"packetsLost":0}},{"from":"Sankalp_5070585a-5c03-45fd-9d0a-94cb7b78cebb","to":"Mansi_97e254fb-2ff1-4dcc-8c36-6d051d3b7d24","Audio":{"timestamp":1611073243622.773,"packetsReceived":29935,"packetsLost":0},"Type":"inbound-rtp","Video":{"timestamp":1611073243622.773,"packetsReceived":16143,"packetsLost":0}},{"from":"Sankalp_5070585a-5c03-45fd-9d0a-94cb7b78cebb","to":"Mansi_97e254fb-2ff1-4dcc-8c36-6d051d3b7d24","Audio":{"timestamp":1611073243622.773,"packetsReceived":29935,"packetsLost":0},"Type":"inbound-rtp","Video":{"timestamp":1611073243622.773,"packetsReceived":16143,"packetsLost":0}},{"from":"Sankalp_5070585a-5c03-45fd-9d0a-94cb7b78cebb","to":"Mansi_97e254fb-2ff1-4dcc-8c36-6d051d3b7d24","Audio":{"timestamp":1611073248622.782,"packetsReceived":30185,"packetsLost":0},"Type":"inbound-rtp","Video":{"timestamp":1611073248622.782,"packetsReceived":16559,"packetsLost":0}},{"from":"Sankalp_5070585a-5c03-45fd-9d0a-94cb7b78cebb","to":"Mansi_97e254fb-2ff1-4dcc-8c36-6d051d3b7d24","Audio":{"timestamp":1611073248622.782,"packetsReceived":30185,"packetsLost":0},"Type":"inbound-rtp","Video":{"timestamp":1611073248622.782,"packetsReceived":16559,"packetsLost":0}},{"from":"Sankalp_5070585a-5c03-45fd-9d0a-94cb7b78cebb","to":"Mansi_97e254fb-2ff1-4dcc-8c36-6d051d3b7d24","Audio":{"timestamp":1611073253622.741,"packetsReceived":30435,"packetsLost":0},"Type":"inbound-rtp","Video":{"timestamp":1611073253622.741,"packetsReceived":17011,"packetsLost":0}},{"from":"Sankalp_5070585a-5c03-45fd-9d0a-94cb7b78cebb","to":"Mansi_97e254fb-2ff1-4dcc-8c36-6d051d3b7d24","Audio":{"timestamp":1611073253622.741,"packetsReceived":30435,"packetsLost":0},"Type":"inbound-rtp","Video":{"timestamp":1611073253622.741,"packetsReceived":17011,"packetsLost":0}},{"from":"Sankalp_5070585a-5c03-45fd-9d0a-94cb7b78cebb","to":"Mansi_97e254fb-2ff1-4dcc-8c36-6d051d3b7d24","Audio":{"timestamp":1611073258622.716,"packetsReceived":30685,"packetsLost":0},"Type":"inbound-rtp","Video":{"timestamp":1611073258622.716,"packetsReceived":17519,"packetsLost":0}},{"from":"Sankalp_5070585a-5c03-45fd-9d0a-94cb7b78cebb","to":"Mansi_97e254fb-2ff1-4dcc-8c36-6d051d3b7d24","Audio":{"timestamp":1611073258622.716,"packetsReceived":30685,"packetsLost":0},"Type":"inbound-rtp","Video":{"timestamp":1611073258622.716,"packetsReceived":17519,"packetsLost":0}},{"from":"Sankalp_5070585a-5c03-45fd-9d0a-94cb7b78cebb","to":"Mansi_97e254fb-2ff1-4dcc-8c36-6d051d3b7d24","Audio":{"timestamp":1611073263622.712,"packetsReceived":30935,"packetsLost":0},"Type":"inbound-rtp","Video":{"timestamp":1611073263622.712,"packetsReceived":18016,"packetsLost":0}},{"from":"Sankalp_5070585a-5c03-45fd-9d0a-94cb7b78cebb","to":"Mansi_97e254fb-2ff1-4dcc-8c36-6d051d3b7d24","Audio":{"timestamp":1611073263622.712,"packetsReceived":30935,"packetsLost":0},"Type":"inbound-rtp","Video":{"timestamp":1611073263622.712,"packetsReceived":18016,"packetsLost":0}},{"from":"Sankalp_5070585a-5c03-45fd-9d0a-94cb7b78cebb","to":"Mansi_97e254fb-2ff1-4dcc-8c36-6d051d3b7d24","Audio":{"timestamp":1611073268622.736,"packetsReceived":31183,"packetsLost":0},"Type":"inbound-rtp","Video":{"timestamp":1611073268622.736,"packetsReceived":18725,"packetsLost":0}},{"from":"Sankalp_5070585a-5c03-45fd-9d0a-94cb7b78cebb","to":"Mansi_97e254fb-2ff1-4dcc-8c36-6d051d3b7d24","Audio":{"timestamp":1611073268622.736,"packetsReceived":31183,"packetsLost":0},"Type":"inbound-rtp","Video":{"timestamp":1611073268622.736,"packetsReceived":18725,"packetsLost":0}},{"from":"Sankalp_5070585a-5c03-45fd-9d0a-94cb7b78cebb","to":"Mansi_97e254fb-2ff1-4dcc-8c36-6d051d3b7d24","Audio":{"timestamp":1611073273622.832,"packetsReceived":31435,"packetsLost":0},"Type":"inbound-rtp","Video":{"timestamp":1611073273622.832,"packetsReceived":19649,"packetsLost":0}},{"from":"Sankalp_5070585a-5c03-45fd-9d0a-94cb7b78cebb","to":"Mansi_97e254fb-2ff1-4dcc-8c36-6d051d3b7d24","Audio":{"timestamp":1611073273622.832,"packetsReceived":31435,"packetsLost":0},"Type":"inbound-rtp","Video":{"timestamp":1611073273622.832,"packetsReceived":19649,"packetsLost":0}},{"from":"Sankalp_5070585a-5c03-45fd-9d0a-94cb7b78cebb","to":"Mansi_97e254fb-2ff1-4dcc-8c36-6d051d3b7d24","Audio":{"timestamp":1611073278622.661,"packetsReceived":31686,"packetsLost":0},"Type":"inbound-rtp","Video":{"timestamp":1611073278622.661,"packetsReceived":20569,"packetsLost":0}},{"from":"Sankalp_5070585a-5c03-45fd-9d0a-94cb7b78cebb","to":"Mansi_97e254fb-2ff1-4dcc-8c36-6d051d3b7d24","Audio":{"timestamp":1611073278622.661,"packetsReceived":31686,"packetsLost":0},"Type":"inbound-rtp","Video":{"timestamp":1611073278622.661,"packetsReceived":20569,"packetsLost":0}},{"from":"Sankalp_5070585a-5c03-45fd-9d0a-94cb7b78cebb","to":"Mansi_97e254fb-2ff1-4dcc-8c36-6d051d3b7d24","Audio":{"timestamp":1611073283622.709,"packetsReceived":31935,"packetsLost":0},"Type":"inbound-rtp","Video":{"timestamp":1611073283622.709,"packetsReceived":21426,"packetsLost":0}},{"from":"Sankalp_5070585a-5c03-45fd-9d0a-94cb7b78cebb","to":"Mansi_97e254fb-2ff1-4dcc-8c36-6d051d3b7d24","Audio":{"timestamp":1611073283622.709,"packetsReceived":31935,"packetsLost":0},"Type":"inbound-rtp","Video":{"timestamp":1611073283622.709,"packetsReceived":21426,"packetsLost":0}},{"from":"Sankalp_5070585a-5c03-45fd-9d0a-94cb7b78cebb","to":"Mansi_97e254fb-2ff1-4dcc-8c36-6d051d3b7d24","Audio":{"timestamp":1611073288622.708,"packetsReceived":32185,"packetsLost":0},"Type":"inbound-rtp","Video":{"timestamp":1611073288622.708,"packetsReceived":22293,"packetsLost":0}},{"from":"Sankalp_5070585a-5c03-45fd-9d0a-94cb7b78cebb","to":"Mansi_97e254fb-2ff1-4dcc-8c36-6d051d3b7d24","Audio":{"timestamp":1611073288622.708,"packetsReceived":32185,"packetsLost":0},"Type":"inbound-rtp","Video":{"timestamp":1611073288622.708,"packetsReceived":22293,"packetsLost":0}},{"from":"Sankalp_5070585a-5c03-45fd-9d0a-94cb7b78cebb","to":"Mansi_97e254fb-2ff1-4dcc-8c36-6d051d3b7d24","Audio":{"timestamp":1611073293622.713,"packetsReceived":32435,"packetsLost":0},"Type":"inbound-rtp","Video":{"timestamp":1611073293622.713,"packetsReceived":23048,"packetsLost":0}},{"from":"Sankalp_5070585a-5c03-45fd-9d0a-94cb7b78cebb","to":"Mansi_97e254fb-2ff1-4dcc-8c36-6d051d3b7d24","Audio":{"timestamp":1611073293622.713,"packetsReceived":32435,"packetsLost":0},"Type":"inbound-rtp","Video":{"timestamp":1611073293622.713,"packetsReceived":23048,"packetsLost":0}},{"from":"Sankalp_5070585a-5c03-45fd-9d0a-94cb7b78cebb","to":"Mansi_97e254fb-2ff1-4dcc-8c36-6d051d3b7d24","Audio":{"timestamp":1611073298622.731,"packetsReceived":32685,"packetsLost":0},"Type":"inbound-rtp","Video":{"timestamp":1611073298622.731,"packetsReceived":24090,"packetsLost":0}},{"from":"Sankalp_5070585a-5c03-45fd-9d0a-94cb7b78cebb","to":"Mansi_97e254fb-2ff1-4dcc-8c36-6d051d3b7d24","Audio":{"timestamp":1611073298622.731,"packetsReceived":32685,"packetsLost":0},"Type":"inbound-rtp","Video":{"timestamp":1611073298622.731,"packetsReceived":24090,"packetsLost":0}},{"from":"Sankalp_5070585a-5c03-45fd-9d0a-94cb7b78cebb","to":"Mansi_97e254fb-2ff1-4dcc-8c36-6d051d3b7d24","Audio":{"timestamp":1611073303622.895,"packetsReceived":32935,"packetsLost":0},"Type":"inbound-rtp","Video":{"timestamp":1611073303622.895,"packetsReceived":24755,"packetsLost":0}},{"from":"Sankalp_5070585a-5c03-45fd-9d0a-94cb7b78cebb","to":"Mansi_97e254fb-2ff1-4dcc-8c36-6d051d3b7d24","Audio":{"timestamp":1611073303622.895,"packetsReceived":32935,"packetsLost":0},"Type":"inbound-rtp","Video":{"timestamp":1611073303622.895,"packetsReceived":24755,"packetsLost":0}},{"from":"Sankalp_5070585a-5c03-45fd-9d0a-94cb7b78cebb","to":"Mansi_97e254fb-2ff1-4dcc-8c36-6d051d3b7d24","Audio":{"timestamp":1611073308622.718,"packetsReceived":33185,"packetsLost":0},"Type":"inbound-rtp","Video":{"timestamp":1611073308622.718,"packetsReceived":25451,"packetsLost":0}},{"from":"Sankalp_5070585a-5c03-45fd-9d0a-94cb7b78cebb","to":"Mansi_97e254fb-2ff1-4dcc-8c36-6d051d3b7d24","Audio":{"timestamp":1611073308622.718,"packetsReceived":33185,"packetsLost":0},"Type":"inbound-rtp","Video":{"timestamp":1611073308622.718,"packetsReceived":25451,"packetsLost":0}},{"from":"Sankalp_5070585a-5c03-45fd-9d0a-94cb7b78cebb","to":"Mansi_97e254fb-2ff1-4dcc-8c36-6d051d3b7d24","Audio":{"timestamp":1611073313622.662,"packetsReceived":33435,"packetsLost":0},"Type":"inbound-rtp","Video":{"timestamp":1611073313622.662,"packetsReceived":26031,"packetsLost":0}},{"from":"Sankalp_5070585a-5c03-45fd-9d0a-94cb7b78cebb","to":"Mansi_97e254fb-2ff1-4dcc-8c36-6d051d3b7d24","Audio":{"timestamp":1611073313622.662,"packetsReceived":33435,"packetsLost":0},"Type":"inbound-rtp","Video":{"timestamp":1611073313622.662,"packetsReceived":26031,"packetsLost":0}},{"from":"Sankalp_5070585a-5c03-45fd-9d0a-94cb7b78cebb","to":"Mansi_97e254fb-2ff1-4dcc-8c36-6d051d3b7d24","Audio":{"timestamp":1611073318622.732,"packetsReceived":33685,"packetsLost":0},"Type":"inbound-rtp","Video":{"timestamp":1611073318622.732,"packetsReceived":26782,"packetsLost":0}},{"from":"Sankalp_5070585a-5c03-45fd-9d0a-94cb7b78cebb","to":"Mansi_97e254fb-2ff1-4dcc-8c36-6d051d3b7d24","Audio":{"timestamp":1611073318622.732,"packetsReceived":33685,"packetsLost":0},"Type":"inbound-rtp","Video":{"timestamp":1611073318622.732,"packetsReceived":26782,"packetsLost":0}},{"from":"Sankalp_5070585a-5c03-45fd-9d0a-94cb7b78cebb","to":"Mansi_97e254fb-2ff1-4dcc-8c36-6d051d3b7d24","Audio":{"timestamp":1611073323622.759,"packetsReceived":33935,"packetsLost":0},"Type":"inbound-rtp","Video":{"timestamp":1611073323622.759,"packetsReceived":27580,"packetsLost":0}},{"from":"Sankalp_5070585a-5c03-45fd-9d0a-94cb7b78cebb","to":"Mansi_97e254fb-2ff1-4dcc-8c36-6d051d3b7d24","Audio":{"timestamp":1611073323622.759,"packetsReceived":33935,"packetsLost":0},"Type":"inbound-rtp","Video":{"timestamp":1611073323622.759,"packetsReceived":27580,"packetsLost":0}},{"from":"Sankalp_5070585a-5c03-45fd-9d0a-94cb7b78cebb","to":"Mansi_97e254fb-2ff1-4dcc-8c36-6d051d3b7d24","Audio":{"timestamp":1611073328623.346,"packetsReceived":34185,"packetsLost":0},"Type":"inbound-rtp","Video":{"timestamp":1611073328623.346,"packetsReceived":27693,"packetsLost":0}},{"from":"Sankalp_5070585a-5c03-45fd-9d0a-94cb7b78cebb","to":"Mansi_97e254fb-2ff1-4dcc-8c36-6d051d3b7d24","Audio":{"timestamp":1611073328623.346,"packetsReceived":34185,"packetsLost":0},"Type":"inbound-rtp","Video":{"timestamp":1611073328623.346,"packetsReceived":27693,"packetsLost":0}},{"from":"Sankalp_5070585a-5c03-45fd-9d0a-94cb7b78cebb","to":"Mansi_97e254fb-2ff1-4dcc-8c36-6d051d3b7d24","Audio":{"timestamp":1611073333622.691,"packetsReceived":34435,"packetsLost":0},"Type":"inbound-rtp","Video":{"timestamp":1611073333622.691,"packetsReceived":27847,"packetsLost":0}},{"from":"Sankalp_5070585a-5c03-45fd-9d0a-94cb7b78cebb","to":"Mansi_97e254fb-2ff1-4dcc-8c36-6d051d3b7d24","Audio":{"timestamp":1611073333622.691,"packetsReceived":34435,"packetsLost":0},"Type":"inbound-rtp","Video":{"timestamp":1611073333622.691,"packetsReceived":27847,"packetsLost":0}},{"from":"Sankalp_5070585a-5c03-45fd-9d0a-94cb7b78cebb","to":"Mansi_97e254fb-2ff1-4dcc-8c36-6d051d3b7d24","Audio":{"timestamp":1611073338622.991,"packetsReceived":34685,"packetsLost":0},"Type":"inbound-rtp","Video":{"timestamp":1611073338622.991,"packetsReceived":28002,"packetsLost":0}},{"from":"Sankalp_5070585a-5c03-45fd-9d0a-94cb7b78cebb","to":"Mansi_97e254fb-2ff1-4dcc-8c36-6d051d3b7d24","Audio":{"timestamp":1611073338622.991,"packetsReceived":34685,"packetsLost":0},"Type":"inbound-rtp","Video":{"timestamp":1611073338622.991,"packetsReceived":28002,"packetsLost":0}},{"from":"Sankalp_5070585a-5c03-45fd-9d0a-94cb7b78cebb","to":"Mansi_97e254fb-2ff1-4dcc-8c36-6d051d3b7d24","Audio":{"timestamp":1611073343622.716,"packetsReceived":34935,"packetsLost":0},"Type":"inbound-rtp","Video":{"timestamp":1611073343622.716,"packetsReceived":28135,"packetsLost":0}},{"from":"Sankalp_5070585a-5c03-45fd-9d0a-94cb7b78cebb","to":"Mansi_97e254fb-2ff1-4dcc-8c36-6d051d3b7d24","Audio":{"timestamp":1611073343622.716,"packetsReceived":34935,"packetsLost":0},"Type":"inbound-rtp","Video":{"timestamp":1611073343622.716,"packetsReceived":28135,"packetsLost":0}},{"from":"Sankalp_5070585a-5c03-45fd-9d0a-94cb7b78cebb","to":"Mansi_97e254fb-2ff1-4dcc-8c36-6d051d3b7d24","Audio":{"timestamp":1611073348622.71,"packetsReceived":35185,"packetsLost":0},"Type":"inbound-rtp","Video":{"timestamp":1611073348622.71,"packetsReceived":28161,"packetsLost":0}},{"from":"Sankalp_5070585a-5c03-45fd-9d0a-94cb7b78cebb","to":"Mansi_97e254fb-2ff1-4dcc-8c36-6d051d3b7d24","Audio":{"timestamp":1611073348622.71,"packetsReceived":35185,"packetsLost":0},"Type":"inbound-rtp","Video":{"timestamp":1611073348622.71,"packetsReceived":28161,"packetsLost":0}},{"from":"Sankalp_5070585a-5c03-45fd-9d0a-94cb7b78cebb","to":"Mansi_97e254fb-2ff1-4dcc-8c36-6d051d3b7d24","Audio":{"timestamp":1611073353622.734,"packetsReceived":35435,"packetsLost":0},"Type":"inbound-rtp","Video":{"timestamp":1611073353622.734,"packetsReceived":28177,"packetsLost":0}},{"from":"Sankalp_5070585a-5c03-45fd-9d0a-94cb7b78cebb","to":"Mansi_97e254fb-2ff1-4dcc-8c36-6d051d3b7d24","Audio":{"timestamp":1611073353622.734,"packetsReceived":35435,"packetsLost":0},"Type":"inbound-rtp","Video":{"timestamp":1611073353622.734,"packetsReceived":28177,"packetsLost":0}},{"from":"Sankalp_5070585a-5c03-45fd-9d0a-94cb7b78cebb","to":"Mansi_97e254fb-2ff1-4dcc-8c36-6d051d3b7d24","Audio":{"timestamp":1611073358622.85,"packetsReceived":35685,"packetsLost":0},"Type":"inbound-rtp","Video":{"timestamp":1611073358622.85,"packetsReceived":28198,"packetsLost":0}},{"from":"Sankalp_5070585a-5c03-45fd-9d0a-94cb7b78cebb","to":"Mansi_97e254fb-2ff1-4dcc-8c36-6d051d3b7d24","Audio":{"timestamp":1611073358622.85,"packetsReceived":35685,"packetsLost":0},"Type":"inbound-rtp","Video":{"timestamp":1611073358622.85,"packetsReceived":28198,"packetsLost":0}},{"from":"Sankalp_5070585a-5c03-45fd-9d0a-94cb7b78cebb","to":"Mansi_97e254fb-2ff1-4dcc-8c36-6d051d3b7d24","Audio":{"timestamp":1611073363622.761,"packetsReceived":35935,"packetsLost":0},"Type":"inbound-rtp","Video":{"timestamp":1611073363622.761,"packetsReceived":28220,"packetsLost":0}},{"from":"Sankalp_5070585a-5c03-45fd-9d0a-94cb7b78cebb","to":"Mansi_97e254fb-2ff1-4dcc-8c36-6d051d3b7d24","Audio":{"timestamp":1611073363622.761,"packetsReceived":35935,"packetsLost":0},"Type":"inbound-rtp","Video":{"timestamp":1611073363622.761,"packetsReceived":28220,"packetsLost":0}},{"from":"Sankalp_5070585a-5c03-45fd-9d0a-94cb7b78cebb","to":"Mansi_97e254fb-2ff1-4dcc-8c36-6d051d3b7d24","Audio":{"timestamp":1611073368622.737,"packetsReceived":36185,"packetsLost":0},"Type":"inbound-rtp","Video":{"timestamp":1611073368622.737,"packetsReceived":28236,"packetsLost":0}},{"from":"Sankalp_5070585a-5c03-45fd-9d0a-94cb7b78cebb","to":"Mansi_97e254fb-2ff1-4dcc-8c36-6d051d3b7d24","Audio":{"timestamp":1611073368622.737,"packetsReceived":36185,"packetsLost":0},"Type":"inbound-rtp","Video":{"timestamp":1611073368622.737,"packetsReceived":28236,"packetsLost":0}},{"from":"Sankalp_5070585a-5c03-45fd-9d0a-94cb7b78cebb","to":"Mansi_97e254fb-2ff1-4dcc-8c36-6d051d3b7d24","Audio":{"timestamp":1611073373622.694,"packetsReceived":36435,"packetsLost":0},"Type":"inbound-rtp","Video":{"timestamp":1611073373622.694,"packetsReceived":28260,"packetsLost":0}},{"from":"Sankalp_5070585a-5c03-45fd-9d0a-94cb7b78cebb","to":"Mansi_97e254fb-2ff1-4dcc-8c36-6d051d3b7d24","Audio":{"timestamp":1611073373622.694,"packetsReceived":36435,"packetsLost":0},"Type":"inbound-rtp","Video":{"timestamp":1611073373622.694,"packetsReceived":28260,"packetsLost":0}},{"from":"Sankalp_5070585a-5c03-45fd-9d0a-94cb7b78cebb","to":"Mansi_97e254fb-2ff1-4dcc-8c36-6d051d3b7d24","Audio":{"timestamp":1611073378622.699,"packetsReceived":36685,"packetsLost":0},"Type":"inbound-rtp","Video":{"timestamp":1611073378622.699,"packetsReceived":28283,"packetsLost":0}},{"from":"Sankalp_5070585a-5c03-45fd-9d0a-94cb7b78cebb","to":"Mansi_97e254fb-2ff1-4dcc-8c36-6d051d3b7d24","Audio":{"timestamp":1611073378622.699,"packetsReceived":36685,"packetsLost":0},"Type":"inbound-rtp","Video":{"timestamp":1611073378622.699,"packetsReceived":28283,"packetsLost":0}},{"from":"Sankalp_5070585a-5c03-45fd-9d0a-94cb7b78cebb","to":"Mansi_97e254fb-2ff1-4dcc-8c36-6d051d3b7d24","Audio":{"timestamp":1611073383622.759,"packetsReceived":36935,"packetsLost":0},"Type":"inbound-rtp","Video":{"timestamp":1611073383622.759,"packetsReceived":28299,"packetsLost":0}},{"from":"Sankalp_5070585a-5c03-45fd-9d0a-94cb7b78cebb","to":"Mansi_97e254fb-2ff1-4dcc-8c36-6d051d3b7d24","Audio":{"timestamp":1611073383622.759,"packetsReceived":36935,"packetsLost":0},"Type":"inbound-rtp","Video":{"timestamp":1611073383622.759,"packetsReceived":28299,"packetsLost":0}},{"from":"Sankalp_5070585a-5c03-45fd-9d0a-94cb7b78cebb","to":"Mansi_97e254fb-2ff1-4dcc-8c36-6d051d3b7d24","Audio":{"timestamp":1611073388622.71,"packetsReceived":37185,"packetsLost":0},"Type":"inbound-rtp","Video":{"timestamp":1611073388622.71,"packetsReceived":28319,"packetsLost":0}},{"from":"Sankalp_5070585a-5c03-45fd-9d0a-94cb7b78cebb","to":"Mansi_97e254fb-2ff1-4dcc-8c36-6d051d3b7d24","Audio":{"timestamp":1611073388622.71,"packetsReceived":37185,"packetsLost":0},"Type":"inbound-rtp","Video":{"timestamp":1611073388622.71,"packetsReceived":28319,"packetsLost":0}},{"from":"Sankalp_5070585a-5c03-45fd-9d0a-94cb7b78cebb","to":"Mansi_97e254fb-2ff1-4dcc-8c36-6d051d3b7d24","Audio":{"timestamp":1611073393622.763,"packetsReceived":37435,"packetsLost":0},"Type":"inbound-rtp","Video":{"timestamp":1611073393622.763,"packetsReceived":28339,"packetsLost":0}},{"from":"Sankalp_5070585a-5c03-45fd-9d0a-94cb7b78cebb","to":"Mansi_97e254fb-2ff1-4dcc-8c36-6d051d3b7d24","Audio":{"timestamp":1611073393622.763,"packetsReceived":37435,"packetsLost":0},"Type":"inbound-rtp","Video":{"timestamp":1611073393622.763,"packetsReceived":28339,"packetsLost":0}},{"from":"Sankalp_5070585a-5c03-45fd-9d0a-94cb7b78cebb","to":"Mansi_97e254fb-2ff1-4dcc-8c36-6d051d3b7d24","Audio":{"timestamp":1611073398622.745,"packetsReceived":37685,"packetsLost":0},"Type":"inbound-rtp","Video":{"timestamp":1611073398622.745,"packetsReceived":28359,"packetsLost":0}},{"from":"Sankalp_5070585a-5c03-45fd-9d0a-94cb7b78cebb","to":"Mansi_97e254fb-2ff1-4dcc-8c36-6d051d3b7d24","Audio":{"timestamp":1611073398622.745,"packetsReceived":37685,"packetsLost":0},"Type":"inbound-rtp","Video":{"timestamp":1611073398622.745,"packetsReceived":28359,"packetsLost":0}},{"from":"Sankalp_5070585a-5c03-45fd-9d0a-94cb7b78cebb","to":"Mansi_97e254fb-2ff1-4dcc-8c36-6d051d3b7d24","Audio":{"timestamp":1611073403622.748,"packetsReceived":37935,"packetsLost":0},"Type":"inbound-rtp","Video":{"timestamp":1611073403622.748,"packetsReceived":28375,"packetsLost":0}},{"from":"Sankalp_5070585a-5c03-45fd-9d0a-94cb7b78cebb","to":"Mansi_97e254fb-2ff1-4dcc-8c36-6d051d3b7d24","Audio":{"timestamp":1611073403622.748,"packetsReceived":37935,"packetsLost":0},"Type":"inbound-rtp","Video":{"timestamp":1611073403622.748,"packetsReceived":28375,"packetsLost":0}},{"from":"Sankalp_5070585a-5c03-45fd-9d0a-94cb7b78cebb","to":"Mansi_97e254fb-2ff1-4dcc-8c36-6d051d3b7d24","Audio":{"timestamp":1611073408622.711,"packetsReceived":38185,"packetsLost":0},"Type":"inbound-rtp","Video":{"timestamp":1611073408622.711,"packetsReceived":28395,"packetsLost":0}},{"from":"Sankalp_5070585a-5c03-45fd-9d0a-94cb7b78cebb","to":"Mansi_97e254fb-2ff1-4dcc-8c36-6d051d3b7d24","Audio":{"timestamp":1611073408622.711,"packetsReceived":38185,"packetsLost":0},"Type":"inbound-rtp","Video":{"timestamp":1611073408622.711,"packetsReceived":28395,"packetsLost":0}},{"from":"Sankalp_5070585a-5c03-45fd-9d0a-94cb7b78cebb","to":"Mansi_97e254fb-2ff1-4dcc-8c36-6d051d3b7d24","Audio":{"timestamp":1611073413622.99,"packetsReceived":38435,"packetsLost":0},"Type":"inbound-rtp","Video":{"timestamp":1611073413622.99,"packetsReceived":28415,"packetsLost":0}},{"from":"Sankalp_5070585a-5c03-45fd-9d0a-94cb7b78cebb","to":"Mansi_97e254fb-2ff1-4dcc-8c36-6d051d3b7d24","Audio":{"timestamp":1611073413622.99,"packetsReceived":38435,"packetsLost":0},"Type":"inbound-rtp","Video":{"timestamp":1611073413622.99,"packetsReceived":28415,"packetsLost":0}},{"from":"Sankalp_5070585a-5c03-45fd-9d0a-94cb7b78cebb","to":"Mansi_97e254fb-2ff1-4dcc-8c36-6d051d3b7d24","Audio":{"timestamp":1611073418622.746,"packetsReceived":38685,"packetsLost":0},"Type":"inbound-rtp","Video":{"timestamp":1611073418622.746,"packetsReceived":28431,"packetsLost":0}},{"from":"Sankalp_5070585a-5c03-45fd-9d0a-94cb7b78cebb","to":"Mansi_97e254fb-2ff1-4dcc-8c36-6d051d3b7d24","Audio":{"timestamp":1611073418622.746,"packetsReceived":38685,"packetsLost":0},"Type":"inbound-rtp","Video":{"timestamp":1611073418622.746,"packetsReceived":28431,"packetsLost":0}}]}