[{"timestamp":1611072644049,"log":{"from":"server","to":"Mansi_97e254fb-2ff1-4dcc-8c36-6d051d3b7d24","context":"PARENT","data":"{\"peer\":\"Sankalp_5070585a-5c03-45fd-9d0a-94cb7b78cebb\"}"}},{"timestamp":1611072644049,"log":"Parent : Sankalp_5070585a-5c03-45fd-9d0a-94cb7b78cebb"},{"timestamp":1611072644550,"log":{"from":"Sankalp_5070585a-5c03-45fd-9d0a-94cb7b78cebb","to":"Mansi_97e254fb-2ff1-4dcc-8c36-6d051d3b7d24","context":"CONNECT_ACK","data":"{\"roomID\":\"123456\"}"}},{"timestamp":1611072644550,"log":"Connection ACK from parent : Sankalp_5070585a-5c03-45fd-9d0a-94cb7b78cebb"},{"timestamp":1611072644563,"log":"received sdp from peer : Sankalp_5070585a-5c03-45fd-9d0a-94cb7b78cebb"},{"timestamp":1611072644571,"log":"remote stream received"},{"timestamp":1611072644571,"log":{}},{"timestamp":1611072644572,"log":"remote stream received"},{"timestamp":1611072644572,"log":{}},{"timestamp":1611072644572,"log":"received ice from peer : Sankalp_5070585a-5c03-45fd-9d0a-94cb7b78cebb"},{"timestamp":1611072644578,"log":"created description for peer : Sankalp_5070585a-5c03-45fd-9d0a-94cb7b78cebb"},{"timestamp":1611072644580,"log":"received ice from peer : Sankalp_5070585a-5c03-45fd-9d0a-94cb7b78cebb"},{"timestamp":1611072644583,"log":"ice: Mansi_97e254fb-2ff1-4dcc-8c36-6d051d3b7d24 to Sankalp_5070585a-5c03-45fd-9d0a-94cb7b78cebb"},{"timestamp":1611072644602,"log":"received ice from peer : Sankalp_5070585a-5c03-45fd-9d0a-94cb7b78cebb"},{"timestamp":1611072644602,"log":"connection with peer Sankalp_5070585a-5c03-45fd-9d0a-94cb7b78cebb checking"},{"timestamp":1611072644609,"log":"received ice from peer : Sankalp_5070585a-5c03-45fd-9d0a-94cb7b78cebb"},{"timestamp":1611072644615,"log":"ice: Mansi_97e254fb-2ff1-4dcc-8c36-6d051d3b7d24 to Sankalp_5070585a-5c03-45fd-9d0a-94cb7b78cebb"},{"timestamp":1611072644894,"log":"ice: Mansi_97e254fb-2ff1-4dcc-8c36-6d051d3b7d24 to Sankalp_5070585a-5c03-45fd-9d0a-94cb7b78cebb"},{"timestamp":1611072644894,"log":"connection with peer Sankalp_5070585a-5c03-45fd-9d0a-94cb7b78cebb connected"}]