[{"timestamp":1611070540622,"log":{"from":"server","to":"Basant_f09669e7-12fa-4cf2-b0d6-d5ff04e02848","context":"PARENT","data":"{\"peer\":\"Raghvendra_e02e1519-673c-4235-86a6-35d7418746ca\"}"}},{"timestamp":1611070540622,"log":"Parent : Raghvendra_e02e1519-673c-4235-86a6-35d7418746ca"},{"timestamp":1611070541126,"log":{"from":"Raghvendra_e02e1519-673c-4235-86a6-35d7418746ca","to":"Basant_f09669e7-12fa-4cf2-b0d6-d5ff04e02848","context":"CONNECT_ACK","data":"{\"roomID\":\"123456\"}"}},{"timestamp":1611070541126,"log":"Connection ACK from parent : Raghvendra_e02e1519-673c-4235-86a6-35d7418746ca"},{"timestamp":1611070541140,"log":"received sdp from peer : Raghvendra_e02e1519-673c-4235-86a6-35d7418746ca"},{"timestamp":1611070541142,"log":"received ice from peer : Raghvendra_e02e1519-673c-4235-86a6-35d7418746ca"},{"timestamp":1611070541144,"log":"received ice from peer : Raghvendra_e02e1519-673c-4235-86a6-35d7418746ca"},{"timestamp":1611070541145,"log":"remote stream received"},{"timestamp":1611070541145,"log":{}},{"timestamp":1611070541145,"log":"remote stream received"},{"timestamp":1611070541146,"log":{}},{"timestamp":1611070541150,"log":"created description for peer : Raghvendra_e02e1519-673c-4235-86a6-35d7418746ca"},{"timestamp":1611070541163,"log":"connection with peer Raghvendra_e02e1519-673c-4235-86a6-35d7418746ca checking"},{"timestamp":1611070541164,"log":"ice: Basant_f09669e7-12fa-4cf2-b0d6-d5ff04e02848 to Raghvendra_e02e1519-673c-4235-86a6-35d7418746ca"},{"timestamp":1611070541164,"log":"connection with peer Raghvendra_e02e1519-673c-4235-86a6-35d7418746ca connected"},{"timestamp":1611070541165,"log":"ice: Basant_f09669e7-12fa-4cf2-b0d6-d5ff04e02848 to Raghvendra_e02e1519-673c-4235-86a6-35d7418746ca"},{"timestamp":1611070541380,"log":"received ice from peer : Raghvendra_e02e1519-673c-4235-86a6-35d7418746ca"},{"timestamp":1611070541381,"log":"received ice from peer : Raghvendra_e02e1519-673c-4235-86a6-35d7418746ca"}]