{"Shivam_d3c79d6a-f882-41f2-a578-970ee49ff3dd":[{"from":"Shivam_d3c79d6a-f882-41f2-a578-970ee49ff3dd","to":"Nidhi_436e3ee1-0d20-40c2-8f65-b84816149663","Audio":{"timestamp":1611072790848,"packetsReceived":149,"packetsLost":0},"Type":"inbound-rtp","Video":{"timestamp":1611072790848,"packetsReceived":0,"packetsLost":0}},{"from":"Shivam_d3c79d6a-f882-41f2-a578-970ee49ff3dd","to":"Nidhi_436e3ee1-0d20-40c2-8f65-b84816149663","Audio":{"timestamp":1611072790848,"packetsReceived":149,"packetsLost":0},"Type":"inbound-rtp","Video":{"timestamp":1611072790848,"packetsReceived":0,"packetsLost":0}},{"from":"Shivam_d3c79d6a-f882-41f2-a578-970ee49ff3dd","to":"Nidhi_436e3ee1-0d20-40c2-8f65-b84816149663","Audio":{"timestamp":1611072796001,"packetsReceived":407,"packetsLost":0},"Type":"inbound-rtp","Video":{"timestamp":1611072796001,"packetsReceived":26,"packetsLost":0}},{"from":"Shivam_d3c79d6a-f882-41f2-a578-970ee49ff3dd","to":"Nidhi_436e3ee1-0d20-40c2-8f65-b84816149663","Audio":{"timestamp":1611072796001,"packetsReceived":407,"packetsLost":0},"Type":"inbound-rtp","Video":{"timestamp":1611072796001,"packetsReceived":26,"packetsLost":0}},{"from":"Shivam_d3c79d6a-f882-41f2-a578-970ee49ff3dd","to":"Nidhi_436e3ee1-0d20-40c2-8f65-b84816149663","Audio":{"timestamp":1611072801001,"packetsReceived":657,"packetsLost":0},"Type":"inbound-rtp","Video":{"timestamp":1611072801001,"packetsReceived":30,"packetsLost":0}},{"from":"Shivam_d3c79d6a-f882-41f2-a578-970ee49ff3dd","to":"Nidhi_436e3ee1-0d20-40c2-8f65-b84816149663","Audio":{"timestamp":1611072801001,"packetsReceived":657,"packetsLost":0},"Type":"inbound-rtp","Video":{"timestamp":1611072801001,"packetsReceived":30,"packetsLost":0}},{"from":"Shivam_d3c79d6a-f882-41f2-a578-970ee49ff3dd","to":"Nidhi_436e3ee1-0d20-40c2-8f65-b84816149663","Audio":{"timestamp":1611072806001,"packetsReceived":907,"packetsLost":0},"Type":"inbound-rtp","Video":{"timestamp":1611072806001,"packetsReceived":35,"packetsLost":0}},{"from":"Shivam_d3c79d6a-f882-41f2-a578-970ee49ff3dd","to":"Nidhi_436e3ee1-0d20-40c2-8f65-b84816149663","Audio":{"timestamp":1611072806001,"packetsReceived":907,"packetsLost":0},"Type":"inbound-rtp","Video":{"timestamp":1611072806001,"packetsReceived":35,"packetsLost":0}},{"from":"Shivam_d3c79d6a-f882-41f2-a578-970ee49ff3dd","to":"Nidhi_436e3ee1-0d20-40c2-8f65-b84816149663","Audio":{"timestamp":1611072811002,"packetsReceived":1157,"packetsLost":0},"Type":"inbound-rtp","Video":{"timestamp":1611072811002,"packetsReceived":40,"packetsLost":0}},{"from":"Shivam_d3c79d6a-f882-41f2-a578-970ee49ff3dd","to":"Nidhi_436e3ee1-0d20-40c2-8f65-b84816149663","Audio":{"timestamp":1611072811002,"packetsReceived":1157,"packetsLost":0},"Type":"inbound-rtp","Video":{"timestamp":1611072811002,"packetsReceived":40,"packetsLost":0}},{"from":"Shivam_d3c79d6a-f882-41f2-a578-970ee49ff3dd","to":"Nidhi_436e3ee1-0d20-40c2-8f65-b84816149663","Audio":{"timestamp":1611072816002,"packetsReceived":1407,"packetsLost":0},"Type":"inbound-rtp","Video":{"timestamp":1611072816002,"packetsReceived":44,"packetsLost":0}},{"from":"Shivam_d3c79d6a-f882-41f2-a578-970ee49ff3dd","to":"Nidhi_436e3ee1-0d20-40c2-8f65-b84816149663","Audio":{"timestamp":1611072816002,"packetsReceived":1407,"packetsLost":0},"Type":"inbound-rtp","Video":{"timestamp":1611072816002,"packetsReceived":44,"packetsLost":0}},{"from":"Shivam_d3c79d6a-f882-41f2-a578-970ee49ff3dd","to":"Nidhi_436e3ee1-0d20-40c2-8f65-b84816149663","Audio":{"timestamp":1611072821001,"packetsReceived":1657,"packetsLost":0},"Type":"inbound-rtp","Video":{"timestamp":1611072821001,"packetsReceived":49,"packetsLost":0}},{"from":"Shivam_d3c79d6a-f882-41f2-a578-970ee49ff3dd","to":"Nidhi_436e3ee1-0d20-40c2-8f65-b84816149663","Audio":{"timestamp":1611072821001,"packetsReceived":1657,"packetsLost":0},"Type":"inbound-rtp","Video":{"timestamp":1611072821001,"packetsReceived":49,"packetsLost":0}},{"from":"Shivam_d3c79d6a-f882-41f2-a578-970ee49ff3dd","to":"Nidhi_436e3ee1-0d20-40c2-8f65-b84816149663","Audio":{"timestamp":1611072826002,"packetsReceived":1907,"packetsLost":0},"Type":"inbound-rtp","Video":{"timestamp":1611072826002,"packetsReceived":54,"packetsLost":0}},{"from":"Shivam_d3c79d6a-f882-41f2-a578-970ee49ff3dd","to":"Nidhi_436e3ee1-0d20-40c2-8f65-b84816149663","Audio":{"timestamp":1611072826002,"packetsReceived":1907,"packetsLost":0},"Type":"inbound-rtp","Video":{"timestamp":1611072826002,"packetsReceived":54,"packetsLost":0}},{"from":"Shivam_d3c79d6a-f882-41f2-a578-970ee49ff3dd","to":"Nidhi_436e3ee1-0d20-40c2-8f65-b84816149663","Audio":{"timestamp":1611072831002,"packetsReceived":2157,"packetsLost":0},"Type":"inbound-rtp","Video":{"timestamp":1611072831002,"packetsReceived":58,"packetsLost":0}},{"from":"Shivam_d3c79d6a-f882-41f2-a578-970ee49ff3dd","to":"Nidhi_436e3ee1-0d20-40c2-8f65-b84816149663","Audio":{"timestamp":1611072831002,"packetsReceived":2157,"packetsLost":0},"Type":"inbound-rtp","Video":{"timestamp":1611072831002,"packetsReceived":58,"packetsLost":0}},{"from":"Shivam_d3c79d6a-f882-41f2-a578-970ee49ff3dd","to":"Nidhi_436e3ee1-0d20-40c2-8f65-b84816149663","Audio":{"timestamp":1611072836002,"packetsReceived":2407,"packetsLost":0},"Type":"inbound-rtp","Video":{"timestamp":1611072836002,"packetsReceived":63,"packetsLost":0}},{"from":"Shivam_d3c79d6a-f882-41f2-a578-970ee49ff3dd","to":"Nidhi_436e3ee1-0d20-40c2-8f65-b84816149663","Audio":{"timestamp":1611072836002,"packetsReceived":2407,"packetsLost":0},"Type":"inbound-rtp","Video":{"timestamp":1611072836002,"packetsReceived":63,"packetsLost":0}},{"from":"Shivam_d3c79d6a-f882-41f2-a578-970ee49ff3dd","to":"Nidhi_436e3ee1-0d20-40c2-8f65-b84816149663","Audio":{"timestamp":1611072841002,"packetsReceived":2657,"packetsLost":0},"Type":"inbound-rtp","Video":{"timestamp":1611072841002,"packetsReceived":68,"packetsLost":0}},{"from":"Shivam_d3c79d6a-f882-41f2-a578-970ee49ff3dd","to":"Nidhi_436e3ee1-0d20-40c2-8f65-b84816149663","Audio":{"timestamp":1611072841002,"packetsReceived":2657,"packetsLost":0},"Type":"inbound-rtp","Video":{"timestamp":1611072841002,"packetsReceived":68,"packetsLost":0}},{"from":"Shivam_d3c79d6a-f882-41f2-a578-970ee49ff3dd","to":"Nidhi_436e3ee1-0d20-40c2-8f65-b84816149663","Audio":{"timestamp":1611072846003,"packetsReceived":2907,"packetsLost":0},"Type":"inbound-rtp","Video":{"timestamp":1611072846003,"packetsReceived":72,"packetsLost":0}},{"from":"Shivam_d3c79d6a-f882-41f2-a578-970ee49ff3dd","to":"Nidhi_436e3ee1-0d20-40c2-8f65-b84816149663","Audio":{"timestamp":1611072846003,"packetsReceived":2907,"packetsLost":0},"Type":"inbound-rtp","Video":{"timestamp":1611072846003,"packetsReceived":72,"packetsLost":0}},{"from":"Shivam_d3c79d6a-f882-41f2-a578-970ee49ff3dd","to":"Nidhi_436e3ee1-0d20-40c2-8f65-b84816149663","Audio":{"timestamp":1611072851002,"packetsReceived":3157,"packetsLost":0},"Type":"inbound-rtp","Video":{"timestamp":1611072851002,"packetsReceived":77,"packetsLost":0}},{"from":"Shivam_d3c79d6a-f882-41f2-a578-970ee49ff3dd","to":"Nidhi_436e3ee1-0d20-40c2-8f65-b84816149663","Audio":{"timestamp":1611072851002,"packetsReceived":3157,"packetsLost":0},"Type":"inbound-rtp","Video":{"timestamp":1611072851002,"packetsReceived":77,"packetsLost":0}},{"from":"Shivam_d3c79d6a-f882-41f2-a578-970ee49ff3dd","to":"Nidhi_436e3ee1-0d20-40c2-8f65-b84816149663","Audio":{"timestamp":1611072856002,"packetsReceived":3407,"packetsLost":0},"Type":"inbound-rtp","Video":{"timestamp":1611072856002,"packetsReceived":82,"packetsLost":0}},{"from":"Shivam_d3c79d6a-f882-41f2-a578-970ee49ff3dd","to":"Nidhi_436e3ee1-0d20-40c2-8f65-b84816149663","Audio":{"timestamp":1611072856002,"packetsReceived":3407,"packetsLost":0},"Type":"inbound-rtp","Video":{"timestamp":1611072856002,"packetsReceived":82,"packetsLost":0}},{"from":"Shivam_d3c79d6a-f882-41f2-a578-970ee49ff3dd","to":"Nidhi_436e3ee1-0d20-40c2-8f65-b84816149663","Audio":{"timestamp":1611072861003,"packetsReceived":3657,"packetsLost":0},"Type":"inbound-rtp","Video":{"timestamp":1611072861003,"packetsReceived":126,"packetsLost":0}},{"from":"Shivam_d3c79d6a-f882-41f2-a578-970ee49ff3dd","to":"Nidhi_436e3ee1-0d20-40c2-8f65-b84816149663","Audio":{"timestamp":1611072861003,"packetsReceived":3657,"packetsLost":0},"Type":"inbound-rtp","Video":{"timestamp":1611072861003,"packetsReceived":126,"packetsLost":0}},{"from":"Shivam_d3c79d6a-f882-41f2-a578-970ee49ff3dd","to":"Nidhi_436e3ee1-0d20-40c2-8f65-b84816149663","Audio":{"timestamp":1611072866003,"packetsReceived":3907,"packetsLost":0},"Type":"inbound-rtp","Video":{"timestamp":1611072866003,"packetsReceived":131,"packetsLost":0}},{"from":"Shivam_d3c79d6a-f882-41f2-a578-970ee49ff3dd","to":"Nidhi_436e3ee1-0d20-40c2-8f65-b84816149663","Audio":{"timestamp":1611072866003,"packetsReceived":3907,"packetsLost":0},"Type":"inbound-rtp","Video":{"timestamp":1611072866003,"packetsReceived":131,"packetsLost":0}},{"from":"Shivam_d3c79d6a-f882-41f2-a578-970ee49ff3dd","to":"Nidhi_436e3ee1-0d20-40c2-8f65-b84816149663","Audio":{"timestamp":1611072871003,"packetsReceived":4157,"packetsLost":0},"Type":"inbound-rtp","Video":{"timestamp":1611072871003,"packetsReceived":136,"packetsLost":0}},{"from":"Shivam_d3c79d6a-f882-41f2-a578-970ee49ff3dd","to":"Nidhi_436e3ee1-0d20-40c2-8f65-b84816149663","Audio":{"timestamp":1611072871003,"packetsReceived":4157,"packetsLost":0},"Type":"inbound-rtp","Video":{"timestamp":1611072871003,"packetsReceived":136,"packetsLost":0}},{"from":"Shivam_d3c79d6a-f882-41f2-a578-970ee49ff3dd","to":"Nidhi_436e3ee1-0d20-40c2-8f65-b84816149663","Audio":{"timestamp":1611072876003,"packetsReceived":4407,"packetsLost":0},"Type":"inbound-rtp","Video":{"timestamp":1611072876003,"packetsReceived":140,"packetsLost":0}},{"from":"Shivam_d3c79d6a-f882-41f2-a578-970ee49ff3dd","to":"Nidhi_436e3ee1-0d20-40c2-8f65-b84816149663","Audio":{"timestamp":1611072876003,"packetsReceived":4407,"packetsLost":0},"Type":"inbound-rtp","Video":{"timestamp":1611072876003,"packetsReceived":140,"packetsLost":0}},{"from":"Shivam_d3c79d6a-f882-41f2-a578-970ee49ff3dd","to":"Nidhi_436e3ee1-0d20-40c2-8f65-b84816149663","Audio":{"timestamp":1611072881004,"packetsReceived":4657,"packetsLost":0},"Type":"inbound-rtp","Video":{"timestamp":1611072881004,"packetsReceived":145,"packetsLost":0}},{"from":"Shivam_d3c79d6a-f882-41f2-a578-970ee49ff3dd","to":"Nidhi_436e3ee1-0d20-40c2-8f65-b84816149663","Audio":{"timestamp":1611072881004,"packetsReceived":4657,"packetsLost":0},"Type":"inbound-rtp","Video":{"timestamp":1611072881004,"packetsReceived":145,"packetsLost":0}},{"from":"Shivam_d3c79d6a-f882-41f2-a578-970ee49ff3dd","to":"Nidhi_436e3ee1-0d20-40c2-8f65-b84816149663","Audio":{"timestamp":1611072886003,"packetsReceived":4907,"packetsLost":0},"Type":"inbound-rtp","Video":{"timestamp":1611072886003,"packetsReceived":150,"packetsLost":0}},{"from":"Shivam_d3c79d6a-f882-41f2-a578-970ee49ff3dd","to":"Nidhi_436e3ee1-0d20-40c2-8f65-b84816149663","Audio":{"timestamp":1611072886003,"packetsReceived":4907,"packetsLost":0},"Type":"inbound-rtp","Video":{"timestamp":1611072886003,"packetsReceived":150,"packetsLost":0}},{"from":"Shivam_d3c79d6a-f882-41f2-a578-970ee49ff3dd","to":"Nidhi_436e3ee1-0d20-40c2-8f65-b84816149663","Audio":{"timestamp":1611072891009,"packetsReceived":5157,"packetsLost":0},"Type":"inbound-rtp","Video":{"timestamp":1611072891009,"packetsReceived":154,"packetsLost":0}},{"from":"Shivam_d3c79d6a-f882-41f2-a578-970ee49ff3dd","to":"Nidhi_436e3ee1-0d20-40c2-8f65-b84816149663","Audio":{"timestamp":1611072891009,"packetsReceived":5157,"packetsLost":0},"Type":"inbound-rtp","Video":{"timestamp":1611072891009,"packetsReceived":154,"packetsLost":0}},{"from":"Shivam_d3c79d6a-f882-41f2-a578-970ee49ff3dd","to":"Nidhi_436e3ee1-0d20-40c2-8f65-b84816149663","Audio":{"timestamp":1611072896004,"packetsReceived":5407,"packetsLost":0},"Type":"inbound-rtp","Video":{"timestamp":1611072896004,"packetsReceived":159,"packetsLost":0}},{"from":"Shivam_d3c79d6a-f882-41f2-a578-970ee49ff3dd","to":"Nidhi_436e3ee1-0d20-40c2-8f65-b84816149663","Audio":{"timestamp":1611072896004,"packetsReceived":5407,"packetsLost":0},"Type":"inbound-rtp","Video":{"timestamp":1611072896004,"packetsReceived":159,"packetsLost":0}},{"from":"Shivam_d3c79d6a-f882-41f2-a578-970ee49ff3dd","to":"Nidhi_436e3ee1-0d20-40c2-8f65-b84816149663","Audio":{"timestamp":1611072901004,"packetsReceived":5657,"packetsLost":0},"Type":"inbound-rtp","Video":{"timestamp":1611072901004,"packetsReceived":164,"packetsLost":0}},{"from":"Shivam_d3c79d6a-f882-41f2-a578-970ee49ff3dd","to":"Nidhi_436e3ee1-0d20-40c2-8f65-b84816149663","Audio":{"timestamp":1611072901004,"packetsReceived":5657,"packetsLost":0},"Type":"inbound-rtp","Video":{"timestamp":1611072901004,"packetsReceived":164,"packetsLost":0}},{"from":"Shivam_d3c79d6a-f882-41f2-a578-970ee49ff3dd","to":"Nidhi_436e3ee1-0d20-40c2-8f65-b84816149663","Audio":{"timestamp":1611072906004,"packetsReceived":5907,"packetsLost":0},"Type":"inbound-rtp","Video":{"timestamp":1611072906004,"packetsReceived":169,"packetsLost":0}},{"from":"Shivam_d3c79d6a-f882-41f2-a578-970ee49ff3dd","to":"Nidhi_436e3ee1-0d20-40c2-8f65-b84816149663","Audio":{"timestamp":1611072906004,"packetsReceived":5907,"packetsLost":0},"Type":"inbound-rtp","Video":{"timestamp":1611072906004,"packetsReceived":169,"packetsLost":0}},{"from":"Shivam_d3c79d6a-f882-41f2-a578-970ee49ff3dd","to":"Nidhi_436e3ee1-0d20-40c2-8f65-b84816149663","Audio":{"timestamp":1611072911004,"packetsReceived":6157,"packetsLost":0},"Type":"inbound-rtp","Video":{"timestamp":1611072911004,"packetsReceived":173,"packetsLost":0}},{"from":"Shivam_d3c79d6a-f882-41f2-a578-970ee49ff3dd","to":"Nidhi_436e3ee1-0d20-40c2-8f65-b84816149663","Audio":{"timestamp":1611072911004,"packetsReceived":6157,"packetsLost":0},"Type":"inbound-rtp","Video":{"timestamp":1611072911004,"packetsReceived":173,"packetsLost":0}},{"from":"Shivam_d3c79d6a-f882-41f2-a578-970ee49ff3dd","to":"Nidhi_436e3ee1-0d20-40c2-8f65-b84816149663","Audio":{"timestamp":1611072916005,"packetsReceived":6407,"packetsLost":0},"Type":"inbound-rtp","Video":{"timestamp":1611072916005,"packetsReceived":207,"packetsLost":0}},{"from":"Shivam_d3c79d6a-f882-41f2-a578-970ee49ff3dd","to":"Nidhi_436e3ee1-0d20-40c2-8f65-b84816149663","Audio":{"timestamp":1611072916005,"packetsReceived":6407,"packetsLost":0},"Type":"inbound-rtp","Video":{"timestamp":1611072916005,"packetsReceived":207,"packetsLost":0}},{"from":"Shivam_d3c79d6a-f882-41f2-a578-970ee49ff3dd","to":"Nidhi_436e3ee1-0d20-40c2-8f65-b84816149663","Audio":{"timestamp":1611072921004,"packetsReceived":6657,"packetsLost":0},"Type":"inbound-rtp","Video":{"timestamp":1611072921004,"packetsReceived":232,"packetsLost":0}},{"from":"Shivam_d3c79d6a-f882-41f2-a578-970ee49ff3dd","to":"Nidhi_436e3ee1-0d20-40c2-8f65-b84816149663","Audio":{"timestamp":1611072921004,"packetsReceived":6657,"packetsLost":0},"Type":"inbound-rtp","Video":{"timestamp":1611072921004,"packetsReceived":232,"packetsLost":0}},{"from":"Shivam_d3c79d6a-f882-41f2-a578-970ee49ff3dd","to":"Nidhi_436e3ee1-0d20-40c2-8f65-b84816149663","Audio":{"timestamp":1611072926004,"packetsReceived":6907,"packetsLost":0},"Type":"inbound-rtp","Video":{"timestamp":1611072926004,"packetsReceived":276,"packetsLost":0}},{"from":"Shivam_d3c79d6a-f882-41f2-a578-970ee49ff3dd","to":"Nidhi_436e3ee1-0d20-40c2-8f65-b84816149663","Audio":{"timestamp":1611072926004,"packetsReceived":6907,"packetsLost":0},"Type":"inbound-rtp","Video":{"timestamp":1611072926004,"packetsReceived":276,"packetsLost":0}},{"from":"Shivam_d3c79d6a-f882-41f2-a578-970ee49ff3dd","to":"Nidhi_436e3ee1-0d20-40c2-8f65-b84816149663","Audio":{"timestamp":1611072931005,"packetsReceived":7157,"packetsLost":0},"Type":"inbound-rtp","Video":{"timestamp":1611072931005,"packetsReceived":281,"packetsLost":0}},{"from":"Shivam_d3c79d6a-f882-41f2-a578-970ee49ff3dd","to":"Nidhi_436e3ee1-0d20-40c2-8f65-b84816149663","Audio":{"timestamp":1611072931005,"packetsReceived":7157,"packetsLost":0},"Type":"inbound-rtp","Video":{"timestamp":1611072931005,"packetsReceived":281,"packetsLost":0}},{"from":"Shivam_d3c79d6a-f882-41f2-a578-970ee49ff3dd","to":"Nidhi_436e3ee1-0d20-40c2-8f65-b84816149663","Audio":{"timestamp":1611072936005,"packetsReceived":7407,"packetsLost":0},"Type":"inbound-rtp","Video":{"timestamp":1611072936005,"packetsReceived":286,"packetsLost":0}},{"from":"Shivam_d3c79d6a-f882-41f2-a578-970ee49ff3dd","to":"Nidhi_436e3ee1-0d20-40c2-8f65-b84816149663","Audio":{"timestamp":1611072936005,"packetsReceived":7407,"packetsLost":0},"Type":"inbound-rtp","Video":{"timestamp":1611072936005,"packetsReceived":286,"packetsLost":0}},{"from":"Shivam_d3c79d6a-f882-41f2-a578-970ee49ff3dd","to":"Nidhi_436e3ee1-0d20-40c2-8f65-b84816149663","Audio":{"timestamp":1611072941005,"packetsReceived":7657,"packetsLost":0},"Type":"inbound-rtp","Video":{"timestamp":1611072941005,"packetsReceived":290,"packetsLost":0}},{"from":"Shivam_d3c79d6a-f882-41f2-a578-970ee49ff3dd","to":"Nidhi_436e3ee1-0d20-40c2-8f65-b84816149663","Audio":{"timestamp":1611072941005,"packetsReceived":7657,"packetsLost":0},"Type":"inbound-rtp","Video":{"timestamp":1611072941005,"packetsReceived":290,"packetsLost":0}},{"from":"Shivam_d3c79d6a-f882-41f2-a578-970ee49ff3dd","to":"Nidhi_436e3ee1-0d20-40c2-8f65-b84816149663","Audio":{"timestamp":1611072946005,"packetsReceived":7907,"packetsLost":0},"Type":"inbound-rtp","Video":{"timestamp":1611072946005,"packetsReceived":295,"packetsLost":0}},{"from":"Shivam_d3c79d6a-f882-41f2-a578-970ee49ff3dd","to":"Nidhi_436e3ee1-0d20-40c2-8f65-b84816149663","Audio":{"timestamp":1611072946005,"packetsReceived":7907,"packetsLost":0},"Type":"inbound-rtp","Video":{"timestamp":1611072946005,"packetsReceived":295,"packetsLost":0}},{"from":"Shivam_d3c79d6a-f882-41f2-a578-970ee49ff3dd","to":"Nidhi_436e3ee1-0d20-40c2-8f65-b84816149663","Audio":{"timestamp":1611072951005,"packetsReceived":8157,"packetsLost":0},"Type":"inbound-rtp","Video":{"timestamp":1611072951005,"packetsReceived":300,"packetsLost":0}},{"from":"Shivam_d3c79d6a-f882-41f2-a578-970ee49ff3dd","to":"Nidhi_436e3ee1-0d20-40c2-8f65-b84816149663","Audio":{"timestamp":1611072951005,"packetsReceived":8157,"packetsLost":0},"Type":"inbound-rtp","Video":{"timestamp":1611072951005,"packetsReceived":300,"packetsLost":0}},{"from":"Shivam_d3c79d6a-f882-41f2-a578-970ee49ff3dd","to":"Nidhi_436e3ee1-0d20-40c2-8f65-b84816149663","Audio":{"timestamp":1611072956005,"packetsReceived":8407,"packetsLost":0},"Type":"inbound-rtp","Video":{"timestamp":1611072956005,"packetsReceived":304,"packetsLost":0}},{"from":"Shivam_d3c79d6a-f882-41f2-a578-970ee49ff3dd","to":"Nidhi_436e3ee1-0d20-40c2-8f65-b84816149663","Audio":{"timestamp":1611072956005,"packetsReceived":8407,"packetsLost":0},"Type":"inbound-rtp","Video":{"timestamp":1611072956005,"packetsReceived":304,"packetsLost":0}},{"from":"Shivam_d3c79d6a-f882-41f2-a578-970ee49ff3dd","to":"Nidhi_436e3ee1-0d20-40c2-8f65-b84816149663","Audio":{"timestamp":1611072961005,"packetsReceived":8657,"packetsLost":0},"Type":"inbound-rtp","Video":{"timestamp":1611072961005,"packetsReceived":310,"packetsLost":0}},{"from":"Shivam_d3c79d6a-f882-41f2-a578-970ee49ff3dd","to":"Nidhi_436e3ee1-0d20-40c2-8f65-b84816149663","Audio":{"timestamp":1611072961005,"packetsReceived":8657,"packetsLost":0},"Type":"inbound-rtp","Video":{"timestamp":1611072961005,"packetsReceived":310,"packetsLost":0}},{"from":"Shivam_d3c79d6a-f882-41f2-a578-970ee49ff3dd","to":"Nidhi_436e3ee1-0d20-40c2-8f65-b84816149663","Audio":{"timestamp":1611072966006,"packetsReceived":8907,"packetsLost":0},"Type":"inbound-rtp","Video":{"timestamp":1611072966006,"packetsReceived":315,"packetsLost":0}},{"from":"Shivam_d3c79d6a-f882-41f2-a578-970ee49ff3dd","to":"Nidhi_436e3ee1-0d20-40c2-8f65-b84816149663","Audio":{"timestamp":1611072966006,"packetsReceived":8907,"packetsLost":0},"Type":"inbound-rtp","Video":{"timestamp":1611072966006,"packetsReceived":315,"packetsLost":0}},{"from":"Shivam_d3c79d6a-f882-41f2-a578-970ee49ff3dd","to":"Nidhi_436e3ee1-0d20-40c2-8f65-b84816149663","Audio":{"timestamp":1611072971006,"packetsReceived":9157,"packetsLost":0},"Type":"inbound-rtp","Video":{"timestamp":1611072971006,"packetsReceived":319,"packetsLost":0}},{"from":"Shivam_d3c79d6a-f882-41f2-a578-970ee49ff3dd","to":"Nidhi_436e3ee1-0d20-40c2-8f65-b84816149663","Audio":{"timestamp":1611072971006,"packetsReceived":9157,"packetsLost":0},"Type":"inbound-rtp","Video":{"timestamp":1611072971006,"packetsReceived":319,"packetsLost":0}},{"from":"Shivam_d3c79d6a-f882-41f2-a578-970ee49ff3dd","to":"Nidhi_436e3ee1-0d20-40c2-8f65-b84816149663","Audio":{"timestamp":1611072976006,"packetsReceived":9407,"packetsLost":0},"Type":"inbound-rtp","Video":{"timestamp":1611072976006,"packetsReceived":324,"packetsLost":0}},{"from":"Shivam_d3c79d6a-f882-41f2-a578-970ee49ff3dd","to":"Nidhi_436e3ee1-0d20-40c2-8f65-b84816149663","Audio":{"timestamp":1611072976006,"packetsReceived":9407,"packetsLost":0},"Type":"inbound-rtp","Video":{"timestamp":1611072976006,"packetsReceived":324,"packetsLost":0}},{"from":"Shivam_d3c79d6a-f882-41f2-a578-970ee49ff3dd","to":"Nidhi_436e3ee1-0d20-40c2-8f65-b84816149663","Audio":{"timestamp":1611072981005,"packetsReceived":9657,"packetsLost":0},"Type":"inbound-rtp","Video":{"timestamp":1611072981005,"packetsReceived":329,"packetsLost":0}},{"from":"Shivam_d3c79d6a-f882-41f2-a578-970ee49ff3dd","to":"Nidhi_436e3ee1-0d20-40c2-8f65-b84816149663","Audio":{"timestamp":1611072981005,"packetsReceived":9657,"packetsLost":0},"Type":"inbound-rtp","Video":{"timestamp":1611072981005,"packetsReceived":329,"packetsLost":0}},{"from":"Shivam_d3c79d6a-f882-41f2-a578-970ee49ff3dd","to":"Nidhi_436e3ee1-0d20-40c2-8f65-b84816149663","Audio":{"timestamp":1611072986006,"packetsReceived":9907,"packetsLost":0},"Type":"inbound-rtp","Video":{"timestamp":1611072986006,"packetsReceived":353,"packetsLost":0}},{"from":"Shivam_d3c79d6a-f882-41f2-a578-970ee49ff3dd","to":"Nidhi_436e3ee1-0d20-40c2-8f65-b84816149663","Audio":{"timestamp":1611072986006,"packetsReceived":9907,"packetsLost":0},"Type":"inbound-rtp","Video":{"timestamp":1611072986006,"packetsReceived":353,"packetsLost":0}},{"from":"Shivam_d3c79d6a-f882-41f2-a578-970ee49ff3dd","to":"Nidhi_436e3ee1-0d20-40c2-8f65-b84816149663","Audio":{"timestamp":1611072991006,"packetsReceived":10157,"packetsLost":0},"Type":"inbound-rtp","Video":{"timestamp":1611072991006,"packetsReceived":439,"packetsLost":0}},{"from":"Shivam_d3c79d6a-f882-41f2-a578-970ee49ff3dd","to":"Nidhi_436e3ee1-0d20-40c2-8f65-b84816149663","Audio":{"timestamp":1611072991006,"packetsReceived":10157,"packetsLost":0},"Type":"inbound-rtp","Video":{"timestamp":1611072991006,"packetsReceived":439,"packetsLost":0}},{"from":"Shivam_d3c79d6a-f882-41f2-a578-970ee49ff3dd","to":"Nidhi_436e3ee1-0d20-40c2-8f65-b84816149663","Audio":{"timestamp":1611072996006,"packetsReceived":10407,"packetsLost":0},"Type":"inbound-rtp","Video":{"timestamp":1611072996006,"packetsReceived":449,"packetsLost":0}},{"from":"Shivam_d3c79d6a-f882-41f2-a578-970ee49ff3dd","to":"Nidhi_436e3ee1-0d20-40c2-8f65-b84816149663","Audio":{"timestamp":1611072996006,"packetsReceived":10407,"packetsLost":0},"Type":"inbound-rtp","Video":{"timestamp":1611072996006,"packetsReceived":449,"packetsLost":0}},{"from":"Shivam_d3c79d6a-f882-41f2-a578-970ee49ff3dd","to":"Nidhi_436e3ee1-0d20-40c2-8f65-b84816149663","Audio":{"timestamp":1611073001007,"packetsReceived":10657,"packetsLost":0},"Type":"inbound-rtp","Video":{"timestamp":1611073001007,"packetsReceived":457,"packetsLost":0}},{"from":"Shivam_d3c79d6a-f882-41f2-a578-970ee49ff3dd","to":"Nidhi_436e3ee1-0d20-40c2-8f65-b84816149663","Audio":{"timestamp":1611073001007,"packetsReceived":10657,"packetsLost":0},"Type":"inbound-rtp","Video":{"timestamp":1611073001007,"packetsReceived":457,"packetsLost":0}},{"from":"Shivam_d3c79d6a-f882-41f2-a578-970ee49ff3dd","to":"Nidhi_436e3ee1-0d20-40c2-8f65-b84816149663","Audio":{"timestamp":1611073006007,"packetsReceived":10907,"packetsLost":0},"Type":"inbound-rtp","Video":{"timestamp":1611073006007,"packetsReceived":467,"packetsLost":0}},{"from":"Shivam_d3c79d6a-f882-41f2-a578-970ee49ff3dd","to":"Nidhi_436e3ee1-0d20-40c2-8f65-b84816149663","Audio":{"timestamp":1611073006007,"packetsReceived":10907,"packetsLost":0},"Type":"inbound-rtp","Video":{"timestamp":1611073006007,"packetsReceived":467,"packetsLost":0}},{"from":"Shivam_d3c79d6a-f882-41f2-a578-970ee49ff3dd","to":"Nidhi_436e3ee1-0d20-40c2-8f65-b84816149663","Audio":{"timestamp":1611073011007,"packetsReceived":11157,"packetsLost":0},"Type":"inbound-rtp","Video":{"timestamp":1611073011007,"packetsReceived":477,"packetsLost":0}},{"from":"Shivam_d3c79d6a-f882-41f2-a578-970ee49ff3dd","to":"Nidhi_436e3ee1-0d20-40c2-8f65-b84816149663","Audio":{"timestamp":1611073011007,"packetsReceived":11157,"packetsLost":0},"Type":"inbound-rtp","Video":{"timestamp":1611073011007,"packetsReceived":477,"packetsLost":0}},{"from":"Shivam_d3c79d6a-f882-41f2-a578-970ee49ff3dd","to":"Nidhi_436e3ee1-0d20-40c2-8f65-b84816149663","Audio":{"timestamp":1611073016006,"packetsReceived":11407,"packetsLost":0},"Type":"inbound-rtp","Video":{"timestamp":1611073016006,"packetsReceived":485,"packetsLost":0}},{"from":"Shivam_d3c79d6a-f882-41f2-a578-970ee49ff3dd","to":"Nidhi_436e3ee1-0d20-40c2-8f65-b84816149663","Audio":{"timestamp":1611073016006,"packetsReceived":11407,"packetsLost":0},"Type":"inbound-rtp","Video":{"timestamp":1611073016006,"packetsReceived":485,"packetsLost":0}},{"from":"Shivam_d3c79d6a-f882-41f2-a578-970ee49ff3dd","to":"Nidhi_436e3ee1-0d20-40c2-8f65-b84816149663","Audio":{"timestamp":1611073021007,"packetsReceived":11657,"packetsLost":0},"Type":"inbound-rtp","Video":{"timestamp":1611073021007,"packetsReceived":495,"packetsLost":0}},{"from":"Shivam_d3c79d6a-f882-41f2-a578-970ee49ff3dd","to":"Nidhi_436e3ee1-0d20-40c2-8f65-b84816149663","Audio":{"timestamp":1611073021007,"packetsReceived":11657,"packetsLost":0},"Type":"inbound-rtp","Video":{"timestamp":1611073021007,"packetsReceived":495,"packetsLost":0}},{"from":"Shivam_d3c79d6a-f882-41f2-a578-970ee49ff3dd","to":"Nidhi_436e3ee1-0d20-40c2-8f65-b84816149663","Audio":{"timestamp":1611073026007,"packetsReceived":11907,"packetsLost":0},"Type":"inbound-rtp","Video":{"timestamp":1611073026007,"packetsReceived":505,"packetsLost":0}},{"from":"Shivam_d3c79d6a-f882-41f2-a578-970ee49ff3dd","to":"Nidhi_436e3ee1-0d20-40c2-8f65-b84816149663","Audio":{"timestamp":1611073026007,"packetsReceived":11907,"packetsLost":0},"Type":"inbound-rtp","Video":{"timestamp":1611073026007,"packetsReceived":505,"packetsLost":0}},{"from":"Shivam_d3c79d6a-f882-41f2-a578-970ee49ff3dd","to":"Nidhi_436e3ee1-0d20-40c2-8f65-b84816149663","Audio":{"timestamp":1611073031007,"packetsReceived":12157,"packetsLost":0},"Type":"inbound-rtp","Video":{"timestamp":1611073031007,"packetsReceived":513,"packetsLost":0}},{"from":"Shivam_d3c79d6a-f882-41f2-a578-970ee49ff3dd","to":"Nidhi_436e3ee1-0d20-40c2-8f65-b84816149663","Audio":{"timestamp":1611073031007,"packetsReceived":12157,"packetsLost":0},"Type":"inbound-rtp","Video":{"timestamp":1611073031007,"packetsReceived":513,"packetsLost":0}},{"from":"Shivam_d3c79d6a-f882-41f2-a578-970ee49ff3dd","to":"Nidhi_436e3ee1-0d20-40c2-8f65-b84816149663","Audio":{"timestamp":1611073036008,"packetsReceived":12407,"packetsLost":0},"Type":"inbound-rtp","Video":{"timestamp":1611073036008,"packetsReceived":523,"packetsLost":0}},{"from":"Shivam_d3c79d6a-f882-41f2-a578-970ee49ff3dd","to":"Nidhi_436e3ee1-0d20-40c2-8f65-b84816149663","Audio":{"timestamp":1611073036008,"packetsReceived":12407,"packetsLost":0},"Type":"inbound-rtp","Video":{"timestamp":1611073036008,"packetsReceived":523,"packetsLost":0}},{"from":"Shivam_d3c79d6a-f882-41f2-a578-970ee49ff3dd","to":"Nidhi_436e3ee1-0d20-40c2-8f65-b84816149663","Audio":{"timestamp":1611073041008,"packetsReceived":12657,"packetsLost":0},"Type":"inbound-rtp","Video":{"timestamp":1611073041008,"packetsReceived":533,"packetsLost":0}},{"from":"Shivam_d3c79d6a-f882-41f2-a578-970ee49ff3dd","to":"Nidhi_436e3ee1-0d20-40c2-8f65-b84816149663","Audio":{"timestamp":1611073041008,"packetsReceived":12657,"packetsLost":0},"Type":"inbound-rtp","Video":{"timestamp":1611073041008,"packetsReceived":533,"packetsLost":0}},{"from":"Shivam_d3c79d6a-f882-41f2-a578-970ee49ff3dd","to":"Nidhi_436e3ee1-0d20-40c2-8f65-b84816149663","Audio":{"timestamp":1611073046009,"packetsReceived":12907,"packetsLost":0},"Type":"inbound-rtp","Video":{"timestamp":1611073046009,"packetsReceived":541,"packetsLost":0}},{"from":"Shivam_d3c79d6a-f882-41f2-a578-970ee49ff3dd","to":"Nidhi_436e3ee1-0d20-40c2-8f65-b84816149663","Audio":{"timestamp":1611073046009,"packetsReceived":12907,"packetsLost":0},"Type":"inbound-rtp","Video":{"timestamp":1611073046009,"packetsReceived":541,"packetsLost":0}},{"from":"Shivam_d3c79d6a-f882-41f2-a578-970ee49ff3dd","to":"Nidhi_436e3ee1-0d20-40c2-8f65-b84816149663","Audio":{"timestamp":1611073051007,"packetsReceived":13157,"packetsLost":0},"Type":"inbound-rtp","Video":{"timestamp":1611073051007,"packetsReceived":551,"packetsLost":0}},{"from":"Shivam_d3c79d6a-f882-41f2-a578-970ee49ff3dd","to":"Nidhi_436e3ee1-0d20-40c2-8f65-b84816149663","Audio":{"timestamp":1611073051007,"packetsReceived":13157,"packetsLost":0},"Type":"inbound-rtp","Video":{"timestamp":1611073051007,"packetsReceived":551,"packetsLost":0}},{"from":"Shivam_d3c79d6a-f882-41f2-a578-970ee49ff3dd","to":"Nidhi_436e3ee1-0d20-40c2-8f65-b84816149663","Audio":{"timestamp":1611073056008,"packetsReceived":13407,"packetsLost":0},"Type":"inbound-rtp","Video":{"timestamp":1611073056008,"packetsReceived":561,"packetsLost":0}},{"from":"Shivam_d3c79d6a-f882-41f2-a578-970ee49ff3dd","to":"Nidhi_436e3ee1-0d20-40c2-8f65-b84816149663","Audio":{"timestamp":1611073056008,"packetsReceived":13407,"packetsLost":0},"Type":"inbound-rtp","Video":{"timestamp":1611073056008,"packetsReceived":561,"packetsLost":0}},{"from":"Shivam_d3c79d6a-f882-41f2-a578-970ee49ff3dd","to":"Nidhi_436e3ee1-0d20-40c2-8f65-b84816149663","Audio":{"timestamp":1611073061008,"packetsReceived":13657,"packetsLost":0},"Type":"inbound-rtp","Video":{"timestamp":1611073061008,"packetsReceived":571,"packetsLost":0}},{"from":"Shivam_d3c79d6a-f882-41f2-a578-970ee49ff3dd","to":"Nidhi_436e3ee1-0d20-40c2-8f65-b84816149663","Audio":{"timestamp":1611073061008,"packetsReceived":13657,"packetsLost":0},"Type":"inbound-rtp","Video":{"timestamp":1611073061008,"packetsReceived":571,"packetsLost":0}},{"from":"Shivam_d3c79d6a-f882-41f2-a578-970ee49ff3dd","to":"Nidhi_436e3ee1-0d20-40c2-8f65-b84816149663","Audio":{"timestamp":1611073066008,"packetsReceived":13907,"packetsLost":0},"Type":"inbound-rtp","Video":{"timestamp":1611073066008,"packetsReceived":579,"packetsLost":0}},{"from":"Shivam_d3c79d6a-f882-41f2-a578-970ee49ff3dd","to":"Nidhi_436e3ee1-0d20-40c2-8f65-b84816149663","Audio":{"timestamp":1611073066008,"packetsReceived":13907,"packetsLost":0},"Type":"inbound-rtp","Video":{"timestamp":1611073066008,"packetsReceived":579,"packetsLost":0}},{"from":"Shivam_d3c79d6a-f882-41f2-a578-970ee49ff3dd","to":"Nidhi_436e3ee1-0d20-40c2-8f65-b84816149663","Audio":{"timestamp":1611073071009,"packetsReceived":14157,"packetsLost":0},"Type":"inbound-rtp","Video":{"timestamp":1611073071009,"packetsReceived":589,"packetsLost":0}},{"from":"Shivam_d3c79d6a-f882-41f2-a578-970ee49ff3dd","to":"Nidhi_436e3ee1-0d20-40c2-8f65-b84816149663","Audio":{"timestamp":1611073071009,"packetsReceived":14157,"packetsLost":0},"Type":"inbound-rtp","Video":{"timestamp":1611073071009,"packetsReceived":589,"packetsLost":0}},{"from":"Shivam_d3c79d6a-f882-41f2-a578-970ee49ff3dd","to":"Nidhi_436e3ee1-0d20-40c2-8f65-b84816149663","Audio":{"timestamp":1611073076009,"packetsReceived":14407,"packetsLost":0},"Type":"inbound-rtp","Video":{"timestamp":1611073076009,"packetsReceived":599,"packetsLost":0}},{"from":"Shivam_d3c79d6a-f882-41f2-a578-970ee49ff3dd","to":"Nidhi_436e3ee1-0d20-40c2-8f65-b84816149663","Audio":{"timestamp":1611073076009,"packetsReceived":14407,"packetsLost":0},"Type":"inbound-rtp","Video":{"timestamp":1611073076009,"packetsReceived":599,"packetsLost":0}},{"from":"Shivam_d3c79d6a-f882-41f2-a578-970ee49ff3dd","to":"Nidhi_436e3ee1-0d20-40c2-8f65-b84816149663","Audio":{"timestamp":1611073081008,"packetsReceived":14657,"packetsLost":0},"Type":"inbound-rtp","Video":{"timestamp":1611073081008,"packetsReceived":607,"packetsLost":0}},{"from":"Shivam_d3c79d6a-f882-41f2-a578-970ee49ff3dd","to":"Nidhi_436e3ee1-0d20-40c2-8f65-b84816149663","Audio":{"timestamp":1611073081008,"packetsReceived":14657,"packetsLost":0},"Type":"inbound-rtp","Video":{"timestamp":1611073081008,"packetsReceived":607,"packetsLost":0}},{"from":"Shivam_d3c79d6a-f882-41f2-a578-970ee49ff3dd","to":"Nidhi_436e3ee1-0d20-40c2-8f65-b84816149663","Audio":{"timestamp":1611073086008,"packetsReceived":14907,"packetsLost":0},"Type":"inbound-rtp","Video":{"timestamp":1611073086008,"packetsReceived":617,"packetsLost":0}},{"from":"Shivam_d3c79d6a-f882-41f2-a578-970ee49ff3dd","to":"Nidhi_436e3ee1-0d20-40c2-8f65-b84816149663","Audio":{"timestamp":1611073086008,"packetsReceived":14907,"packetsLost":0},"Type":"inbound-rtp","Video":{"timestamp":1611073086008,"packetsReceived":617,"packetsLost":0}},{"from":"Shivam_d3c79d6a-f882-41f2-a578-970ee49ff3dd","to":"Nidhi_436e3ee1-0d20-40c2-8f65-b84816149663","Audio":{"timestamp":1611073091009,"packetsReceived":15158,"packetsLost":0},"Type":"inbound-rtp","Video":{"timestamp":1611073091009,"packetsReceived":627,"packetsLost":0}},{"from":"Shivam_d3c79d6a-f882-41f2-a578-970ee49ff3dd","to":"Nidhi_436e3ee1-0d20-40c2-8f65-b84816149663","Audio":{"timestamp":1611073091009,"packetsReceived":15158,"packetsLost":0},"Type":"inbound-rtp","Video":{"timestamp":1611073091009,"packetsReceived":627,"packetsLost":0}},{"from":"Shivam_d3c79d6a-f882-41f2-a578-970ee49ff3dd","to":"Nidhi_436e3ee1-0d20-40c2-8f65-b84816149663","Audio":{"timestamp":1611073096009,"packetsReceived":15407,"packetsLost":0},"Type":"inbound-rtp","Video":{"timestamp":1611073096009,"packetsReceived":635,"packetsLost":0}},{"from":"Shivam_d3c79d6a-f882-41f2-a578-970ee49ff3dd","to":"Nidhi_436e3ee1-0d20-40c2-8f65-b84816149663","Audio":{"timestamp":1611073096009,"packetsReceived":15407,"packetsLost":0},"Type":"inbound-rtp","Video":{"timestamp":1611073096009,"packetsReceived":635,"packetsLost":0}},{"from":"Shivam_d3c79d6a-f882-41f2-a578-970ee49ff3dd","to":"Nidhi_436e3ee1-0d20-40c2-8f65-b84816149663","Audio":{"timestamp":1611073101009,"packetsReceived":15657,"packetsLost":0},"Type":"inbound-rtp","Video":{"timestamp":1611073101009,"packetsReceived":645,"packetsLost":0}},{"from":"Shivam_d3c79d6a-f882-41f2-a578-970ee49ff3dd","to":"Nidhi_436e3ee1-0d20-40c2-8f65-b84816149663","Audio":{"timestamp":1611073101009,"packetsReceived":15657,"packetsLost":0},"Type":"inbound-rtp","Video":{"timestamp":1611073101009,"packetsReceived":645,"packetsLost":0}},{"from":"Shivam_d3c79d6a-f882-41f2-a578-970ee49ff3dd","to":"Nidhi_436e3ee1-0d20-40c2-8f65-b84816149663","Audio":{"timestamp":1611073106010,"packetsReceived":15907,"packetsLost":0},"Type":"inbound-rtp","Video":{"timestamp":1611073106010,"packetsReceived":655,"packetsLost":0}},{"from":"Shivam_d3c79d6a-f882-41f2-a578-970ee49ff3dd","to":"Nidhi_436e3ee1-0d20-40c2-8f65-b84816149663","Audio":{"timestamp":1611073106010,"packetsReceived":15907,"packetsLost":0},"Type":"inbound-rtp","Video":{"timestamp":1611073106010,"packetsReceived":655,"packetsLost":0}},{"from":"Shivam_d3c79d6a-f882-41f2-a578-970ee49ff3dd","to":"Nidhi_436e3ee1-0d20-40c2-8f65-b84816149663","Audio":{"timestamp":1611073111010,"packetsReceived":16157,"packetsLost":0},"Type":"inbound-rtp","Video":{"timestamp":1611073111010,"packetsReceived":663,"packetsLost":0}},{"from":"Shivam_d3c79d6a-f882-41f2-a578-970ee49ff3dd","to":"Nidhi_436e3ee1-0d20-40c2-8f65-b84816149663","Audio":{"timestamp":1611073111010,"packetsReceived":16157,"packetsLost":0},"Type":"inbound-rtp","Video":{"timestamp":1611073111010,"packetsReceived":663,"packetsLost":0}},{"from":"Shivam_d3c79d6a-f882-41f2-a578-970ee49ff3dd","to":"Nidhi_436e3ee1-0d20-40c2-8f65-b84816149663","Audio":{"timestamp":1611073116009,"packetsReceived":16407,"packetsLost":0},"Type":"inbound-rtp","Video":{"timestamp":1611073116009,"packetsReceived":673,"packetsLost":0}},{"from":"Shivam_d3c79d6a-f882-41f2-a578-970ee49ff3dd","to":"Nidhi_436e3ee1-0d20-40c2-8f65-b84816149663","Audio":{"timestamp":1611073116009,"packetsReceived":16407,"packetsLost":0},"Type":"inbound-rtp","Video":{"timestamp":1611073116009,"packetsReceived":673,"packetsLost":0}},{"from":"Shivam_d3c79d6a-f882-41f2-a578-970ee49ff3dd","to":"Nidhi_436e3ee1-0d20-40c2-8f65-b84816149663","Audio":{"timestamp":1611073121009,"packetsReceived":16657,"packetsLost":0},"Type":"inbound-rtp","Video":{"timestamp":1611073121009,"packetsReceived":683,"packetsLost":0}},{"from":"Shivam_d3c79d6a-f882-41f2-a578-970ee49ff3dd","to":"Nidhi_436e3ee1-0d20-40c2-8f65-b84816149663","Audio":{"timestamp":1611073121009,"packetsReceived":16657,"packetsLost":0},"Type":"inbound-rtp","Video":{"timestamp":1611073121009,"packetsReceived":683,"packetsLost":0}},{"from":"Shivam_d3c79d6a-f882-41f2-a578-970ee49ff3dd","to":"Nidhi_436e3ee1-0d20-40c2-8f65-b84816149663","Audio":{"timestamp":1611073126010,"packetsReceived":16907,"packetsLost":0},"Type":"inbound-rtp","Video":{"timestamp":1611073126010,"packetsReceived":691,"packetsLost":0}},{"from":"Shivam_d3c79d6a-f882-41f2-a578-970ee49ff3dd","to":"Nidhi_436e3ee1-0d20-40c2-8f65-b84816149663","Audio":{"timestamp":1611073126010,"packetsReceived":16907,"packetsLost":0},"Type":"inbound-rtp","Video":{"timestamp":1611073126010,"packetsReceived":691,"packetsLost":0}},{"from":"Shivam_d3c79d6a-f882-41f2-a578-970ee49ff3dd","to":"Nidhi_436e3ee1-0d20-40c2-8f65-b84816149663","Audio":{"timestamp":1611073131010,"packetsReceived":17157,"packetsLost":0},"Type":"inbound-rtp","Video":{"timestamp":1611073131010,"packetsReceived":701,"packetsLost":0}},{"from":"Shivam_d3c79d6a-f882-41f2-a578-970ee49ff3dd","to":"Nidhi_436e3ee1-0d20-40c2-8f65-b84816149663","Audio":{"timestamp":1611073131010,"packetsReceived":17157,"packetsLost":0},"Type":"inbound-rtp","Video":{"timestamp":1611073131010,"packetsReceived":701,"packetsLost":0}},{"from":"Shivam_d3c79d6a-f882-41f2-a578-970ee49ff3dd","to":"Nidhi_436e3ee1-0d20-40c2-8f65-b84816149663","Audio":{"timestamp":1611073136010,"packetsReceived":17407,"packetsLost":0},"Type":"inbound-rtp","Video":{"timestamp":1611073136010,"packetsReceived":711,"packetsLost":0}},{"from":"Shivam_d3c79d6a-f882-41f2-a578-970ee49ff3dd","to":"Nidhi_436e3ee1-0d20-40c2-8f65-b84816149663","Audio":{"timestamp":1611073136010,"packetsReceived":17407,"packetsLost":0},"Type":"inbound-rtp","Video":{"timestamp":1611073136010,"packetsReceived":711,"packetsLost":0}},{"from":"Shivam_d3c79d6a-f882-41f2-a578-970ee49ff3dd","to":"Nidhi_436e3ee1-0d20-40c2-8f65-b84816149663","Audio":{"timestamp":1611073141011,"packetsReceived":17657,"packetsLost":0},"Type":"inbound-rtp","Video":{"timestamp":1611073141011,"packetsReceived":719,"packetsLost":0}},{"from":"Shivam_d3c79d6a-f882-41f2-a578-970ee49ff3dd","to":"Nidhi_436e3ee1-0d20-40c2-8f65-b84816149663","Audio":{"timestamp":1611073141011,"packetsReceived":17657,"packetsLost":0},"Type":"inbound-rtp","Video":{"timestamp":1611073141011,"packetsReceived":719,"packetsLost":0}},{"from":"Shivam_d3c79d6a-f882-41f2-a578-970ee49ff3dd","to":"Nidhi_436e3ee1-0d20-40c2-8f65-b84816149663","Audio":{"timestamp":1611073146010,"packetsReceived":17908,"packetsLost":0},"Type":"inbound-rtp","Video":{"timestamp":1611073146010,"packetsReceived":729,"packetsLost":0}},{"from":"Shivam_d3c79d6a-f882-41f2-a578-970ee49ff3dd","to":"Nidhi_436e3ee1-0d20-40c2-8f65-b84816149663","Audio":{"timestamp":1611073146010,"packetsReceived":17908,"packetsLost":0},"Type":"inbound-rtp","Video":{"timestamp":1611073146010,"packetsReceived":729,"packetsLost":0}},{"from":"Shivam_d3c79d6a-f882-41f2-a578-970ee49ff3dd","to":"Nidhi_436e3ee1-0d20-40c2-8f65-b84816149663","Audio":{"timestamp":1611073151010,"packetsReceived":18157,"packetsLost":0},"Type":"inbound-rtp","Video":{"timestamp":1611073151010,"packetsReceived":754,"packetsLost":0}},{"from":"Shivam_d3c79d6a-f882-41f2-a578-970ee49ff3dd","to":"Nidhi_436e3ee1-0d20-40c2-8f65-b84816149663","Audio":{"timestamp":1611073151010,"packetsReceived":18157,"packetsLost":0},"Type":"inbound-rtp","Video":{"timestamp":1611073151010,"packetsReceived":754,"packetsLost":0}},{"from":"Shivam_d3c79d6a-f882-41f2-a578-970ee49ff3dd","to":"Nidhi_436e3ee1-0d20-40c2-8f65-b84816149663","Audio":{"timestamp":1611073156010,"packetsReceived":18407,"packetsLost":0},"Type":"inbound-rtp","Video":{"timestamp":1611073156010,"packetsReceived":849,"packetsLost":0}},{"from":"Shivam_d3c79d6a-f882-41f2-a578-970ee49ff3dd","to":"Nidhi_436e3ee1-0d20-40c2-8f65-b84816149663","Audio":{"timestamp":1611073156010,"packetsReceived":18407,"packetsLost":0},"Type":"inbound-rtp","Video":{"timestamp":1611073156010,"packetsReceived":849,"packetsLost":0}},{"from":"Shivam_d3c79d6a-f882-41f2-a578-970ee49ff3dd","to":"Nidhi_436e3ee1-0d20-40c2-8f65-b84816149663","Audio":{"timestamp":1611073161011,"packetsReceived":18657,"packetsLost":0},"Type":"inbound-rtp","Video":{"timestamp":1611073161011,"packetsReceived":1146,"packetsLost":0}},{"from":"Shivam_d3c79d6a-f882-41f2-a578-970ee49ff3dd","to":"Nidhi_436e3ee1-0d20-40c2-8f65-b84816149663","Audio":{"timestamp":1611073161011,"packetsReceived":18657,"packetsLost":0},"Type":"inbound-rtp","Video":{"timestamp":1611073161011,"packetsReceived":1146,"packetsLost":0}},{"from":"Shivam_d3c79d6a-f882-41f2-a578-970ee49ff3dd","to":"Nidhi_436e3ee1-0d20-40c2-8f65-b84816149663","Audio":{"timestamp":1611073166011,"packetsReceived":18907,"packetsLost":0},"Type":"inbound-rtp","Video":{"timestamp":1611073166011,"packetsReceived":1409,"packetsLost":0}},{"from":"Shivam_d3c79d6a-f882-41f2-a578-970ee49ff3dd","to":"Nidhi_436e3ee1-0d20-40c2-8f65-b84816149663","Audio":{"timestamp":1611073166011,"packetsReceived":18907,"packetsLost":0},"Type":"inbound-rtp","Video":{"timestamp":1611073166011,"packetsReceived":1409,"packetsLost":0}},{"from":"Shivam_d3c79d6a-f882-41f2-a578-970ee49ff3dd","to":"Nidhi_436e3ee1-0d20-40c2-8f65-b84816149663","Audio":{"timestamp":1611073171011,"packetsReceived":19158,"packetsLost":0},"Type":"inbound-rtp","Video":{"timestamp":1611073171011,"packetsReceived":1584,"packetsLost":0}},{"from":"Shivam_d3c79d6a-f882-41f2-a578-970ee49ff3dd","to":"Nidhi_436e3ee1-0d20-40c2-8f65-b84816149663","Audio":{"timestamp":1611073171011,"packetsReceived":19158,"packetsLost":0},"Type":"inbound-rtp","Video":{"timestamp":1611073171011,"packetsReceived":1584,"packetsLost":0}},{"from":"Shivam_d3c79d6a-f882-41f2-a578-970ee49ff3dd","to":"Nidhi_436e3ee1-0d20-40c2-8f65-b84816149663","Audio":{"timestamp":1611073176012,"packetsReceived":19407,"packetsLost":0},"Type":"inbound-rtp","Video":{"timestamp":1611073176012,"packetsReceived":1746,"packetsLost":0}},{"from":"Shivam_d3c79d6a-f882-41f2-a578-970ee49ff3dd","to":"Nidhi_436e3ee1-0d20-40c2-8f65-b84816149663","Audio":{"timestamp":1611073176012,"packetsReceived":19407,"packetsLost":0},"Type":"inbound-rtp","Video":{"timestamp":1611073176012,"packetsReceived":1746,"packetsLost":0}},{"from":"Shivam_d3c79d6a-f882-41f2-a578-970ee49ff3dd","to":"Nidhi_436e3ee1-0d20-40c2-8f65-b84816149663","Audio":{"timestamp":1611073181011,"packetsReceived":19657,"packetsLost":0},"Type":"inbound-rtp","Video":{"timestamp":1611073181011,"packetsReceived":1921,"packetsLost":0}},{"from":"Shivam_d3c79d6a-f882-41f2-a578-970ee49ff3dd","to":"Nidhi_436e3ee1-0d20-40c2-8f65-b84816149663","Audio":{"timestamp":1611073181011,"packetsReceived":19657,"packetsLost":0},"Type":"inbound-rtp","Video":{"timestamp":1611073181011,"packetsReceived":1921,"packetsLost":0}},{"from":"Shivam_d3c79d6a-f882-41f2-a578-970ee49ff3dd","to":"Nidhi_436e3ee1-0d20-40c2-8f65-b84816149663","Audio":{"timestamp":1611073186011,"packetsReceived":19907,"packetsLost":0},"Type":"inbound-rtp","Video":{"timestamp":1611073186011,"packetsReceived":2159,"packetsLost":0}},{"from":"Shivam_d3c79d6a-f882-41f2-a578-970ee49ff3dd","to":"Nidhi_436e3ee1-0d20-40c2-8f65-b84816149663","Audio":{"timestamp":1611073186011,"packetsReceived":19907,"packetsLost":0},"Type":"inbound-rtp","Video":{"timestamp":1611073186011,"packetsReceived":2159,"packetsLost":0}},{"from":"Shivam_d3c79d6a-f882-41f2-a578-970ee49ff3dd","to":"Nidhi_436e3ee1-0d20-40c2-8f65-b84816149663","Audio":{"timestamp":1611073191011,"packetsReceived":20157,"packetsLost":0},"Type":"inbound-rtp","Video":{"timestamp":1611073191011,"packetsReceived":2394,"packetsLost":0}},{"from":"Shivam_d3c79d6a-f882-41f2-a578-970ee49ff3dd","to":"Nidhi_436e3ee1-0d20-40c2-8f65-b84816149663","Audio":{"timestamp":1611073191011,"packetsReceived":20157,"packetsLost":0},"Type":"inbound-rtp","Video":{"timestamp":1611073191011,"packetsReceived":2394,"packetsLost":0}},{"from":"Shivam_d3c79d6a-f882-41f2-a578-970ee49ff3dd","to":"Nidhi_436e3ee1-0d20-40c2-8f65-b84816149663","Audio":{"timestamp":1611073196012,"packetsReceived":20407,"packetsLost":0},"Type":"inbound-rtp","Video":{"timestamp":1611073196012,"packetsReceived":2702,"packetsLost":0}},{"from":"Shivam_d3c79d6a-f882-41f2-a578-970ee49ff3dd","to":"Nidhi_436e3ee1-0d20-40c2-8f65-b84816149663","Audio":{"timestamp":1611073196012,"packetsReceived":20407,"packetsLost":0},"Type":"inbound-rtp","Video":{"timestamp":1611073196012,"packetsReceived":2702,"packetsLost":0}},{"from":"Shivam_d3c79d6a-f882-41f2-a578-970ee49ff3dd","to":"Nidhi_436e3ee1-0d20-40c2-8f65-b84816149663","Audio":{"timestamp":1611073201012,"packetsReceived":20657,"packetsLost":0},"Type":"inbound-rtp","Video":{"timestamp":1611073201012,"packetsReceived":3059,"packetsLost":0}},{"from":"Shivam_d3c79d6a-f882-41f2-a578-970ee49ff3dd","to":"Nidhi_436e3ee1-0d20-40c2-8f65-b84816149663","Audio":{"timestamp":1611073201012,"packetsReceived":20657,"packetsLost":0},"Type":"inbound-rtp","Video":{"timestamp":1611073201012,"packetsReceived":3059,"packetsLost":0}},{"from":"Shivam_d3c79d6a-f882-41f2-a578-970ee49ff3dd","to":"Nidhi_436e3ee1-0d20-40c2-8f65-b84816149663","Audio":{"timestamp":1611073206012,"packetsReceived":20907,"packetsLost":0},"Type":"inbound-rtp","Video":{"timestamp":1611073206012,"packetsReceived":3582,"packetsLost":0}},{"from":"Shivam_d3c79d6a-f882-41f2-a578-970ee49ff3dd","to":"Nidhi_436e3ee1-0d20-40c2-8f65-b84816149663","Audio":{"timestamp":1611073206012,"packetsReceived":20907,"packetsLost":0},"Type":"inbound-rtp","Video":{"timestamp":1611073206012,"packetsReceived":3582,"packetsLost":0}},{"from":"Shivam_d3c79d6a-f882-41f2-a578-970ee49ff3dd","to":"Nidhi_436e3ee1-0d20-40c2-8f65-b84816149663","Audio":{"timestamp":1611073211013,"packetsReceived":21157,"packetsLost":0},"Type":"inbound-rtp","Video":{"timestamp":1611073211013,"packetsReceived":4221,"packetsLost":0}},{"from":"Shivam_d3c79d6a-f882-41f2-a578-970ee49ff3dd","to":"Nidhi_436e3ee1-0d20-40c2-8f65-b84816149663","Audio":{"timestamp":1611073211013,"packetsReceived":21157,"packetsLost":0},"Type":"inbound-rtp","Video":{"timestamp":1611073211013,"packetsReceived":4221,"packetsLost":0}},{"from":"Shivam_d3c79d6a-f882-41f2-a578-970ee49ff3dd","to":"Nidhi_436e3ee1-0d20-40c2-8f65-b84816149663","Audio":{"timestamp":1611073216012,"packetsReceived":21407,"packetsLost":0},"Type":"inbound-rtp","Video":{"timestamp":1611073216012,"packetsReceived":4873,"packetsLost":0}},{"from":"Shivam_d3c79d6a-f882-41f2-a578-970ee49ff3dd","to":"Nidhi_436e3ee1-0d20-40c2-8f65-b84816149663","Audio":{"timestamp":1611073216012,"packetsReceived":21407,"packetsLost":0},"Type":"inbound-rtp","Video":{"timestamp":1611073216012,"packetsReceived":4873,"packetsLost":0}},{"from":"Shivam_d3c79d6a-f882-41f2-a578-970ee49ff3dd","to":"Nidhi_436e3ee1-0d20-40c2-8f65-b84816149663","Audio":{"timestamp":1611073221012,"packetsReceived":21657,"packetsLost":0},"Type":"inbound-rtp","Video":{"timestamp":1611073221012,"packetsReceived":5790,"packetsLost":0}},{"from":"Shivam_d3c79d6a-f882-41f2-a578-970ee49ff3dd","to":"Nidhi_436e3ee1-0d20-40c2-8f65-b84816149663","Audio":{"timestamp":1611073221012,"packetsReceived":21657,"packetsLost":0},"Type":"inbound-rtp","Video":{"timestamp":1611073221012,"packetsReceived":5790,"packetsLost":0}},{"from":"Shivam_d3c79d6a-f882-41f2-a578-970ee49ff3dd","to":"Nidhi_436e3ee1-0d20-40c2-8f65-b84816149663","Audio":{"timestamp":1611073226012,"packetsReceived":21908,"packetsLost":0},"Type":"inbound-rtp","Video":{"timestamp":1611073226012,"packetsReceived":6676,"packetsLost":0}},{"from":"Shivam_d3c79d6a-f882-41f2-a578-970ee49ff3dd","to":"Nidhi_436e3ee1-0d20-40c2-8f65-b84816149663","Audio":{"timestamp":1611073226012,"packetsReceived":21908,"packetsLost":0},"Type":"inbound-rtp","Video":{"timestamp":1611073226012,"packetsReceived":6676,"packetsLost":0}},{"from":"Shivam_d3c79d6a-f882-41f2-a578-970ee49ff3dd","to":"Nidhi_436e3ee1-0d20-40c2-8f65-b84816149663","Audio":{"timestamp":1611073231013,"packetsReceived":22157,"packetsLost":0},"Type":"inbound-rtp","Video":{"timestamp":1611073231013,"packetsReceived":7491,"packetsLost":0}},{"from":"Shivam_d3c79d6a-f882-41f2-a578-970ee49ff3dd","to":"Nidhi_436e3ee1-0d20-40c2-8f65-b84816149663","Audio":{"timestamp":1611073231013,"packetsReceived":22157,"packetsLost":0},"Type":"inbound-rtp","Video":{"timestamp":1611073231013,"packetsReceived":7491,"packetsLost":0}},{"from":"Shivam_d3c79d6a-f882-41f2-a578-970ee49ff3dd","to":"Nidhi_436e3ee1-0d20-40c2-8f65-b84816149663","Audio":{"timestamp":1611073236013,"packetsReceived":22407,"packetsLost":0},"Type":"inbound-rtp","Video":{"timestamp":1611073236013,"packetsReceived":8334,"packetsLost":0}},{"from":"Shivam_d3c79d6a-f882-41f2-a578-970ee49ff3dd","to":"Nidhi_436e3ee1-0d20-40c2-8f65-b84816149663","Audio":{"timestamp":1611073236013,"packetsReceived":22407,"packetsLost":0},"Type":"inbound-rtp","Video":{"timestamp":1611073236013,"packetsReceived":8334,"packetsLost":0}},{"from":"Shivam_d3c79d6a-f882-41f2-a578-970ee49ff3dd","to":"Nidhi_436e3ee1-0d20-40c2-8f65-b84816149663","Audio":{"timestamp":1611073241013,"packetsReceived":22657,"packetsLost":0},"Type":"inbound-rtp","Video":{"timestamp":1611073241013,"packetsReceived":9020,"packetsLost":0}},{"from":"Shivam_d3c79d6a-f882-41f2-a578-970ee49ff3dd","to":"Nidhi_436e3ee1-0d20-40c2-8f65-b84816149663","Audio":{"timestamp":1611073241013,"packetsReceived":22657,"packetsLost":0},"Type":"inbound-rtp","Video":{"timestamp":1611073241013,"packetsReceived":9020,"packetsLost":0}},{"from":"Shivam_d3c79d6a-f882-41f2-a578-970ee49ff3dd","to":"Nidhi_436e3ee1-0d20-40c2-8f65-b84816149663","Audio":{"timestamp":1611073246013,"packetsReceived":22907,"packetsLost":0},"Type":"inbound-rtp","Video":{"timestamp":1611073246013,"packetsReceived":9651,"packetsLost":0}},{"from":"Shivam_d3c79d6a-f882-41f2-a578-970ee49ff3dd","to":"Nidhi_436e3ee1-0d20-40c2-8f65-b84816149663","Audio":{"timestamp":1611073246013,"packetsReceived":22907,"packetsLost":0},"Type":"inbound-rtp","Video":{"timestamp":1611073246013,"packetsReceived":9651,"packetsLost":0}},{"from":"Shivam_d3c79d6a-f882-41f2-a578-970ee49ff3dd","to":"Nidhi_436e3ee1-0d20-40c2-8f65-b84816149663","Audio":{"timestamp":1611073251013,"packetsReceived":23158,"packetsLost":0},"Type":"inbound-rtp","Video":{"timestamp":1611073251013,"packetsReceived":9885,"packetsLost":0}},{"from":"Shivam_d3c79d6a-f882-41f2-a578-970ee49ff3dd","to":"Nidhi_436e3ee1-0d20-40c2-8f65-b84816149663","Audio":{"timestamp":1611073251013,"packetsReceived":23158,"packetsLost":0},"Type":"inbound-rtp","Video":{"timestamp":1611073251013,"packetsReceived":9885,"packetsLost":0}},{"from":"Shivam_d3c79d6a-f882-41f2-a578-970ee49ff3dd","to":"Nidhi_436e3ee1-0d20-40c2-8f65-b84816149663","Audio":{"timestamp":1611073256013,"packetsReceived":23407,"packetsLost":0},"Type":"inbound-rtp","Video":{"timestamp":1611073256013,"packetsReceived":10180,"packetsLost":0}},{"from":"Shivam_d3c79d6a-f882-41f2-a578-970ee49ff3dd","to":"Nidhi_436e3ee1-0d20-40c2-8f65-b84816149663","Audio":{"timestamp":1611073256013,"packetsReceived":23407,"packetsLost":0},"Type":"inbound-rtp","Video":{"timestamp":1611073256013,"packetsReceived":10180,"packetsLost":0}},{"from":"Shivam_d3c79d6a-f882-41f2-a578-970ee49ff3dd","to":"Nidhi_436e3ee1-0d20-40c2-8f65-b84816149663","Audio":{"timestamp":1611073261013,"packetsReceived":23657,"packetsLost":0},"Type":"inbound-rtp","Video":{"timestamp":1611073261013,"packetsReceived":10483,"packetsLost":0}},{"from":"Shivam_d3c79d6a-f882-41f2-a578-970ee49ff3dd","to":"Nidhi_436e3ee1-0d20-40c2-8f65-b84816149663","Audio":{"timestamp":1611073261013,"packetsReceived":23657,"packetsLost":0},"Type":"inbound-rtp","Video":{"timestamp":1611073261013,"packetsReceived":10483,"packetsLost":0}},{"from":"Shivam_d3c79d6a-f882-41f2-a578-970ee49ff3dd","to":"Nidhi_436e3ee1-0d20-40c2-8f65-b84816149663","Audio":{"timestamp":1611073266014,"packetsReceived":23907,"packetsLost":0},"Type":"inbound-rtp","Video":{"timestamp":1611073266014,"packetsReceived":10816,"packetsLost":0}},{"from":"Shivam_d3c79d6a-f882-41f2-a578-970ee49ff3dd","to":"Nidhi_436e3ee1-0d20-40c2-8f65-b84816149663","Audio":{"timestamp":1611073266014,"packetsReceived":23907,"packetsLost":0},"Type":"inbound-rtp","Video":{"timestamp":1611073266014,"packetsReceived":10816,"packetsLost":0}},{"from":"Shivam_d3c79d6a-f882-41f2-a578-970ee49ff3dd","to":"Nidhi_436e3ee1-0d20-40c2-8f65-b84816149663","Audio":{"timestamp":1611073271014,"packetsReceived":24157,"packetsLost":0},"Type":"inbound-rtp","Video":{"timestamp":1611073271014,"packetsReceived":11171,"packetsLost":0}},{"from":"Shivam_d3c79d6a-f882-41f2-a578-970ee49ff3dd","to":"Nidhi_436e3ee1-0d20-40c2-8f65-b84816149663","Audio":{"timestamp":1611073271014,"packetsReceived":24157,"packetsLost":0},"Type":"inbound-rtp","Video":{"timestamp":1611073271014,"packetsReceived":11171,"packetsLost":0}},{"from":"Shivam_d3c79d6a-f882-41f2-a578-970ee49ff3dd","to":"Nidhi_436e3ee1-0d20-40c2-8f65-b84816149663","Audio":{"timestamp":1611073276014,"packetsReceived":24408,"packetsLost":0},"Type":"inbound-rtp","Video":{"timestamp":1611073276014,"packetsReceived":11629,"packetsLost":0}},{"from":"Shivam_d3c79d6a-f882-41f2-a578-970ee49ff3dd","to":"Nidhi_436e3ee1-0d20-40c2-8f65-b84816149663","Audio":{"timestamp":1611073276014,"packetsReceived":24408,"packetsLost":0},"Type":"inbound-rtp","Video":{"timestamp":1611073276014,"packetsReceived":11629,"packetsLost":0}},{"from":"Shivam_d3c79d6a-f882-41f2-a578-970ee49ff3dd","to":"Nidhi_436e3ee1-0d20-40c2-8f65-b84816149663","Audio":{"timestamp":1611073281014,"packetsReceived":24657,"packetsLost":0},"Type":"inbound-rtp","Video":{"timestamp":1611073281014,"packetsReceived":12249,"packetsLost":0}},{"from":"Shivam_d3c79d6a-f882-41f2-a578-970ee49ff3dd","to":"Nidhi_436e3ee1-0d20-40c2-8f65-b84816149663","Audio":{"timestamp":1611073281014,"packetsReceived":24657,"packetsLost":0},"Type":"inbound-rtp","Video":{"timestamp":1611073281014,"packetsReceived":12249,"packetsLost":0}},{"from":"Shivam_d3c79d6a-f882-41f2-a578-970ee49ff3dd","to":"Nidhi_436e3ee1-0d20-40c2-8f65-b84816149663","Audio":{"timestamp":1611073286014,"packetsReceived":24907,"packetsLost":0},"Type":"inbound-rtp","Video":{"timestamp":1611073286014,"packetsReceived":12836,"packetsLost":0}},{"from":"Shivam_d3c79d6a-f882-41f2-a578-970ee49ff3dd","to":"Nidhi_436e3ee1-0d20-40c2-8f65-b84816149663","Audio":{"timestamp":1611073286014,"packetsReceived":24907,"packetsLost":0},"Type":"inbound-rtp","Video":{"timestamp":1611073286014,"packetsReceived":12836,"packetsLost":0}},{"from":"Shivam_d3c79d6a-f882-41f2-a578-970ee49ff3dd","to":"Nidhi_436e3ee1-0d20-40c2-8f65-b84816149663","Audio":{"timestamp":1611073291014,"packetsReceived":25157,"packetsLost":0},"Type":"inbound-rtp","Video":{"timestamp":1611073291014,"packetsReceived":13512,"packetsLost":0}},{"from":"Shivam_d3c79d6a-f882-41f2-a578-970ee49ff3dd","to":"Nidhi_436e3ee1-0d20-40c2-8f65-b84816149663","Audio":{"timestamp":1611073291014,"packetsReceived":25157,"packetsLost":0},"Type":"inbound-rtp","Video":{"timestamp":1611073291014,"packetsReceived":13512,"packetsLost":0}},{"from":"Shivam_d3c79d6a-f882-41f2-a578-970ee49ff3dd","to":"Nidhi_436e3ee1-0d20-40c2-8f65-b84816149663","Audio":{"timestamp":1611073296014,"packetsReceived":25408,"packetsLost":0},"Type":"inbound-rtp","Video":{"timestamp":1611073296014,"packetsReceived":14075,"packetsLost":0}},{"from":"Shivam_d3c79d6a-f882-41f2-a578-970ee49ff3dd","to":"Nidhi_436e3ee1-0d20-40c2-8f65-b84816149663","Audio":{"timestamp":1611073296014,"packetsReceived":25408,"packetsLost":0},"Type":"inbound-rtp","Video":{"timestamp":1611073296014,"packetsReceived":14075,"packetsLost":0}},{"from":"Shivam_d3c79d6a-f882-41f2-a578-970ee49ff3dd","to":"Nidhi_436e3ee1-0d20-40c2-8f65-b84816149663","Audio":{"timestamp":1611073301015,"packetsReceived":25658,"packetsLost":0},"Type":"inbound-rtp","Video":{"timestamp":1611073301015,"packetsReceived":14557,"packetsLost":0}},{"from":"Shivam_d3c79d6a-f882-41f2-a578-970ee49ff3dd","to":"Nidhi_436e3ee1-0d20-40c2-8f65-b84816149663","Audio":{"timestamp":1611073301015,"packetsReceived":25658,"packetsLost":0},"Type":"inbound-rtp","Video":{"timestamp":1611073301015,"packetsReceived":14557,"packetsLost":0}},{"from":"Shivam_d3c79d6a-f882-41f2-a578-970ee49ff3dd","to":"Nidhi_436e3ee1-0d20-40c2-8f65-b84816149663","Audio":{"timestamp":1611073306016,"packetsReceived":25908,"packetsLost":0},"Type":"inbound-rtp","Video":{"timestamp":1611073306016,"packetsReceived":15187,"packetsLost":0}},{"from":"Shivam_d3c79d6a-f882-41f2-a578-970ee49ff3dd","to":"Nidhi_436e3ee1-0d20-40c2-8f65-b84816149663","Audio":{"timestamp":1611073306016,"packetsReceived":25908,"packetsLost":0},"Type":"inbound-rtp","Video":{"timestamp":1611073306016,"packetsReceived":15187,"packetsLost":0}},{"from":"Shivam_d3c79d6a-f882-41f2-a578-970ee49ff3dd","to":"Nidhi_436e3ee1-0d20-40c2-8f65-b84816149663","Audio":{"timestamp":1611073311014,"packetsReceived":26157,"packetsLost":0},"Type":"inbound-rtp","Video":{"timestamp":1611073311014,"packetsReceived":15506,"packetsLost":0}},{"from":"Shivam_d3c79d6a-f882-41f2-a578-970ee49ff3dd","to":"Nidhi_436e3ee1-0d20-40c2-8f65-b84816149663","Audio":{"timestamp":1611073311014,"packetsReceived":26157,"packetsLost":0},"Type":"inbound-rtp","Video":{"timestamp":1611073311014,"packetsReceived":15506,"packetsLost":0}},{"from":"Shivam_d3c79d6a-f882-41f2-a578-970ee49ff3dd","to":"Nidhi_436e3ee1-0d20-40c2-8f65-b84816149663","Audio":{"timestamp":1611073316015,"packetsReceived":26407,"packetsLost":0},"Type":"inbound-rtp","Video":{"timestamp":1611073316015,"packetsReceived":15791,"packetsLost":0}},{"from":"Shivam_d3c79d6a-f882-41f2-a578-970ee49ff3dd","to":"Nidhi_436e3ee1-0d20-40c2-8f65-b84816149663","Audio":{"timestamp":1611073316015,"packetsReceived":26407,"packetsLost":0},"Type":"inbound-rtp","Video":{"timestamp":1611073316015,"packetsReceived":15791,"packetsLost":0}},{"from":"Shivam_d3c79d6a-f882-41f2-a578-970ee49ff3dd","to":"Nidhi_436e3ee1-0d20-40c2-8f65-b84816149663","Audio":{"timestamp":1611073321015,"packetsReceived":26657,"packetsLost":0},"Type":"inbound-rtp","Video":{"timestamp":1611073321015,"packetsReceived":16037,"packetsLost":0}},{"from":"Shivam_d3c79d6a-f882-41f2-a578-970ee49ff3dd","to":"Nidhi_436e3ee1-0d20-40c2-8f65-b84816149663","Audio":{"timestamp":1611073321015,"packetsReceived":26657,"packetsLost":0},"Type":"inbound-rtp","Video":{"timestamp":1611073321015,"packetsReceived":16037,"packetsLost":0}},{"from":"Shivam_d3c79d6a-f882-41f2-a578-970ee49ff3dd","to":"Nidhi_436e3ee1-0d20-40c2-8f65-b84816149663","Audio":{"timestamp":1611073326015,"packetsReceived":26908,"packetsLost":0},"Type":"inbound-rtp","Video":{"timestamp":1611073326015,"packetsReceived":16326,"packetsLost":0}},{"from":"Shivam_d3c79d6a-f882-41f2-a578-970ee49ff3dd","to":"Nidhi_436e3ee1-0d20-40c2-8f65-b84816149663","Audio":{"timestamp":1611073326015,"packetsReceived":26908,"packetsLost":0},"Type":"inbound-rtp","Video":{"timestamp":1611073326015,"packetsReceived":16326,"packetsLost":0}},{"from":"Shivam_d3c79d6a-f882-41f2-a578-970ee49ff3dd","to":"Nidhi_436e3ee1-0d20-40c2-8f65-b84816149663","Audio":{"timestamp":1611073331015,"packetsReceived":27158,"packetsLost":0},"Type":"inbound-rtp","Video":{"timestamp":1611073331015,"packetsReceived":16639,"packetsLost":0}},{"from":"Shivam_d3c79d6a-f882-41f2-a578-970ee49ff3dd","to":"Nidhi_436e3ee1-0d20-40c2-8f65-b84816149663","Audio":{"timestamp":1611073331015,"packetsReceived":27158,"packetsLost":0},"Type":"inbound-rtp","Video":{"timestamp":1611073331015,"packetsReceived":16639,"packetsLost":0}},{"from":"Shivam_d3c79d6a-f882-41f2-a578-970ee49ff3dd","to":"Nidhi_436e3ee1-0d20-40c2-8f65-b84816149663","Audio":{"timestamp":1611073336016,"packetsReceived":27407,"packetsLost":0},"Type":"inbound-rtp","Video":{"timestamp":1611073336016,"packetsReceived":16689,"packetsLost":0}},{"from":"Shivam_d3c79d6a-f882-41f2-a578-970ee49ff3dd","to":"Nidhi_436e3ee1-0d20-40c2-8f65-b84816149663","Audio":{"timestamp":1611073336016,"packetsReceived":27407,"packetsLost":0},"Type":"inbound-rtp","Video":{"timestamp":1611073336016,"packetsReceived":16689,"packetsLost":0}},{"from":"Shivam_d3c79d6a-f882-41f2-a578-970ee49ff3dd","to":"Nidhi_436e3ee1-0d20-40c2-8f65-b84816149663","Audio":{"timestamp":1611073341016,"packetsReceived":27658,"packetsLost":0},"Type":"inbound-rtp","Video":{"timestamp":1611073341016,"packetsReceived":16749,"packetsLost":0}},{"from":"Shivam_d3c79d6a-f882-41f2-a578-970ee49ff3dd","to":"Nidhi_436e3ee1-0d20-40c2-8f65-b84816149663","Audio":{"timestamp":1611073341016,"packetsReceived":27658,"packetsLost":0},"Type":"inbound-rtp","Video":{"timestamp":1611073341016,"packetsReceived":16749,"packetsLost":0}},{"from":"Shivam_d3c79d6a-f882-41f2-a578-970ee49ff3dd","to":"Nidhi_436e3ee1-0d20-40c2-8f65-b84816149663","Audio":{"timestamp":1611073346015,"packetsReceived":27907,"packetsLost":0},"Type":"inbound-rtp","Video":{"timestamp":1611073346015,"packetsReceived":16889,"packetsLost":0}},{"from":"Shivam_d3c79d6a-f882-41f2-a578-970ee49ff3dd","to":"Nidhi_436e3ee1-0d20-40c2-8f65-b84816149663","Audio":{"timestamp":1611073346015,"packetsReceived":27907,"packetsLost":0},"Type":"inbound-rtp","Video":{"timestamp":1611073346015,"packetsReceived":16889,"packetsLost":0}},{"from":"Shivam_d3c79d6a-f882-41f2-a578-970ee49ff3dd","to":"Nidhi_436e3ee1-0d20-40c2-8f65-b84816149663","Audio":{"timestamp":1611073351016,"packetsReceived":28158,"packetsLost":0},"Type":"inbound-rtp","Video":{"timestamp":1611073351016,"packetsReceived":16904,"packetsLost":0}},{"from":"Shivam_d3c79d6a-f882-41f2-a578-970ee49ff3dd","to":"Nidhi_436e3ee1-0d20-40c2-8f65-b84816149663","Audio":{"timestamp":1611073351016,"packetsReceived":28158,"packetsLost":0},"Type":"inbound-rtp","Video":{"timestamp":1611073351016,"packetsReceived":16904,"packetsLost":0}},{"from":"Shivam_d3c79d6a-f882-41f2-a578-970ee49ff3dd","to":"Nidhi_436e3ee1-0d20-40c2-8f65-b84816149663","Audio":{"timestamp":1611073356016,"packetsReceived":28408,"packetsLost":0},"Type":"inbound-rtp","Video":{"timestamp":1611073356016,"packetsReceived":16911,"packetsLost":0}},{"from":"Shivam_d3c79d6a-f882-41f2-a578-970ee49ff3dd","to":"Nidhi_436e3ee1-0d20-40c2-8f65-b84816149663","Audio":{"timestamp":1611073356016,"packetsReceived":28408,"packetsLost":0},"Type":"inbound-rtp","Video":{"timestamp":1611073356016,"packetsReceived":16911,"packetsLost":0}},{"from":"Shivam_d3c79d6a-f882-41f2-a578-970ee49ff3dd","to":"Nidhi_436e3ee1-0d20-40c2-8f65-b84816149663","Audio":{"timestamp":1611073361016,"packetsReceived":28657,"packetsLost":0},"Type":"inbound-rtp","Video":{"timestamp":1611073361016,"packetsReceived":16916,"packetsLost":0}},{"from":"Shivam_d3c79d6a-f882-41f2-a578-970ee49ff3dd","to":"Nidhi_436e3ee1-0d20-40c2-8f65-b84816149663","Audio":{"timestamp":1611073361016,"packetsReceived":28657,"packetsLost":0},"Type":"inbound-rtp","Video":{"timestamp":1611073361016,"packetsReceived":16916,"packetsLost":0}},{"from":"Shivam_d3c79d6a-f882-41f2-a578-970ee49ff3dd","to":"Nidhi_436e3ee1-0d20-40c2-8f65-b84816149663","Audio":{"timestamp":1611073366017,"packetsReceived":28907,"packetsLost":0},"Type":"inbound-rtp","Video":{"timestamp":1611073366017,"packetsReceived":16920,"packetsLost":0}},{"from":"Shivam_d3c79d6a-f882-41f2-a578-970ee49ff3dd","to":"Nidhi_436e3ee1-0d20-40c2-8f65-b84816149663","Audio":{"timestamp":1611073366017,"packetsReceived":28907,"packetsLost":0},"Type":"inbound-rtp","Video":{"timestamp":1611073366017,"packetsReceived":16920,"packetsLost":0}},{"from":"Shivam_d3c79d6a-f882-41f2-a578-970ee49ff3dd","to":"Nidhi_436e3ee1-0d20-40c2-8f65-b84816149663","Audio":{"timestamp":1611073371017,"packetsReceived":29158,"packetsLost":0},"Type":"inbound-rtp","Video":{"timestamp":1611073371017,"packetsReceived":16925,"packetsLost":0}},{"from":"Shivam_d3c79d6a-f882-41f2-a578-970ee49ff3dd","to":"Nidhi_436e3ee1-0d20-40c2-8f65-b84816149663","Audio":{"timestamp":1611073371017,"packetsReceived":29158,"packetsLost":0},"Type":"inbound-rtp","Video":{"timestamp":1611073371017,"packetsReceived":16925,"packetsLost":0}},{"from":"Shivam_d3c79d6a-f882-41f2-a578-970ee49ff3dd","to":"Nidhi_436e3ee1-0d20-40c2-8f65-b84816149663","Audio":{"timestamp":1611073376016,"packetsReceived":29408,"packetsLost":0},"Type":"inbound-rtp","Video":{"timestamp":1611073376016,"packetsReceived":16930,"packetsLost":0}},{"from":"Shivam_d3c79d6a-f882-41f2-a578-970ee49ff3dd","to":"Nidhi_436e3ee1-0d20-40c2-8f65-b84816149663","Audio":{"timestamp":1611073376016,"packetsReceived":29408,"packetsLost":0},"Type":"inbound-rtp","Video":{"timestamp":1611073376016,"packetsReceived":16930,"packetsLost":0}},{"from":"Shivam_d3c79d6a-f882-41f2-a578-970ee49ff3dd","to":"Nidhi_436e3ee1-0d20-40c2-8f65-b84816149663","Audio":{"timestamp":1611073381016,"packetsReceived":29658,"packetsLost":0},"Type":"inbound-rtp","Video":{"timestamp":1611073381016,"packetsReceived":16935,"packetsLost":0}},{"from":"Shivam_d3c79d6a-f882-41f2-a578-970ee49ff3dd","to":"Nidhi_436e3ee1-0d20-40c2-8f65-b84816149663","Audio":{"timestamp":1611073381016,"packetsReceived":29658,"packetsLost":0},"Type":"inbound-rtp","Video":{"timestamp":1611073381016,"packetsReceived":16935,"packetsLost":0}},{"from":"Shivam_d3c79d6a-f882-41f2-a578-970ee49ff3dd","to":"Nidhi_436e3ee1-0d20-40c2-8f65-b84816149663","Audio":{"timestamp":1611073386017,"packetsReceived":29908,"packetsLost":0},"Type":"inbound-rtp","Video":{"timestamp":1611073386017,"packetsReceived":16940,"packetsLost":0}},{"from":"Shivam_d3c79d6a-f882-41f2-a578-970ee49ff3dd","to":"Nidhi_436e3ee1-0d20-40c2-8f65-b84816149663","Audio":{"timestamp":1611073386017,"packetsReceived":29908,"packetsLost":0},"Type":"inbound-rtp","Video":{"timestamp":1611073386017,"packetsReceived":16940,"packetsLost":0}},{"from":"Shivam_d3c79d6a-f882-41f2-a578-970ee49ff3dd","to":"Nidhi_436e3ee1-0d20-40c2-8f65-b84816149663","Audio":{"timestamp":1611073391017,"packetsReceived":30157,"packetsLost":0},"Type":"inbound-rtp","Video":{"timestamp":1611073391017,"packetsReceived":16945,"packetsLost":0}},{"from":"Shivam_d3c79d6a-f882-41f2-a578-970ee49ff3dd","to":"Nidhi_436e3ee1-0d20-40c2-8f65-b84816149663","Audio":{"timestamp":1611073391017,"packetsReceived":30157,"packetsLost":0},"Type":"inbound-rtp","Video":{"timestamp":1611073391017,"packetsReceived":16945,"packetsLost":0}},{"from":"Shivam_d3c79d6a-f882-41f2-a578-970ee49ff3dd","to":"Nidhi_436e3ee1-0d20-40c2-8f65-b84816149663","Audio":{"timestamp":1611073396017,"packetsReceived":30408,"packetsLost":0},"Type":"inbound-rtp","Video":{"timestamp":1611073396017,"packetsReceived":16950,"packetsLost":0}},{"from":"Shivam_d3c79d6a-f882-41f2-a578-970ee49ff3dd","to":"Nidhi_436e3ee1-0d20-40c2-8f65-b84816149663","Audio":{"timestamp":1611073396017,"packetsReceived":30408,"packetsLost":0},"Type":"inbound-rtp","Video":{"timestamp":1611073396017,"packetsReceived":16950,"packetsLost":0}},{"from":"Shivam_d3c79d6a-f882-41f2-a578-970ee49ff3dd","to":"Nidhi_436e3ee1-0d20-40c2-8f65-b84816149663","Audio":{"timestamp":1611073401018,"packetsReceived":30658,"packetsLost":0},"Type":"inbound-rtp","Video":{"timestamp":1611073401018,"packetsReceived":16954,"packetsLost":0}},{"from":"Shivam_d3c79d6a-f882-41f2-a578-970ee49ff3dd","to":"Nidhi_436e3ee1-0d20-40c2-8f65-b84816149663","Audio":{"timestamp":1611073401018,"packetsReceived":30658,"packetsLost":0},"Type":"inbound-rtp","Video":{"timestamp":1611073401018,"packetsReceived":16954,"packetsLost":0}},{"from":"Shivam_d3c79d6a-f882-41f2-a578-970ee49ff3dd","to":"Nidhi_436e3ee1-0d20-40c2-8f65-b84816149663","Audio":{"timestamp":1611073406018,"packetsReceived":30908,"packetsLost":0},"Type":"inbound-rtp","Video":{"timestamp":1611073406018,"packetsReceived":16959,"packetsLost":0}},{"from":"Shivam_d3c79d6a-f882-41f2-a578-970ee49ff3dd","to":"Nidhi_436e3ee1-0d20-40c2-8f65-b84816149663","Audio":{"timestamp":1611073406018,"packetsReceived":30908,"packetsLost":0},"Type":"inbound-rtp","Video":{"timestamp":1611073406018,"packetsReceived":16959,"packetsLost":0}},{"from":"Shivam_d3c79d6a-f882-41f2-a578-970ee49ff3dd","to":"Nidhi_436e3ee1-0d20-40c2-8f65-b84816149663","Audio":{"timestamp":1611073411017,"packetsReceived":31158,"packetsLost":0},"Type":"inbound-rtp","Video":{"timestamp":1611073411017,"packetsReceived":16964,"packetsLost":0}},{"from":"Shivam_d3c79d6a-f882-41f2-a578-970ee49ff3dd","to":"Nidhi_436e3ee1-0d20-40c2-8f65-b84816149663","Audio":{"timestamp":1611073411017,"packetsReceived":31158,"packetsLost":0},"Type":"inbound-rtp","Video":{"timestamp":1611073411017,"packetsReceived":16964,"packetsLost":0}},{"from":"Shivam_d3c79d6a-f882-41f2-a578-970ee49ff3dd","to":"Nidhi_436e3ee1-0d20-40c2-8f65-b84816149663","Audio":{"timestamp":1611073416017,"packetsReceived":31407,"packetsLost":0},"Type":"inbound-rtp","Video":{"timestamp":1611073416017,"packetsReceived":16968,"packetsLost":0}},{"from":"Shivam_d3c79d6a-f882-41f2-a578-970ee49ff3dd","to":"Nidhi_436e3ee1-0d20-40c2-8f65-b84816149663","Audio":{"timestamp":1611073416017,"packetsReceived":31407,"packetsLost":0},"Type":"inbound-rtp","Video":{"timestamp":1611073416017,"packetsReceived":16968,"packetsLost":0}},{"from":"Shivam_d3c79d6a-f882-41f2-a578-970ee49ff3dd","to":"Nidhi_436e3ee1-0d20-40c2-8f65-b84816149663","Audio":{"timestamp":1611073421018,"packetsReceived":31657,"packetsLost":0},"Type":"inbound-rtp","Video":{"timestamp":1611073421018,"packetsReceived":16973,"packetsLost":0}},{"from":"Shivam_d3c79d6a-f882-41f2-a578-970ee49ff3dd","to":"Nidhi_436e3ee1-0d20-40c2-8f65-b84816149663","Audio":{"timestamp":1611073421018,"packetsReceived":31657,"packetsLost":0},"Type":"inbound-rtp","Video":{"timestamp":1611073421018,"packetsReceived":16973,"packetsLost":0}},{"from":"Shivam_d3c79d6a-f882-41f2-a578-970ee49ff3dd","to":"Nidhi_436e3ee1-0d20-40c2-8f65-b84816149663","Audio":{"timestamp":1611073426018,"packetsReceived":31908,"packetsLost":0},"Type":"inbound-rtp","Video":{"timestamp":1611073426018,"packetsReceived":16978,"packetsLost":0}},{"from":"Shivam_d3c79d6a-f882-41f2-a578-970ee49ff3dd","to":"Nidhi_436e3ee1-0d20-40c2-8f65-b84816149663","Audio":{"timestamp":1611073426018,"packetsReceived":31908,"packetsLost":0},"Type":"inbound-rtp","Video":{"timestamp":1611073426018,"packetsReceived":16978,"packetsLost":0}},{"from":"Shivam_d3c79d6a-f882-41f2-a578-970ee49ff3dd","to":"Nidhi_436e3ee1-0d20-40c2-8f65-b84816149663","Audio":{"timestamp":1611073431018,"packetsReceived":32158,"packetsLost":0},"Type":"inbound-rtp","Video":{"timestamp":1611073431018,"packetsReceived":16982,"packetsLost":0}},{"from":"Shivam_d3c79d6a-f882-41f2-a578-970ee49ff3dd","to":"Nidhi_436e3ee1-0d20-40c2-8f65-b84816149663","Audio":{"timestamp":1611073431018,"packetsReceived":32158,"packetsLost":0},"Type":"inbound-rtp","Video":{"timestamp":1611073431018,"packetsReceived":16982,"packetsLost":0}},{"from":"Shivam_d3c79d6a-f882-41f2-a578-970ee49ff3dd","to":"Nidhi_436e3ee1-0d20-40c2-8f65-b84816149663","Audio":{"timestamp":1611073436019,"packetsReceived":32408,"packetsLost":0},"Type":"inbound-rtp","Video":{"timestamp":1611073436019,"packetsReceived":17061,"packetsLost":0}},{"from":"Shivam_d3c79d6a-f882-41f2-a578-970ee49ff3dd","to":"Nidhi_436e3ee1-0d20-40c2-8f65-b84816149663","Audio":{"timestamp":1611073436019,"packetsReceived":32408,"packetsLost":0},"Type":"inbound-rtp","Video":{"timestamp":1611073436019,"packetsReceived":17061,"packetsLost":0}},{"from":"Shivam_d3c79d6a-f882-41f2-a578-970ee49ff3dd","to":"Nidhi_436e3ee1-0d20-40c2-8f65-b84816149663","Audio":{"timestamp":1611073441019,"packetsReceived":32657,"packetsLost":0},"Type":"inbound-rtp","Video":{"timestamp":1611073441019,"packetsReceived":17091,"packetsLost":0}},{"from":"Shivam_d3c79d6a-f882-41f2-a578-970ee49ff3dd","to":"Nidhi_436e3ee1-0d20-40c2-8f65-b84816149663","Audio":{"timestamp":1611073441019,"packetsReceived":32657,"packetsLost":0},"Type":"inbound-rtp","Video":{"timestamp":1611073441019,"packetsReceived":17091,"packetsLost":0}},{"from":"Shivam_d3c79d6a-f882-41f2-a578-970ee49ff3dd","to":"Nidhi_436e3ee1-0d20-40c2-8f65-b84816149663","Audio":{"timestamp":1611073446018,"packetsReceived":32907,"packetsLost":0},"Type":"inbound-rtp","Video":{"timestamp":1611073446018,"packetsReceived":17099,"packetsLost":0}},{"from":"Shivam_d3c79d6a-f882-41f2-a578-970ee49ff3dd","to":"Nidhi_436e3ee1-0d20-40c2-8f65-b84816149663","Audio":{"timestamp":1611073446018,"packetsReceived":32907,"packetsLost":0},"Type":"inbound-rtp","Video":{"timestamp":1611073446018,"packetsReceived":17099,"packetsLost":0}},{"from":"Shivam_d3c79d6a-f882-41f2-a578-970ee49ff3dd","to":"Nidhi_436e3ee1-0d20-40c2-8f65-b84816149663","Audio":{"timestamp":1611073451018,"packetsReceived":33158,"packetsLost":0},"Type":"inbound-rtp","Video":{"timestamp":1611073451018,"packetsReceived":17109,"packetsLost":0}},{"from":"Shivam_d3c79d6a-f882-41f2-a578-970ee49ff3dd","to":"Nidhi_436e3ee1-0d20-40c2-8f65-b84816149663","Audio":{"timestamp":1611073451018,"packetsReceived":33158,"packetsLost":0},"Type":"inbound-rtp","Video":{"timestamp":1611073451018,"packetsReceived":17109,"packetsLost":0}},{"from":"Shivam_d3c79d6a-f882-41f2-a578-970ee49ff3dd","to":"Nidhi_436e3ee1-0d20-40c2-8f65-b84816149663","Audio":{"timestamp":1611073456019,"packetsReceived":33408,"packetsLost":0},"Type":"inbound-rtp","Video":{"timestamp":1611073456019,"packetsReceived":17119,"packetsLost":0}},{"from":"Shivam_d3c79d6a-f882-41f2-a578-970ee49ff3dd","to":"Nidhi_436e3ee1-0d20-40c2-8f65-b84816149663","Audio":{"timestamp":1611073456019,"packetsReceived":33408,"packetsLost":0},"Type":"inbound-rtp","Video":{"timestamp":1611073456019,"packetsReceived":17119,"packetsLost":0}},{"from":"Shivam_d3c79d6a-f882-41f2-a578-970ee49ff3dd","to":"Nidhi_436e3ee1-0d20-40c2-8f65-b84816149663","Audio":{"timestamp":1611073461019,"packetsReceived":33658,"packetsLost":0},"Type":"inbound-rtp","Video":{"timestamp":1611073461019,"packetsReceived":17127,"packetsLost":0}},{"from":"Shivam_d3c79d6a-f882-41f2-a578-970ee49ff3dd","to":"Nidhi_436e3ee1-0d20-40c2-8f65-b84816149663","Audio":{"timestamp":1611073461019,"packetsReceived":33658,"packetsLost":0},"Type":"inbound-rtp","Video":{"timestamp":1611073461019,"packetsReceived":17127,"packetsLost":0}},{"from":"Shivam_d3c79d6a-f882-41f2-a578-970ee49ff3dd","to":"Nidhi_436e3ee1-0d20-40c2-8f65-b84816149663","Audio":{"timestamp":1611073466019,"packetsReceived":33908,"packetsLost":0},"Type":"inbound-rtp","Video":{"timestamp":1611073466019,"packetsReceived":17137,"packetsLost":0}},{"from":"Shivam_d3c79d6a-f882-41f2-a578-970ee49ff3dd","to":"Nidhi_436e3ee1-0d20-40c2-8f65-b84816149663","Audio":{"timestamp":1611073466019,"packetsReceived":33908,"packetsLost":0},"Type":"inbound-rtp","Video":{"timestamp":1611073466019,"packetsReceived":17137,"packetsLost":0}},{"from":"Shivam_d3c79d6a-f882-41f2-a578-970ee49ff3dd","to":"Nidhi_436e3ee1-0d20-40c2-8f65-b84816149663","Audio":{"timestamp":1611073471020,"packetsReceived":34158,"packetsLost":0},"Type":"inbound-rtp","Video":{"timestamp":1611073471020,"packetsReceived":17149,"packetsLost":0}},{"from":"Shivam_d3c79d6a-f882-41f2-a578-970ee49ff3dd","to":"Nidhi_436e3ee1-0d20-40c2-8f65-b84816149663","Audio":{"timestamp":1611073471020,"packetsReceived":34158,"packetsLost":0},"Type":"inbound-rtp","Video":{"timestamp":1611073471020,"packetsReceived":17149,"packetsLost":0}},{"from":"Shivam_d3c79d6a-f882-41f2-a578-970ee49ff3dd","to":"Nidhi_436e3ee1-0d20-40c2-8f65-b84816149663","Audio":{"timestamp":1611073476019,"packetsReceived":34408,"packetsLost":0},"Type":"inbound-rtp","Video":{"timestamp":1611073476019,"packetsReceived":17157,"packetsLost":0}},{"from":"Shivam_d3c79d6a-f882-41f2-a578-970ee49ff3dd","to":"Nidhi_436e3ee1-0d20-40c2-8f65-b84816149663","Audio":{"timestamp":1611073476019,"packetsReceived":34408,"packetsLost":0},"Type":"inbound-rtp","Video":{"timestamp":1611073476019,"packetsReceived":17157,"packetsLost":0}},{"from":"Shivam_d3c79d6a-f882-41f2-a578-970ee49ff3dd","to":"Nidhi_436e3ee1-0d20-40c2-8f65-b84816149663","Audio":{"timestamp":1611073481019,"packetsReceived":34658,"packetsLost":0},"Type":"inbound-rtp","Video":{"timestamp":1611073481019,"packetsReceived":17167,"packetsLost":0}},{"from":"Shivam_d3c79d6a-f882-41f2-a578-970ee49ff3dd","to":"Nidhi_436e3ee1-0d20-40c2-8f65-b84816149663","Audio":{"timestamp":1611073481019,"packetsReceived":34658,"packetsLost":0},"Type":"inbound-rtp","Video":{"timestamp":1611073481019,"packetsReceived":17167,"packetsLost":0}},{"from":"Shivam_d3c79d6a-f882-41f2-a578-970ee49ff3dd","to":"Nidhi_436e3ee1-0d20-40c2-8f65-b84816149663","Audio":{"timestamp":1611073486019,"packetsReceived":34908,"packetsLost":0},"Type":"inbound-rtp","Video":{"timestamp":1611073486019,"packetsReceived":17177,"packetsLost":0}},{"from":"Shivam_d3c79d6a-f882-41f2-a578-970ee49ff3dd","to":"Nidhi_436e3ee1-0d20-40c2-8f65-b84816149663","Audio":{"timestamp":1611073486019,"packetsReceived":34908,"packetsLost":0},"Type":"inbound-rtp","Video":{"timestamp":1611073486019,"packetsReceived":17177,"packetsLost":0}}]}