[{"timestamp":1611072786857,"log":{"from":"server","to":"Nidhi_436e3ee1-0d20-40c2-8f65-b84816149663","context":"PARENT","data":"{\"peer\":\"Shivam_d3c79d6a-f882-41f2-a578-970ee49ff3dd\"}"}},{"timestamp":1611072786857,"log":"Parent : Shivam_d3c79d6a-f882-41f2-a578-970ee49ff3dd"},{"timestamp":1611072787348,"log":{"from":"Shivam_d3c79d6a-f882-41f2-a578-970ee49ff3dd","to":"Nidhi_436e3ee1-0d20-40c2-8f65-b84816149663","context":"CONNECT_ACK","data":"{\"roomID\":\"123456\"}"}},{"timestamp":1611072787348,"log":"Connection ACK from parent : Shivam_d3c79d6a-f882-41f2-a578-970ee49ff3dd"},{"timestamp":1611072787353,"log":"received sdp from peer : Shivam_d3c79d6a-f882-41f2-a578-970ee49ff3dd"},{"timestamp":1611072787358,"log":"remote stream received"},{"timestamp":1611072787359,"log":{}},{"timestamp":1611072787359,"log":"remote stream received"},{"timestamp":1611072787359,"log":{}},{"timestamp":1611072787360,"log":"received ice from peer : Shivam_d3c79d6a-f882-41f2-a578-970ee49ff3dd"},{"timestamp":1611072787363,"log":"created description for peer : Shivam_d3c79d6a-f882-41f2-a578-970ee49ff3dd"},{"timestamp":1611072787365,"log":"received ice from peer : Shivam_d3c79d6a-f882-41f2-a578-970ee49ff3dd"},{"timestamp":1611072787369,"log":"connection with peer Shivam_d3c79d6a-f882-41f2-a578-970ee49ff3dd checking"},{"timestamp":1611072787370,"log":"connection with peer Shivam_d3c79d6a-f882-41f2-a578-970ee49ff3dd connected"},{"timestamp":1611072787370,"log":"ice: Nidhi_436e3ee1-0d20-40c2-8f65-b84816149663 to Shivam_d3c79d6a-f882-41f2-a578-970ee49ff3dd"},{"timestamp":1611072787371,"log":"ice: Nidhi_436e3ee1-0d20-40c2-8f65-b84816149663 to Shivam_d3c79d6a-f882-41f2-a578-970ee49ff3dd"},{"timestamp":1611072787386,"log":"received ice from peer : Shivam_d3c79d6a-f882-41f2-a578-970ee49ff3dd"},{"timestamp":1611072787592,"log":"received ice from peer : Shivam_d3c79d6a-f882-41f2-a578-970ee49ff3dd"}]