[{"joining_timestamp":1611069384501,"available_slots":2},{"timestamp":1611069491286,"Type":"child_added","available_slots":1,"child_id":"Chinmay_a18f9216-e9e0-4b88-8c80-19675cb44b24"},{"timestamp":1611069511751,"Type":"child_added","available_slots":0,"child_id":"Parth_76f53bdf-f7bc-427b-82f3-d8c41a941ed2"},{"timestamp":1611070616189,"Type":"child_left","available_slots":1,"child_id":"Chinmay_a18f9216-e9e0-4b88-8c80-19675cb44b24"},{"timestamp":1611070616430,"Type":"child_added","available_slots":0,"child_id":"Prabhadh_8ddc9099-f320-4337-8c8b-dcb92e603e1f"}]