{"Ruchika_0da44a7c-3443-41e4-99df-a68fe2dab10b":[{"from":"Ruchika_0da44a7c-3443-41e4-99df-a68fe2dab10b","to":"Satvik_d058ffea-766a-47b5-94df-77df4a1cd163","Audio":{"timestamp":1611072810627,"packetsReceived":144,"packetsLost":0},"Type":"inbound-rtp","Video":{"timestamp":1611072810627,"packetsReceived":0,"packetsLost":0}},{"from":"Ruchika_0da44a7c-3443-41e4-99df-a68fe2dab10b","to":"Satvik_d058ffea-766a-47b5-94df-77df4a1cd163","Audio":{"timestamp":1611072810627,"packetsReceived":144,"packetsLost":0},"Type":"inbound-rtp","Video":{"timestamp":1611072810627,"packetsReceived":0,"packetsLost":0}},{"from":"Ruchika_0da44a7c-3443-41e4-99df-a68fe2dab10b","to":"Satvik_d058ffea-766a-47b5-94df-77df4a1cd163","Audio":{"timestamp":1611072816266,"packetsReceived":426,"packetsLost":0},"Type":"inbound-rtp","Video":{"timestamp":1611072816266,"packetsReceived":26,"packetsLost":0}},{"from":"Ruchika_0da44a7c-3443-41e4-99df-a68fe2dab10b","to":"Satvik_d058ffea-766a-47b5-94df-77df4a1cd163","Audio":{"timestamp":1611072816266,"packetsReceived":426,"packetsLost":0},"Type":"inbound-rtp","Video":{"timestamp":1611072816266,"packetsReceived":26,"packetsLost":0}},{"from":"Ruchika_0da44a7c-3443-41e4-99df-a68fe2dab10b","to":"Satvik_d058ffea-766a-47b5-94df-77df4a1cd163","Audio":{"timestamp":1611072821266,"packetsReceived":675,"packetsLost":0},"Type":"inbound-rtp","Video":{"timestamp":1611072821266,"packetsReceived":31,"packetsLost":0}},{"from":"Ruchika_0da44a7c-3443-41e4-99df-a68fe2dab10b","to":"Satvik_d058ffea-766a-47b5-94df-77df4a1cd163","Audio":{"timestamp":1611072821266,"packetsReceived":675,"packetsLost":0},"Type":"inbound-rtp","Video":{"timestamp":1611072821266,"packetsReceived":31,"packetsLost":0}},{"from":"Ruchika_0da44a7c-3443-41e4-99df-a68fe2dab10b","to":"Satvik_d058ffea-766a-47b5-94df-77df4a1cd163","Audio":{"timestamp":1611072826266,"packetsReceived":925,"packetsLost":0},"Type":"inbound-rtp","Video":{"timestamp":1611072826266,"packetsReceived":36,"packetsLost":0}},{"from":"Ruchika_0da44a7c-3443-41e4-99df-a68fe2dab10b","to":"Satvik_d058ffea-766a-47b5-94df-77df4a1cd163","Audio":{"timestamp":1611072826266,"packetsReceived":925,"packetsLost":0},"Type":"inbound-rtp","Video":{"timestamp":1611072826266,"packetsReceived":36,"packetsLost":0}},{"from":"Ruchika_0da44a7c-3443-41e4-99df-a68fe2dab10b","to":"Satvik_d058ffea-766a-47b5-94df-77df4a1cd163","Audio":{"timestamp":1611072831267,"packetsReceived":1176,"packetsLost":0},"Type":"inbound-rtp","Video":{"timestamp":1611072831267,"packetsReceived":40,"packetsLost":0}},{"from":"Ruchika_0da44a7c-3443-41e4-99df-a68fe2dab10b","to":"Satvik_d058ffea-766a-47b5-94df-77df4a1cd163","Audio":{"timestamp":1611072831267,"packetsReceived":1176,"packetsLost":0},"Type":"inbound-rtp","Video":{"timestamp":1611072831267,"packetsReceived":40,"packetsLost":0}},{"from":"Ruchika_0da44a7c-3443-41e4-99df-a68fe2dab10b","to":"Satvik_d058ffea-766a-47b5-94df-77df4a1cd163","Audio":{"timestamp":1611072836266,"packetsReceived":1425,"packetsLost":0},"Type":"inbound-rtp","Video":{"timestamp":1611072836266,"packetsReceived":45,"packetsLost":0}},{"from":"Ruchika_0da44a7c-3443-41e4-99df-a68fe2dab10b","to":"Satvik_d058ffea-766a-47b5-94df-77df4a1cd163","Audio":{"timestamp":1611072836266,"packetsReceived":1425,"packetsLost":0},"Type":"inbound-rtp","Video":{"timestamp":1611072836266,"packetsReceived":45,"packetsLost":0}},{"from":"Ruchika_0da44a7c-3443-41e4-99df-a68fe2dab10b","to":"Satvik_d058ffea-766a-47b5-94df-77df4a1cd163","Audio":{"timestamp":1611072841266,"packetsReceived":1676,"packetsLost":0},"Type":"inbound-rtp","Video":{"timestamp":1611072841266,"packetsReceived":50,"packetsLost":0}},{"from":"Ruchika_0da44a7c-3443-41e4-99df-a68fe2dab10b","to":"Satvik_d058ffea-766a-47b5-94df-77df4a1cd163","Audio":{"timestamp":1611072841266,"packetsReceived":1676,"packetsLost":0},"Type":"inbound-rtp","Video":{"timestamp":1611072841266,"packetsReceived":50,"packetsLost":0}},{"from":"Ruchika_0da44a7c-3443-41e4-99df-a68fe2dab10b","to":"Satvik_d058ffea-766a-47b5-94df-77df4a1cd163","Audio":{"timestamp":1611072846266,"packetsReceived":1925,"packetsLost":0},"Type":"inbound-rtp","Video":{"timestamp":1611072846266,"packetsReceived":54,"packetsLost":0}},{"from":"Ruchika_0da44a7c-3443-41e4-99df-a68fe2dab10b","to":"Satvik_d058ffea-766a-47b5-94df-77df4a1cd163","Audio":{"timestamp":1611072846266,"packetsReceived":1925,"packetsLost":0},"Type":"inbound-rtp","Video":{"timestamp":1611072846266,"packetsReceived":54,"packetsLost":0}},{"from":"Ruchika_0da44a7c-3443-41e4-99df-a68fe2dab10b","to":"Satvik_d058ffea-766a-47b5-94df-77df4a1cd163","Audio":{"timestamp":1611072851267,"packetsReceived":2175,"packetsLost":0},"Type":"inbound-rtp","Video":{"timestamp":1611072851267,"packetsReceived":59,"packetsLost":0}},{"from":"Ruchika_0da44a7c-3443-41e4-99df-a68fe2dab10b","to":"Satvik_d058ffea-766a-47b5-94df-77df4a1cd163","Audio":{"timestamp":1611072851267,"packetsReceived":2175,"packetsLost":0},"Type":"inbound-rtp","Video":{"timestamp":1611072851267,"packetsReceived":59,"packetsLost":0}},{"from":"Ruchika_0da44a7c-3443-41e4-99df-a68fe2dab10b","to":"Satvik_d058ffea-766a-47b5-94df-77df4a1cd163","Audio":{"timestamp":1611072856267,"packetsReceived":2425,"packetsLost":0},"Type":"inbound-rtp","Video":{"timestamp":1611072856267,"packetsReceived":64,"packetsLost":0}},{"from":"Ruchika_0da44a7c-3443-41e4-99df-a68fe2dab10b","to":"Satvik_d058ffea-766a-47b5-94df-77df4a1cd163","Audio":{"timestamp":1611072856267,"packetsReceived":2425,"packetsLost":0},"Type":"inbound-rtp","Video":{"timestamp":1611072856267,"packetsReceived":64,"packetsLost":0}},{"from":"Ruchika_0da44a7c-3443-41e4-99df-a68fe2dab10b","to":"Satvik_d058ffea-766a-47b5-94df-77df4a1cd163","Audio":{"timestamp":1611072861266,"packetsReceived":2676,"packetsLost":0},"Type":"inbound-rtp","Video":{"timestamp":1611072861266,"packetsReceived":68,"packetsLost":0}},{"from":"Ruchika_0da44a7c-3443-41e4-99df-a68fe2dab10b","to":"Satvik_d058ffea-766a-47b5-94df-77df4a1cd163","Audio":{"timestamp":1611072861266,"packetsReceived":2676,"packetsLost":0},"Type":"inbound-rtp","Video":{"timestamp":1611072861266,"packetsReceived":68,"packetsLost":0}},{"from":"Ruchika_0da44a7c-3443-41e4-99df-a68fe2dab10b","to":"Satvik_d058ffea-766a-47b5-94df-77df4a1cd163","Audio":{"timestamp":1611072866267,"packetsReceived":2926,"packetsLost":0},"Type":"inbound-rtp","Video":{"timestamp":1611072866267,"packetsReceived":73,"packetsLost":0}},{"from":"Ruchika_0da44a7c-3443-41e4-99df-a68fe2dab10b","to":"Satvik_d058ffea-766a-47b5-94df-77df4a1cd163","Audio":{"timestamp":1611072866267,"packetsReceived":2926,"packetsLost":0},"Type":"inbound-rtp","Video":{"timestamp":1611072866267,"packetsReceived":73,"packetsLost":0}},{"from":"Ruchika_0da44a7c-3443-41e4-99df-a68fe2dab10b","to":"Satvik_d058ffea-766a-47b5-94df-77df4a1cd163","Audio":{"timestamp":1611072871267,"packetsReceived":3176,"packetsLost":0},"Type":"inbound-rtp","Video":{"timestamp":1611072871267,"packetsReceived":78,"packetsLost":0}},{"from":"Ruchika_0da44a7c-3443-41e4-99df-a68fe2dab10b","to":"Satvik_d058ffea-766a-47b5-94df-77df4a1cd163","Audio":{"timestamp":1611072871267,"packetsReceived":3176,"packetsLost":0},"Type":"inbound-rtp","Video":{"timestamp":1611072871267,"packetsReceived":78,"packetsLost":0}},{"from":"Ruchika_0da44a7c-3443-41e4-99df-a68fe2dab10b","to":"Satvik_d058ffea-766a-47b5-94df-77df4a1cd163","Audio":{"timestamp":1611072876267,"packetsReceived":3426,"packetsLost":0},"Type":"inbound-rtp","Video":{"timestamp":1611072876267,"packetsReceived":82,"packetsLost":0}},{"from":"Ruchika_0da44a7c-3443-41e4-99df-a68fe2dab10b","to":"Satvik_d058ffea-766a-47b5-94df-77df4a1cd163","Audio":{"timestamp":1611072876267,"packetsReceived":3426,"packetsLost":0},"Type":"inbound-rtp","Video":{"timestamp":1611072876267,"packetsReceived":82,"packetsLost":0}},{"from":"Ruchika_0da44a7c-3443-41e4-99df-a68fe2dab10b","to":"Satvik_d058ffea-766a-47b5-94df-77df4a1cd163","Audio":{"timestamp":1611072881266,"packetsReceived":3676,"packetsLost":0},"Type":"inbound-rtp","Video":{"timestamp":1611072881266,"packetsReceived":127,"packetsLost":0}},{"from":"Ruchika_0da44a7c-3443-41e4-99df-a68fe2dab10b","to":"Satvik_d058ffea-766a-47b5-94df-77df4a1cd163","Audio":{"timestamp":1611072881266,"packetsReceived":3676,"packetsLost":0},"Type":"inbound-rtp","Video":{"timestamp":1611072881266,"packetsReceived":127,"packetsLost":0}},{"from":"Ruchika_0da44a7c-3443-41e4-99df-a68fe2dab10b","to":"Satvik_d058ffea-766a-47b5-94df-77df4a1cd163","Audio":{"timestamp":1611072886267,"packetsReceived":3925,"packetsLost":0},"Type":"inbound-rtp","Video":{"timestamp":1611072886267,"packetsReceived":132,"packetsLost":0}},{"from":"Ruchika_0da44a7c-3443-41e4-99df-a68fe2dab10b","to":"Satvik_d058ffea-766a-47b5-94df-77df4a1cd163","Audio":{"timestamp":1611072886267,"packetsReceived":3925,"packetsLost":0},"Type":"inbound-rtp","Video":{"timestamp":1611072886267,"packetsReceived":132,"packetsLost":0}},{"from":"Ruchika_0da44a7c-3443-41e4-99df-a68fe2dab10b","to":"Satvik_d058ffea-766a-47b5-94df-77df4a1cd163","Audio":{"timestamp":1611072891267,"packetsReceived":4176,"packetsLost":0},"Type":"inbound-rtp","Video":{"timestamp":1611072891267,"packetsReceived":138,"packetsLost":0}},{"from":"Ruchika_0da44a7c-3443-41e4-99df-a68fe2dab10b","to":"Satvik_d058ffea-766a-47b5-94df-77df4a1cd163","Audio":{"timestamp":1611072891267,"packetsReceived":4176,"packetsLost":0},"Type":"inbound-rtp","Video":{"timestamp":1611072891267,"packetsReceived":138,"packetsLost":0}},{"from":"Ruchika_0da44a7c-3443-41e4-99df-a68fe2dab10b","to":"Satvik_d058ffea-766a-47b5-94df-77df4a1cd163","Audio":{"timestamp":1611072896267,"packetsReceived":4426,"packetsLost":0},"Type":"inbound-rtp","Video":{"timestamp":1611072896267,"packetsReceived":143,"packetsLost":0}},{"from":"Ruchika_0da44a7c-3443-41e4-99df-a68fe2dab10b","to":"Satvik_d058ffea-766a-47b5-94df-77df4a1cd163","Audio":{"timestamp":1611072896267,"packetsReceived":4426,"packetsLost":0},"Type":"inbound-rtp","Video":{"timestamp":1611072896267,"packetsReceived":143,"packetsLost":0}},{"from":"Ruchika_0da44a7c-3443-41e4-99df-a68fe2dab10b","to":"Satvik_d058ffea-766a-47b5-94df-77df4a1cd163","Audio":{"timestamp":1611072901267,"packetsReceived":4675,"packetsLost":0},"Type":"inbound-rtp","Video":{"timestamp":1611072901267,"packetsReceived":148,"packetsLost":0}},{"from":"Ruchika_0da44a7c-3443-41e4-99df-a68fe2dab10b","to":"Satvik_d058ffea-766a-47b5-94df-77df4a1cd163","Audio":{"timestamp":1611072901267,"packetsReceived":4675,"packetsLost":0},"Type":"inbound-rtp","Video":{"timestamp":1611072901267,"packetsReceived":148,"packetsLost":0}},{"from":"Ruchika_0da44a7c-3443-41e4-99df-a68fe2dab10b","to":"Satvik_d058ffea-766a-47b5-94df-77df4a1cd163","Audio":{"timestamp":1611072906267,"packetsReceived":4925,"packetsLost":0},"Type":"inbound-rtp","Video":{"timestamp":1611072906267,"packetsReceived":152,"packetsLost":0}},{"from":"Ruchika_0da44a7c-3443-41e4-99df-a68fe2dab10b","to":"Satvik_d058ffea-766a-47b5-94df-77df4a1cd163","Audio":{"timestamp":1611072906267,"packetsReceived":4925,"packetsLost":0},"Type":"inbound-rtp","Video":{"timestamp":1611072906267,"packetsReceived":152,"packetsLost":0}},{"from":"Ruchika_0da44a7c-3443-41e4-99df-a68fe2dab10b","to":"Satvik_d058ffea-766a-47b5-94df-77df4a1cd163","Audio":{"timestamp":1611072911267,"packetsReceived":5176,"packetsLost":0},"Type":"inbound-rtp","Video":{"timestamp":1611072911267,"packetsReceived":158,"packetsLost":0}},{"from":"Ruchika_0da44a7c-3443-41e4-99df-a68fe2dab10b","to":"Satvik_d058ffea-766a-47b5-94df-77df4a1cd163","Audio":{"timestamp":1611072911267,"packetsReceived":5176,"packetsLost":0},"Type":"inbound-rtp","Video":{"timestamp":1611072911267,"packetsReceived":158,"packetsLost":0}},{"from":"Ruchika_0da44a7c-3443-41e4-99df-a68fe2dab10b","to":"Satvik_d058ffea-766a-47b5-94df-77df4a1cd163","Audio":{"timestamp":1611072916267,"packetsReceived":5426,"packetsLost":0},"Type":"inbound-rtp","Video":{"timestamp":1611072916267,"packetsReceived":164,"packetsLost":0}},{"from":"Ruchika_0da44a7c-3443-41e4-99df-a68fe2dab10b","to":"Satvik_d058ffea-766a-47b5-94df-77df4a1cd163","Audio":{"timestamp":1611072916267,"packetsReceived":5426,"packetsLost":0},"Type":"inbound-rtp","Video":{"timestamp":1611072916267,"packetsReceived":164,"packetsLost":0}},{"from":"Ruchika_0da44a7c-3443-41e4-99df-a68fe2dab10b","to":"Satvik_d058ffea-766a-47b5-94df-77df4a1cd163","Audio":{"timestamp":1611072921267,"packetsReceived":5676,"packetsLost":0},"Type":"inbound-rtp","Video":{"timestamp":1611072921267,"packetsReceived":197,"packetsLost":0}},{"from":"Ruchika_0da44a7c-3443-41e4-99df-a68fe2dab10b","to":"Satvik_d058ffea-766a-47b5-94df-77df4a1cd163","Audio":{"timestamp":1611072921267,"packetsReceived":5676,"packetsLost":0},"Type":"inbound-rtp","Video":{"timestamp":1611072921267,"packetsReceived":197,"packetsLost":0}},{"from":"Ruchika_0da44a7c-3443-41e4-99df-a68fe2dab10b","to":"Satvik_d058ffea-766a-47b5-94df-77df4a1cd163","Audio":{"timestamp":1611072926267,"packetsReceived":5925,"packetsLost":0},"Type":"inbound-rtp","Video":{"timestamp":1611072926267,"packetsReceived":206,"packetsLost":0}},{"from":"Ruchika_0da44a7c-3443-41e4-99df-a68fe2dab10b","to":"Satvik_d058ffea-766a-47b5-94df-77df4a1cd163","Audio":{"timestamp":1611072926267,"packetsReceived":5925,"packetsLost":0},"Type":"inbound-rtp","Video":{"timestamp":1611072926267,"packetsReceived":206,"packetsLost":0}},{"from":"Ruchika_0da44a7c-3443-41e4-99df-a68fe2dab10b","to":"Satvik_d058ffea-766a-47b5-94df-77df4a1cd163","Audio":{"timestamp":1611072931267,"packetsReceived":6175,"packetsLost":0},"Type":"inbound-rtp","Video":{"timestamp":1611072931267,"packetsReceived":211,"packetsLost":0}},{"from":"Ruchika_0da44a7c-3443-41e4-99df-a68fe2dab10b","to":"Satvik_d058ffea-766a-47b5-94df-77df4a1cd163","Audio":{"timestamp":1611072931267,"packetsReceived":6175,"packetsLost":0},"Type":"inbound-rtp","Video":{"timestamp":1611072931267,"packetsReceived":211,"packetsLost":0}},{"from":"Ruchika_0da44a7c-3443-41e4-99df-a68fe2dab10b","to":"Satvik_d058ffea-766a-47b5-94df-77df4a1cd163","Audio":{"timestamp":1611072936268,"packetsReceived":6426,"packetsLost":0},"Type":"inbound-rtp","Video":{"timestamp":1611072936268,"packetsReceived":215,"packetsLost":0}},{"from":"Ruchika_0da44a7c-3443-41e4-99df-a68fe2dab10b","to":"Satvik_d058ffea-766a-47b5-94df-77df4a1cd163","Audio":{"timestamp":1611072936268,"packetsReceived":6426,"packetsLost":0},"Type":"inbound-rtp","Video":{"timestamp":1611072936268,"packetsReceived":215,"packetsLost":0}},{"from":"Ruchika_0da44a7c-3443-41e4-99df-a68fe2dab10b","to":"Satvik_d058ffea-766a-47b5-94df-77df4a1cd163","Audio":{"timestamp":1611072941268,"packetsReceived":6676,"packetsLost":0},"Type":"inbound-rtp","Video":{"timestamp":1611072941268,"packetsReceived":237,"packetsLost":0}},{"from":"Ruchika_0da44a7c-3443-41e4-99df-a68fe2dab10b","to":"Satvik_d058ffea-766a-47b5-94df-77df4a1cd163","Audio":{"timestamp":1611072941268,"packetsReceived":6676,"packetsLost":0},"Type":"inbound-rtp","Video":{"timestamp":1611072941268,"packetsReceived":237,"packetsLost":0}},{"from":"Ruchika_0da44a7c-3443-41e4-99df-a68fe2dab10b","to":"Satvik_d058ffea-766a-47b5-94df-77df4a1cd163","Audio":{"timestamp":1611072946267,"packetsReceived":6926,"packetsLost":0},"Type":"inbound-rtp","Video":{"timestamp":1611072946267,"packetsReceived":283,"packetsLost":0}},{"from":"Ruchika_0da44a7c-3443-41e4-99df-a68fe2dab10b","to":"Satvik_d058ffea-766a-47b5-94df-77df4a1cd163","Audio":{"timestamp":1611072946267,"packetsReceived":6926,"packetsLost":0},"Type":"inbound-rtp","Video":{"timestamp":1611072946267,"packetsReceived":283,"packetsLost":0}},{"from":"Ruchika_0da44a7c-3443-41e4-99df-a68fe2dab10b","to":"Satvik_d058ffea-766a-47b5-94df-77df4a1cd163","Audio":{"timestamp":1611072951267,"packetsReceived":7176,"packetsLost":0},"Type":"inbound-rtp","Video":{"timestamp":1611072951267,"packetsReceived":288,"packetsLost":0}},{"from":"Ruchika_0da44a7c-3443-41e4-99df-a68fe2dab10b","to":"Satvik_d058ffea-766a-47b5-94df-77df4a1cd163","Audio":{"timestamp":1611072951267,"packetsReceived":7176,"packetsLost":0},"Type":"inbound-rtp","Video":{"timestamp":1611072951267,"packetsReceived":288,"packetsLost":0}},{"from":"Ruchika_0da44a7c-3443-41e4-99df-a68fe2dab10b","to":"Satvik_d058ffea-766a-47b5-94df-77df4a1cd163","Audio":{"timestamp":1611072956268,"packetsReceived":7425,"packetsLost":0},"Type":"inbound-rtp","Video":{"timestamp":1611072956268,"packetsReceived":292,"packetsLost":0}},{"from":"Ruchika_0da44a7c-3443-41e4-99df-a68fe2dab10b","to":"Satvik_d058ffea-766a-47b5-94df-77df4a1cd163","Audio":{"timestamp":1611072956268,"packetsReceived":7425,"packetsLost":0},"Type":"inbound-rtp","Video":{"timestamp":1611072956268,"packetsReceived":292,"packetsLost":0}},{"from":"Ruchika_0da44a7c-3443-41e4-99df-a68fe2dab10b","to":"Satvik_d058ffea-766a-47b5-94df-77df4a1cd163","Audio":{"timestamp":1611072961268,"packetsReceived":7676,"packetsLost":0},"Type":"inbound-rtp","Video":{"timestamp":1611072961268,"packetsReceived":297,"packetsLost":0}},{"from":"Ruchika_0da44a7c-3443-41e4-99df-a68fe2dab10b","to":"Satvik_d058ffea-766a-47b5-94df-77df4a1cd163","Audio":{"timestamp":1611072961268,"packetsReceived":7676,"packetsLost":0},"Type":"inbound-rtp","Video":{"timestamp":1611072961268,"packetsReceived":297,"packetsLost":0}},{"from":"Ruchika_0da44a7c-3443-41e4-99df-a68fe2dab10b","to":"Satvik_d058ffea-766a-47b5-94df-77df4a1cd163","Audio":{"timestamp":1611072966267,"packetsReceived":7925,"packetsLost":0},"Type":"inbound-rtp","Video":{"timestamp":1611072966267,"packetsReceived":302,"packetsLost":0}},{"from":"Ruchika_0da44a7c-3443-41e4-99df-a68fe2dab10b","to":"Satvik_d058ffea-766a-47b5-94df-77df4a1cd163","Audio":{"timestamp":1611072966267,"packetsReceived":7925,"packetsLost":0},"Type":"inbound-rtp","Video":{"timestamp":1611072966267,"packetsReceived":302,"packetsLost":0}},{"from":"Ruchika_0da44a7c-3443-41e4-99df-a68fe2dab10b","to":"Satvik_d058ffea-766a-47b5-94df-77df4a1cd163","Audio":{"timestamp":1611072971268,"packetsReceived":8176,"packetsLost":0},"Type":"inbound-rtp","Video":{"timestamp":1611072971268,"packetsReceived":306,"packetsLost":0}},{"from":"Ruchika_0da44a7c-3443-41e4-99df-a68fe2dab10b","to":"Satvik_d058ffea-766a-47b5-94df-77df4a1cd163","Audio":{"timestamp":1611072971268,"packetsReceived":8176,"packetsLost":0},"Type":"inbound-rtp","Video":{"timestamp":1611072971268,"packetsReceived":306,"packetsLost":0}},{"from":"Ruchika_0da44a7c-3443-41e4-99df-a68fe2dab10b","to":"Satvik_d058ffea-766a-47b5-94df-77df4a1cd163","Audio":{"timestamp":1611072976268,"packetsReceived":8426,"packetsLost":0},"Type":"inbound-rtp","Video":{"timestamp":1611072976268,"packetsReceived":312,"packetsLost":0}},{"from":"Ruchika_0da44a7c-3443-41e4-99df-a68fe2dab10b","to":"Satvik_d058ffea-766a-47b5-94df-77df4a1cd163","Audio":{"timestamp":1611072976268,"packetsReceived":8426,"packetsLost":0},"Type":"inbound-rtp","Video":{"timestamp":1611072976268,"packetsReceived":312,"packetsLost":0}},{"from":"Ruchika_0da44a7c-3443-41e4-99df-a68fe2dab10b","to":"Satvik_d058ffea-766a-47b5-94df-77df4a1cd163","Audio":{"timestamp":1611072981268,"packetsReceived":8675,"packetsLost":0},"Type":"inbound-rtp","Video":{"timestamp":1611072981268,"packetsReceived":317,"packetsLost":0}},{"from":"Ruchika_0da44a7c-3443-41e4-99df-a68fe2dab10b","to":"Satvik_d058ffea-766a-47b5-94df-77df4a1cd163","Audio":{"timestamp":1611072981268,"packetsReceived":8675,"packetsLost":0},"Type":"inbound-rtp","Video":{"timestamp":1611072981268,"packetsReceived":317,"packetsLost":0}},{"from":"Ruchika_0da44a7c-3443-41e4-99df-a68fe2dab10b","to":"Satvik_d058ffea-766a-47b5-94df-77df4a1cd163","Audio":{"timestamp":1611072986268,"packetsReceived":8926,"packetsLost":0},"Type":"inbound-rtp","Video":{"timestamp":1611072986268,"packetsReceived":321,"packetsLost":0}},{"from":"Ruchika_0da44a7c-3443-41e4-99df-a68fe2dab10b","to":"Satvik_d058ffea-766a-47b5-94df-77df4a1cd163","Audio":{"timestamp":1611072986268,"packetsReceived":8926,"packetsLost":0},"Type":"inbound-rtp","Video":{"timestamp":1611072986268,"packetsReceived":321,"packetsLost":0}},{"from":"Ruchika_0da44a7c-3443-41e4-99df-a68fe2dab10b","to":"Satvik_d058ffea-766a-47b5-94df-77df4a1cd163","Audio":{"timestamp":1611072991268,"packetsReceived":9176,"packetsLost":0},"Type":"inbound-rtp","Video":{"timestamp":1611072991268,"packetsReceived":326,"packetsLost":0}},{"from":"Ruchika_0da44a7c-3443-41e4-99df-a68fe2dab10b","to":"Satvik_d058ffea-766a-47b5-94df-77df4a1cd163","Audio":{"timestamp":1611072991268,"packetsReceived":9176,"packetsLost":0},"Type":"inbound-rtp","Video":{"timestamp":1611072991268,"packetsReceived":326,"packetsLost":0}},{"from":"Ruchika_0da44a7c-3443-41e4-99df-a68fe2dab10b","to":"Satvik_d058ffea-766a-47b5-94df-77df4a1cd163","Audio":{"timestamp":1611072996268,"packetsReceived":9426,"packetsLost":0},"Type":"inbound-rtp","Video":{"timestamp":1611072996268,"packetsReceived":335,"packetsLost":0}},{"from":"Ruchika_0da44a7c-3443-41e4-99df-a68fe2dab10b","to":"Satvik_d058ffea-766a-47b5-94df-77df4a1cd163","Audio":{"timestamp":1611072996268,"packetsReceived":9426,"packetsLost":0},"Type":"inbound-rtp","Video":{"timestamp":1611072996268,"packetsReceived":335,"packetsLost":0}},{"from":"Ruchika_0da44a7c-3443-41e4-99df-a68fe2dab10b","to":"Satvik_d058ffea-766a-47b5-94df-77df4a1cd163","Audio":{"timestamp":1611073001268,"packetsReceived":9676,"packetsLost":0},"Type":"inbound-rtp","Video":{"timestamp":1611073001268,"packetsReceived":339,"packetsLost":0}},{"from":"Ruchika_0da44a7c-3443-41e4-99df-a68fe2dab10b","to":"Satvik_d058ffea-766a-47b5-94df-77df4a1cd163","Audio":{"timestamp":1611073001268,"packetsReceived":9676,"packetsLost":0},"Type":"inbound-rtp","Video":{"timestamp":1611073001268,"packetsReceived":339,"packetsLost":0}},{"from":"Ruchika_0da44a7c-3443-41e4-99df-a68fe2dab10b","to":"Satvik_d058ffea-766a-47b5-94df-77df4a1cd163","Audio":{"timestamp":1611073006269,"packetsReceived":9925,"packetsLost":0},"Type":"inbound-rtp","Video":{"timestamp":1611073006269,"packetsReceived":429,"packetsLost":0}},{"from":"Ruchika_0da44a7c-3443-41e4-99df-a68fe2dab10b","to":"Satvik_d058ffea-766a-47b5-94df-77df4a1cd163","Audio":{"timestamp":1611073006269,"packetsReceived":9925,"packetsLost":0},"Type":"inbound-rtp","Video":{"timestamp":1611073006269,"packetsReceived":429,"packetsLost":0}},{"from":"Ruchika_0da44a7c-3443-41e4-99df-a68fe2dab10b","to":"Satvik_d058ffea-766a-47b5-94df-77df4a1cd163","Audio":{"timestamp":1611073011268,"packetsReceived":10175,"packetsLost":0},"Type":"inbound-rtp","Video":{"timestamp":1611073011268,"packetsReceived":449,"packetsLost":0}},{"from":"Ruchika_0da44a7c-3443-41e4-99df-a68fe2dab10b","to":"Satvik_d058ffea-766a-47b5-94df-77df4a1cd163","Audio":{"timestamp":1611073011268,"packetsReceived":10175,"packetsLost":0},"Type":"inbound-rtp","Video":{"timestamp":1611073011268,"packetsReceived":449,"packetsLost":0}},{"from":"Ruchika_0da44a7c-3443-41e4-99df-a68fe2dab10b","to":"Satvik_d058ffea-766a-47b5-94df-77df4a1cd163","Audio":{"timestamp":1611073016268,"packetsReceived":10426,"packetsLost":0},"Type":"inbound-rtp","Video":{"timestamp":1611073016268,"packetsReceived":457,"packetsLost":0}},{"from":"Ruchika_0da44a7c-3443-41e4-99df-a68fe2dab10b","to":"Satvik_d058ffea-766a-47b5-94df-77df4a1cd163","Audio":{"timestamp":1611073016268,"packetsReceived":10426,"packetsLost":0},"Type":"inbound-rtp","Video":{"timestamp":1611073016268,"packetsReceived":457,"packetsLost":0}},{"from":"Ruchika_0da44a7c-3443-41e4-99df-a68fe2dab10b","to":"Satvik_d058ffea-766a-47b5-94df-77df4a1cd163","Audio":{"timestamp":1611073021268,"packetsReceived":10676,"packetsLost":0},"Type":"inbound-rtp","Video":{"timestamp":1611073021268,"packetsReceived":467,"packetsLost":0}},{"from":"Ruchika_0da44a7c-3443-41e4-99df-a68fe2dab10b","to":"Satvik_d058ffea-766a-47b5-94df-77df4a1cd163","Audio":{"timestamp":1611073021268,"packetsReceived":10676,"packetsLost":0},"Type":"inbound-rtp","Video":{"timestamp":1611073021268,"packetsReceived":467,"packetsLost":0}},{"from":"Ruchika_0da44a7c-3443-41e4-99df-a68fe2dab10b","to":"Satvik_d058ffea-766a-47b5-94df-77df4a1cd163","Audio":{"timestamp":1611073026269,"packetsReceived":10926,"packetsLost":0},"Type":"inbound-rtp","Video":{"timestamp":1611073026269,"packetsReceived":477,"packetsLost":0}},{"from":"Ruchika_0da44a7c-3443-41e4-99df-a68fe2dab10b","to":"Satvik_d058ffea-766a-47b5-94df-77df4a1cd163","Audio":{"timestamp":1611073026269,"packetsReceived":10926,"packetsLost":0},"Type":"inbound-rtp","Video":{"timestamp":1611073026269,"packetsReceived":477,"packetsLost":0}},{"from":"Ruchika_0da44a7c-3443-41e4-99df-a68fe2dab10b","to":"Satvik_d058ffea-766a-47b5-94df-77df4a1cd163","Audio":{"timestamp":1611073031268,"packetsReceived":11176,"packetsLost":0},"Type":"inbound-rtp","Video":{"timestamp":1611073031268,"packetsReceived":485,"packetsLost":0}},{"from":"Ruchika_0da44a7c-3443-41e4-99df-a68fe2dab10b","to":"Satvik_d058ffea-766a-47b5-94df-77df4a1cd163","Audio":{"timestamp":1611073031268,"packetsReceived":11176,"packetsLost":0},"Type":"inbound-rtp","Video":{"timestamp":1611073031268,"packetsReceived":485,"packetsLost":0}},{"from":"Ruchika_0da44a7c-3443-41e4-99df-a68fe2dab10b","to":"Satvik_d058ffea-766a-47b5-94df-77df4a1cd163","Audio":{"timestamp":1611073036268,"packetsReceived":11425,"packetsLost":0},"Type":"inbound-rtp","Video":{"timestamp":1611073036268,"packetsReceived":495,"packetsLost":0}},{"from":"Ruchika_0da44a7c-3443-41e4-99df-a68fe2dab10b","to":"Satvik_d058ffea-766a-47b5-94df-77df4a1cd163","Audio":{"timestamp":1611073036268,"packetsReceived":11425,"packetsLost":0},"Type":"inbound-rtp","Video":{"timestamp":1611073036268,"packetsReceived":495,"packetsLost":0}},{"from":"Ruchika_0da44a7c-3443-41e4-99df-a68fe2dab10b","to":"Satvik_d058ffea-766a-47b5-94df-77df4a1cd163","Audio":{"timestamp":1611073041269,"packetsReceived":11676,"packetsLost":0},"Type":"inbound-rtp","Video":{"timestamp":1611073041269,"packetsReceived":505,"packetsLost":0}},{"from":"Ruchika_0da44a7c-3443-41e4-99df-a68fe2dab10b","to":"Satvik_d058ffea-766a-47b5-94df-77df4a1cd163","Audio":{"timestamp":1611073041269,"packetsReceived":11676,"packetsLost":0},"Type":"inbound-rtp","Video":{"timestamp":1611073041269,"packetsReceived":505,"packetsLost":0}},{"from":"Ruchika_0da44a7c-3443-41e4-99df-a68fe2dab10b","to":"Satvik_d058ffea-766a-47b5-94df-77df4a1cd163","Audio":{"timestamp":1611073046269,"packetsReceived":11926,"packetsLost":0},"Type":"inbound-rtp","Video":{"timestamp":1611073046269,"packetsReceived":513,"packetsLost":0}},{"from":"Ruchika_0da44a7c-3443-41e4-99df-a68fe2dab10b","to":"Satvik_d058ffea-766a-47b5-94df-77df4a1cd163","Audio":{"timestamp":1611073046269,"packetsReceived":11926,"packetsLost":0},"Type":"inbound-rtp","Video":{"timestamp":1611073046269,"packetsReceived":513,"packetsLost":0}},{"from":"Ruchika_0da44a7c-3443-41e4-99df-a68fe2dab10b","to":"Satvik_d058ffea-766a-47b5-94df-77df4a1cd163","Audio":{"timestamp":1611073051268,"packetsReceived":12176,"packetsLost":0},"Type":"inbound-rtp","Video":{"timestamp":1611073051268,"packetsReceived":523,"packetsLost":0}},{"from":"Ruchika_0da44a7c-3443-41e4-99df-a68fe2dab10b","to":"Satvik_d058ffea-766a-47b5-94df-77df4a1cd163","Audio":{"timestamp":1611073051268,"packetsReceived":12176,"packetsLost":0},"Type":"inbound-rtp","Video":{"timestamp":1611073051268,"packetsReceived":523,"packetsLost":0}},{"from":"Ruchika_0da44a7c-3443-41e4-99df-a68fe2dab10b","to":"Satvik_d058ffea-766a-47b5-94df-77df4a1cd163","Audio":{"timestamp":1611073056268,"packetsReceived":12426,"packetsLost":0},"Type":"inbound-rtp","Video":{"timestamp":1611073056268,"packetsReceived":533,"packetsLost":0}},{"from":"Ruchika_0da44a7c-3443-41e4-99df-a68fe2dab10b","to":"Satvik_d058ffea-766a-47b5-94df-77df4a1cd163","Audio":{"timestamp":1611073056268,"packetsReceived":12426,"packetsLost":0},"Type":"inbound-rtp","Video":{"timestamp":1611073056268,"packetsReceived":533,"packetsLost":0}},{"from":"Ruchika_0da44a7c-3443-41e4-99df-a68fe2dab10b","to":"Satvik_d058ffea-766a-47b5-94df-77df4a1cd163","Audio":{"timestamp":1611073061269,"packetsReceived":12675,"packetsLost":0},"Type":"inbound-rtp","Video":{"timestamp":1611073061269,"packetsReceived":541,"packetsLost":0}},{"from":"Ruchika_0da44a7c-3443-41e4-99df-a68fe2dab10b","to":"Satvik_d058ffea-766a-47b5-94df-77df4a1cd163","Audio":{"timestamp":1611073061269,"packetsReceived":12675,"packetsLost":0},"Type":"inbound-rtp","Video":{"timestamp":1611073061269,"packetsReceived":541,"packetsLost":0}},{"from":"Ruchika_0da44a7c-3443-41e4-99df-a68fe2dab10b","to":"Satvik_d058ffea-766a-47b5-94df-77df4a1cd163","Audio":{"timestamp":1611073066269,"packetsReceived":12926,"packetsLost":0},"Type":"inbound-rtp","Video":{"timestamp":1611073066269,"packetsReceived":551,"packetsLost":0}},{"from":"Ruchika_0da44a7c-3443-41e4-99df-a68fe2dab10b","to":"Satvik_d058ffea-766a-47b5-94df-77df4a1cd163","Audio":{"timestamp":1611073066269,"packetsReceived":12926,"packetsLost":0},"Type":"inbound-rtp","Video":{"timestamp":1611073066269,"packetsReceived":551,"packetsLost":0}},{"from":"Ruchika_0da44a7c-3443-41e4-99df-a68fe2dab10b","to":"Satvik_d058ffea-766a-47b5-94df-77df4a1cd163","Audio":{"timestamp":1611073071268,"packetsReceived":13176,"packetsLost":0},"Type":"inbound-rtp","Video":{"timestamp":1611073071268,"packetsReceived":561,"packetsLost":0}},{"from":"Ruchika_0da44a7c-3443-41e4-99df-a68fe2dab10b","to":"Satvik_d058ffea-766a-47b5-94df-77df4a1cd163","Audio":{"timestamp":1611073071268,"packetsReceived":13176,"packetsLost":0},"Type":"inbound-rtp","Video":{"timestamp":1611073071268,"packetsReceived":561,"packetsLost":0}},{"from":"Ruchika_0da44a7c-3443-41e4-99df-a68fe2dab10b","to":"Satvik_d058ffea-766a-47b5-94df-77df4a1cd163","Audio":{"timestamp":1611073076269,"packetsReceived":13426,"packetsLost":0},"Type":"inbound-rtp","Video":{"timestamp":1611073076269,"packetsReceived":569,"packetsLost":0}},{"from":"Ruchika_0da44a7c-3443-41e4-99df-a68fe2dab10b","to":"Satvik_d058ffea-766a-47b5-94df-77df4a1cd163","Audio":{"timestamp":1611073076269,"packetsReceived":13426,"packetsLost":0},"Type":"inbound-rtp","Video":{"timestamp":1611073076269,"packetsReceived":569,"packetsLost":0}},{"from":"Ruchika_0da44a7c-3443-41e4-99df-a68fe2dab10b","to":"Satvik_d058ffea-766a-47b5-94df-77df4a1cd163","Audio":{"timestamp":1611073081269,"packetsReceived":13676,"packetsLost":0},"Type":"inbound-rtp","Video":{"timestamp":1611073081269,"packetsReceived":579,"packetsLost":0}},{"from":"Ruchika_0da44a7c-3443-41e4-99df-a68fe2dab10b","to":"Satvik_d058ffea-766a-47b5-94df-77df4a1cd163","Audio":{"timestamp":1611073081269,"packetsReceived":13676,"packetsLost":0},"Type":"inbound-rtp","Video":{"timestamp":1611073081269,"packetsReceived":579,"packetsLost":0}},{"from":"Ruchika_0da44a7c-3443-41e4-99df-a68fe2dab10b","to":"Satvik_d058ffea-766a-47b5-94df-77df4a1cd163","Audio":{"timestamp":1611073086269,"packetsReceived":13925,"packetsLost":0},"Type":"inbound-rtp","Video":{"timestamp":1611073086269,"packetsReceived":589,"packetsLost":0}},{"from":"Ruchika_0da44a7c-3443-41e4-99df-a68fe2dab10b","to":"Satvik_d058ffea-766a-47b5-94df-77df4a1cd163","Audio":{"timestamp":1611073086269,"packetsReceived":13925,"packetsLost":0},"Type":"inbound-rtp","Video":{"timestamp":1611073086269,"packetsReceived":589,"packetsLost":0}},{"from":"Ruchika_0da44a7c-3443-41e4-99df-a68fe2dab10b","to":"Satvik_d058ffea-766a-47b5-94df-77df4a1cd163","Audio":{"timestamp":1611073091272,"packetsReceived":14176,"packetsLost":0},"Type":"inbound-rtp","Video":{"timestamp":1611073091272,"packetsReceived":597,"packetsLost":0}},{"from":"Ruchika_0da44a7c-3443-41e4-99df-a68fe2dab10b","to":"Satvik_d058ffea-766a-47b5-94df-77df4a1cd163","Audio":{"timestamp":1611073091272,"packetsReceived":14176,"packetsLost":0},"Type":"inbound-rtp","Video":{"timestamp":1611073091272,"packetsReceived":597,"packetsLost":0}},{"from":"Ruchika_0da44a7c-3443-41e4-99df-a68fe2dab10b","to":"Satvik_d058ffea-766a-47b5-94df-77df4a1cd163","Audio":{"timestamp":1611073096269,"packetsReceived":14426,"packetsLost":0},"Type":"inbound-rtp","Video":{"timestamp":1611073096269,"packetsReceived":607,"packetsLost":0}},{"from":"Ruchika_0da44a7c-3443-41e4-99df-a68fe2dab10b","to":"Satvik_d058ffea-766a-47b5-94df-77df4a1cd163","Audio":{"timestamp":1611073096269,"packetsReceived":14426,"packetsLost":0},"Type":"inbound-rtp","Video":{"timestamp":1611073096269,"packetsReceived":607,"packetsLost":0}},{"from":"Ruchika_0da44a7c-3443-41e4-99df-a68fe2dab10b","to":"Satvik_d058ffea-766a-47b5-94df-77df4a1cd163","Audio":{"timestamp":1611073101269,"packetsReceived":14676,"packetsLost":0},"Type":"inbound-rtp","Video":{"timestamp":1611073101269,"packetsReceived":617,"packetsLost":0}},{"from":"Ruchika_0da44a7c-3443-41e4-99df-a68fe2dab10b","to":"Satvik_d058ffea-766a-47b5-94df-77df4a1cd163","Audio":{"timestamp":1611073101269,"packetsReceived":14676,"packetsLost":0},"Type":"inbound-rtp","Video":{"timestamp":1611073101269,"packetsReceived":617,"packetsLost":0}},{"from":"Ruchika_0da44a7c-3443-41e4-99df-a68fe2dab10b","to":"Satvik_d058ffea-766a-47b5-94df-77df4a1cd163","Audio":{"timestamp":1611073106269,"packetsReceived":14926,"packetsLost":0},"Type":"inbound-rtp","Video":{"timestamp":1611073106269,"packetsReceived":627,"packetsLost":0}},{"from":"Ruchika_0da44a7c-3443-41e4-99df-a68fe2dab10b","to":"Satvik_d058ffea-766a-47b5-94df-77df4a1cd163","Audio":{"timestamp":1611073106269,"packetsReceived":14926,"packetsLost":0},"Type":"inbound-rtp","Video":{"timestamp":1611073106269,"packetsReceived":627,"packetsLost":0}},{"from":"Ruchika_0da44a7c-3443-41e4-99df-a68fe2dab10b","to":"Satvik_d058ffea-766a-47b5-94df-77df4a1cd163","Audio":{"timestamp":1611073111270,"packetsReceived":15176,"packetsLost":0},"Type":"inbound-rtp","Video":{"timestamp":1611073111270,"packetsReceived":635,"packetsLost":0}},{"from":"Ruchika_0da44a7c-3443-41e4-99df-a68fe2dab10b","to":"Satvik_d058ffea-766a-47b5-94df-77df4a1cd163","Audio":{"timestamp":1611073111270,"packetsReceived":15176,"packetsLost":0},"Type":"inbound-rtp","Video":{"timestamp":1611073111270,"packetsReceived":635,"packetsLost":0}},{"from":"Ruchika_0da44a7c-3443-41e4-99df-a68fe2dab10b","to":"Satvik_d058ffea-766a-47b5-94df-77df4a1cd163","Audio":{"timestamp":1611073116269,"packetsReceived":15425,"packetsLost":0},"Type":"inbound-rtp","Video":{"timestamp":1611073116269,"packetsReceived":766,"packetsLost":0}},{"from":"Ruchika_0da44a7c-3443-41e4-99df-a68fe2dab10b","to":"Satvik_d058ffea-766a-47b5-94df-77df4a1cd163","Audio":{"timestamp":1611073116269,"packetsReceived":15425,"packetsLost":0},"Type":"inbound-rtp","Video":{"timestamp":1611073116269,"packetsReceived":766,"packetsLost":0}},{"from":"Ruchika_0da44a7c-3443-41e4-99df-a68fe2dab10b","to":"Satvik_d058ffea-766a-47b5-94df-77df4a1cd163","Audio":{"timestamp":1611073121269,"packetsReceived":15676,"packetsLost":0},"Type":"inbound-rtp","Video":{"timestamp":1611073121269,"packetsReceived":851,"packetsLost":0}},{"from":"Ruchika_0da44a7c-3443-41e4-99df-a68fe2dab10b","to":"Satvik_d058ffea-766a-47b5-94df-77df4a1cd163","Audio":{"timestamp":1611073121269,"packetsReceived":15676,"packetsLost":0},"Type":"inbound-rtp","Video":{"timestamp":1611073121269,"packetsReceived":851,"packetsLost":0}},{"from":"Ruchika_0da44a7c-3443-41e4-99df-a68fe2dab10b","to":"Satvik_d058ffea-766a-47b5-94df-77df4a1cd163","Audio":{"timestamp":1611073126269,"packetsReceived":15926,"packetsLost":0},"Type":"inbound-rtp","Video":{"timestamp":1611073126269,"packetsReceived":875,"packetsLost":0}},{"from":"Ruchika_0da44a7c-3443-41e4-99df-a68fe2dab10b","to":"Satvik_d058ffea-766a-47b5-94df-77df4a1cd163","Audio":{"timestamp":1611073126269,"packetsReceived":15926,"packetsLost":0},"Type":"inbound-rtp","Video":{"timestamp":1611073126269,"packetsReceived":875,"packetsLost":0}},{"from":"Ruchika_0da44a7c-3443-41e4-99df-a68fe2dab10b","to":"Satvik_d058ffea-766a-47b5-94df-77df4a1cd163","Audio":{"timestamp":1611073131270,"packetsReceived":16176,"packetsLost":0},"Type":"inbound-rtp","Video":{"timestamp":1611073131270,"packetsReceived":905,"packetsLost":0}},{"from":"Ruchika_0da44a7c-3443-41e4-99df-a68fe2dab10b","to":"Satvik_d058ffea-766a-47b5-94df-77df4a1cd163","Audio":{"timestamp":1611073131270,"packetsReceived":16176,"packetsLost":0},"Type":"inbound-rtp","Video":{"timestamp":1611073131270,"packetsReceived":905,"packetsLost":0}},{"from":"Ruchika_0da44a7c-3443-41e4-99df-a68fe2dab10b","to":"Satvik_d058ffea-766a-47b5-94df-77df4a1cd163","Audio":{"timestamp":1611073136269,"packetsReceived":16426,"packetsLost":0},"Type":"inbound-rtp","Video":{"timestamp":1611073136269,"packetsReceived":932,"packetsLost":0}},{"from":"Ruchika_0da44a7c-3443-41e4-99df-a68fe2dab10b","to":"Satvik_d058ffea-766a-47b5-94df-77df4a1cd163","Audio":{"timestamp":1611073136269,"packetsReceived":16426,"packetsLost":0},"Type":"inbound-rtp","Video":{"timestamp":1611073136269,"packetsReceived":932,"packetsLost":0}},{"from":"Ruchika_0da44a7c-3443-41e4-99df-a68fe2dab10b","to":"Satvik_d058ffea-766a-47b5-94df-77df4a1cd163","Audio":{"timestamp":1611073141269,"packetsReceived":16675,"packetsLost":0},"Type":"inbound-rtp","Video":{"timestamp":1611073141269,"packetsReceived":956,"packetsLost":0}},{"from":"Ruchika_0da44a7c-3443-41e4-99df-a68fe2dab10b","to":"Satvik_d058ffea-766a-47b5-94df-77df4a1cd163","Audio":{"timestamp":1611073141269,"packetsReceived":16675,"packetsLost":0},"Type":"inbound-rtp","Video":{"timestamp":1611073141269,"packetsReceived":956,"packetsLost":0}},{"from":"Ruchika_0da44a7c-3443-41e4-99df-a68fe2dab10b","to":"Satvik_d058ffea-766a-47b5-94df-77df4a1cd163","Audio":{"timestamp":1611073146270,"packetsReceived":16925,"packetsLost":0},"Type":"inbound-rtp","Video":{"timestamp":1611073146270,"packetsReceived":1056,"packetsLost":0}},{"from":"Ruchika_0da44a7c-3443-41e4-99df-a68fe2dab10b","to":"Satvik_d058ffea-766a-47b5-94df-77df4a1cd163","Audio":{"timestamp":1611073146270,"packetsReceived":16925,"packetsLost":0},"Type":"inbound-rtp","Video":{"timestamp":1611073146270,"packetsReceived":1056,"packetsLost":0}},{"from":"Ruchika_0da44a7c-3443-41e4-99df-a68fe2dab10b","to":"Satvik_d058ffea-766a-47b5-94df-77df4a1cd163","Audio":{"timestamp":1611073151270,"packetsReceived":17176,"packetsLost":0},"Type":"inbound-rtp","Video":{"timestamp":1611073151270,"packetsReceived":1217,"packetsLost":0}},{"from":"Ruchika_0da44a7c-3443-41e4-99df-a68fe2dab10b","to":"Satvik_d058ffea-766a-47b5-94df-77df4a1cd163","Audio":{"timestamp":1611073151270,"packetsReceived":17176,"packetsLost":0},"Type":"inbound-rtp","Video":{"timestamp":1611073151270,"packetsReceived":1217,"packetsLost":0}},{"from":"Ruchika_0da44a7c-3443-41e4-99df-a68fe2dab10b","to":"Satvik_d058ffea-766a-47b5-94df-77df4a1cd163","Audio":{"timestamp":1611073156270,"packetsReceived":17426,"packetsLost":0},"Type":"inbound-rtp","Video":{"timestamp":1611073156270,"packetsReceived":1678,"packetsLost":0}},{"from":"Ruchika_0da44a7c-3443-41e4-99df-a68fe2dab10b","to":"Satvik_d058ffea-766a-47b5-94df-77df4a1cd163","Audio":{"timestamp":1611073156270,"packetsReceived":17426,"packetsLost":0},"Type":"inbound-rtp","Video":{"timestamp":1611073156270,"packetsReceived":1678,"packetsLost":0}},{"from":"Ruchika_0da44a7c-3443-41e4-99df-a68fe2dab10b","to":"Satvik_d058ffea-766a-47b5-94df-77df4a1cd163","Audio":{"timestamp":1611073161270,"packetsReceived":17676,"packetsLost":0},"Type":"inbound-rtp","Video":{"timestamp":1611073161270,"packetsReceived":1997,"packetsLost":0}},{"from":"Ruchika_0da44a7c-3443-41e4-99df-a68fe2dab10b","to":"Satvik_d058ffea-766a-47b5-94df-77df4a1cd163","Audio":{"timestamp":1611073161270,"packetsReceived":17676,"packetsLost":0},"Type":"inbound-rtp","Video":{"timestamp":1611073161270,"packetsReceived":1997,"packetsLost":0}},{"from":"Ruchika_0da44a7c-3443-41e4-99df-a68fe2dab10b","to":"Satvik_d058ffea-766a-47b5-94df-77df4a1cd163","Audio":{"timestamp":1611073166270,"packetsReceived":17925,"packetsLost":0},"Type":"inbound-rtp","Video":{"timestamp":1611073166270,"packetsReceived":2276,"packetsLost":0}},{"from":"Ruchika_0da44a7c-3443-41e4-99df-a68fe2dab10b","to":"Satvik_d058ffea-766a-47b5-94df-77df4a1cd163","Audio":{"timestamp":1611073166270,"packetsReceived":17925,"packetsLost":0},"Type":"inbound-rtp","Video":{"timestamp":1611073166270,"packetsReceived":2276,"packetsLost":0}},{"from":"Ruchika_0da44a7c-3443-41e4-99df-a68fe2dab10b","to":"Satvik_d058ffea-766a-47b5-94df-77df4a1cd163","Audio":{"timestamp":1611073171271,"packetsReceived":18176,"packetsLost":0},"Type":"inbound-rtp","Video":{"timestamp":1611073171271,"packetsReceived":2625,"packetsLost":0}},{"from":"Ruchika_0da44a7c-3443-41e4-99df-a68fe2dab10b","to":"Satvik_d058ffea-766a-47b5-94df-77df4a1cd163","Audio":{"timestamp":1611073171271,"packetsReceived":18176,"packetsLost":0},"Type":"inbound-rtp","Video":{"timestamp":1611073171271,"packetsReceived":2625,"packetsLost":0}},{"from":"Ruchika_0da44a7c-3443-41e4-99df-a68fe2dab10b","to":"Satvik_d058ffea-766a-47b5-94df-77df4a1cd163","Audio":{"timestamp":1611073176270,"packetsReceived":18426,"packetsLost":0},"Type":"inbound-rtp","Video":{"timestamp":1611073176270,"packetsReceived":2924,"packetsLost":0}},{"from":"Ruchika_0da44a7c-3443-41e4-99df-a68fe2dab10b","to":"Satvik_d058ffea-766a-47b5-94df-77df4a1cd163","Audio":{"timestamp":1611073176270,"packetsReceived":18426,"packetsLost":0},"Type":"inbound-rtp","Video":{"timestamp":1611073176270,"packetsReceived":2924,"packetsLost":0}},{"from":"Ruchika_0da44a7c-3443-41e4-99df-a68fe2dab10b","to":"Satvik_d058ffea-766a-47b5-94df-77df4a1cd163","Audio":{"timestamp":1611073181270,"packetsReceived":18676,"packetsLost":0},"Type":"inbound-rtp","Video":{"timestamp":1611073181270,"packetsReceived":3350,"packetsLost":0}},{"from":"Ruchika_0da44a7c-3443-41e4-99df-a68fe2dab10b","to":"Satvik_d058ffea-766a-47b5-94df-77df4a1cd163","Audio":{"timestamp":1611073181270,"packetsReceived":18676,"packetsLost":0},"Type":"inbound-rtp","Video":{"timestamp":1611073181270,"packetsReceived":3350,"packetsLost":0}},{"from":"Ruchika_0da44a7c-3443-41e4-99df-a68fe2dab10b","to":"Satvik_d058ffea-766a-47b5-94df-77df4a1cd163","Audio":{"timestamp":1611073186270,"packetsReceived":18926,"packetsLost":0},"Type":"inbound-rtp","Video":{"timestamp":1611073186270,"packetsReceived":3822,"packetsLost":0}},{"from":"Ruchika_0da44a7c-3443-41e4-99df-a68fe2dab10b","to":"Satvik_d058ffea-766a-47b5-94df-77df4a1cd163","Audio":{"timestamp":1611073186270,"packetsReceived":18926,"packetsLost":0},"Type":"inbound-rtp","Video":{"timestamp":1611073186270,"packetsReceived":3822,"packetsLost":0}},{"from":"Ruchika_0da44a7c-3443-41e4-99df-a68fe2dab10b","to":"Satvik_d058ffea-766a-47b5-94df-77df4a1cd163","Audio":{"timestamp":1611073191270,"packetsReceived":19176,"packetsLost":0},"Type":"inbound-rtp","Video":{"timestamp":1611073191270,"packetsReceived":4476,"packetsLost":0}},{"from":"Ruchika_0da44a7c-3443-41e4-99df-a68fe2dab10b","to":"Satvik_d058ffea-766a-47b5-94df-77df4a1cd163","Audio":{"timestamp":1611073191270,"packetsReceived":19176,"packetsLost":0},"Type":"inbound-rtp","Video":{"timestamp":1611073191270,"packetsReceived":4476,"packetsLost":0}},{"from":"Ruchika_0da44a7c-3443-41e4-99df-a68fe2dab10b","to":"Satvik_d058ffea-766a-47b5-94df-77df4a1cd163","Audio":{"timestamp":1611073196270,"packetsReceived":19426,"packetsLost":0},"Type":"inbound-rtp","Video":{"timestamp":1611073196270,"packetsReceived":5084,"packetsLost":0}},{"from":"Ruchika_0da44a7c-3443-41e4-99df-a68fe2dab10b","to":"Satvik_d058ffea-766a-47b5-94df-77df4a1cd163","Audio":{"timestamp":1611073196270,"packetsReceived":19426,"packetsLost":0},"Type":"inbound-rtp","Video":{"timestamp":1611073196270,"packetsReceived":5084,"packetsLost":0}},{"from":"Ruchika_0da44a7c-3443-41e4-99df-a68fe2dab10b","to":"Satvik_d058ffea-766a-47b5-94df-77df4a1cd163","Audio":{"timestamp":1611073201270,"packetsReceived":19676,"packetsLost":0},"Type":"inbound-rtp","Video":{"timestamp":1611073201270,"packetsReceived":6068,"packetsLost":0}},{"from":"Ruchika_0da44a7c-3443-41e4-99df-a68fe2dab10b","to":"Satvik_d058ffea-766a-47b5-94df-77df4a1cd163","Audio":{"timestamp":1611073201270,"packetsReceived":19676,"packetsLost":0},"Type":"inbound-rtp","Video":{"timestamp":1611073201270,"packetsReceived":6068,"packetsLost":0}},{"from":"Ruchika_0da44a7c-3443-41e4-99df-a68fe2dab10b","to":"Satvik_d058ffea-766a-47b5-94df-77df4a1cd163","Audio":{"timestamp":1611073206270,"packetsReceived":19926,"packetsLost":0},"Type":"inbound-rtp","Video":{"timestamp":1611073206270,"packetsReceived":7121,"packetsLost":0}},{"from":"Ruchika_0da44a7c-3443-41e4-99df-a68fe2dab10b","to":"Satvik_d058ffea-766a-47b5-94df-77df4a1cd163","Audio":{"timestamp":1611073206270,"packetsReceived":19926,"packetsLost":0},"Type":"inbound-rtp","Video":{"timestamp":1611073206270,"packetsReceived":7121,"packetsLost":0}},{"from":"Ruchika_0da44a7c-3443-41e4-99df-a68fe2dab10b","to":"Satvik_d058ffea-766a-47b5-94df-77df4a1cd163","Audio":{"timestamp":1611073211270,"packetsReceived":20176,"packetsLost":0},"Type":"inbound-rtp","Video":{"timestamp":1611073211270,"packetsReceived":8164,"packetsLost":0}},{"from":"Ruchika_0da44a7c-3443-41e4-99df-a68fe2dab10b","to":"Satvik_d058ffea-766a-47b5-94df-77df4a1cd163","Audio":{"timestamp":1611073211270,"packetsReceived":20176,"packetsLost":0},"Type":"inbound-rtp","Video":{"timestamp":1611073211270,"packetsReceived":8164,"packetsLost":0}},{"from":"Ruchika_0da44a7c-3443-41e4-99df-a68fe2dab10b","to":"Satvik_d058ffea-766a-47b5-94df-77df4a1cd163","Audio":{"timestamp":1611073216271,"packetsReceived":20426,"packetsLost":0},"Type":"inbound-rtp","Video":{"timestamp":1611073216271,"packetsReceived":9422,"packetsLost":0}},{"from":"Ruchika_0da44a7c-3443-41e4-99df-a68fe2dab10b","to":"Satvik_d058ffea-766a-47b5-94df-77df4a1cd163","Audio":{"timestamp":1611073216271,"packetsReceived":20426,"packetsLost":0},"Type":"inbound-rtp","Video":{"timestamp":1611073216271,"packetsReceived":9422,"packetsLost":0}},{"from":"Ruchika_0da44a7c-3443-41e4-99df-a68fe2dab10b","to":"Satvik_d058ffea-766a-47b5-94df-77df4a1cd163","Audio":{"timestamp":1611073221270,"packetsReceived":20676,"packetsLost":0},"Type":"inbound-rtp","Video":{"timestamp":1611073221270,"packetsReceived":10882,"packetsLost":0}},{"from":"Ruchika_0da44a7c-3443-41e4-99df-a68fe2dab10b","to":"Satvik_d058ffea-766a-47b5-94df-77df4a1cd163","Audio":{"timestamp":1611073221270,"packetsReceived":20676,"packetsLost":0},"Type":"inbound-rtp","Video":{"timestamp":1611073221270,"packetsReceived":10882,"packetsLost":0}},{"from":"Ruchika_0da44a7c-3443-41e4-99df-a68fe2dab10b","to":"Satvik_d058ffea-766a-47b5-94df-77df4a1cd163","Audio":{"timestamp":1611073226270,"packetsReceived":20926,"packetsLost":0},"Type":"inbound-rtp","Video":{"timestamp":1611073226270,"packetsReceived":11761,"packetsLost":0}},{"from":"Ruchika_0da44a7c-3443-41e4-99df-a68fe2dab10b","to":"Satvik_d058ffea-766a-47b5-94df-77df4a1cd163","Audio":{"timestamp":1611073226270,"packetsReceived":20926,"packetsLost":0},"Type":"inbound-rtp","Video":{"timestamp":1611073226270,"packetsReceived":11761,"packetsLost":0}},{"from":"Ruchika_0da44a7c-3443-41e4-99df-a68fe2dab10b","to":"Satvik_d058ffea-766a-47b5-94df-77df4a1cd163","Audio":{"timestamp":1611073231271,"packetsReceived":21176,"packetsLost":0},"Type":"inbound-rtp","Video":{"timestamp":1611073231271,"packetsReceived":12745,"packetsLost":0}},{"from":"Ruchika_0da44a7c-3443-41e4-99df-a68fe2dab10b","to":"Satvik_d058ffea-766a-47b5-94df-77df4a1cd163","Audio":{"timestamp":1611073231271,"packetsReceived":21176,"packetsLost":0},"Type":"inbound-rtp","Video":{"timestamp":1611073231271,"packetsReceived":12745,"packetsLost":0}},{"from":"Ruchika_0da44a7c-3443-41e4-99df-a68fe2dab10b","to":"Satvik_d058ffea-766a-47b5-94df-77df4a1cd163","Audio":{"timestamp":1611073236271,"packetsReceived":21426,"packetsLost":0},"Type":"inbound-rtp","Video":{"timestamp":1611073236271,"packetsReceived":13767,"packetsLost":0}},{"from":"Ruchika_0da44a7c-3443-41e4-99df-a68fe2dab10b","to":"Satvik_d058ffea-766a-47b5-94df-77df4a1cd163","Audio":{"timestamp":1611073236271,"packetsReceived":21426,"packetsLost":0},"Type":"inbound-rtp","Video":{"timestamp":1611073236271,"packetsReceived":13767,"packetsLost":0}},{"from":"Ruchika_0da44a7c-3443-41e4-99df-a68fe2dab10b","to":"Satvik_d058ffea-766a-47b5-94df-77df4a1cd163","Audio":{"timestamp":1611073241271,"packetsReceived":21676,"packetsLost":0},"Type":"inbound-rtp","Video":{"timestamp":1611073241271,"packetsReceived":14897,"packetsLost":0}},{"from":"Ruchika_0da44a7c-3443-41e4-99df-a68fe2dab10b","to":"Satvik_d058ffea-766a-47b5-94df-77df4a1cd163","Audio":{"timestamp":1611073241271,"packetsReceived":21676,"packetsLost":0},"Type":"inbound-rtp","Video":{"timestamp":1611073241271,"packetsReceived":14897,"packetsLost":0}},{"from":"Ruchika_0da44a7c-3443-41e4-99df-a68fe2dab10b","to":"Satvik_d058ffea-766a-47b5-94df-77df4a1cd163","Audio":{"timestamp":1611073246270,"packetsReceived":21926,"packetsLost":0},"Type":"inbound-rtp","Video":{"timestamp":1611073246270,"packetsReceived":15881,"packetsLost":0}},{"from":"Ruchika_0da44a7c-3443-41e4-99df-a68fe2dab10b","to":"Satvik_d058ffea-766a-47b5-94df-77df4a1cd163","Audio":{"timestamp":1611073246270,"packetsReceived":21926,"packetsLost":0},"Type":"inbound-rtp","Video":{"timestamp":1611073246270,"packetsReceived":15881,"packetsLost":0}},{"from":"Ruchika_0da44a7c-3443-41e4-99df-a68fe2dab10b","to":"Satvik_d058ffea-766a-47b5-94df-77df4a1cd163","Audio":{"timestamp":1611073251271,"packetsReceived":22176,"packetsLost":0},"Type":"inbound-rtp","Video":{"timestamp":1611073251271,"packetsReceived":16791,"packetsLost":0}},{"from":"Ruchika_0da44a7c-3443-41e4-99df-a68fe2dab10b","to":"Satvik_d058ffea-766a-47b5-94df-77df4a1cd163","Audio":{"timestamp":1611073251271,"packetsReceived":22176,"packetsLost":0},"Type":"inbound-rtp","Video":{"timestamp":1611073251271,"packetsReceived":16791,"packetsLost":0}},{"from":"Ruchika_0da44a7c-3443-41e4-99df-a68fe2dab10b","to":"Satvik_d058ffea-766a-47b5-94df-77df4a1cd163","Audio":{"timestamp":1611073256271,"packetsReceived":22426,"packetsLost":0},"Type":"inbound-rtp","Video":{"timestamp":1611073256271,"packetsReceived":17687,"packetsLost":0}},{"from":"Ruchika_0da44a7c-3443-41e4-99df-a68fe2dab10b","to":"Satvik_d058ffea-766a-47b5-94df-77df4a1cd163","Audio":{"timestamp":1611073256271,"packetsReceived":22426,"packetsLost":0},"Type":"inbound-rtp","Video":{"timestamp":1611073256271,"packetsReceived":17687,"packetsLost":0}},{"from":"Ruchika_0da44a7c-3443-41e4-99df-a68fe2dab10b","to":"Satvik_d058ffea-766a-47b5-94df-77df4a1cd163","Audio":{"timestamp":1611073261271,"packetsReceived":22676,"packetsLost":0},"Type":"inbound-rtp","Video":{"timestamp":1611073261271,"packetsReceived":18694,"packetsLost":0}},{"from":"Ruchika_0da44a7c-3443-41e4-99df-a68fe2dab10b","to":"Satvik_d058ffea-766a-47b5-94df-77df4a1cd163","Audio":{"timestamp":1611073261271,"packetsReceived":22676,"packetsLost":0},"Type":"inbound-rtp","Video":{"timestamp":1611073261271,"packetsReceived":18694,"packetsLost":0}},{"from":"Ruchika_0da44a7c-3443-41e4-99df-a68fe2dab10b","to":"Satvik_d058ffea-766a-47b5-94df-77df4a1cd163","Audio":{"timestamp":1611073266271,"packetsReceived":22926,"packetsLost":0},"Type":"inbound-rtp","Video":{"timestamp":1611073266271,"packetsReceived":19601,"packetsLost":0}},{"from":"Ruchika_0da44a7c-3443-41e4-99df-a68fe2dab10b","to":"Satvik_d058ffea-766a-47b5-94df-77df4a1cd163","Audio":{"timestamp":1611073266271,"packetsReceived":22926,"packetsLost":0},"Type":"inbound-rtp","Video":{"timestamp":1611073266271,"packetsReceived":19601,"packetsLost":0}},{"from":"Ruchika_0da44a7c-3443-41e4-99df-a68fe2dab10b","to":"Satvik_d058ffea-766a-47b5-94df-77df4a1cd163","Audio":{"timestamp":1611073271271,"packetsReceived":23176,"packetsLost":0},"Type":"inbound-rtp","Video":{"timestamp":1611073271271,"packetsReceived":20579,"packetsLost":0}},{"from":"Ruchika_0da44a7c-3443-41e4-99df-a68fe2dab10b","to":"Satvik_d058ffea-766a-47b5-94df-77df4a1cd163","Audio":{"timestamp":1611073271271,"packetsReceived":23176,"packetsLost":0},"Type":"inbound-rtp","Video":{"timestamp":1611073271271,"packetsReceived":20579,"packetsLost":0}},{"from":"Ruchika_0da44a7c-3443-41e4-99df-a68fe2dab10b","to":"Satvik_d058ffea-766a-47b5-94df-77df4a1cd163","Audio":{"timestamp":1611073276271,"packetsReceived":23425,"packetsLost":0},"Type":"inbound-rtp","Video":{"timestamp":1611073276271,"packetsReceived":21728,"packetsLost":0}},{"from":"Ruchika_0da44a7c-3443-41e4-99df-a68fe2dab10b","to":"Satvik_d058ffea-766a-47b5-94df-77df4a1cd163","Audio":{"timestamp":1611073276271,"packetsReceived":23425,"packetsLost":0},"Type":"inbound-rtp","Video":{"timestamp":1611073276271,"packetsReceived":21728,"packetsLost":0}},{"from":"Ruchika_0da44a7c-3443-41e4-99df-a68fe2dab10b","to":"Satvik_d058ffea-766a-47b5-94df-77df4a1cd163","Audio":{"timestamp":1611073281271,"packetsReceived":23676,"packetsLost":0},"Type":"inbound-rtp","Video":{"timestamp":1611073281271,"packetsReceived":22754,"packetsLost":0}},{"from":"Ruchika_0da44a7c-3443-41e4-99df-a68fe2dab10b","to":"Satvik_d058ffea-766a-47b5-94df-77df4a1cd163","Audio":{"timestamp":1611073281271,"packetsReceived":23676,"packetsLost":0},"Type":"inbound-rtp","Video":{"timestamp":1611073281271,"packetsReceived":22754,"packetsLost":0}},{"from":"Ruchika_0da44a7c-3443-41e4-99df-a68fe2dab10b","to":"Satvik_d058ffea-766a-47b5-94df-77df4a1cd163","Audio":{"timestamp":1611073286271,"packetsReceived":23926,"packetsLost":0},"Type":"inbound-rtp","Video":{"timestamp":1611073286271,"packetsReceived":23687,"packetsLost":0}},{"from":"Ruchika_0da44a7c-3443-41e4-99df-a68fe2dab10b","to":"Satvik_d058ffea-766a-47b5-94df-77df4a1cd163","Audio":{"timestamp":1611073286271,"packetsReceived":23926,"packetsLost":0},"Type":"inbound-rtp","Video":{"timestamp":1611073286271,"packetsReceived":23687,"packetsLost":0}},{"from":"Ruchika_0da44a7c-3443-41e4-99df-a68fe2dab10b","to":"Satvik_d058ffea-766a-47b5-94df-77df4a1cd163","Audio":{"timestamp":1611073291271,"packetsReceived":24176,"packetsLost":0},"Type":"inbound-rtp","Video":{"timestamp":1611073291271,"packetsReceived":24474,"packetsLost":0}},{"from":"Ruchika_0da44a7c-3443-41e4-99df-a68fe2dab10b","to":"Satvik_d058ffea-766a-47b5-94df-77df4a1cd163","Audio":{"timestamp":1611073291271,"packetsReceived":24176,"packetsLost":0},"Type":"inbound-rtp","Video":{"timestamp":1611073291271,"packetsReceived":24474,"packetsLost":0}},{"from":"Ruchika_0da44a7c-3443-41e4-99df-a68fe2dab10b","to":"Satvik_d058ffea-766a-47b5-94df-77df4a1cd163","Audio":{"timestamp":1611073296271,"packetsReceived":24426,"packetsLost":0},"Type":"inbound-rtp","Video":{"timestamp":1611073296271,"packetsReceived":25183,"packetsLost":0}},{"from":"Ruchika_0da44a7c-3443-41e4-99df-a68fe2dab10b","to":"Satvik_d058ffea-766a-47b5-94df-77df4a1cd163","Audio":{"timestamp":1611073296271,"packetsReceived":24426,"packetsLost":0},"Type":"inbound-rtp","Video":{"timestamp":1611073296271,"packetsReceived":25183,"packetsLost":0}},{"from":"Ruchika_0da44a7c-3443-41e4-99df-a68fe2dab10b","to":"Satvik_d058ffea-766a-47b5-94df-77df4a1cd163","Audio":{"timestamp":1611073301276,"packetsReceived":24676,"packetsLost":0},"Type":"inbound-rtp","Video":{"timestamp":1611073301276,"packetsReceived":26235,"packetsLost":0}},{"from":"Ruchika_0da44a7c-3443-41e4-99df-a68fe2dab10b","to":"Satvik_d058ffea-766a-47b5-94df-77df4a1cd163","Audio":{"timestamp":1611073301276,"packetsReceived":24676,"packetsLost":0},"Type":"inbound-rtp","Video":{"timestamp":1611073301276,"packetsReceived":26235,"packetsLost":0}},{"from":"Ruchika_0da44a7c-3443-41e4-99df-a68fe2dab10b","to":"Satvik_d058ffea-766a-47b5-94df-77df4a1cd163","Audio":{"timestamp":1611073306272,"packetsReceived":24926,"packetsLost":0},"Type":"inbound-rtp","Video":{"timestamp":1611073306272,"packetsReceived":26926,"packetsLost":0}},{"from":"Ruchika_0da44a7c-3443-41e4-99df-a68fe2dab10b","to":"Satvik_d058ffea-766a-47b5-94df-77df4a1cd163","Audio":{"timestamp":1611073306272,"packetsReceived":24926,"packetsLost":0},"Type":"inbound-rtp","Video":{"timestamp":1611073306272,"packetsReceived":26926,"packetsLost":0}},{"from":"Ruchika_0da44a7c-3443-41e4-99df-a68fe2dab10b","to":"Satvik_d058ffea-766a-47b5-94df-77df4a1cd163","Audio":{"timestamp":1611073311271,"packetsReceived":25176,"packetsLost":0},"Type":"inbound-rtp","Video":{"timestamp":1611073311271,"packetsReceived":27620,"packetsLost":0}},{"from":"Ruchika_0da44a7c-3443-41e4-99df-a68fe2dab10b","to":"Satvik_d058ffea-766a-47b5-94df-77df4a1cd163","Audio":{"timestamp":1611073311271,"packetsReceived":25176,"packetsLost":0},"Type":"inbound-rtp","Video":{"timestamp":1611073311271,"packetsReceived":27620,"packetsLost":0}},{"from":"Ruchika_0da44a7c-3443-41e4-99df-a68fe2dab10b","to":"Satvik_d058ffea-766a-47b5-94df-77df4a1cd163","Audio":{"timestamp":1611073316271,"packetsReceived":25426,"packetsLost":0},"Type":"inbound-rtp","Video":{"timestamp":1611073316271,"packetsReceived":28177,"packetsLost":0}},{"from":"Ruchika_0da44a7c-3443-41e4-99df-a68fe2dab10b","to":"Satvik_d058ffea-766a-47b5-94df-77df4a1cd163","Audio":{"timestamp":1611073316271,"packetsReceived":25426,"packetsLost":0},"Type":"inbound-rtp","Video":{"timestamp":1611073316271,"packetsReceived":28177,"packetsLost":0}},{"from":"Ruchika_0da44a7c-3443-41e4-99df-a68fe2dab10b","to":"Satvik_d058ffea-766a-47b5-94df-77df4a1cd163","Audio":{"timestamp":1611073321272,"packetsReceived":25676,"packetsLost":0},"Type":"inbound-rtp","Video":{"timestamp":1611073321272,"packetsReceived":28938,"packetsLost":0}},{"from":"Ruchika_0da44a7c-3443-41e4-99df-a68fe2dab10b","to":"Satvik_d058ffea-766a-47b5-94df-77df4a1cd163","Audio":{"timestamp":1611073321272,"packetsReceived":25676,"packetsLost":0},"Type":"inbound-rtp","Video":{"timestamp":1611073321272,"packetsReceived":28938,"packetsLost":0}},{"from":"Ruchika_0da44a7c-3443-41e4-99df-a68fe2dab10b","to":"Satvik_d058ffea-766a-47b5-94df-77df4a1cd163","Audio":{"timestamp":1611073325631,"packetsReceived":25894,"packetsLost":0},"Type":"inbound-rtp","Video":{"timestamp":1611073325631,"packetsReceived":29744,"packetsLost":0}},{"from":"Ruchika_0da44a7c-3443-41e4-99df-a68fe2dab10b","to":"Satvik_d058ffea-766a-47b5-94df-77df4a1cd163","Audio":{"timestamp":1611073325631,"packetsReceived":25894,"packetsLost":0},"Type":"inbound-rtp","Video":{"timestamp":1611073325631,"packetsReceived":29744,"packetsLost":0}},{"from":"Ruchika_0da44a7c-3443-41e4-99df-a68fe2dab10b","to":"Satvik_d058ffea-766a-47b5-94df-77df4a1cd163","Audio":{"timestamp":1611073330631,"packetsReceived":26144,"packetsLost":0},"Type":"inbound-rtp","Video":{"timestamp":1611073330631,"packetsReceived":29897,"packetsLost":0}},{"from":"Ruchika_0da44a7c-3443-41e4-99df-a68fe2dab10b","to":"Satvik_d058ffea-766a-47b5-94df-77df4a1cd163","Audio":{"timestamp":1611073330631,"packetsReceived":26144,"packetsLost":0},"Type":"inbound-rtp","Video":{"timestamp":1611073330631,"packetsReceived":29897,"packetsLost":0}},{"from":"Ruchika_0da44a7c-3443-41e4-99df-a68fe2dab10b","to":"Satvik_d058ffea-766a-47b5-94df-77df4a1cd163","Audio":{"timestamp":1611073335631,"packetsReceived":26394,"packetsLost":0},"Type":"inbound-rtp","Video":{"timestamp":1611073335631,"packetsReceived":30094,"packetsLost":0}},{"from":"Ruchika_0da44a7c-3443-41e4-99df-a68fe2dab10b","to":"Satvik_d058ffea-766a-47b5-94df-77df4a1cd163","Audio":{"timestamp":1611073335631,"packetsReceived":26394,"packetsLost":0},"Type":"inbound-rtp","Video":{"timestamp":1611073335631,"packetsReceived":30094,"packetsLost":0}},{"from":"Ruchika_0da44a7c-3443-41e4-99df-a68fe2dab10b","to":"Satvik_d058ffea-766a-47b5-94df-77df4a1cd163","Audio":{"timestamp":1611073340631,"packetsReceived":26644,"packetsLost":0},"Type":"inbound-rtp","Video":{"timestamp":1611073340631,"packetsReceived":30245,"packetsLost":0}},{"from":"Ruchika_0da44a7c-3443-41e4-99df-a68fe2dab10b","to":"Satvik_d058ffea-766a-47b5-94df-77df4a1cd163","Audio":{"timestamp":1611073340631,"packetsReceived":26644,"packetsLost":0},"Type":"inbound-rtp","Video":{"timestamp":1611073340631,"packetsReceived":30245,"packetsLost":0}},{"from":"Ruchika_0da44a7c-3443-41e4-99df-a68fe2dab10b","to":"Satvik_d058ffea-766a-47b5-94df-77df4a1cd163","Audio":{"timestamp":1611073345631,"packetsReceived":26894,"packetsLost":0},"Type":"inbound-rtp","Video":{"timestamp":1611073345631,"packetsReceived":30489,"packetsLost":0}},{"from":"Ruchika_0da44a7c-3443-41e4-99df-a68fe2dab10b","to":"Satvik_d058ffea-766a-47b5-94df-77df4a1cd163","Audio":{"timestamp":1611073345631,"packetsReceived":26894,"packetsLost":0},"Type":"inbound-rtp","Video":{"timestamp":1611073345631,"packetsReceived":30489,"packetsLost":0}},{"from":"Ruchika_0da44a7c-3443-41e4-99df-a68fe2dab10b","to":"Satvik_d058ffea-766a-47b5-94df-77df4a1cd163","Audio":{"timestamp":1611073350631,"packetsReceived":27144,"packetsLost":0},"Type":"inbound-rtp","Video":{"timestamp":1611073350631,"packetsReceived":30513,"packetsLost":0}},{"from":"Ruchika_0da44a7c-3443-41e4-99df-a68fe2dab10b","to":"Satvik_d058ffea-766a-47b5-94df-77df4a1cd163","Audio":{"timestamp":1611073350631,"packetsReceived":27144,"packetsLost":0},"Type":"inbound-rtp","Video":{"timestamp":1611073350631,"packetsReceived":30513,"packetsLost":0}},{"from":"Ruchika_0da44a7c-3443-41e4-99df-a68fe2dab10b","to":"Satvik_d058ffea-766a-47b5-94df-77df4a1cd163","Audio":{"timestamp":1611073355632,"packetsReceived":27394,"packetsLost":0},"Type":"inbound-rtp","Video":{"timestamp":1611073355632,"packetsReceived":30533,"packetsLost":0}},{"from":"Ruchika_0da44a7c-3443-41e4-99df-a68fe2dab10b","to":"Satvik_d058ffea-766a-47b5-94df-77df4a1cd163","Audio":{"timestamp":1611073355632,"packetsReceived":27394,"packetsLost":0},"Type":"inbound-rtp","Video":{"timestamp":1611073355632,"packetsReceived":30533,"packetsLost":0}},{"from":"Ruchika_0da44a7c-3443-41e4-99df-a68fe2dab10b","to":"Satvik_d058ffea-766a-47b5-94df-77df4a1cd163","Audio":{"timestamp":1611073360632,"packetsReceived":27644,"packetsLost":0},"Type":"inbound-rtp","Video":{"timestamp":1611073360632,"packetsReceived":30556,"packetsLost":0}},{"from":"Ruchika_0da44a7c-3443-41e4-99df-a68fe2dab10b","to":"Satvik_d058ffea-766a-47b5-94df-77df4a1cd163","Audio":{"timestamp":1611073360632,"packetsReceived":27644,"packetsLost":0},"Type":"inbound-rtp","Video":{"timestamp":1611073360632,"packetsReceived":30556,"packetsLost":0}},{"from":"Ruchika_0da44a7c-3443-41e4-99df-a68fe2dab10b","to":"Satvik_d058ffea-766a-47b5-94df-77df4a1cd163","Audio":{"timestamp":1611073365631,"packetsReceived":27894,"packetsLost":0},"Type":"inbound-rtp","Video":{"timestamp":1611073365631,"packetsReceived":30576,"packetsLost":0}},{"from":"Ruchika_0da44a7c-3443-41e4-99df-a68fe2dab10b","to":"Satvik_d058ffea-766a-47b5-94df-77df4a1cd163","Audio":{"timestamp":1611073365631,"packetsReceived":27894,"packetsLost":0},"Type":"inbound-rtp","Video":{"timestamp":1611073365631,"packetsReceived":30576,"packetsLost":0}},{"from":"Ruchika_0da44a7c-3443-41e4-99df-a68fe2dab10b","to":"Satvik_d058ffea-766a-47b5-94df-77df4a1cd163","Audio":{"timestamp":1611073370631,"packetsReceived":28144,"packetsLost":0},"Type":"inbound-rtp","Video":{"timestamp":1611073370631,"packetsReceived":30592,"packetsLost":0}},{"from":"Ruchika_0da44a7c-3443-41e4-99df-a68fe2dab10b","to":"Satvik_d058ffea-766a-47b5-94df-77df4a1cd163","Audio":{"timestamp":1611073370631,"packetsReceived":28144,"packetsLost":0},"Type":"inbound-rtp","Video":{"timestamp":1611073370631,"packetsReceived":30592,"packetsLost":0}},{"from":"Ruchika_0da44a7c-3443-41e4-99df-a68fe2dab10b","to":"Satvik_d058ffea-766a-47b5-94df-77df4a1cd163","Audio":{"timestamp":1611073375632,"packetsReceived":28394,"packetsLost":0},"Type":"inbound-rtp","Video":{"timestamp":1611073375632,"packetsReceived":30614,"packetsLost":0}},{"from":"Ruchika_0da44a7c-3443-41e4-99df-a68fe2dab10b","to":"Satvik_d058ffea-766a-47b5-94df-77df4a1cd163","Audio":{"timestamp":1611073375632,"packetsReceived":28394,"packetsLost":0},"Type":"inbound-rtp","Video":{"timestamp":1611073375632,"packetsReceived":30614,"packetsLost":0}},{"from":"Ruchika_0da44a7c-3443-41e4-99df-a68fe2dab10b","to":"Satvik_d058ffea-766a-47b5-94df-77df4a1cd163","Audio":{"timestamp":1611073380632,"packetsReceived":28644,"packetsLost":0},"Type":"inbound-rtp","Video":{"timestamp":1611073380632,"packetsReceived":30635,"packetsLost":0}},{"from":"Ruchika_0da44a7c-3443-41e4-99df-a68fe2dab10b","to":"Satvik_d058ffea-766a-47b5-94df-77df4a1cd163","Audio":{"timestamp":1611073380632,"packetsReceived":28644,"packetsLost":0},"Type":"inbound-rtp","Video":{"timestamp":1611073380632,"packetsReceived":30635,"packetsLost":0}},{"from":"Ruchika_0da44a7c-3443-41e4-99df-a68fe2dab10b","to":"Satvik_d058ffea-766a-47b5-94df-77df4a1cd163","Audio":{"timestamp":1611073385631,"packetsReceived":28894,"packetsLost":0},"Type":"inbound-rtp","Video":{"timestamp":1611073385631,"packetsReceived":30651,"packetsLost":0}},{"from":"Ruchika_0da44a7c-3443-41e4-99df-a68fe2dab10b","to":"Satvik_d058ffea-766a-47b5-94df-77df4a1cd163","Audio":{"timestamp":1611073385631,"packetsReceived":28894,"packetsLost":0},"Type":"inbound-rtp","Video":{"timestamp":1611073385631,"packetsReceived":30651,"packetsLost":0}},{"from":"Ruchika_0da44a7c-3443-41e4-99df-a68fe2dab10b","to":"Satvik_d058ffea-766a-47b5-94df-77df4a1cd163","Audio":{"timestamp":1611073390632,"packetsReceived":29144,"packetsLost":0},"Type":"inbound-rtp","Video":{"timestamp":1611073390632,"packetsReceived":30671,"packetsLost":0}},{"from":"Ruchika_0da44a7c-3443-41e4-99df-a68fe2dab10b","to":"Satvik_d058ffea-766a-47b5-94df-77df4a1cd163","Audio":{"timestamp":1611073390632,"packetsReceived":29144,"packetsLost":0},"Type":"inbound-rtp","Video":{"timestamp":1611073390632,"packetsReceived":30671,"packetsLost":0}},{"from":"Ruchika_0da44a7c-3443-41e4-99df-a68fe2dab10b","to":"Satvik_d058ffea-766a-47b5-94df-77df4a1cd163","Audio":{"timestamp":1611073395632,"packetsReceived":29394,"packetsLost":0},"Type":"inbound-rtp","Video":{"timestamp":1611073395632,"packetsReceived":30691,"packetsLost":0}},{"from":"Ruchika_0da44a7c-3443-41e4-99df-a68fe2dab10b","to":"Satvik_d058ffea-766a-47b5-94df-77df4a1cd163","Audio":{"timestamp":1611073395632,"packetsReceived":29394,"packetsLost":0},"Type":"inbound-rtp","Video":{"timestamp":1611073395632,"packetsReceived":30691,"packetsLost":0}},{"from":"Ruchika_0da44a7c-3443-41e4-99df-a68fe2dab10b","to":"Satvik_d058ffea-766a-47b5-94df-77df4a1cd163","Audio":{"timestamp":1611073400632,"packetsReceived":29644,"packetsLost":0},"Type":"inbound-rtp","Video":{"timestamp":1611073400632,"packetsReceived":30707,"packetsLost":0}},{"from":"Ruchika_0da44a7c-3443-41e4-99df-a68fe2dab10b","to":"Satvik_d058ffea-766a-47b5-94df-77df4a1cd163","Audio":{"timestamp":1611073400632,"packetsReceived":29644,"packetsLost":0},"Type":"inbound-rtp","Video":{"timestamp":1611073400632,"packetsReceived":30707,"packetsLost":0}},{"from":"Ruchika_0da44a7c-3443-41e4-99df-a68fe2dab10b","to":"Satvik_d058ffea-766a-47b5-94df-77df4a1cd163","Audio":{"timestamp":1611073405631,"packetsReceived":29894,"packetsLost":0},"Type":"inbound-rtp","Video":{"timestamp":1611073405631,"packetsReceived":30727,"packetsLost":0}},{"from":"Ruchika_0da44a7c-3443-41e4-99df-a68fe2dab10b","to":"Satvik_d058ffea-766a-47b5-94df-77df4a1cd163","Audio":{"timestamp":1611073405631,"packetsReceived":29894,"packetsLost":0},"Type":"inbound-rtp","Video":{"timestamp":1611073405631,"packetsReceived":30727,"packetsLost":0}},{"from":"Ruchika_0da44a7c-3443-41e4-99df-a68fe2dab10b","to":"Satvik_d058ffea-766a-47b5-94df-77df4a1cd163","Audio":{"timestamp":1611073410632,"packetsReceived":30144,"packetsLost":0},"Type":"inbound-rtp","Video":{"timestamp":1611073410632,"packetsReceived":30747,"packetsLost":0}},{"from":"Ruchika_0da44a7c-3443-41e4-99df-a68fe2dab10b","to":"Satvik_d058ffea-766a-47b5-94df-77df4a1cd163","Audio":{"timestamp":1611073410632,"packetsReceived":30144,"packetsLost":0},"Type":"inbound-rtp","Video":{"timestamp":1611073410632,"packetsReceived":30747,"packetsLost":0}},{"from":"Ruchika_0da44a7c-3443-41e4-99df-a68fe2dab10b","to":"Satvik_d058ffea-766a-47b5-94df-77df4a1cd163","Audio":{"timestamp":1611073415632,"packetsReceived":30394,"packetsLost":0},"Type":"inbound-rtp","Video":{"timestamp":1611073415632,"packetsReceived":30763,"packetsLost":0}},{"from":"Ruchika_0da44a7c-3443-41e4-99df-a68fe2dab10b","to":"Satvik_d058ffea-766a-47b5-94df-77df4a1cd163","Audio":{"timestamp":1611073415632,"packetsReceived":30394,"packetsLost":0},"Type":"inbound-rtp","Video":{"timestamp":1611073415632,"packetsReceived":30763,"packetsLost":0}},{"from":"Ruchika_0da44a7c-3443-41e4-99df-a68fe2dab10b","to":"Satvik_d058ffea-766a-47b5-94df-77df4a1cd163","Audio":{"timestamp":1611073420632,"packetsReceived":30644,"packetsLost":0},"Type":"inbound-rtp","Video":{"timestamp":1611073420632,"packetsReceived":30783,"packetsLost":0}},{"from":"Ruchika_0da44a7c-3443-41e4-99df-a68fe2dab10b","to":"Satvik_d058ffea-766a-47b5-94df-77df4a1cd163","Audio":{"timestamp":1611073420632,"packetsReceived":30644,"packetsLost":0},"Type":"inbound-rtp","Video":{"timestamp":1611073420632,"packetsReceived":30783,"packetsLost":0}},{"from":"Ruchika_0da44a7c-3443-41e4-99df-a68fe2dab10b","to":"Satvik_d058ffea-766a-47b5-94df-77df4a1cd163","Audio":{"timestamp":1611073425633,"packetsReceived":30894,"packetsLost":0},"Type":"inbound-rtp","Video":{"timestamp":1611073425633,"packetsReceived":30803,"packetsLost":0}},{"from":"Ruchika_0da44a7c-3443-41e4-99df-a68fe2dab10b","to":"Satvik_d058ffea-766a-47b5-94df-77df4a1cd163","Audio":{"timestamp":1611073425633,"packetsReceived":30894,"packetsLost":0},"Type":"inbound-rtp","Video":{"timestamp":1611073425633,"packetsReceived":30803,"packetsLost":0}},{"from":"Ruchika_0da44a7c-3443-41e4-99df-a68fe2dab10b","to":"Satvik_d058ffea-766a-47b5-94df-77df4a1cd163","Audio":{"timestamp":1611073430632,"packetsReceived":31144,"packetsLost":0},"Type":"inbound-rtp","Video":{"timestamp":1611073430632,"packetsReceived":30819,"packetsLost":0}},{"from":"Ruchika_0da44a7c-3443-41e4-99df-a68fe2dab10b","to":"Satvik_d058ffea-766a-47b5-94df-77df4a1cd163","Audio":{"timestamp":1611073430632,"packetsReceived":31144,"packetsLost":0},"Type":"inbound-rtp","Video":{"timestamp":1611073430632,"packetsReceived":30819,"packetsLost":0}},{"from":"Ruchika_0da44a7c-3443-41e4-99df-a68fe2dab10b","to":"Satvik_d058ffea-766a-47b5-94df-77df4a1cd163","Audio":{"timestamp":1611073435632,"packetsReceived":31394,"packetsLost":0},"Type":"inbound-rtp","Video":{"timestamp":1611073435632,"packetsReceived":30839,"packetsLost":0}},{"from":"Ruchika_0da44a7c-3443-41e4-99df-a68fe2dab10b","to":"Satvik_d058ffea-766a-47b5-94df-77df4a1cd163","Audio":{"timestamp":1611073435632,"packetsReceived":31394,"packetsLost":0},"Type":"inbound-rtp","Video":{"timestamp":1611073435632,"packetsReceived":30839,"packetsLost":0}},{"from":"Ruchika_0da44a7c-3443-41e4-99df-a68fe2dab10b","to":"Satvik_d058ffea-766a-47b5-94df-77df4a1cd163","Audio":{"timestamp":1611073441273,"packetsReceived":31676,"packetsLost":0},"Type":"inbound-rtp","Video":{"timestamp":1611073441273,"packetsReceived":30859,"packetsLost":0}},{"from":"Ruchika_0da44a7c-3443-41e4-99df-a68fe2dab10b","to":"Satvik_d058ffea-766a-47b5-94df-77df4a1cd163","Audio":{"timestamp":1611073441273,"packetsReceived":31676,"packetsLost":0},"Type":"inbound-rtp","Video":{"timestamp":1611073441273,"packetsReceived":30859,"packetsLost":0}},{"from":"Ruchika_0da44a7c-3443-41e4-99df-a68fe2dab10b","to":"Satvik_d058ffea-766a-47b5-94df-77df4a1cd163","Audio":{"timestamp":1611073446273,"packetsReceived":31926,"packetsLost":0},"Type":"inbound-rtp","Video":{"timestamp":1611073446273,"packetsReceived":30879,"packetsLost":0}},{"from":"Ruchika_0da44a7c-3443-41e4-99df-a68fe2dab10b","to":"Satvik_d058ffea-766a-47b5-94df-77df4a1cd163","Audio":{"timestamp":1611073446273,"packetsReceived":31926,"packetsLost":0},"Type":"inbound-rtp","Video":{"timestamp":1611073446273,"packetsReceived":30879,"packetsLost":0}},{"from":"Ruchika_0da44a7c-3443-41e4-99df-a68fe2dab10b","to":"Satvik_d058ffea-766a-47b5-94df-77df4a1cd163","Audio":{"timestamp":1611073450704,"packetsReceived":32148,"packetsLost":0},"Type":"inbound-rtp","Video":{"timestamp":1611073450704,"packetsReceived":30895,"packetsLost":0}},{"from":"Ruchika_0da44a7c-3443-41e4-99df-a68fe2dab10b","to":"Satvik_d058ffea-766a-47b5-94df-77df4a1cd163","Audio":{"timestamp":1611073450704,"packetsReceived":32148,"packetsLost":0},"Type":"inbound-rtp","Video":{"timestamp":1611073450704,"packetsReceived":30895,"packetsLost":0}}]}