[{"timestamp":1611072806624,"log":{"from":"server","to":"Satvik_d058ffea-766a-47b5-94df-77df4a1cd163","context":"PARENT","data":"{\"peer\":\"Ruchika_0da44a7c-3443-41e4-99df-a68fe2dab10b\"}"}},{"timestamp":1611072806624,"log":"Parent : Ruchika_0da44a7c-3443-41e4-99df-a68fe2dab10b"},{"timestamp":1611072807133,"log":{"from":"Ruchika_0da44a7c-3443-41e4-99df-a68fe2dab10b","to":"Satvik_d058ffea-766a-47b5-94df-77df4a1cd163","context":"CONNECT_ACK","data":"{\"roomID\":\"123456\"}"}},{"timestamp":1611072807133,"log":"Connection ACK from parent : Ruchika_0da44a7c-3443-41e4-99df-a68fe2dab10b"},{"timestamp":1611072807150,"log":"received sdp from peer : Ruchika_0da44a7c-3443-41e4-99df-a68fe2dab10b"},{"timestamp":1611072807158,"log":"received ice from peer : Ruchika_0da44a7c-3443-41e4-99df-a68fe2dab10b"},{"timestamp":1611072807167,"log":"received ice from peer : Ruchika_0da44a7c-3443-41e4-99df-a68fe2dab10b"},{"timestamp":1611072807172,"log":"remote stream received"},{"timestamp":1611072807173,"log":{}},{"timestamp":1611072807173,"log":"remote stream received"},{"timestamp":1611072807174,"log":{}},{"timestamp":1611072807184,"log":"created description for peer : Ruchika_0da44a7c-3443-41e4-99df-a68fe2dab10b"},{"timestamp":1611072807188,"log":"received ice from peer : Ruchika_0da44a7c-3443-41e4-99df-a68fe2dab10b"},{"timestamp":1611072807201,"log":"connection with peer Ruchika_0da44a7c-3443-41e4-99df-a68fe2dab10b checking"},{"timestamp":1611072807203,"log":"connection with peer Ruchika_0da44a7c-3443-41e4-99df-a68fe2dab10b connected"},{"timestamp":1611072807204,"log":"ice: Satvik_d058ffea-766a-47b5-94df-77df4a1cd163 to Ruchika_0da44a7c-3443-41e4-99df-a68fe2dab10b"},{"timestamp":1611072807205,"log":"ice: Satvik_d058ffea-766a-47b5-94df-77df4a1cd163 to Ruchika_0da44a7c-3443-41e4-99df-a68fe2dab10b"},{"timestamp":1611072807393,"log":"received ice from peer : Ruchika_0da44a7c-3443-41e4-99df-a68fe2dab10b"}]