[{"timestamp":1611070495036,"log":{"from":"server","to":"Niket_3f4b5e72-8ef1-46bb-89c3-44815797fac7","context":"PARENT","data":"{\"peer\":\"Rishitha_e6302e1b-3b52-4cbd-8587-66de406d16ff\"}"}},{"timestamp":1611070495036,"log":"Parent : Rishitha_e6302e1b-3b52-4cbd-8587-66de406d16ff"},{"timestamp":1611070495523,"log":{"from":"Rishitha_e6302e1b-3b52-4cbd-8587-66de406d16ff","to":"Niket_3f4b5e72-8ef1-46bb-89c3-44815797fac7","context":"CONNECT_ACK","data":"{\"roomID\":\"123456\"}"}},{"timestamp":1611070495524,"log":"Connection ACK from parent : Rishitha_e6302e1b-3b52-4cbd-8587-66de406d16ff"},{"timestamp":1611070495532,"log":"received sdp from peer : Rishitha_e6302e1b-3b52-4cbd-8587-66de406d16ff"},{"timestamp":1611070495536,"log":"received ice from peer : Rishitha_e6302e1b-3b52-4cbd-8587-66de406d16ff"},{"timestamp":1611070495546,"log":"remote stream received"},{"timestamp":1611070495547,"log":{}},{"timestamp":1611070495547,"log":"remote stream received"},{"timestamp":1611070495547,"log":{}},{"timestamp":1611070495550,"log":"received ice from peer : Rishitha_e6302e1b-3b52-4cbd-8587-66de406d16ff"},{"timestamp":1611070495557,"log":"created description for peer : Rishitha_e6302e1b-3b52-4cbd-8587-66de406d16ff"},{"timestamp":1611070495564,"log":"received ice from peer : Rishitha_e6302e1b-3b52-4cbd-8587-66de406d16ff"},{"timestamp":1611070495566,"log":"received ice from peer : Rishitha_e6302e1b-3b52-4cbd-8587-66de406d16ff"},{"timestamp":1611070495570,"log":"connection with peer Rishitha_e6302e1b-3b52-4cbd-8587-66de406d16ff checking"},{"timestamp":1611070495572,"log":"ice: Niket_3f4b5e72-8ef1-46bb-89c3-44815797fac7 to Rishitha_e6302e1b-3b52-4cbd-8587-66de406d16ff"},{"timestamp":1611070495574,"log":"connection with peer Rishitha_e6302e1b-3b52-4cbd-8587-66de406d16ff connected"},{"timestamp":1611070495574,"log":"ice: Niket_3f4b5e72-8ef1-46bb-89c3-44815797fac7 to Rishitha_e6302e1b-3b52-4cbd-8587-66de406d16ff"}]