[{"timestamp":1611070730103,"log":{"from":"server","to":"Yash_448ea016-11de-46b2-a4ba-4661c0514e66","context":"PARENT","data":"{\"peer\":\"Shivam_ebfd9c8e-51ea-48d0-b2be-0ca75bd7ae34\"}"}},{"timestamp":1611070730103,"log":"Parent : Shivam_ebfd9c8e-51ea-48d0-b2be-0ca75bd7ae34"},{"timestamp":1611070730606,"log":{"from":"Shivam_ebfd9c8e-51ea-48d0-b2be-0ca75bd7ae34","to":"Yash_448ea016-11de-46b2-a4ba-4661c0514e66","context":"CONNECT_ACK","data":"{\"roomID\":\"123456\"}"}},{"timestamp":1611070730606,"log":"Connection ACK from parent : Shivam_ebfd9c8e-51ea-48d0-b2be-0ca75bd7ae34"},{"timestamp":1611070730612,"log":"received sdp from peer : Shivam_ebfd9c8e-51ea-48d0-b2be-0ca75bd7ae34"},{"timestamp":1611070730615,"log":"received ice from peer : Shivam_ebfd9c8e-51ea-48d0-b2be-0ca75bd7ae34"},{"timestamp":1611070730618,"log":"received ice from peer : Shivam_ebfd9c8e-51ea-48d0-b2be-0ca75bd7ae34"},{"timestamp":1611070730621,"log":"remote stream received"},{"timestamp":1611070730621,"log":{}},{"timestamp":1611070730621,"log":"remote stream received"},{"timestamp":1611070730622,"log":{}},{"timestamp":1611070730625,"log":"created description for peer : Shivam_ebfd9c8e-51ea-48d0-b2be-0ca75bd7ae34"},{"timestamp":1611070730667,"log":"received ice from peer : Shivam_ebfd9c8e-51ea-48d0-b2be-0ca75bd7ae34"},{"timestamp":1611070730669,"log":"received ice from peer : Shivam_ebfd9c8e-51ea-48d0-b2be-0ca75bd7ae34"},{"timestamp":1611070730670,"log":"connection with peer Shivam_ebfd9c8e-51ea-48d0-b2be-0ca75bd7ae34 checking"},{"timestamp":1611070730671,"log":"ice: Yash_448ea016-11de-46b2-a4ba-4661c0514e66 to Shivam_ebfd9c8e-51ea-48d0-b2be-0ca75bd7ae34"},{"timestamp":1611070730704,"log":"ice: Yash_448ea016-11de-46b2-a4ba-4661c0514e66 to Shivam_ebfd9c8e-51ea-48d0-b2be-0ca75bd7ae34"},{"timestamp":1611070731010,"log":"ice: Yash_448ea016-11de-46b2-a4ba-4661c0514e66 to Shivam_ebfd9c8e-51ea-48d0-b2be-0ca75bd7ae34"},{"timestamp":1611070731010,"log":"connection with peer Shivam_ebfd9c8e-51ea-48d0-b2be-0ca75bd7ae34 connected"}]