{"Ruchika_0da44a7c-3443-41e4-99df-a68fe2dab10b":[{"from":"Ruchika_0da44a7c-3443-41e4-99df-a68fe2dab10b","to":"Vanisha_ab639a14-d202-46ab-aa83-b79157229e40","Audio":{"timestamp":1611072800167,"packetsReceived":143,"packetsLost":0},"Type":"inbound-rtp","Video":{"timestamp":1611072800167,"packetsReceived":0,"packetsLost":0}},{"from":"Ruchika_0da44a7c-3443-41e4-99df-a68fe2dab10b","to":"Vanisha_ab639a14-d202-46ab-aa83-b79157229e40","Audio":{"timestamp":1611072800167,"packetsReceived":143,"packetsLost":0},"Type":"inbound-rtp","Video":{"timestamp":1611072800167,"packetsReceived":0,"packetsLost":0}},{"from":"Ruchika_0da44a7c-3443-41e4-99df-a68fe2dab10b","to":"Vanisha_ab639a14-d202-46ab-aa83-b79157229e40","Audio":{"timestamp":1611072805167,"packetsReceived":393,"packetsLost":0},"Type":"inbound-rtp","Video":{"timestamp":1611072805167,"packetsReceived":26,"packetsLost":0}},{"from":"Ruchika_0da44a7c-3443-41e4-99df-a68fe2dab10b","to":"Vanisha_ab639a14-d202-46ab-aa83-b79157229e40","Audio":{"timestamp":1611072805167,"packetsReceived":393,"packetsLost":0},"Type":"inbound-rtp","Video":{"timestamp":1611072805167,"packetsReceived":26,"packetsLost":0}},{"from":"Ruchika_0da44a7c-3443-41e4-99df-a68fe2dab10b","to":"Vanisha_ab639a14-d202-46ab-aa83-b79157229e40","Audio":{"timestamp":1611072810167,"packetsReceived":642,"packetsLost":0},"Type":"inbound-rtp","Video":{"timestamp":1611072810167,"packetsReceived":31,"packetsLost":0}},{"from":"Ruchika_0da44a7c-3443-41e4-99df-a68fe2dab10b","to":"Vanisha_ab639a14-d202-46ab-aa83-b79157229e40","Audio":{"timestamp":1611072810167,"packetsReceived":642,"packetsLost":0},"Type":"inbound-rtp","Video":{"timestamp":1611072810167,"packetsReceived":31,"packetsLost":0}},{"from":"Ruchika_0da44a7c-3443-41e4-99df-a68fe2dab10b","to":"Vanisha_ab639a14-d202-46ab-aa83-b79157229e40","Audio":{"timestamp":1611072815167,"packetsReceived":892,"packetsLost":0},"Type":"inbound-rtp","Video":{"timestamp":1611072815167,"packetsReceived":36,"packetsLost":0}},{"from":"Ruchika_0da44a7c-3443-41e4-99df-a68fe2dab10b","to":"Vanisha_ab639a14-d202-46ab-aa83-b79157229e40","Audio":{"timestamp":1611072815167,"packetsReceived":892,"packetsLost":0},"Type":"inbound-rtp","Video":{"timestamp":1611072815167,"packetsReceived":36,"packetsLost":0}},{"from":"Ruchika_0da44a7c-3443-41e4-99df-a68fe2dab10b","to":"Vanisha_ab639a14-d202-46ab-aa83-b79157229e40","Audio":{"timestamp":1611072820167,"packetsReceived":1142,"packetsLost":0},"Type":"inbound-rtp","Video":{"timestamp":1611072820167,"packetsReceived":40,"packetsLost":0}},{"from":"Ruchika_0da44a7c-3443-41e4-99df-a68fe2dab10b","to":"Vanisha_ab639a14-d202-46ab-aa83-b79157229e40","Audio":{"timestamp":1611072820167,"packetsReceived":1142,"packetsLost":0},"Type":"inbound-rtp","Video":{"timestamp":1611072820167,"packetsReceived":40,"packetsLost":0}},{"from":"Ruchika_0da44a7c-3443-41e4-99df-a68fe2dab10b","to":"Vanisha_ab639a14-d202-46ab-aa83-b79157229e40","Audio":{"timestamp":1611072825168,"packetsReceived":1393,"packetsLost":0},"Type":"inbound-rtp","Video":{"timestamp":1611072825168,"packetsReceived":45,"packetsLost":0}},{"from":"Ruchika_0da44a7c-3443-41e4-99df-a68fe2dab10b","to":"Vanisha_ab639a14-d202-46ab-aa83-b79157229e40","Audio":{"timestamp":1611072825168,"packetsReceived":1393,"packetsLost":0},"Type":"inbound-rtp","Video":{"timestamp":1611072825168,"packetsReceived":45,"packetsLost":0}},{"from":"Ruchika_0da44a7c-3443-41e4-99df-a68fe2dab10b","to":"Vanisha_ab639a14-d202-46ab-aa83-b79157229e40","Audio":{"timestamp":1611072830168,"packetsReceived":1643,"packetsLost":0},"Type":"inbound-rtp","Video":{"timestamp":1611072830168,"packetsReceived":50,"packetsLost":0}},{"from":"Ruchika_0da44a7c-3443-41e4-99df-a68fe2dab10b","to":"Vanisha_ab639a14-d202-46ab-aa83-b79157229e40","Audio":{"timestamp":1611072830168,"packetsReceived":1643,"packetsLost":0},"Type":"inbound-rtp","Video":{"timestamp":1611072830168,"packetsReceived":50,"packetsLost":0}},{"from":"Ruchika_0da44a7c-3443-41e4-99df-a68fe2dab10b","to":"Vanisha_ab639a14-d202-46ab-aa83-b79157229e40","Audio":{"timestamp":1611072835168,"packetsReceived":1892,"packetsLost":0},"Type":"inbound-rtp","Video":{"timestamp":1611072835168,"packetsReceived":54,"packetsLost":0}},{"from":"Ruchika_0da44a7c-3443-41e4-99df-a68fe2dab10b","to":"Vanisha_ab639a14-d202-46ab-aa83-b79157229e40","Audio":{"timestamp":1611072835168,"packetsReceived":1892,"packetsLost":0},"Type":"inbound-rtp","Video":{"timestamp":1611072835168,"packetsReceived":54,"packetsLost":0}},{"from":"Ruchika_0da44a7c-3443-41e4-99df-a68fe2dab10b","to":"Vanisha_ab639a14-d202-46ab-aa83-b79157229e40","Audio":{"timestamp":1611072840167,"packetsReceived":2143,"packetsLost":0},"Type":"inbound-rtp","Video":{"timestamp":1611072840167,"packetsReceived":59,"packetsLost":0}},{"from":"Ruchika_0da44a7c-3443-41e4-99df-a68fe2dab10b","to":"Vanisha_ab639a14-d202-46ab-aa83-b79157229e40","Audio":{"timestamp":1611072840167,"packetsReceived":2143,"packetsLost":0},"Type":"inbound-rtp","Video":{"timestamp":1611072840167,"packetsReceived":59,"packetsLost":0}},{"from":"Ruchika_0da44a7c-3443-41e4-99df-a68fe2dab10b","to":"Vanisha_ab639a14-d202-46ab-aa83-b79157229e40","Audio":{"timestamp":1611072845168,"packetsReceived":2392,"packetsLost":0},"Type":"inbound-rtp","Video":{"timestamp":1611072845168,"packetsReceived":64,"packetsLost":0}},{"from":"Ruchika_0da44a7c-3443-41e4-99df-a68fe2dab10b","to":"Vanisha_ab639a14-d202-46ab-aa83-b79157229e40","Audio":{"timestamp":1611072845168,"packetsReceived":2392,"packetsLost":0},"Type":"inbound-rtp","Video":{"timestamp":1611072845168,"packetsReceived":64,"packetsLost":0}},{"from":"Ruchika_0da44a7c-3443-41e4-99df-a68fe2dab10b","to":"Vanisha_ab639a14-d202-46ab-aa83-b79157229e40","Audio":{"timestamp":1611072850168,"packetsReceived":2643,"packetsLost":0},"Type":"inbound-rtp","Video":{"timestamp":1611072850168,"packetsReceived":68,"packetsLost":0}},{"from":"Ruchika_0da44a7c-3443-41e4-99df-a68fe2dab10b","to":"Vanisha_ab639a14-d202-46ab-aa83-b79157229e40","Audio":{"timestamp":1611072850168,"packetsReceived":2643,"packetsLost":0},"Type":"inbound-rtp","Video":{"timestamp":1611072850168,"packetsReceived":68,"packetsLost":0}},{"from":"Ruchika_0da44a7c-3443-41e4-99df-a68fe2dab10b","to":"Vanisha_ab639a14-d202-46ab-aa83-b79157229e40","Audio":{"timestamp":1611072855168,"packetsReceived":2893,"packetsLost":0},"Type":"inbound-rtp","Video":{"timestamp":1611072855168,"packetsReceived":73,"packetsLost":0}},{"from":"Ruchika_0da44a7c-3443-41e4-99df-a68fe2dab10b","to":"Vanisha_ab639a14-d202-46ab-aa83-b79157229e40","Audio":{"timestamp":1611072855168,"packetsReceived":2893,"packetsLost":0},"Type":"inbound-rtp","Video":{"timestamp":1611072855168,"packetsReceived":73,"packetsLost":0}},{"from":"Ruchika_0da44a7c-3443-41e4-99df-a68fe2dab10b","to":"Vanisha_ab639a14-d202-46ab-aa83-b79157229e40","Audio":{"timestamp":1611072860169,"packetsReceived":3142,"packetsLost":0},"Type":"inbound-rtp","Video":{"timestamp":1611072860169,"packetsReceived":78,"packetsLost":0}},{"from":"Ruchika_0da44a7c-3443-41e4-99df-a68fe2dab10b","to":"Vanisha_ab639a14-d202-46ab-aa83-b79157229e40","Audio":{"timestamp":1611072860169,"packetsReceived":3142,"packetsLost":0},"Type":"inbound-rtp","Video":{"timestamp":1611072860169,"packetsReceived":78,"packetsLost":0}},{"from":"Ruchika_0da44a7c-3443-41e4-99df-a68fe2dab10b","to":"Vanisha_ab639a14-d202-46ab-aa83-b79157229e40","Audio":{"timestamp":1611072865169,"packetsReceived":3392,"packetsLost":0},"Type":"inbound-rtp","Video":{"timestamp":1611072865169,"packetsReceived":82,"packetsLost":0}},{"from":"Ruchika_0da44a7c-3443-41e4-99df-a68fe2dab10b","to":"Vanisha_ab639a14-d202-46ab-aa83-b79157229e40","Audio":{"timestamp":1611072865169,"packetsReceived":3392,"packetsLost":0},"Type":"inbound-rtp","Video":{"timestamp":1611072865169,"packetsReceived":82,"packetsLost":0}},{"from":"Ruchika_0da44a7c-3443-41e4-99df-a68fe2dab10b","to":"Vanisha_ab639a14-d202-46ab-aa83-b79157229e40","Audio":{"timestamp":1611072870169,"packetsReceived":3642,"packetsLost":0},"Type":"inbound-rtp","Video":{"timestamp":1611072870169,"packetsReceived":127,"packetsLost":0}},{"from":"Ruchika_0da44a7c-3443-41e4-99df-a68fe2dab10b","to":"Vanisha_ab639a14-d202-46ab-aa83-b79157229e40","Audio":{"timestamp":1611072870169,"packetsReceived":3642,"packetsLost":0},"Type":"inbound-rtp","Video":{"timestamp":1611072870169,"packetsReceived":127,"packetsLost":0}},{"from":"Ruchika_0da44a7c-3443-41e4-99df-a68fe2dab10b","to":"Vanisha_ab639a14-d202-46ab-aa83-b79157229e40","Audio":{"timestamp":1611072875168,"packetsReceived":3893,"packetsLost":0},"Type":"inbound-rtp","Video":{"timestamp":1611072875168,"packetsReceived":132,"packetsLost":0}},{"from":"Ruchika_0da44a7c-3443-41e4-99df-a68fe2dab10b","to":"Vanisha_ab639a14-d202-46ab-aa83-b79157229e40","Audio":{"timestamp":1611072875168,"packetsReceived":3893,"packetsLost":0},"Type":"inbound-rtp","Video":{"timestamp":1611072875168,"packetsReceived":132,"packetsLost":0}},{"from":"Ruchika_0da44a7c-3443-41e4-99df-a68fe2dab10b","to":"Vanisha_ab639a14-d202-46ab-aa83-b79157229e40","Audio":{"timestamp":1611072880169,"packetsReceived":4143,"packetsLost":0},"Type":"inbound-rtp","Video":{"timestamp":1611072880169,"packetsReceived":136,"packetsLost":0}},{"from":"Ruchika_0da44a7c-3443-41e4-99df-a68fe2dab10b","to":"Vanisha_ab639a14-d202-46ab-aa83-b79157229e40","Audio":{"timestamp":1611072880169,"packetsReceived":4143,"packetsLost":0},"Type":"inbound-rtp","Video":{"timestamp":1611072880169,"packetsReceived":136,"packetsLost":0}},{"from":"Ruchika_0da44a7c-3443-41e4-99df-a68fe2dab10b","to":"Vanisha_ab639a14-d202-46ab-aa83-b79157229e40","Audio":{"timestamp":1611072885169,"packetsReceived":4393,"packetsLost":0},"Type":"inbound-rtp","Video":{"timestamp":1611072885169,"packetsReceived":141,"packetsLost":0}},{"from":"Ruchika_0da44a7c-3443-41e4-99df-a68fe2dab10b","to":"Vanisha_ab639a14-d202-46ab-aa83-b79157229e40","Audio":{"timestamp":1611072885169,"packetsReceived":4393,"packetsLost":0},"Type":"inbound-rtp","Video":{"timestamp":1611072885169,"packetsReceived":141,"packetsLost":0}},{"from":"Ruchika_0da44a7c-3443-41e4-99df-a68fe2dab10b","to":"Vanisha_ab639a14-d202-46ab-aa83-b79157229e40","Audio":{"timestamp":1611072890169,"packetsReceived":4642,"packetsLost":0},"Type":"inbound-rtp","Video":{"timestamp":1611072890169,"packetsReceived":146,"packetsLost":0}},{"from":"Ruchika_0da44a7c-3443-41e4-99df-a68fe2dab10b","to":"Vanisha_ab639a14-d202-46ab-aa83-b79157229e40","Audio":{"timestamp":1611072890169,"packetsReceived":4642,"packetsLost":0},"Type":"inbound-rtp","Video":{"timestamp":1611072890169,"packetsReceived":146,"packetsLost":0}},{"from":"Ruchika_0da44a7c-3443-41e4-99df-a68fe2dab10b","to":"Vanisha_ab639a14-d202-46ab-aa83-b79157229e40","Audio":{"timestamp":1611072895170,"packetsReceived":4893,"packetsLost":0},"Type":"inbound-rtp","Video":{"timestamp":1611072895170,"packetsReceived":151,"packetsLost":0}},{"from":"Ruchika_0da44a7c-3443-41e4-99df-a68fe2dab10b","to":"Vanisha_ab639a14-d202-46ab-aa83-b79157229e40","Audio":{"timestamp":1611072895170,"packetsReceived":4893,"packetsLost":0},"Type":"inbound-rtp","Video":{"timestamp":1611072895170,"packetsReceived":151,"packetsLost":0}},{"from":"Ruchika_0da44a7c-3443-41e4-99df-a68fe2dab10b","to":"Vanisha_ab639a14-d202-46ab-aa83-b79157229e40","Audio":{"timestamp":1611072900170,"packetsReceived":5143,"packetsLost":0},"Type":"inbound-rtp","Video":{"timestamp":1611072900170,"packetsReceived":156,"packetsLost":0}},{"from":"Ruchika_0da44a7c-3443-41e4-99df-a68fe2dab10b","to":"Vanisha_ab639a14-d202-46ab-aa83-b79157229e40","Audio":{"timestamp":1611072900170,"packetsReceived":5143,"packetsLost":0},"Type":"inbound-rtp","Video":{"timestamp":1611072900170,"packetsReceived":156,"packetsLost":0}},{"from":"Ruchika_0da44a7c-3443-41e4-99df-a68fe2dab10b","to":"Vanisha_ab639a14-d202-46ab-aa83-b79157229e40","Audio":{"timestamp":1611072905169,"packetsReceived":5393,"packetsLost":0},"Type":"inbound-rtp","Video":{"timestamp":1611072905169,"packetsReceived":161,"packetsLost":0}},{"from":"Ruchika_0da44a7c-3443-41e4-99df-a68fe2dab10b","to":"Vanisha_ab639a14-d202-46ab-aa83-b79157229e40","Audio":{"timestamp":1611072905169,"packetsReceived":5393,"packetsLost":0},"Type":"inbound-rtp","Video":{"timestamp":1611072905169,"packetsReceived":161,"packetsLost":0}},{"from":"Ruchika_0da44a7c-3443-41e4-99df-a68fe2dab10b","to":"Vanisha_ab639a14-d202-46ab-aa83-b79157229e40","Audio":{"timestamp":1611072910169,"packetsReceived":5643,"packetsLost":0},"Type":"inbound-rtp","Video":{"timestamp":1611072910169,"packetsReceived":165,"packetsLost":0}},{"from":"Ruchika_0da44a7c-3443-41e4-99df-a68fe2dab10b","to":"Vanisha_ab639a14-d202-46ab-aa83-b79157229e40","Audio":{"timestamp":1611072910169,"packetsReceived":5643,"packetsLost":0},"Type":"inbound-rtp","Video":{"timestamp":1611072910169,"packetsReceived":165,"packetsLost":0}},{"from":"Ruchika_0da44a7c-3443-41e4-99df-a68fe2dab10b","to":"Vanisha_ab639a14-d202-46ab-aa83-b79157229e40","Audio":{"timestamp":1611072915170,"packetsReceived":5892,"packetsLost":0},"Type":"inbound-rtp","Video":{"timestamp":1611072915170,"packetsReceived":170,"packetsLost":0}},{"from":"Ruchika_0da44a7c-3443-41e4-99df-a68fe2dab10b","to":"Vanisha_ab639a14-d202-46ab-aa83-b79157229e40","Audio":{"timestamp":1611072915170,"packetsReceived":5892,"packetsLost":0},"Type":"inbound-rtp","Video":{"timestamp":1611072915170,"packetsReceived":170,"packetsLost":0}},{"from":"Ruchika_0da44a7c-3443-41e4-99df-a68fe2dab10b","to":"Vanisha_ab639a14-d202-46ab-aa83-b79157229e40","Audio":{"timestamp":1611072920170,"packetsReceived":6143,"packetsLost":0},"Type":"inbound-rtp","Video":{"timestamp":1611072920170,"packetsReceived":176,"packetsLost":0}},{"from":"Ruchika_0da44a7c-3443-41e4-99df-a68fe2dab10b","to":"Vanisha_ab639a14-d202-46ab-aa83-b79157229e40","Audio":{"timestamp":1611072920170,"packetsReceived":6143,"packetsLost":0},"Type":"inbound-rtp","Video":{"timestamp":1611072920170,"packetsReceived":176,"packetsLost":0}},{"from":"Ruchika_0da44a7c-3443-41e4-99df-a68fe2dab10b","to":"Vanisha_ab639a14-d202-46ab-aa83-b79157229e40","Audio":{"timestamp":1611072925170,"packetsReceived":6393,"packetsLost":0},"Type":"inbound-rtp","Video":{"timestamp":1611072925170,"packetsReceived":197,"packetsLost":0}},{"from":"Ruchika_0da44a7c-3443-41e4-99df-a68fe2dab10b","to":"Vanisha_ab639a14-d202-46ab-aa83-b79157229e40","Audio":{"timestamp":1611072925170,"packetsReceived":6393,"packetsLost":0},"Type":"inbound-rtp","Video":{"timestamp":1611072925170,"packetsReceived":197,"packetsLost":0}},{"from":"Ruchika_0da44a7c-3443-41e4-99df-a68fe2dab10b","to":"Vanisha_ab639a14-d202-46ab-aa83-b79157229e40","Audio":{"timestamp":1611072930171,"packetsReceived":6643,"packetsLost":0},"Type":"inbound-rtp","Video":{"timestamp":1611072930171,"packetsReceived":235,"packetsLost":0}},{"from":"Ruchika_0da44a7c-3443-41e4-99df-a68fe2dab10b","to":"Vanisha_ab639a14-d202-46ab-aa83-b79157229e40","Audio":{"timestamp":1611072930171,"packetsReceived":6643,"packetsLost":0},"Type":"inbound-rtp","Video":{"timestamp":1611072930171,"packetsReceived":235,"packetsLost":0}},{"from":"Ruchika_0da44a7c-3443-41e4-99df-a68fe2dab10b","to":"Vanisha_ab639a14-d202-46ab-aa83-b79157229e40","Audio":{"timestamp":1611072935171,"packetsReceived":6893,"packetsLost":0},"Type":"inbound-rtp","Video":{"timestamp":1611072935171,"packetsReceived":281,"packetsLost":0}},{"from":"Ruchika_0da44a7c-3443-41e4-99df-a68fe2dab10b","to":"Vanisha_ab639a14-d202-46ab-aa83-b79157229e40","Audio":{"timestamp":1611072935171,"packetsReceived":6893,"packetsLost":0},"Type":"inbound-rtp","Video":{"timestamp":1611072935171,"packetsReceived":281,"packetsLost":0}},{"from":"Ruchika_0da44a7c-3443-41e4-99df-a68fe2dab10b","to":"Vanisha_ab639a14-d202-46ab-aa83-b79157229e40","Audio":{"timestamp":1611072940170,"packetsReceived":7143,"packetsLost":0},"Type":"inbound-rtp","Video":{"timestamp":1611072940170,"packetsReceived":286,"packetsLost":0}},{"from":"Ruchika_0da44a7c-3443-41e4-99df-a68fe2dab10b","to":"Vanisha_ab639a14-d202-46ab-aa83-b79157229e40","Audio":{"timestamp":1611072940170,"packetsReceived":7143,"packetsLost":0},"Type":"inbound-rtp","Video":{"timestamp":1611072940170,"packetsReceived":286,"packetsLost":0}},{"from":"Ruchika_0da44a7c-3443-41e4-99df-a68fe2dab10b","to":"Vanisha_ab639a14-d202-46ab-aa83-b79157229e40","Audio":{"timestamp":1611072945170,"packetsReceived":7393,"packetsLost":0},"Type":"inbound-rtp","Video":{"timestamp":1611072945170,"packetsReceived":290,"packetsLost":0}},{"from":"Ruchika_0da44a7c-3443-41e4-99df-a68fe2dab10b","to":"Vanisha_ab639a14-d202-46ab-aa83-b79157229e40","Audio":{"timestamp":1611072945170,"packetsReceived":7393,"packetsLost":0},"Type":"inbound-rtp","Video":{"timestamp":1611072945170,"packetsReceived":290,"packetsLost":0}},{"from":"Ruchika_0da44a7c-3443-41e4-99df-a68fe2dab10b","to":"Vanisha_ab639a14-d202-46ab-aa83-b79157229e40","Audio":{"timestamp":1611072950171,"packetsReceived":7643,"packetsLost":0},"Type":"inbound-rtp","Video":{"timestamp":1611072950171,"packetsReceived":295,"packetsLost":0}},{"from":"Ruchika_0da44a7c-3443-41e4-99df-a68fe2dab10b","to":"Vanisha_ab639a14-d202-46ab-aa83-b79157229e40","Audio":{"timestamp":1611072950171,"packetsReceived":7643,"packetsLost":0},"Type":"inbound-rtp","Video":{"timestamp":1611072950171,"packetsReceived":295,"packetsLost":0}},{"from":"Ruchika_0da44a7c-3443-41e4-99df-a68fe2dab10b","to":"Vanisha_ab639a14-d202-46ab-aa83-b79157229e40","Audio":{"timestamp":1611072955171,"packetsReceived":7893,"packetsLost":0},"Type":"inbound-rtp","Video":{"timestamp":1611072955171,"packetsReceived":300,"packetsLost":0}},{"from":"Ruchika_0da44a7c-3443-41e4-99df-a68fe2dab10b","to":"Vanisha_ab639a14-d202-46ab-aa83-b79157229e40","Audio":{"timestamp":1611072955171,"packetsReceived":7893,"packetsLost":0},"Type":"inbound-rtp","Video":{"timestamp":1611072955171,"packetsReceived":300,"packetsLost":0}},{"from":"Ruchika_0da44a7c-3443-41e4-99df-a68fe2dab10b","to":"Vanisha_ab639a14-d202-46ab-aa83-b79157229e40","Audio":{"timestamp":1611072960171,"packetsReceived":8143,"packetsLost":0},"Type":"inbound-rtp","Video":{"timestamp":1611072960171,"packetsReceived":304,"packetsLost":0}},{"from":"Ruchika_0da44a7c-3443-41e4-99df-a68fe2dab10b","to":"Vanisha_ab639a14-d202-46ab-aa83-b79157229e40","Audio":{"timestamp":1611072960171,"packetsReceived":8143,"packetsLost":0},"Type":"inbound-rtp","Video":{"timestamp":1611072960171,"packetsReceived":304,"packetsLost":0}},{"from":"Ruchika_0da44a7c-3443-41e4-99df-a68fe2dab10b","to":"Vanisha_ab639a14-d202-46ab-aa83-b79157229e40","Audio":{"timestamp":1611072965172,"packetsReceived":8393,"packetsLost":0},"Type":"inbound-rtp","Video":{"timestamp":1611072965172,"packetsReceived":310,"packetsLost":0}},{"from":"Ruchika_0da44a7c-3443-41e4-99df-a68fe2dab10b","to":"Vanisha_ab639a14-d202-46ab-aa83-b79157229e40","Audio":{"timestamp":1611072965172,"packetsReceived":8393,"packetsLost":0},"Type":"inbound-rtp","Video":{"timestamp":1611072965172,"packetsReceived":310,"packetsLost":0}},{"from":"Ruchika_0da44a7c-3443-41e4-99df-a68fe2dab10b","to":"Vanisha_ab639a14-d202-46ab-aa83-b79157229e40","Audio":{"timestamp":1611072970171,"packetsReceived":8643,"packetsLost":0},"Type":"inbound-rtp","Video":{"timestamp":1611072970171,"packetsReceived":315,"packetsLost":0}},{"from":"Ruchika_0da44a7c-3443-41e4-99df-a68fe2dab10b","to":"Vanisha_ab639a14-d202-46ab-aa83-b79157229e40","Audio":{"timestamp":1611072970171,"packetsReceived":8643,"packetsLost":0},"Type":"inbound-rtp","Video":{"timestamp":1611072970171,"packetsReceived":315,"packetsLost":0}},{"from":"Ruchika_0da44a7c-3443-41e4-99df-a68fe2dab10b","to":"Vanisha_ab639a14-d202-46ab-aa83-b79157229e40","Audio":{"timestamp":1611072975171,"packetsReceived":8893,"packetsLost":0},"Type":"inbound-rtp","Video":{"timestamp":1611072975171,"packetsReceived":319,"packetsLost":0}},{"from":"Ruchika_0da44a7c-3443-41e4-99df-a68fe2dab10b","to":"Vanisha_ab639a14-d202-46ab-aa83-b79157229e40","Audio":{"timestamp":1611072975171,"packetsReceived":8893,"packetsLost":0},"Type":"inbound-rtp","Video":{"timestamp":1611072975171,"packetsReceived":319,"packetsLost":0}},{"from":"Ruchika_0da44a7c-3443-41e4-99df-a68fe2dab10b","to":"Vanisha_ab639a14-d202-46ab-aa83-b79157229e40","Audio":{"timestamp":1611072980171,"packetsReceived":9143,"packetsLost":0},"Type":"inbound-rtp","Video":{"timestamp":1611072980171,"packetsReceived":324,"packetsLost":0}},{"from":"Ruchika_0da44a7c-3443-41e4-99df-a68fe2dab10b","to":"Vanisha_ab639a14-d202-46ab-aa83-b79157229e40","Audio":{"timestamp":1611072980171,"packetsReceived":9143,"packetsLost":0},"Type":"inbound-rtp","Video":{"timestamp":1611072980171,"packetsReceived":324,"packetsLost":0}},{"from":"Ruchika_0da44a7c-3443-41e4-99df-a68fe2dab10b","to":"Vanisha_ab639a14-d202-46ab-aa83-b79157229e40","Audio":{"timestamp":1611072985172,"packetsReceived":9393,"packetsLost":0},"Type":"inbound-rtp","Video":{"timestamp":1611072985172,"packetsReceived":329,"packetsLost":0}},{"from":"Ruchika_0da44a7c-3443-41e4-99df-a68fe2dab10b","to":"Vanisha_ab639a14-d202-46ab-aa83-b79157229e40","Audio":{"timestamp":1611072985172,"packetsReceived":9393,"packetsLost":0},"Type":"inbound-rtp","Video":{"timestamp":1611072985172,"packetsReceived":329,"packetsLost":0}},{"from":"Ruchika_0da44a7c-3443-41e4-99df-a68fe2dab10b","to":"Vanisha_ab639a14-d202-46ab-aa83-b79157229e40","Audio":{"timestamp":1611072990172,"packetsReceived":9643,"packetsLost":0},"Type":"inbound-rtp","Video":{"timestamp":1611072990172,"packetsReceived":333,"packetsLost":0}},{"from":"Ruchika_0da44a7c-3443-41e4-99df-a68fe2dab10b","to":"Vanisha_ab639a14-d202-46ab-aa83-b79157229e40","Audio":{"timestamp":1611072990172,"packetsReceived":9643,"packetsLost":0},"Type":"inbound-rtp","Video":{"timestamp":1611072990172,"packetsReceived":333,"packetsLost":0}},{"from":"Ruchika_0da44a7c-3443-41e4-99df-a68fe2dab10b","to":"Vanisha_ab639a14-d202-46ab-aa83-b79157229e40","Audio":{"timestamp":1611072995172,"packetsReceived":9893,"packetsLost":0},"Type":"inbound-rtp","Video":{"timestamp":1611072995172,"packetsReceived":424,"packetsLost":0}},{"from":"Ruchika_0da44a7c-3443-41e4-99df-a68fe2dab10b","to":"Vanisha_ab639a14-d202-46ab-aa83-b79157229e40","Audio":{"timestamp":1611072995172,"packetsReceived":9893,"packetsLost":0},"Type":"inbound-rtp","Video":{"timestamp":1611072995172,"packetsReceived":424,"packetsLost":0}},{"from":"Ruchika_0da44a7c-3443-41e4-99df-a68fe2dab10b","to":"Vanisha_ab639a14-d202-46ab-aa83-b79157229e40","Audio":{"timestamp":1611073000173,"packetsReceived":10143,"packetsLost":0},"Type":"inbound-rtp","Video":{"timestamp":1611073000173,"packetsReceived":452,"packetsLost":0}},{"from":"Ruchika_0da44a7c-3443-41e4-99df-a68fe2dab10b","to":"Vanisha_ab639a14-d202-46ab-aa83-b79157229e40","Audio":{"timestamp":1611073000173,"packetsReceived":10143,"packetsLost":0},"Type":"inbound-rtp","Video":{"timestamp":1611073000173,"packetsReceived":452,"packetsLost":0}},{"from":"Ruchika_0da44a7c-3443-41e4-99df-a68fe2dab10b","to":"Vanisha_ab639a14-d202-46ab-aa83-b79157229e40","Audio":{"timestamp":1611073005172,"packetsReceived":10393,"packetsLost":0},"Type":"inbound-rtp","Video":{"timestamp":1611073005172,"packetsReceived":460,"packetsLost":0}},{"from":"Ruchika_0da44a7c-3443-41e4-99df-a68fe2dab10b","to":"Vanisha_ab639a14-d202-46ab-aa83-b79157229e40","Audio":{"timestamp":1611073005172,"packetsReceived":10393,"packetsLost":0},"Type":"inbound-rtp","Video":{"timestamp":1611073005172,"packetsReceived":460,"packetsLost":0}},{"from":"Ruchika_0da44a7c-3443-41e4-99df-a68fe2dab10b","to":"Vanisha_ab639a14-d202-46ab-aa83-b79157229e40","Audio":{"timestamp":1611073010172,"packetsReceived":10643,"packetsLost":0},"Type":"inbound-rtp","Video":{"timestamp":1611073010172,"packetsReceived":470,"packetsLost":0}},{"from":"Ruchika_0da44a7c-3443-41e4-99df-a68fe2dab10b","to":"Vanisha_ab639a14-d202-46ab-aa83-b79157229e40","Audio":{"timestamp":1611073010172,"packetsReceived":10643,"packetsLost":0},"Type":"inbound-rtp","Video":{"timestamp":1611073010172,"packetsReceived":470,"packetsLost":0}},{"from":"Ruchika_0da44a7c-3443-41e4-99df-a68fe2dab10b","to":"Vanisha_ab639a14-d202-46ab-aa83-b79157229e40","Audio":{"timestamp":1611073015172,"packetsReceived":10893,"packetsLost":0},"Type":"inbound-rtp","Video":{"timestamp":1611073015172,"packetsReceived":480,"packetsLost":0}},{"from":"Ruchika_0da44a7c-3443-41e4-99df-a68fe2dab10b","to":"Vanisha_ab639a14-d202-46ab-aa83-b79157229e40","Audio":{"timestamp":1611073015172,"packetsReceived":10893,"packetsLost":0},"Type":"inbound-rtp","Video":{"timestamp":1611073015172,"packetsReceived":480,"packetsLost":0}},{"from":"Ruchika_0da44a7c-3443-41e4-99df-a68fe2dab10b","to":"Vanisha_ab639a14-d202-46ab-aa83-b79157229e40","Audio":{"timestamp":1611073020173,"packetsReceived":11143,"packetsLost":0},"Type":"inbound-rtp","Video":{"timestamp":1611073020173,"packetsReceived":488,"packetsLost":0}},{"from":"Ruchika_0da44a7c-3443-41e4-99df-a68fe2dab10b","to":"Vanisha_ab639a14-d202-46ab-aa83-b79157229e40","Audio":{"timestamp":1611073020173,"packetsReceived":11143,"packetsLost":0},"Type":"inbound-rtp","Video":{"timestamp":1611073020173,"packetsReceived":488,"packetsLost":0}},{"from":"Ruchika_0da44a7c-3443-41e4-99df-a68fe2dab10b","to":"Vanisha_ab639a14-d202-46ab-aa83-b79157229e40","Audio":{"timestamp":1611073025173,"packetsReceived":11393,"packetsLost":0},"Type":"inbound-rtp","Video":{"timestamp":1611073025173,"packetsReceived":498,"packetsLost":0}},{"from":"Ruchika_0da44a7c-3443-41e4-99df-a68fe2dab10b","to":"Vanisha_ab639a14-d202-46ab-aa83-b79157229e40","Audio":{"timestamp":1611073025173,"packetsReceived":11393,"packetsLost":0},"Type":"inbound-rtp","Video":{"timestamp":1611073025173,"packetsReceived":498,"packetsLost":0}},{"from":"Ruchika_0da44a7c-3443-41e4-99df-a68fe2dab10b","to":"Vanisha_ab639a14-d202-46ab-aa83-b79157229e40","Audio":{"timestamp":1611073030173,"packetsReceived":11643,"packetsLost":0},"Type":"inbound-rtp","Video":{"timestamp":1611073030173,"packetsReceived":509,"packetsLost":0}},{"from":"Ruchika_0da44a7c-3443-41e4-99df-a68fe2dab10b","to":"Vanisha_ab639a14-d202-46ab-aa83-b79157229e40","Audio":{"timestamp":1611073030173,"packetsReceived":11643,"packetsLost":0},"Type":"inbound-rtp","Video":{"timestamp":1611073030173,"packetsReceived":509,"packetsLost":0}},{"from":"Ruchika_0da44a7c-3443-41e4-99df-a68fe2dab10b","to":"Vanisha_ab639a14-d202-46ab-aa83-b79157229e40","Audio":{"timestamp":1611073035174,"packetsReceived":11893,"packetsLost":0},"Type":"inbound-rtp","Video":{"timestamp":1611073035174,"packetsReceived":517,"packetsLost":0}},{"from":"Ruchika_0da44a7c-3443-41e4-99df-a68fe2dab10b","to":"Vanisha_ab639a14-d202-46ab-aa83-b79157229e40","Audio":{"timestamp":1611073035174,"packetsReceived":11893,"packetsLost":0},"Type":"inbound-rtp","Video":{"timestamp":1611073035174,"packetsReceived":517,"packetsLost":0}},{"from":"Ruchika_0da44a7c-3443-41e4-99df-a68fe2dab10b","to":"Vanisha_ab639a14-d202-46ab-aa83-b79157229e40","Audio":{"timestamp":1611073040173,"packetsReceived":12143,"packetsLost":0},"Type":"inbound-rtp","Video":{"timestamp":1611073040173,"packetsReceived":527,"packetsLost":0}},{"from":"Ruchika_0da44a7c-3443-41e4-99df-a68fe2dab10b","to":"Vanisha_ab639a14-d202-46ab-aa83-b79157229e40","Audio":{"timestamp":1611073040173,"packetsReceived":12143,"packetsLost":0},"Type":"inbound-rtp","Video":{"timestamp":1611073040173,"packetsReceived":527,"packetsLost":0}},{"from":"Ruchika_0da44a7c-3443-41e4-99df-a68fe2dab10b","to":"Vanisha_ab639a14-d202-46ab-aa83-b79157229e40","Audio":{"timestamp":1611073045173,"packetsReceived":12393,"packetsLost":0},"Type":"inbound-rtp","Video":{"timestamp":1611073045173,"packetsReceived":537,"packetsLost":0}},{"from":"Ruchika_0da44a7c-3443-41e4-99df-a68fe2dab10b","to":"Vanisha_ab639a14-d202-46ab-aa83-b79157229e40","Audio":{"timestamp":1611073045173,"packetsReceived":12393,"packetsLost":0},"Type":"inbound-rtp","Video":{"timestamp":1611073045173,"packetsReceived":537,"packetsLost":0}},{"from":"Ruchika_0da44a7c-3443-41e4-99df-a68fe2dab10b","to":"Vanisha_ab639a14-d202-46ab-aa83-b79157229e40","Audio":{"timestamp":1611073050173,"packetsReceived":12643,"packetsLost":0},"Type":"inbound-rtp","Video":{"timestamp":1611073050173,"packetsReceived":545,"packetsLost":0}},{"from":"Ruchika_0da44a7c-3443-41e4-99df-a68fe2dab10b","to":"Vanisha_ab639a14-d202-46ab-aa83-b79157229e40","Audio":{"timestamp":1611073050173,"packetsReceived":12643,"packetsLost":0},"Type":"inbound-rtp","Video":{"timestamp":1611073050173,"packetsReceived":545,"packetsLost":0}},{"from":"Ruchika_0da44a7c-3443-41e4-99df-a68fe2dab10b","to":"Vanisha_ab639a14-d202-46ab-aa83-b79157229e40","Audio":{"timestamp":1611073055174,"packetsReceived":12893,"packetsLost":0},"Type":"inbound-rtp","Video":{"timestamp":1611073055174,"packetsReceived":555,"packetsLost":0}},{"from":"Ruchika_0da44a7c-3443-41e4-99df-a68fe2dab10b","to":"Vanisha_ab639a14-d202-46ab-aa83-b79157229e40","Audio":{"timestamp":1611073055174,"packetsReceived":12893,"packetsLost":0},"Type":"inbound-rtp","Video":{"timestamp":1611073055174,"packetsReceived":555,"packetsLost":0}},{"from":"Ruchika_0da44a7c-3443-41e4-99df-a68fe2dab10b","to":"Vanisha_ab639a14-d202-46ab-aa83-b79157229e40","Audio":{"timestamp":1611073060174,"packetsReceived":13143,"packetsLost":0},"Type":"inbound-rtp","Video":{"timestamp":1611073060174,"packetsReceived":565,"packetsLost":0}},{"from":"Ruchika_0da44a7c-3443-41e4-99df-a68fe2dab10b","to":"Vanisha_ab639a14-d202-46ab-aa83-b79157229e40","Audio":{"timestamp":1611073060174,"packetsReceived":13143,"packetsLost":0},"Type":"inbound-rtp","Video":{"timestamp":1611073060174,"packetsReceived":565,"packetsLost":0}},{"from":"Ruchika_0da44a7c-3443-41e4-99df-a68fe2dab10b","to":"Vanisha_ab639a14-d202-46ab-aa83-b79157229e40","Audio":{"timestamp":1611073065174,"packetsReceived":13393,"packetsLost":0},"Type":"inbound-rtp","Video":{"timestamp":1611073065174,"packetsReceived":573,"packetsLost":0}},{"from":"Ruchika_0da44a7c-3443-41e4-99df-a68fe2dab10b","to":"Vanisha_ab639a14-d202-46ab-aa83-b79157229e40","Audio":{"timestamp":1611073065174,"packetsReceived":13393,"packetsLost":0},"Type":"inbound-rtp","Video":{"timestamp":1611073065174,"packetsReceived":573,"packetsLost":0}},{"from":"Ruchika_0da44a7c-3443-41e4-99df-a68fe2dab10b","to":"Vanisha_ab639a14-d202-46ab-aa83-b79157229e40","Audio":{"timestamp":1611073070174,"packetsReceived":13643,"packetsLost":0},"Type":"inbound-rtp","Video":{"timestamp":1611073070174,"packetsReceived":583,"packetsLost":0}},{"from":"Ruchika_0da44a7c-3443-41e4-99df-a68fe2dab10b","to":"Vanisha_ab639a14-d202-46ab-aa83-b79157229e40","Audio":{"timestamp":1611073070174,"packetsReceived":13643,"packetsLost":0},"Type":"inbound-rtp","Video":{"timestamp":1611073070174,"packetsReceived":583,"packetsLost":0}},{"from":"Ruchika_0da44a7c-3443-41e4-99df-a68fe2dab10b","to":"Vanisha_ab639a14-d202-46ab-aa83-b79157229e40","Audio":{"timestamp":1611073075174,"packetsReceived":13893,"packetsLost":0},"Type":"inbound-rtp","Video":{"timestamp":1611073075174,"packetsReceived":593,"packetsLost":0}},{"from":"Ruchika_0da44a7c-3443-41e4-99df-a68fe2dab10b","to":"Vanisha_ab639a14-d202-46ab-aa83-b79157229e40","Audio":{"timestamp":1611073075174,"packetsReceived":13893,"packetsLost":0},"Type":"inbound-rtp","Video":{"timestamp":1611073075174,"packetsReceived":593,"packetsLost":0}},{"from":"Ruchika_0da44a7c-3443-41e4-99df-a68fe2dab10b","to":"Vanisha_ab639a14-d202-46ab-aa83-b79157229e40","Audio":{"timestamp":1611073080174,"packetsReceived":14143,"packetsLost":0},"Type":"inbound-rtp","Video":{"timestamp":1611073080174,"packetsReceived":601,"packetsLost":0}},{"from":"Ruchika_0da44a7c-3443-41e4-99df-a68fe2dab10b","to":"Vanisha_ab639a14-d202-46ab-aa83-b79157229e40","Audio":{"timestamp":1611073080174,"packetsReceived":14143,"packetsLost":0},"Type":"inbound-rtp","Video":{"timestamp":1611073080174,"packetsReceived":601,"packetsLost":0}},{"from":"Ruchika_0da44a7c-3443-41e4-99df-a68fe2dab10b","to":"Vanisha_ab639a14-d202-46ab-aa83-b79157229e40","Audio":{"timestamp":1611073085174,"packetsReceived":14393,"packetsLost":0},"Type":"inbound-rtp","Video":{"timestamp":1611073085174,"packetsReceived":611,"packetsLost":0}},{"from":"Ruchika_0da44a7c-3443-41e4-99df-a68fe2dab10b","to":"Vanisha_ab639a14-d202-46ab-aa83-b79157229e40","Audio":{"timestamp":1611073085174,"packetsReceived":14393,"packetsLost":0},"Type":"inbound-rtp","Video":{"timestamp":1611073085174,"packetsReceived":611,"packetsLost":0}},{"from":"Ruchika_0da44a7c-3443-41e4-99df-a68fe2dab10b","to":"Vanisha_ab639a14-d202-46ab-aa83-b79157229e40","Audio":{"timestamp":1611073090175,"packetsReceived":14643,"packetsLost":0},"Type":"inbound-rtp","Video":{"timestamp":1611073090175,"packetsReceived":621,"packetsLost":0}},{"from":"Ruchika_0da44a7c-3443-41e4-99df-a68fe2dab10b","to":"Vanisha_ab639a14-d202-46ab-aa83-b79157229e40","Audio":{"timestamp":1611073090175,"packetsReceived":14643,"packetsLost":0},"Type":"inbound-rtp","Video":{"timestamp":1611073090175,"packetsReceived":621,"packetsLost":0}},{"from":"Ruchika_0da44a7c-3443-41e4-99df-a68fe2dab10b","to":"Vanisha_ab639a14-d202-46ab-aa83-b79157229e40","Audio":{"timestamp":1611073095175,"packetsReceived":14893,"packetsLost":0},"Type":"inbound-rtp","Video":{"timestamp":1611073095175,"packetsReceived":631,"packetsLost":0}},{"from":"Ruchika_0da44a7c-3443-41e4-99df-a68fe2dab10b","to":"Vanisha_ab639a14-d202-46ab-aa83-b79157229e40","Audio":{"timestamp":1611073095175,"packetsReceived":14893,"packetsLost":0},"Type":"inbound-rtp","Video":{"timestamp":1611073095175,"packetsReceived":631,"packetsLost":0}},{"from":"Ruchika_0da44a7c-3443-41e4-99df-a68fe2dab10b","to":"Vanisha_ab639a14-d202-46ab-aa83-b79157229e40","Audio":{"timestamp":1611073100175,"packetsReceived":15143,"packetsLost":0},"Type":"inbound-rtp","Video":{"timestamp":1611073100175,"packetsReceived":639,"packetsLost":0}},{"from":"Ruchika_0da44a7c-3443-41e4-99df-a68fe2dab10b","to":"Vanisha_ab639a14-d202-46ab-aa83-b79157229e40","Audio":{"timestamp":1611073100175,"packetsReceived":15143,"packetsLost":0},"Type":"inbound-rtp","Video":{"timestamp":1611073100175,"packetsReceived":639,"packetsLost":0}},{"from":"Ruchika_0da44a7c-3443-41e4-99df-a68fe2dab10b","to":"Vanisha_ab639a14-d202-46ab-aa83-b79157229e40","Audio":{"timestamp":1611073105175,"packetsReceived":15393,"packetsLost":0},"Type":"inbound-rtp","Video":{"timestamp":1611073105175,"packetsReceived":649,"packetsLost":0}},{"from":"Ruchika_0da44a7c-3443-41e4-99df-a68fe2dab10b","to":"Vanisha_ab639a14-d202-46ab-aa83-b79157229e40","Audio":{"timestamp":1611073105175,"packetsReceived":15393,"packetsLost":0},"Type":"inbound-rtp","Video":{"timestamp":1611073105175,"packetsReceived":649,"packetsLost":0}},{"from":"Ruchika_0da44a7c-3443-41e4-99df-a68fe2dab10b","to":"Vanisha_ab639a14-d202-46ab-aa83-b79157229e40","Audio":{"timestamp":1611073110175,"packetsReceived":15643,"packetsLost":0},"Type":"inbound-rtp","Video":{"timestamp":1611073110175,"packetsReceived":659,"packetsLost":0}},{"from":"Ruchika_0da44a7c-3443-41e4-99df-a68fe2dab10b","to":"Vanisha_ab639a14-d202-46ab-aa83-b79157229e40","Audio":{"timestamp":1611073110175,"packetsReceived":15643,"packetsLost":0},"Type":"inbound-rtp","Video":{"timestamp":1611073110175,"packetsReceived":659,"packetsLost":0}},{"from":"Ruchika_0da44a7c-3443-41e4-99df-a68fe2dab10b","to":"Vanisha_ab639a14-d202-46ab-aa83-b79157229e40","Audio":{"timestamp":1611073115175,"packetsReceived":15893,"packetsLost":0},"Type":"inbound-rtp","Video":{"timestamp":1611073115175,"packetsReceived":667,"packetsLost":0}},{"from":"Ruchika_0da44a7c-3443-41e4-99df-a68fe2dab10b","to":"Vanisha_ab639a14-d202-46ab-aa83-b79157229e40","Audio":{"timestamp":1611073115175,"packetsReceived":15893,"packetsLost":0},"Type":"inbound-rtp","Video":{"timestamp":1611073115175,"packetsReceived":667,"packetsLost":0}},{"from":"Ruchika_0da44a7c-3443-41e4-99df-a68fe2dab10b","to":"Vanisha_ab639a14-d202-46ab-aa83-b79157229e40","Audio":{"timestamp":1611073120175,"packetsReceived":16143,"packetsLost":0},"Type":"inbound-rtp","Video":{"timestamp":1611073120175,"packetsReceived":723,"packetsLost":0}},{"from":"Ruchika_0da44a7c-3443-41e4-99df-a68fe2dab10b","to":"Vanisha_ab639a14-d202-46ab-aa83-b79157229e40","Audio":{"timestamp":1611073120175,"packetsReceived":16143,"packetsLost":0},"Type":"inbound-rtp","Video":{"timestamp":1611073120175,"packetsReceived":723,"packetsLost":0}},{"from":"Ruchika_0da44a7c-3443-41e4-99df-a68fe2dab10b","to":"Vanisha_ab639a14-d202-46ab-aa83-b79157229e40","Audio":{"timestamp":1611073125176,"packetsReceived":16393,"packetsLost":0},"Type":"inbound-rtp","Video":{"timestamp":1611073125176,"packetsReceived":879,"packetsLost":0}},{"from":"Ruchika_0da44a7c-3443-41e4-99df-a68fe2dab10b","to":"Vanisha_ab639a14-d202-46ab-aa83-b79157229e40","Audio":{"timestamp":1611073125176,"packetsReceived":16393,"packetsLost":0},"Type":"inbound-rtp","Video":{"timestamp":1611073125176,"packetsReceived":879,"packetsLost":0}},{"from":"Ruchika_0da44a7c-3443-41e4-99df-a68fe2dab10b","to":"Vanisha_ab639a14-d202-46ab-aa83-b79157229e40","Audio":{"timestamp":1611073130176,"packetsReceived":16643,"packetsLost":0},"Type":"inbound-rtp","Video":{"timestamp":1611073130176,"packetsReceived":903,"packetsLost":0}},{"from":"Ruchika_0da44a7c-3443-41e4-99df-a68fe2dab10b","to":"Vanisha_ab639a14-d202-46ab-aa83-b79157229e40","Audio":{"timestamp":1611073130176,"packetsReceived":16643,"packetsLost":0},"Type":"inbound-rtp","Video":{"timestamp":1611073130176,"packetsReceived":903,"packetsLost":0}},{"from":"Ruchika_0da44a7c-3443-41e4-99df-a68fe2dab10b","to":"Vanisha_ab639a14-d202-46ab-aa83-b79157229e40","Audio":{"timestamp":1611073135175,"packetsReceived":16893,"packetsLost":0},"Type":"inbound-rtp","Video":{"timestamp":1611073135175,"packetsReceived":933,"packetsLost":0}},{"from":"Ruchika_0da44a7c-3443-41e4-99df-a68fe2dab10b","to":"Vanisha_ab639a14-d202-46ab-aa83-b79157229e40","Audio":{"timestamp":1611073135175,"packetsReceived":16893,"packetsLost":0},"Type":"inbound-rtp","Video":{"timestamp":1611073135175,"packetsReceived":933,"packetsLost":0}},{"from":"Ruchika_0da44a7c-3443-41e4-99df-a68fe2dab10b","to":"Vanisha_ab639a14-d202-46ab-aa83-b79157229e40","Audio":{"timestamp":1611073140176,"packetsReceived":17143,"packetsLost":0},"Type":"inbound-rtp","Video":{"timestamp":1611073140176,"packetsReceived":961,"packetsLost":0}},{"from":"Ruchika_0da44a7c-3443-41e4-99df-a68fe2dab10b","to":"Vanisha_ab639a14-d202-46ab-aa83-b79157229e40","Audio":{"timestamp":1611073140176,"packetsReceived":17143,"packetsLost":0},"Type":"inbound-rtp","Video":{"timestamp":1611073140176,"packetsReceived":961,"packetsLost":0}},{"from":"Ruchika_0da44a7c-3443-41e4-99df-a68fe2dab10b","to":"Vanisha_ab639a14-d202-46ab-aa83-b79157229e40","Audio":{"timestamp":1611073145176,"packetsReceived":17393,"packetsLost":0},"Type":"inbound-rtp","Video":{"timestamp":1611073145176,"packetsReceived":984,"packetsLost":0}},{"from":"Ruchika_0da44a7c-3443-41e4-99df-a68fe2dab10b","to":"Vanisha_ab639a14-d202-46ab-aa83-b79157229e40","Audio":{"timestamp":1611073145176,"packetsReceived":17393,"packetsLost":0},"Type":"inbound-rtp","Video":{"timestamp":1611073145176,"packetsReceived":984,"packetsLost":0}},{"from":"Ruchika_0da44a7c-3443-41e4-99df-a68fe2dab10b","to":"Vanisha_ab639a14-d202-46ab-aa83-b79157229e40","Audio":{"timestamp":1611073150176,"packetsReceived":17643,"packetsLost":0},"Type":"inbound-rtp","Video":{"timestamp":1611073150176,"packetsReceived":1070,"packetsLost":0}},{"from":"Ruchika_0da44a7c-3443-41e4-99df-a68fe2dab10b","to":"Vanisha_ab639a14-d202-46ab-aa83-b79157229e40","Audio":{"timestamp":1611073150176,"packetsReceived":17643,"packetsLost":0},"Type":"inbound-rtp","Video":{"timestamp":1611073150176,"packetsReceived":1070,"packetsLost":0}},{"from":"Ruchika_0da44a7c-3443-41e4-99df-a68fe2dab10b","to":"Vanisha_ab639a14-d202-46ab-aa83-b79157229e40","Audio":{"timestamp":1611073155176,"packetsReceived":17893,"packetsLost":0},"Type":"inbound-rtp","Video":{"timestamp":1611073155176,"packetsReceived":1210,"packetsLost":0}},{"from":"Ruchika_0da44a7c-3443-41e4-99df-a68fe2dab10b","to":"Vanisha_ab639a14-d202-46ab-aa83-b79157229e40","Audio":{"timestamp":1611073155176,"packetsReceived":17893,"packetsLost":0},"Type":"inbound-rtp","Video":{"timestamp":1611073155176,"packetsReceived":1210,"packetsLost":0}},{"from":"Ruchika_0da44a7c-3443-41e4-99df-a68fe2dab10b","to":"Vanisha_ab639a14-d202-46ab-aa83-b79157229e40","Audio":{"timestamp":1611073160177,"packetsReceived":18143,"packetsLost":0},"Type":"inbound-rtp","Video":{"timestamp":1611073160177,"packetsReceived":1606,"packetsLost":0}},{"from":"Ruchika_0da44a7c-3443-41e4-99df-a68fe2dab10b","to":"Vanisha_ab639a14-d202-46ab-aa83-b79157229e40","Audio":{"timestamp":1611073160177,"packetsReceived":18143,"packetsLost":0},"Type":"inbound-rtp","Video":{"timestamp":1611073160177,"packetsReceived":1606,"packetsLost":0}},{"from":"Ruchika_0da44a7c-3443-41e4-99df-a68fe2dab10b","to":"Vanisha_ab639a14-d202-46ab-aa83-b79157229e40","Audio":{"timestamp":1611073165177,"packetsReceived":18393,"packetsLost":0},"Type":"inbound-rtp","Video":{"timestamp":1611073165177,"packetsReceived":1946,"packetsLost":0}},{"from":"Ruchika_0da44a7c-3443-41e4-99df-a68fe2dab10b","to":"Vanisha_ab639a14-d202-46ab-aa83-b79157229e40","Audio":{"timestamp":1611073165177,"packetsReceived":18393,"packetsLost":0},"Type":"inbound-rtp","Video":{"timestamp":1611073165177,"packetsReceived":1946,"packetsLost":0}},{"from":"Ruchika_0da44a7c-3443-41e4-99df-a68fe2dab10b","to":"Vanisha_ab639a14-d202-46ab-aa83-b79157229e40","Audio":{"timestamp":1611073170176,"packetsReceived":18643,"packetsLost":0},"Type":"inbound-rtp","Video":{"timestamp":1611073170176,"packetsReceived":2278,"packetsLost":0}},{"from":"Ruchika_0da44a7c-3443-41e4-99df-a68fe2dab10b","to":"Vanisha_ab639a14-d202-46ab-aa83-b79157229e40","Audio":{"timestamp":1611073170176,"packetsReceived":18643,"packetsLost":0},"Type":"inbound-rtp","Video":{"timestamp":1611073170176,"packetsReceived":2278,"packetsLost":0}},{"from":"Ruchika_0da44a7c-3443-41e4-99df-a68fe2dab10b","to":"Vanisha_ab639a14-d202-46ab-aa83-b79157229e40","Audio":{"timestamp":1611073175177,"packetsReceived":18893,"packetsLost":0},"Type":"inbound-rtp","Video":{"timestamp":1611073175177,"packetsReceived":2552,"packetsLost":0}},{"from":"Ruchika_0da44a7c-3443-41e4-99df-a68fe2dab10b","to":"Vanisha_ab639a14-d202-46ab-aa83-b79157229e40","Audio":{"timestamp":1611073175177,"packetsReceived":18893,"packetsLost":0},"Type":"inbound-rtp","Video":{"timestamp":1611073175177,"packetsReceived":2552,"packetsLost":0}},{"from":"Ruchika_0da44a7c-3443-41e4-99df-a68fe2dab10b","to":"Vanisha_ab639a14-d202-46ab-aa83-b79157229e40","Audio":{"timestamp":1611073180177,"packetsReceived":19143,"packetsLost":0},"Type":"inbound-rtp","Video":{"timestamp":1611073180177,"packetsReceived":2852,"packetsLost":0}},{"from":"Ruchika_0da44a7c-3443-41e4-99df-a68fe2dab10b","to":"Vanisha_ab639a14-d202-46ab-aa83-b79157229e40","Audio":{"timestamp":1611073180177,"packetsReceived":19143,"packetsLost":0},"Type":"inbound-rtp","Video":{"timestamp":1611073180177,"packetsReceived":2852,"packetsLost":0}},{"from":"Ruchika_0da44a7c-3443-41e4-99df-a68fe2dab10b","to":"Vanisha_ab639a14-d202-46ab-aa83-b79157229e40","Audio":{"timestamp":1611073185177,"packetsReceived":19393,"packetsLost":0},"Type":"inbound-rtp","Video":{"timestamp":1611073185177,"packetsReceived":3311,"packetsLost":0}},{"from":"Ruchika_0da44a7c-3443-41e4-99df-a68fe2dab10b","to":"Vanisha_ab639a14-d202-46ab-aa83-b79157229e40","Audio":{"timestamp":1611073185177,"packetsReceived":19393,"packetsLost":0},"Type":"inbound-rtp","Video":{"timestamp":1611073185177,"packetsReceived":3311,"packetsLost":0}},{"from":"Ruchika_0da44a7c-3443-41e4-99df-a68fe2dab10b","to":"Vanisha_ab639a14-d202-46ab-aa83-b79157229e40","Audio":{"timestamp":1611073190177,"packetsReceived":19643,"packetsLost":0},"Type":"inbound-rtp","Video":{"timestamp":1611073190177,"packetsReceived":3762,"packetsLost":0}},{"from":"Ruchika_0da44a7c-3443-41e4-99df-a68fe2dab10b","to":"Vanisha_ab639a14-d202-46ab-aa83-b79157229e40","Audio":{"timestamp":1611073190177,"packetsReceived":19643,"packetsLost":0},"Type":"inbound-rtp","Video":{"timestamp":1611073190177,"packetsReceived":3762,"packetsLost":0}},{"from":"Ruchika_0da44a7c-3443-41e4-99df-a68fe2dab10b","to":"Vanisha_ab639a14-d202-46ab-aa83-b79157229e40","Audio":{"timestamp":1611073195178,"packetsReceived":19893,"packetsLost":0},"Type":"inbound-rtp","Video":{"timestamp":1611073195178,"packetsReceived":4331,"packetsLost":0}},{"from":"Ruchika_0da44a7c-3443-41e4-99df-a68fe2dab10b","to":"Vanisha_ab639a14-d202-46ab-aa83-b79157229e40","Audio":{"timestamp":1611073195178,"packetsReceived":19893,"packetsLost":0},"Type":"inbound-rtp","Video":{"timestamp":1611073195178,"packetsReceived":4331,"packetsLost":0}},{"from":"Ruchika_0da44a7c-3443-41e4-99df-a68fe2dab10b","to":"Vanisha_ab639a14-d202-46ab-aa83-b79157229e40","Audio":{"timestamp":1611073200177,"packetsReceived":20143,"packetsLost":0},"Type":"inbound-rtp","Video":{"timestamp":1611073200177,"packetsReceived":4993,"packetsLost":0}},{"from":"Ruchika_0da44a7c-3443-41e4-99df-a68fe2dab10b","to":"Vanisha_ab639a14-d202-46ab-aa83-b79157229e40","Audio":{"timestamp":1611073200177,"packetsReceived":20143,"packetsLost":0},"Type":"inbound-rtp","Video":{"timestamp":1611073200177,"packetsReceived":4993,"packetsLost":0}},{"from":"Ruchika_0da44a7c-3443-41e4-99df-a68fe2dab10b","to":"Vanisha_ab639a14-d202-46ab-aa83-b79157229e40","Audio":{"timestamp":1611073205177,"packetsReceived":20393,"packetsLost":0},"Type":"inbound-rtp","Video":{"timestamp":1611073205177,"packetsReceived":5842,"packetsLost":0}},{"from":"Ruchika_0da44a7c-3443-41e4-99df-a68fe2dab10b","to":"Vanisha_ab639a14-d202-46ab-aa83-b79157229e40","Audio":{"timestamp":1611073205177,"packetsReceived":20393,"packetsLost":0},"Type":"inbound-rtp","Video":{"timestamp":1611073205177,"packetsReceived":5842,"packetsLost":0}},{"from":"Ruchika_0da44a7c-3443-41e4-99df-a68fe2dab10b","to":"Vanisha_ab639a14-d202-46ab-aa83-b79157229e40","Audio":{"timestamp":1611073210178,"packetsReceived":20643,"packetsLost":0},"Type":"inbound-rtp","Video":{"timestamp":1611073210178,"packetsReceived":6971,"packetsLost":0}},{"from":"Ruchika_0da44a7c-3443-41e4-99df-a68fe2dab10b","to":"Vanisha_ab639a14-d202-46ab-aa83-b79157229e40","Audio":{"timestamp":1611073210178,"packetsReceived":20643,"packetsLost":0},"Type":"inbound-rtp","Video":{"timestamp":1611073210178,"packetsReceived":6971,"packetsLost":0}},{"from":"Ruchika_0da44a7c-3443-41e4-99df-a68fe2dab10b","to":"Vanisha_ab639a14-d202-46ab-aa83-b79157229e40","Audio":{"timestamp":1611073215178,"packetsReceived":20893,"packetsLost":0},"Type":"inbound-rtp","Video":{"timestamp":1611073215178,"packetsReceived":8022,"packetsLost":0}},{"from":"Ruchika_0da44a7c-3443-41e4-99df-a68fe2dab10b","to":"Vanisha_ab639a14-d202-46ab-aa83-b79157229e40","Audio":{"timestamp":1611073215178,"packetsReceived":20893,"packetsLost":0},"Type":"inbound-rtp","Video":{"timestamp":1611073215178,"packetsReceived":8022,"packetsLost":0}},{"from":"Ruchika_0da44a7c-3443-41e4-99df-a68fe2dab10b","to":"Vanisha_ab639a14-d202-46ab-aa83-b79157229e40","Audio":{"timestamp":1611073220178,"packetsReceived":21143,"packetsLost":0},"Type":"inbound-rtp","Video":{"timestamp":1611073220178,"packetsReceived":9223,"packetsLost":0}},{"from":"Ruchika_0da44a7c-3443-41e4-99df-a68fe2dab10b","to":"Vanisha_ab639a14-d202-46ab-aa83-b79157229e40","Audio":{"timestamp":1611073220178,"packetsReceived":21143,"packetsLost":0},"Type":"inbound-rtp","Video":{"timestamp":1611073220178,"packetsReceived":9223,"packetsLost":0}},{"from":"Ruchika_0da44a7c-3443-41e4-99df-a68fe2dab10b","to":"Vanisha_ab639a14-d202-46ab-aa83-b79157229e40","Audio":{"timestamp":1611073225178,"packetsReceived":21393,"packetsLost":0},"Type":"inbound-rtp","Video":{"timestamp":1611073225178,"packetsReceived":10592,"packetsLost":0}},{"from":"Ruchika_0da44a7c-3443-41e4-99df-a68fe2dab10b","to":"Vanisha_ab639a14-d202-46ab-aa83-b79157229e40","Audio":{"timestamp":1611073225178,"packetsReceived":21393,"packetsLost":0},"Type":"inbound-rtp","Video":{"timestamp":1611073225178,"packetsReceived":10592,"packetsLost":0}},{"from":"Ruchika_0da44a7c-3443-41e4-99df-a68fe2dab10b","to":"Vanisha_ab639a14-d202-46ab-aa83-b79157229e40","Audio":{"timestamp":1611073230179,"packetsReceived":21643,"packetsLost":0},"Type":"inbound-rtp","Video":{"timestamp":1611073230179,"packetsReceived":11694,"packetsLost":0}},{"from":"Ruchika_0da44a7c-3443-41e4-99df-a68fe2dab10b","to":"Vanisha_ab639a14-d202-46ab-aa83-b79157229e40","Audio":{"timestamp":1611073230179,"packetsReceived":21643,"packetsLost":0},"Type":"inbound-rtp","Video":{"timestamp":1611073230179,"packetsReceived":11694,"packetsLost":0}},{"from":"Ruchika_0da44a7c-3443-41e4-99df-a68fe2dab10b","to":"Vanisha_ab639a14-d202-46ab-aa83-b79157229e40","Audio":{"timestamp":1611073235178,"packetsReceived":21893,"packetsLost":0},"Type":"inbound-rtp","Video":{"timestamp":1611073235178,"packetsReceived":12641,"packetsLost":0}},{"from":"Ruchika_0da44a7c-3443-41e4-99df-a68fe2dab10b","to":"Vanisha_ab639a14-d202-46ab-aa83-b79157229e40","Audio":{"timestamp":1611073235178,"packetsReceived":21893,"packetsLost":0},"Type":"inbound-rtp","Video":{"timestamp":1611073235178,"packetsReceived":12641,"packetsLost":0}},{"from":"Ruchika_0da44a7c-3443-41e4-99df-a68fe2dab10b","to":"Vanisha_ab639a14-d202-46ab-aa83-b79157229e40","Audio":{"timestamp":1611073240178,"packetsReceived":22143,"packetsLost":0},"Type":"inbound-rtp","Video":{"timestamp":1611073240178,"packetsReceived":13606,"packetsLost":0}},{"from":"Ruchika_0da44a7c-3443-41e4-99df-a68fe2dab10b","to":"Vanisha_ab639a14-d202-46ab-aa83-b79157229e40","Audio":{"timestamp":1611073240178,"packetsReceived":22143,"packetsLost":0},"Type":"inbound-rtp","Video":{"timestamp":1611073240178,"packetsReceived":13606,"packetsLost":0}},{"from":"Ruchika_0da44a7c-3443-41e4-99df-a68fe2dab10b","to":"Vanisha_ab639a14-d202-46ab-aa83-b79157229e40","Audio":{"timestamp":1611073245179,"packetsReceived":22393,"packetsLost":0},"Type":"inbound-rtp","Video":{"timestamp":1611073245179,"packetsReceived":14682,"packetsLost":0}},{"from":"Ruchika_0da44a7c-3443-41e4-99df-a68fe2dab10b","to":"Vanisha_ab639a14-d202-46ab-aa83-b79157229e40","Audio":{"timestamp":1611073245179,"packetsReceived":22393,"packetsLost":0},"Type":"inbound-rtp","Video":{"timestamp":1611073245179,"packetsReceived":14682,"packetsLost":0}},{"from":"Ruchika_0da44a7c-3443-41e4-99df-a68fe2dab10b","to":"Vanisha_ab639a14-d202-46ab-aa83-b79157229e40","Audio":{"timestamp":1611073250179,"packetsReceived":22643,"packetsLost":0},"Type":"inbound-rtp","Video":{"timestamp":1611073250179,"packetsReceived":15780,"packetsLost":0}},{"from":"Ruchika_0da44a7c-3443-41e4-99df-a68fe2dab10b","to":"Vanisha_ab639a14-d202-46ab-aa83-b79157229e40","Audio":{"timestamp":1611073250179,"packetsReceived":22643,"packetsLost":0},"Type":"inbound-rtp","Video":{"timestamp":1611073250179,"packetsReceived":15780,"packetsLost":0}},{"from":"Ruchika_0da44a7c-3443-41e4-99df-a68fe2dab10b","to":"Vanisha_ab639a14-d202-46ab-aa83-b79157229e40","Audio":{"timestamp":1611073255179,"packetsReceived":22893,"packetsLost":0},"Type":"inbound-rtp","Video":{"timestamp":1611073255179,"packetsReceived":16683,"packetsLost":0}},{"from":"Ruchika_0da44a7c-3443-41e4-99df-a68fe2dab10b","to":"Vanisha_ab639a14-d202-46ab-aa83-b79157229e40","Audio":{"timestamp":1611073255179,"packetsReceived":22893,"packetsLost":0},"Type":"inbound-rtp","Video":{"timestamp":1611073255179,"packetsReceived":16683,"packetsLost":0}},{"from":"Ruchika_0da44a7c-3443-41e4-99df-a68fe2dab10b","to":"Vanisha_ab639a14-d202-46ab-aa83-b79157229e40","Audio":{"timestamp":1611073260179,"packetsReceived":23143,"packetsLost":0},"Type":"inbound-rtp","Video":{"timestamp":1611073260179,"packetsReceived":17600,"packetsLost":0}},{"from":"Ruchika_0da44a7c-3443-41e4-99df-a68fe2dab10b","to":"Vanisha_ab639a14-d202-46ab-aa83-b79157229e40","Audio":{"timestamp":1611073260179,"packetsReceived":23143,"packetsLost":0},"Type":"inbound-rtp","Video":{"timestamp":1611073260179,"packetsReceived":17600,"packetsLost":0}},{"from":"Ruchika_0da44a7c-3443-41e4-99df-a68fe2dab10b","to":"Vanisha_ab639a14-d202-46ab-aa83-b79157229e40","Audio":{"timestamp":1611073265180,"packetsReceived":23393,"packetsLost":0},"Type":"inbound-rtp","Video":{"timestamp":1611073265180,"packetsReceived":18560,"packetsLost":0}},{"from":"Ruchika_0da44a7c-3443-41e4-99df-a68fe2dab10b","to":"Vanisha_ab639a14-d202-46ab-aa83-b79157229e40","Audio":{"timestamp":1611073265180,"packetsReceived":23393,"packetsLost":0},"Type":"inbound-rtp","Video":{"timestamp":1611073265180,"packetsReceived":18560,"packetsLost":0}},{"from":"Ruchika_0da44a7c-3443-41e4-99df-a68fe2dab10b","to":"Vanisha_ab639a14-d202-46ab-aa83-b79157229e40","Audio":{"timestamp":1611073270179,"packetsReceived":23643,"packetsLost":0},"Type":"inbound-rtp","Video":{"timestamp":1611073270179,"packetsReceived":19555,"packetsLost":0}},{"from":"Ruchika_0da44a7c-3443-41e4-99df-a68fe2dab10b","to":"Vanisha_ab639a14-d202-46ab-aa83-b79157229e40","Audio":{"timestamp":1611073270179,"packetsReceived":23643,"packetsLost":0},"Type":"inbound-rtp","Video":{"timestamp":1611073270179,"packetsReceived":19555,"packetsLost":0}},{"from":"Ruchika_0da44a7c-3443-41e4-99df-a68fe2dab10b","to":"Vanisha_ab639a14-d202-46ab-aa83-b79157229e40","Audio":{"timestamp":1611073275179,"packetsReceived":23893,"packetsLost":0},"Type":"inbound-rtp","Video":{"timestamp":1611073275179,"packetsReceived":20393,"packetsLost":0}},{"from":"Ruchika_0da44a7c-3443-41e4-99df-a68fe2dab10b","to":"Vanisha_ab639a14-d202-46ab-aa83-b79157229e40","Audio":{"timestamp":1611073275179,"packetsReceived":23893,"packetsLost":0},"Type":"inbound-rtp","Video":{"timestamp":1611073275179,"packetsReceived":20393,"packetsLost":0}},{"from":"Ruchika_0da44a7c-3443-41e4-99df-a68fe2dab10b","to":"Vanisha_ab639a14-d202-46ab-aa83-b79157229e40","Audio":{"timestamp":1611073280180,"packetsReceived":24143,"packetsLost":0},"Type":"inbound-rtp","Video":{"timestamp":1611073280180,"packetsReceived":21560,"packetsLost":0}},{"from":"Ruchika_0da44a7c-3443-41e4-99df-a68fe2dab10b","to":"Vanisha_ab639a14-d202-46ab-aa83-b79157229e40","Audio":{"timestamp":1611073280180,"packetsReceived":24143,"packetsLost":0},"Type":"inbound-rtp","Video":{"timestamp":1611073280180,"packetsReceived":21560,"packetsLost":0}},{"from":"Ruchika_0da44a7c-3443-41e4-99df-a68fe2dab10b","to":"Vanisha_ab639a14-d202-46ab-aa83-b79157229e40","Audio":{"timestamp":1611073285180,"packetsReceived":24393,"packetsLost":0},"Type":"inbound-rtp","Video":{"timestamp":1611073285180,"packetsReceived":22604,"packetsLost":0}},{"from":"Ruchika_0da44a7c-3443-41e4-99df-a68fe2dab10b","to":"Vanisha_ab639a14-d202-46ab-aa83-b79157229e40","Audio":{"timestamp":1611073285180,"packetsReceived":24393,"packetsLost":0},"Type":"inbound-rtp","Video":{"timestamp":1611073285180,"packetsReceived":22604,"packetsLost":0}},{"from":"Ruchika_0da44a7c-3443-41e4-99df-a68fe2dab10b","to":"Vanisha_ab639a14-d202-46ab-aa83-b79157229e40","Audio":{"timestamp":1611073290180,"packetsReceived":24643,"packetsLost":0},"Type":"inbound-rtp","Video":{"timestamp":1611073290180,"packetsReceived":23591,"packetsLost":0}},{"from":"Ruchika_0da44a7c-3443-41e4-99df-a68fe2dab10b","to":"Vanisha_ab639a14-d202-46ab-aa83-b79157229e40","Audio":{"timestamp":1611073290180,"packetsReceived":24643,"packetsLost":0},"Type":"inbound-rtp","Video":{"timestamp":1611073290180,"packetsReceived":23591,"packetsLost":0}},{"from":"Ruchika_0da44a7c-3443-41e4-99df-a68fe2dab10b","to":"Vanisha_ab639a14-d202-46ab-aa83-b79157229e40","Audio":{"timestamp":1611073295180,"packetsReceived":24893,"packetsLost":0},"Type":"inbound-rtp","Video":{"timestamp":1611073295180,"packetsReceived":24372,"packetsLost":0}},{"from":"Ruchika_0da44a7c-3443-41e4-99df-a68fe2dab10b","to":"Vanisha_ab639a14-d202-46ab-aa83-b79157229e40","Audio":{"timestamp":1611073295180,"packetsReceived":24893,"packetsLost":0},"Type":"inbound-rtp","Video":{"timestamp":1611073295180,"packetsReceived":24372,"packetsLost":0}},{"from":"Ruchika_0da44a7c-3443-41e4-99df-a68fe2dab10b","to":"Vanisha_ab639a14-d202-46ab-aa83-b79157229e40","Audio":{"timestamp":1611073300180,"packetsReceived":25143,"packetsLost":0},"Type":"inbound-rtp","Video":{"timestamp":1611073300180,"packetsReceived":25161,"packetsLost":0}},{"from":"Ruchika_0da44a7c-3443-41e4-99df-a68fe2dab10b","to":"Vanisha_ab639a14-d202-46ab-aa83-b79157229e40","Audio":{"timestamp":1611073300180,"packetsReceived":25143,"packetsLost":0},"Type":"inbound-rtp","Video":{"timestamp":1611073300180,"packetsReceived":25161,"packetsLost":0}},{"from":"Ruchika_0da44a7c-3443-41e4-99df-a68fe2dab10b","to":"Vanisha_ab639a14-d202-46ab-aa83-b79157229e40","Audio":{"timestamp":1611073305180,"packetsReceived":25393,"packetsLost":0},"Type":"inbound-rtp","Video":{"timestamp":1611073305180,"packetsReceived":26100,"packetsLost":0}},{"from":"Ruchika_0da44a7c-3443-41e4-99df-a68fe2dab10b","to":"Vanisha_ab639a14-d202-46ab-aa83-b79157229e40","Audio":{"timestamp":1611073305180,"packetsReceived":25393,"packetsLost":0},"Type":"inbound-rtp","Video":{"timestamp":1611073305180,"packetsReceived":26100,"packetsLost":0}},{"from":"Ruchika_0da44a7c-3443-41e4-99df-a68fe2dab10b","to":"Vanisha_ab639a14-d202-46ab-aa83-b79157229e40","Audio":{"timestamp":1611073310180,"packetsReceived":25643,"packetsLost":0},"Type":"inbound-rtp","Video":{"timestamp":1611073310180,"packetsReceived":26866,"packetsLost":0}},{"from":"Ruchika_0da44a7c-3443-41e4-99df-a68fe2dab10b","to":"Vanisha_ab639a14-d202-46ab-aa83-b79157229e40","Audio":{"timestamp":1611073310180,"packetsReceived":25643,"packetsLost":0},"Type":"inbound-rtp","Video":{"timestamp":1611073310180,"packetsReceived":26866,"packetsLost":0}},{"from":"Ruchika_0da44a7c-3443-41e4-99df-a68fe2dab10b","to":"Vanisha_ab639a14-d202-46ab-aa83-b79157229e40","Audio":{"timestamp":1611073315181,"packetsReceived":25891,"packetsLost":0},"Type":"inbound-rtp","Video":{"timestamp":1611073315181,"packetsReceived":27508,"packetsLost":0}},{"from":"Ruchika_0da44a7c-3443-41e4-99df-a68fe2dab10b","to":"Vanisha_ab639a14-d202-46ab-aa83-b79157229e40","Audio":{"timestamp":1611073315181,"packetsReceived":25891,"packetsLost":0},"Type":"inbound-rtp","Video":{"timestamp":1611073315181,"packetsReceived":27508,"packetsLost":0}},{"from":"Ruchika_0da44a7c-3443-41e4-99df-a68fe2dab10b","to":"Vanisha_ab639a14-d202-46ab-aa83-b79157229e40","Audio":{"timestamp":1611073320181,"packetsReceived":26143,"packetsLost":0},"Type":"inbound-rtp","Video":{"timestamp":1611073320181,"packetsReceived":28167,"packetsLost":0}},{"from":"Ruchika_0da44a7c-3443-41e4-99df-a68fe2dab10b","to":"Vanisha_ab639a14-d202-46ab-aa83-b79157229e40","Audio":{"timestamp":1611073320181,"packetsReceived":26143,"packetsLost":0},"Type":"inbound-rtp","Video":{"timestamp":1611073320181,"packetsReceived":28167,"packetsLost":0}},{"from":"Ruchika_0da44a7c-3443-41e4-99df-a68fe2dab10b","to":"Vanisha_ab639a14-d202-46ab-aa83-b79157229e40","Audio":{"timestamp":1611073325181,"packetsReceived":26393,"packetsLost":0},"Type":"inbound-rtp","Video":{"timestamp":1611073325181,"packetsReceived":28813,"packetsLost":0}},{"from":"Ruchika_0da44a7c-3443-41e4-99df-a68fe2dab10b","to":"Vanisha_ab639a14-d202-46ab-aa83-b79157229e40","Audio":{"timestamp":1611073325181,"packetsReceived":26393,"packetsLost":0},"Type":"inbound-rtp","Video":{"timestamp":1611073325181,"packetsReceived":28813,"packetsLost":0}},{"from":"Ruchika_0da44a7c-3443-41e4-99df-a68fe2dab10b","to":"Vanisha_ab639a14-d202-46ab-aa83-b79157229e40","Audio":{"timestamp":1611073330181,"packetsReceived":26643,"packetsLost":0},"Type":"inbound-rtp","Video":{"timestamp":1611073330181,"packetsReceived":29719,"packetsLost":0}},{"from":"Ruchika_0da44a7c-3443-41e4-99df-a68fe2dab10b","to":"Vanisha_ab639a14-d202-46ab-aa83-b79157229e40","Audio":{"timestamp":1611073330181,"packetsReceived":26643,"packetsLost":0},"Type":"inbound-rtp","Video":{"timestamp":1611073330181,"packetsReceived":29719,"packetsLost":0}},{"from":"Ruchika_0da44a7c-3443-41e4-99df-a68fe2dab10b","to":"Vanisha_ab639a14-d202-46ab-aa83-b79157229e40","Audio":{"timestamp":1611073335181,"packetsReceived":26893,"packetsLost":0},"Type":"inbound-rtp","Video":{"timestamp":1611073335181,"packetsReceived":29932,"packetsLost":0}},{"from":"Ruchika_0da44a7c-3443-41e4-99df-a68fe2dab10b","to":"Vanisha_ab639a14-d202-46ab-aa83-b79157229e40","Audio":{"timestamp":1611073335181,"packetsReceived":26893,"packetsLost":0},"Type":"inbound-rtp","Video":{"timestamp":1611073335181,"packetsReceived":29932,"packetsLost":0}},{"from":"Ruchika_0da44a7c-3443-41e4-99df-a68fe2dab10b","to":"Vanisha_ab639a14-d202-46ab-aa83-b79157229e40","Audio":{"timestamp":1611073340181,"packetsReceived":27143,"packetsLost":0},"Type":"inbound-rtp","Video":{"timestamp":1611073340181,"packetsReceived":30129,"packetsLost":0}},{"from":"Ruchika_0da44a7c-3443-41e4-99df-a68fe2dab10b","to":"Vanisha_ab639a14-d202-46ab-aa83-b79157229e40","Audio":{"timestamp":1611073340181,"packetsReceived":27143,"packetsLost":0},"Type":"inbound-rtp","Video":{"timestamp":1611073340181,"packetsReceived":30129,"packetsLost":0}},{"from":"Ruchika_0da44a7c-3443-41e4-99df-a68fe2dab10b","to":"Vanisha_ab639a14-d202-46ab-aa83-b79157229e40","Audio":{"timestamp":1611073345181,"packetsReceived":27393,"packetsLost":0},"Type":"inbound-rtp","Video":{"timestamp":1611073345181,"packetsReceived":30248,"packetsLost":0}},{"from":"Ruchika_0da44a7c-3443-41e4-99df-a68fe2dab10b","to":"Vanisha_ab639a14-d202-46ab-aa83-b79157229e40","Audio":{"timestamp":1611073345181,"packetsReceived":27393,"packetsLost":0},"Type":"inbound-rtp","Video":{"timestamp":1611073345181,"packetsReceived":30248,"packetsLost":0}},{"from":"Ruchika_0da44a7c-3443-41e4-99df-a68fe2dab10b","to":"Vanisha_ab639a14-d202-46ab-aa83-b79157229e40","Audio":{"timestamp":1611073350182,"packetsReceived":27643,"packetsLost":0},"Type":"inbound-rtp","Video":{"timestamp":1611073350182,"packetsReceived":30533,"packetsLost":0}},{"from":"Ruchika_0da44a7c-3443-41e4-99df-a68fe2dab10b","to":"Vanisha_ab639a14-d202-46ab-aa83-b79157229e40","Audio":{"timestamp":1611073350182,"packetsReceived":27643,"packetsLost":0},"Type":"inbound-rtp","Video":{"timestamp":1611073350182,"packetsReceived":30533,"packetsLost":0}},{"from":"Ruchika_0da44a7c-3443-41e4-99df-a68fe2dab10b","to":"Vanisha_ab639a14-d202-46ab-aa83-b79157229e40","Audio":{"timestamp":1611073355182,"packetsReceived":27893,"packetsLost":0},"Type":"inbound-rtp","Video":{"timestamp":1611073355182,"packetsReceived":30552,"packetsLost":0}},{"from":"Ruchika_0da44a7c-3443-41e4-99df-a68fe2dab10b","to":"Vanisha_ab639a14-d202-46ab-aa83-b79157229e40","Audio":{"timestamp":1611073355182,"packetsReceived":27893,"packetsLost":0},"Type":"inbound-rtp","Video":{"timestamp":1611073355182,"packetsReceived":30552,"packetsLost":0}},{"from":"Ruchika_0da44a7c-3443-41e4-99df-a68fe2dab10b","to":"Vanisha_ab639a14-d202-46ab-aa83-b79157229e40","Audio":{"timestamp":1611073360182,"packetsReceived":28143,"packetsLost":0},"Type":"inbound-rtp","Video":{"timestamp":1611073360182,"packetsReceived":30577,"packetsLost":0}},{"from":"Ruchika_0da44a7c-3443-41e4-99df-a68fe2dab10b","to":"Vanisha_ab639a14-d202-46ab-aa83-b79157229e40","Audio":{"timestamp":1611073360182,"packetsReceived":28143,"packetsLost":0},"Type":"inbound-rtp","Video":{"timestamp":1611073360182,"packetsReceived":30577,"packetsLost":0}},{"from":"Ruchika_0da44a7c-3443-41e4-99df-a68fe2dab10b","to":"Vanisha_ab639a14-d202-46ab-aa83-b79157229e40","Audio":{"timestamp":1611073365181,"packetsReceived":28394,"packetsLost":0},"Type":"inbound-rtp","Video":{"timestamp":1611073365181,"packetsReceived":30599,"packetsLost":0}},{"from":"Ruchika_0da44a7c-3443-41e4-99df-a68fe2dab10b","to":"Vanisha_ab639a14-d202-46ab-aa83-b79157229e40","Audio":{"timestamp":1611073365181,"packetsReceived":28394,"packetsLost":0},"Type":"inbound-rtp","Video":{"timestamp":1611073365181,"packetsReceived":30599,"packetsLost":0}},{"from":"Ruchika_0da44a7c-3443-41e4-99df-a68fe2dab10b","to":"Vanisha_ab639a14-d202-46ab-aa83-b79157229e40","Audio":{"timestamp":1611073370182,"packetsReceived":28643,"packetsLost":0},"Type":"inbound-rtp","Video":{"timestamp":1611073370182,"packetsReceived":30615,"packetsLost":0}},{"from":"Ruchika_0da44a7c-3443-41e4-99df-a68fe2dab10b","to":"Vanisha_ab639a14-d202-46ab-aa83-b79157229e40","Audio":{"timestamp":1611073370182,"packetsReceived":28643,"packetsLost":0},"Type":"inbound-rtp","Video":{"timestamp":1611073370182,"packetsReceived":30615,"packetsLost":0}},{"from":"Ruchika_0da44a7c-3443-41e4-99df-a68fe2dab10b","to":"Vanisha_ab639a14-d202-46ab-aa83-b79157229e40","Audio":{"timestamp":1611073375182,"packetsReceived":28893,"packetsLost":0},"Type":"inbound-rtp","Video":{"timestamp":1611073375182,"packetsReceived":30635,"packetsLost":0}},{"from":"Ruchika_0da44a7c-3443-41e4-99df-a68fe2dab10b","to":"Vanisha_ab639a14-d202-46ab-aa83-b79157229e40","Audio":{"timestamp":1611073375182,"packetsReceived":28893,"packetsLost":0},"Type":"inbound-rtp","Video":{"timestamp":1611073375182,"packetsReceived":30635,"packetsLost":0}},{"from":"Ruchika_0da44a7c-3443-41e4-99df-a68fe2dab10b","to":"Vanisha_ab639a14-d202-46ab-aa83-b79157229e40","Audio":{"timestamp":1611073380182,"packetsReceived":29143,"packetsLost":0},"Type":"inbound-rtp","Video":{"timestamp":1611073380182,"packetsReceived":30657,"packetsLost":0}},{"from":"Ruchika_0da44a7c-3443-41e4-99df-a68fe2dab10b","to":"Vanisha_ab639a14-d202-46ab-aa83-b79157229e40","Audio":{"timestamp":1611073380182,"packetsReceived":29143,"packetsLost":0},"Type":"inbound-rtp","Video":{"timestamp":1611073380182,"packetsReceived":30657,"packetsLost":0}},{"from":"Ruchika_0da44a7c-3443-41e4-99df-a68fe2dab10b","to":"Vanisha_ab639a14-d202-46ab-aa83-b79157229e40","Audio":{"timestamp":1611073385183,"packetsReceived":29393,"packetsLost":0},"Type":"inbound-rtp","Video":{"timestamp":1611073385183,"packetsReceived":30673,"packetsLost":0}},{"from":"Ruchika_0da44a7c-3443-41e4-99df-a68fe2dab10b","to":"Vanisha_ab639a14-d202-46ab-aa83-b79157229e40","Audio":{"timestamp":1611073385183,"packetsReceived":29393,"packetsLost":0},"Type":"inbound-rtp","Video":{"timestamp":1611073385183,"packetsReceived":30673,"packetsLost":0}},{"from":"Ruchika_0da44a7c-3443-41e4-99df-a68fe2dab10b","to":"Vanisha_ab639a14-d202-46ab-aa83-b79157229e40","Audio":{"timestamp":1611073390183,"packetsReceived":29643,"packetsLost":0},"Type":"inbound-rtp","Video":{"timestamp":1611073390183,"packetsReceived":30693,"packetsLost":0}},{"from":"Ruchika_0da44a7c-3443-41e4-99df-a68fe2dab10b","to":"Vanisha_ab639a14-d202-46ab-aa83-b79157229e40","Audio":{"timestamp":1611073390183,"packetsReceived":29643,"packetsLost":0},"Type":"inbound-rtp","Video":{"timestamp":1611073390183,"packetsReceived":30693,"packetsLost":0}},{"from":"Ruchika_0da44a7c-3443-41e4-99df-a68fe2dab10b","to":"Vanisha_ab639a14-d202-46ab-aa83-b79157229e40","Audio":{"timestamp":1611073395182,"packetsReceived":29893,"packetsLost":0},"Type":"inbound-rtp","Video":{"timestamp":1611073395182,"packetsReceived":30713,"packetsLost":0}},{"from":"Ruchika_0da44a7c-3443-41e4-99df-a68fe2dab10b","to":"Vanisha_ab639a14-d202-46ab-aa83-b79157229e40","Audio":{"timestamp":1611073395182,"packetsReceived":29893,"packetsLost":0},"Type":"inbound-rtp","Video":{"timestamp":1611073395182,"packetsReceived":30713,"packetsLost":0}},{"from":"Ruchika_0da44a7c-3443-41e4-99df-a68fe2dab10b","to":"Vanisha_ab639a14-d202-46ab-aa83-b79157229e40","Audio":{"timestamp":1611073400182,"packetsReceived":30143,"packetsLost":0},"Type":"inbound-rtp","Video":{"timestamp":1611073400182,"packetsReceived":30729,"packetsLost":0}},{"from":"Ruchika_0da44a7c-3443-41e4-99df-a68fe2dab10b","to":"Vanisha_ab639a14-d202-46ab-aa83-b79157229e40","Audio":{"timestamp":1611073400182,"packetsReceived":30143,"packetsLost":0},"Type":"inbound-rtp","Video":{"timestamp":1611073400182,"packetsReceived":30729,"packetsLost":0}},{"from":"Ruchika_0da44a7c-3443-41e4-99df-a68fe2dab10b","to":"Vanisha_ab639a14-d202-46ab-aa83-b79157229e40","Audio":{"timestamp":1611073405183,"packetsReceived":30393,"packetsLost":0},"Type":"inbound-rtp","Video":{"timestamp":1611073405183,"packetsReceived":30749,"packetsLost":0}},{"from":"Ruchika_0da44a7c-3443-41e4-99df-a68fe2dab10b","to":"Vanisha_ab639a14-d202-46ab-aa83-b79157229e40","Audio":{"timestamp":1611073405183,"packetsReceived":30393,"packetsLost":0},"Type":"inbound-rtp","Video":{"timestamp":1611073405183,"packetsReceived":30749,"packetsLost":0}},{"from":"Ruchika_0da44a7c-3443-41e4-99df-a68fe2dab10b","to":"Vanisha_ab639a14-d202-46ab-aa83-b79157229e40","Audio":{"timestamp":1611073410183,"packetsReceived":30643,"packetsLost":0},"Type":"inbound-rtp","Video":{"timestamp":1611073410183,"packetsReceived":30769,"packetsLost":0}},{"from":"Ruchika_0da44a7c-3443-41e4-99df-a68fe2dab10b","to":"Vanisha_ab639a14-d202-46ab-aa83-b79157229e40","Audio":{"timestamp":1611073410183,"packetsReceived":30643,"packetsLost":0},"Type":"inbound-rtp","Video":{"timestamp":1611073410183,"packetsReceived":30769,"packetsLost":0}},{"from":"Ruchika_0da44a7c-3443-41e4-99df-a68fe2dab10b","to":"Vanisha_ab639a14-d202-46ab-aa83-b79157229e40","Audio":{"timestamp":1611073415183,"packetsReceived":30894,"packetsLost":0},"Type":"inbound-rtp","Video":{"timestamp":1611073415183,"packetsReceived":30785,"packetsLost":0}},{"from":"Ruchika_0da44a7c-3443-41e4-99df-a68fe2dab10b","to":"Vanisha_ab639a14-d202-46ab-aa83-b79157229e40","Audio":{"timestamp":1611073415183,"packetsReceived":30894,"packetsLost":0},"Type":"inbound-rtp","Video":{"timestamp":1611073415183,"packetsReceived":30785,"packetsLost":0}},{"from":"Ruchika_0da44a7c-3443-41e4-99df-a68fe2dab10b","to":"Vanisha_ab639a14-d202-46ab-aa83-b79157229e40","Audio":{"timestamp":1611073420184,"packetsReceived":31143,"packetsLost":0},"Type":"inbound-rtp","Video":{"timestamp":1611073420184,"packetsReceived":30805,"packetsLost":0}},{"from":"Ruchika_0da44a7c-3443-41e4-99df-a68fe2dab10b","to":"Vanisha_ab639a14-d202-46ab-aa83-b79157229e40","Audio":{"timestamp":1611073420184,"packetsReceived":31143,"packetsLost":0},"Type":"inbound-rtp","Video":{"timestamp":1611073420184,"packetsReceived":30805,"packetsLost":0}},{"from":"Ruchika_0da44a7c-3443-41e4-99df-a68fe2dab10b","to":"Vanisha_ab639a14-d202-46ab-aa83-b79157229e40","Audio":{"timestamp":1611073425184,"packetsReceived":31393,"packetsLost":0},"Type":"inbound-rtp","Video":{"timestamp":1611073425184,"packetsReceived":30825,"packetsLost":0}},{"from":"Ruchika_0da44a7c-3443-41e4-99df-a68fe2dab10b","to":"Vanisha_ab639a14-d202-46ab-aa83-b79157229e40","Audio":{"timestamp":1611073425184,"packetsReceived":31393,"packetsLost":0},"Type":"inbound-rtp","Video":{"timestamp":1611073425184,"packetsReceived":30825,"packetsLost":0}},{"from":"Ruchika_0da44a7c-3443-41e4-99df-a68fe2dab10b","to":"Vanisha_ab639a14-d202-46ab-aa83-b79157229e40","Audio":{"timestamp":1611073430183,"packetsReceived":31643,"packetsLost":0},"Type":"inbound-rtp","Video":{"timestamp":1611073430183,"packetsReceived":30841,"packetsLost":0}},{"from":"Ruchika_0da44a7c-3443-41e4-99df-a68fe2dab10b","to":"Vanisha_ab639a14-d202-46ab-aa83-b79157229e40","Audio":{"timestamp":1611073430183,"packetsReceived":31643,"packetsLost":0},"Type":"inbound-rtp","Video":{"timestamp":1611073430183,"packetsReceived":30841,"packetsLost":0}},{"from":"Ruchika_0da44a7c-3443-41e4-99df-a68fe2dab10b","to":"Vanisha_ab639a14-d202-46ab-aa83-b79157229e40","Audio":{"timestamp":1611073435183,"packetsReceived":31893,"packetsLost":0},"Type":"inbound-rtp","Video":{"timestamp":1611073435183,"packetsReceived":30861,"packetsLost":0}},{"from":"Ruchika_0da44a7c-3443-41e4-99df-a68fe2dab10b","to":"Vanisha_ab639a14-d202-46ab-aa83-b79157229e40","Audio":{"timestamp":1611073435183,"packetsReceived":31893,"packetsLost":0},"Type":"inbound-rtp","Video":{"timestamp":1611073435183,"packetsReceived":30861,"packetsLost":0}},{"from":"Ruchika_0da44a7c-3443-41e4-99df-a68fe2dab10b","to":"Vanisha_ab639a14-d202-46ab-aa83-b79157229e40","Audio":{"timestamp":1611073440184,"packetsReceived":32144,"packetsLost":0},"Type":"inbound-rtp","Video":{"timestamp":1611073440184,"packetsReceived":30881,"packetsLost":0}},{"from":"Ruchika_0da44a7c-3443-41e4-99df-a68fe2dab10b","to":"Vanisha_ab639a14-d202-46ab-aa83-b79157229e40","Audio":{"timestamp":1611073440184,"packetsReceived":32144,"packetsLost":0},"Type":"inbound-rtp","Video":{"timestamp":1611073440184,"packetsReceived":30881,"packetsLost":0}},{"from":"Ruchika_0da44a7c-3443-41e4-99df-a68fe2dab10b","to":"Vanisha_ab639a14-d202-46ab-aa83-b79157229e40","Audio":{"timestamp":1611073445184,"packetsReceived":32394,"packetsLost":0},"Type":"inbound-rtp","Video":{"timestamp":1611073445184,"packetsReceived":30897,"packetsLost":0}},{"from":"Ruchika_0da44a7c-3443-41e4-99df-a68fe2dab10b","to":"Vanisha_ab639a14-d202-46ab-aa83-b79157229e40","Audio":{"timestamp":1611073445184,"packetsReceived":32394,"packetsLost":0},"Type":"inbound-rtp","Video":{"timestamp":1611073445184,"packetsReceived":30897,"packetsLost":0}},{"from":"Ruchika_0da44a7c-3443-41e4-99df-a68fe2dab10b","to":"Vanisha_ab639a14-d202-46ab-aa83-b79157229e40","Audio":{"timestamp":1611073450184,"packetsReceived":32643,"packetsLost":0},"Type":"inbound-rtp","Video":{"timestamp":1611073450184,"packetsReceived":30917,"packetsLost":0}},{"from":"Ruchika_0da44a7c-3443-41e4-99df-a68fe2dab10b","to":"Vanisha_ab639a14-d202-46ab-aa83-b79157229e40","Audio":{"timestamp":1611073450184,"packetsReceived":32643,"packetsLost":0},"Type":"inbound-rtp","Video":{"timestamp":1611073450184,"packetsReceived":30917,"packetsLost":0}},{"from":"Ruchika_0da44a7c-3443-41e4-99df-a68fe2dab10b","to":"Vanisha_ab639a14-d202-46ab-aa83-b79157229e40","Audio":{"timestamp":1611073455185,"packetsReceived":32893,"packetsLost":0},"Type":"inbound-rtp","Video":{"timestamp":1611073455185,"packetsReceived":30937,"packetsLost":0}},{"from":"Ruchika_0da44a7c-3443-41e4-99df-a68fe2dab10b","to":"Vanisha_ab639a14-d202-46ab-aa83-b79157229e40","Audio":{"timestamp":1611073455185,"packetsReceived":32893,"packetsLost":0},"Type":"inbound-rtp","Video":{"timestamp":1611073455185,"packetsReceived":30937,"packetsLost":0}},{"from":"Ruchika_0da44a7c-3443-41e4-99df-a68fe2dab10b","to":"Vanisha_ab639a14-d202-46ab-aa83-b79157229e40","Audio":{"timestamp":1611073460185,"packetsReceived":33143,"packetsLost":0},"Type":"inbound-rtp","Video":{"timestamp":1611073460185,"packetsReceived":30953,"packetsLost":0}},{"from":"Ruchika_0da44a7c-3443-41e4-99df-a68fe2dab10b","to":"Vanisha_ab639a14-d202-46ab-aa83-b79157229e40","Audio":{"timestamp":1611073460185,"packetsReceived":33143,"packetsLost":0},"Type":"inbound-rtp","Video":{"timestamp":1611073460185,"packetsReceived":30953,"packetsLost":0}},{"from":"Ruchika_0da44a7c-3443-41e4-99df-a68fe2dab10b","to":"Vanisha_ab639a14-d202-46ab-aa83-b79157229e40","Audio":{"timestamp":1611073465184,"packetsReceived":33393,"packetsLost":0},"Type":"inbound-rtp","Video":{"timestamp":1611073465184,"packetsReceived":30973,"packetsLost":0}},{"from":"Ruchika_0da44a7c-3443-41e4-99df-a68fe2dab10b","to":"Vanisha_ab639a14-d202-46ab-aa83-b79157229e40","Audio":{"timestamp":1611073465184,"packetsReceived":33393,"packetsLost":0},"Type":"inbound-rtp","Video":{"timestamp":1611073465184,"packetsReceived":30973,"packetsLost":0}},{"from":"Ruchika_0da44a7c-3443-41e4-99df-a68fe2dab10b","to":"Vanisha_ab639a14-d202-46ab-aa83-b79157229e40","Audio":{"timestamp":1611073470184,"packetsReceived":33644,"packetsLost":0},"Type":"inbound-rtp","Video":{"timestamp":1611073470184,"packetsReceived":30993,"packetsLost":0}},{"from":"Ruchika_0da44a7c-3443-41e4-99df-a68fe2dab10b","to":"Vanisha_ab639a14-d202-46ab-aa83-b79157229e40","Audio":{"timestamp":1611073470184,"packetsReceived":33644,"packetsLost":0},"Type":"inbound-rtp","Video":{"timestamp":1611073470184,"packetsReceived":30993,"packetsLost":0}},{"from":"Ruchika_0da44a7c-3443-41e4-99df-a68fe2dab10b","to":"Vanisha_ab639a14-d202-46ab-aa83-b79157229e40","Audio":{"timestamp":1611073475185,"packetsReceived":33893,"packetsLost":0},"Type":"inbound-rtp","Video":{"timestamp":1611073475185,"packetsReceived":31009,"packetsLost":0}},{"from":"Ruchika_0da44a7c-3443-41e4-99df-a68fe2dab10b","to":"Vanisha_ab639a14-d202-46ab-aa83-b79157229e40","Audio":{"timestamp":1611073475185,"packetsReceived":33893,"packetsLost":0},"Type":"inbound-rtp","Video":{"timestamp":1611073475185,"packetsReceived":31009,"packetsLost":0}},{"from":"Ruchika_0da44a7c-3443-41e4-99df-a68fe2dab10b","to":"Vanisha_ab639a14-d202-46ab-aa83-b79157229e40","Audio":{"timestamp":1611073481019,"packetsReceived":34185,"packetsLost":0},"Type":"inbound-rtp","Video":{"timestamp":1611073481019,"packetsReceived":31033,"packetsLost":0}},{"from":"Ruchika_0da44a7c-3443-41e4-99df-a68fe2dab10b","to":"Vanisha_ab639a14-d202-46ab-aa83-b79157229e40","Audio":{"timestamp":1611073481019,"packetsReceived":34185,"packetsLost":0},"Type":"inbound-rtp","Video":{"timestamp":1611073481019,"packetsReceived":31033,"packetsLost":0}},{"from":"Ruchika_0da44a7c-3443-41e4-99df-a68fe2dab10b","to":"Vanisha_ab639a14-d202-46ab-aa83-b79157229e40","Audio":{"timestamp":1611073486019,"packetsReceived":34435,"packetsLost":0},"Type":"inbound-rtp","Video":{"timestamp":1611073486019,"packetsReceived":31053,"packetsLost":0}},{"from":"Ruchika_0da44a7c-3443-41e4-99df-a68fe2dab10b","to":"Vanisha_ab639a14-d202-46ab-aa83-b79157229e40","Audio":{"timestamp":1611073486019,"packetsReceived":34435,"packetsLost":0},"Type":"inbound-rtp","Video":{"timestamp":1611073486019,"packetsReceived":31053,"packetsLost":0}}]}