[{"timestamp":1611072796168,"log":{"from":"server","to":"Vanisha_ab639a14-d202-46ab-aa83-b79157229e40","context":"PARENT","data":"{\"peer\":\"Ruchika_0da44a7c-3443-41e4-99df-a68fe2dab10b\"}"}},{"timestamp":1611072796168,"log":"Parent : Ruchika_0da44a7c-3443-41e4-99df-a68fe2dab10b"},{"timestamp":1611072796683,"log":{"from":"Ruchika_0da44a7c-3443-41e4-99df-a68fe2dab10b","to":"Vanisha_ab639a14-d202-46ab-aa83-b79157229e40","context":"CONNECT_ACK","data":"{\"roomID\":\"123456\"}"}},{"timestamp":1611072796683,"log":"Connection ACK from parent : Ruchika_0da44a7c-3443-41e4-99df-a68fe2dab10b"},{"timestamp":1611072796701,"log":"received sdp from peer : Ruchika_0da44a7c-3443-41e4-99df-a68fe2dab10b"},{"timestamp":1611072796705,"log":"remote stream received"},{"timestamp":1611072796705,"log":{}},{"timestamp":1611072796706,"log":"remote stream received"},{"timestamp":1611072796706,"log":{}},{"timestamp":1611072796709,"log":"created description for peer : Ruchika_0da44a7c-3443-41e4-99df-a68fe2dab10b"},{"timestamp":1611072796714,"log":"ice: Vanisha_ab639a14-d202-46ab-aa83-b79157229e40 to Ruchika_0da44a7c-3443-41e4-99df-a68fe2dab10b"},{"timestamp":1611072796715,"log":"received ice from peer : Ruchika_0da44a7c-3443-41e4-99df-a68fe2dab10b"},{"timestamp":1611072796718,"log":"connection with peer Ruchika_0da44a7c-3443-41e4-99df-a68fe2dab10b checking"},{"timestamp":1611072796736,"log":"received ice from peer : Ruchika_0da44a7c-3443-41e4-99df-a68fe2dab10b"},{"timestamp":1611072796743,"log":"received ice from peer : Ruchika_0da44a7c-3443-41e4-99df-a68fe2dab10b"},{"timestamp":1611072796746,"log":"ice: Vanisha_ab639a14-d202-46ab-aa83-b79157229e40 to Ruchika_0da44a7c-3443-41e4-99df-a68fe2dab10b"},{"timestamp":1611072796945,"log":"received ice from peer : Ruchika_0da44a7c-3443-41e4-99df-a68fe2dab10b"},{"timestamp":1611072797306,"log":"ice: Vanisha_ab639a14-d202-46ab-aa83-b79157229e40 to Ruchika_0da44a7c-3443-41e4-99df-a68fe2dab10b"},{"timestamp":1611072797306,"log":"connection with peer Ruchika_0da44a7c-3443-41e4-99df-a68fe2dab10b connected"}]