[{"timestamp":1611069839601,"log":{"from":"server","to":"Sankalp_2c655368-f2a5-443c-ac07-76ae3909c22b","context":"PARENT","data":"{\"peer\":\"Avatansh_0a38adef-10b1-4d61-a3ae-a57eb5dd92df\"}"}},{"timestamp":1611069839601,"log":"Parent : Avatansh_0a38adef-10b1-4d61-a3ae-a57eb5dd92df"},{"timestamp":1611069840103,"log":{"from":"Avatansh_0a38adef-10b1-4d61-a3ae-a57eb5dd92df","to":"Sankalp_2c655368-f2a5-443c-ac07-76ae3909c22b","context":"CONNECT_ACK","data":"{\"roomID\":\"123456\"}"}},{"timestamp":1611069840103,"log":"Connection ACK from parent : Avatansh_0a38adef-10b1-4d61-a3ae-a57eb5dd92df"},{"timestamp":1611069840112,"log":"received sdp from peer : Avatansh_0a38adef-10b1-4d61-a3ae-a57eb5dd92df"},{"timestamp":1611069840114,"log":"received ice from peer : Avatansh_0a38adef-10b1-4d61-a3ae-a57eb5dd92df"},{"timestamp":1611069840119,"log":"remote stream received"},{"timestamp":1611069840119,"log":{}},{"timestamp":1611069840119,"log":"remote stream received"},{"timestamp":1611069840120,"log":{}},{"timestamp":1611069840121,"log":"received ice from peer : Avatansh_0a38adef-10b1-4d61-a3ae-a57eb5dd92df"},{"timestamp":1611069840149,"log":"created description for peer : Avatansh_0a38adef-10b1-4d61-a3ae-a57eb5dd92df"},{"timestamp":1611069840156,"log":"connection with peer Avatansh_0a38adef-10b1-4d61-a3ae-a57eb5dd92df checking"},{"timestamp":1611069840157,"log":"ice: Sankalp_2c655368-f2a5-443c-ac07-76ae3909c22b to Avatansh_0a38adef-10b1-4d61-a3ae-a57eb5dd92df"},{"timestamp":1611069840158,"log":"connection with peer Avatansh_0a38adef-10b1-4d61-a3ae-a57eb5dd92df connected"},{"timestamp":1611069840158,"log":"ice: Sankalp_2c655368-f2a5-443c-ac07-76ae3909c22b to Avatansh_0a38adef-10b1-4d61-a3ae-a57eb5dd92df"},{"timestamp":1611069840358,"log":"received ice from peer : Avatansh_0a38adef-10b1-4d61-a3ae-a57eb5dd92df"},{"timestamp":1611069840363,"log":"received ice from peer : Avatansh_0a38adef-10b1-4d61-a3ae-a57eb5dd92df"},{"timestamp":1611070273707,"log":{"from":"Himanshu_61dcbcd1-0d53-4403-b808-473cc08bf876","to":"Sankalp_2c655368-f2a5-443c-ac07-76ae3909c22b","context":"CONNECT","data":"{\"roomID\":\"123456\"}"}},{"timestamp":1611070273707,"log":"Connect request from Child : Himanshu_61dcbcd1-0d53-4403-b808-473cc08bf876"},{"timestamp":1611070273710,"log":"adding tracks"},{"timestamp":1611070273717,"log":"call inititated: Sankalp_2c655368-f2a5-443c-ac07-76ae3909c22b to Himanshu_61dcbcd1-0d53-4403-b808-473cc08bf876"},{"timestamp":1611070273724,"log":"created description for peer : Himanshu_61dcbcd1-0d53-4403-b808-473cc08bf876"},{"timestamp":1611070273749,"log":"ice: Sankalp_2c655368-f2a5-443c-ac07-76ae3909c22b to Himanshu_61dcbcd1-0d53-4403-b808-473cc08bf876"},{"timestamp":1611070273750,"log":"ice: Sankalp_2c655368-f2a5-443c-ac07-76ae3909c22b to Himanshu_61dcbcd1-0d53-4403-b808-473cc08bf876"},{"timestamp":1611070273785,"log":"ice: Sankalp_2c655368-f2a5-443c-ac07-76ae3909c22b to Himanshu_61dcbcd1-0d53-4403-b808-473cc08bf876"},{"timestamp":1611070273788,"log":"ice: Sankalp_2c655368-f2a5-443c-ac07-76ae3909c22b to Himanshu_61dcbcd1-0d53-4403-b808-473cc08bf876"},{"timestamp":1611070274310,"log":"received sdp from peer : Himanshu_61dcbcd1-0d53-4403-b808-473cc08bf876"},{"timestamp":1611070274316,"log":"received ice from peer : Himanshu_61dcbcd1-0d53-4403-b808-473cc08bf876"},{"timestamp":1611070274333,"log":"connection with peer Himanshu_61dcbcd1-0d53-4403-b808-473cc08bf876 checking"},{"timestamp":1611070274333,"log":"connection with peer Himanshu_61dcbcd1-0d53-4403-b808-473cc08bf876 connected"},{"timestamp":1611070274338,"log":"ice: Sankalp_2c655368-f2a5-443c-ac07-76ae3909c22b to Himanshu_61dcbcd1-0d53-4403-b808-473cc08bf876"},{"timestamp":1611070274342,"log":"received ice from peer : Himanshu_61dcbcd1-0d53-4403-b808-473cc08bf876"},{"timestamp":1611070296933,"log":{"from":"Moka_7b0b73c8-940f-48da-b6fc-5cdc6455170d","to":"Sankalp_2c655368-f2a5-443c-ac07-76ae3909c22b","context":"CONNECT","data":"{\"roomID\":\"123456\"}"}},{"timestamp":1611070296933,"log":"Connect request from Child : Moka_7b0b73c8-940f-48da-b6fc-5cdc6455170d"},{"timestamp":1611070296936,"log":"adding tracks"},{"timestamp":1611070296940,"log":"call inititated: Sankalp_2c655368-f2a5-443c-ac07-76ae3909c22b to Moka_7b0b73c8-940f-48da-b6fc-5cdc6455170d"},{"timestamp":1611070296946,"log":"created description for peer : Moka_7b0b73c8-940f-48da-b6fc-5cdc6455170d"},{"timestamp":1611070296969,"log":"ice: Sankalp_2c655368-f2a5-443c-ac07-76ae3909c22b to Moka_7b0b73c8-940f-48da-b6fc-5cdc6455170d"},{"timestamp":1611070296975,"log":"ice: Sankalp_2c655368-f2a5-443c-ac07-76ae3909c22b to Moka_7b0b73c8-940f-48da-b6fc-5cdc6455170d"},{"timestamp":1611070297002,"log":"ice: Sankalp_2c655368-f2a5-443c-ac07-76ae3909c22b to Moka_7b0b73c8-940f-48da-b6fc-5cdc6455170d"},{"timestamp":1611070297008,"log":"ice: Sankalp_2c655368-f2a5-443c-ac07-76ae3909c22b to Moka_7b0b73c8-940f-48da-b6fc-5cdc6455170d"},{"timestamp":1611070297274,"log":"connection with peer Moka_7b0b73c8-940f-48da-b6fc-5cdc6455170d checking"},{"timestamp":1611070297773,"log":"received sdp from peer : Moka_7b0b73c8-940f-48da-b6fc-5cdc6455170d"},{"timestamp":1611070297780,"log":"received ice from peer : Moka_7b0b73c8-940f-48da-b6fc-5cdc6455170d"},{"timestamp":1611070297801,"log":"connection with peer Moka_7b0b73c8-940f-48da-b6fc-5cdc6455170d connected"},{"timestamp":1611070297802,"log":"ice: Sankalp_2c655368-f2a5-443c-ac07-76ae3909c22b to Moka_7b0b73c8-940f-48da-b6fc-5cdc6455170d"}]