[{"timestamp":1611070764334,"log":{"from":"server","to":"Shubham_87ef2b3f-d0d0-4973-a551-4fec5b9958a9","context":"PARENT","data":"{\"peer\":\"Shivam_ebfd9c8e-51ea-48d0-b2be-0ca75bd7ae34\"}"}},{"timestamp":1611070764334,"log":"Parent : Shivam_ebfd9c8e-51ea-48d0-b2be-0ca75bd7ae34"},{"timestamp":1611070764825,"log":{"from":"Shivam_ebfd9c8e-51ea-48d0-b2be-0ca75bd7ae34","to":"Shubham_87ef2b3f-d0d0-4973-a551-4fec5b9958a9","context":"CONNECT_ACK","data":"{\"roomID\":\"123456\"}"}},{"timestamp":1611070764825,"log":"Connection ACK from parent : Shivam_ebfd9c8e-51ea-48d0-b2be-0ca75bd7ae34"},{"timestamp":1611070764833,"log":"received sdp from peer : Shivam_ebfd9c8e-51ea-48d0-b2be-0ca75bd7ae34"},{"timestamp":1611070764835,"log":"received ice from peer : Shivam_ebfd9c8e-51ea-48d0-b2be-0ca75bd7ae34"},{"timestamp":1611070764837,"log":"received ice from peer : Shivam_ebfd9c8e-51ea-48d0-b2be-0ca75bd7ae34"},{"timestamp":1611070764838,"log":"remote stream received"},{"timestamp":1611070764839,"log":{}},{"timestamp":1611070764839,"log":"remote stream received"},{"timestamp":1611070764839,"log":{}},{"timestamp":1611070764843,"log":"created description for peer : Shivam_ebfd9c8e-51ea-48d0-b2be-0ca75bd7ae34"},{"timestamp":1611070764863,"log":"received ice from peer : Shivam_ebfd9c8e-51ea-48d0-b2be-0ca75bd7ae34"},{"timestamp":1611070764883,"log":"connection with peer Shivam_ebfd9c8e-51ea-48d0-b2be-0ca75bd7ae34 checking"},{"timestamp":1611070764884,"log":"ice: Shubham_87ef2b3f-d0d0-4973-a551-4fec5b9958a9 to Shivam_ebfd9c8e-51ea-48d0-b2be-0ca75bd7ae34"},{"timestamp":1611070764918,"log":"ice: Shubham_87ef2b3f-d0d0-4973-a551-4fec5b9958a9 to Shivam_ebfd9c8e-51ea-48d0-b2be-0ca75bd7ae34"},{"timestamp":1611070765069,"log":"received ice from peer : Shivam_ebfd9c8e-51ea-48d0-b2be-0ca75bd7ae34"},{"timestamp":1611070765174,"log":"ice: Shubham_87ef2b3f-d0d0-4973-a551-4fec5b9958a9 to Shivam_ebfd9c8e-51ea-48d0-b2be-0ca75bd7ae34"},{"timestamp":1611070765174,"log":"connection with peer Shivam_ebfd9c8e-51ea-48d0-b2be-0ca75bd7ae34 connected"}]