[{"timestamp":1611070109039,"log":{"from":"server","to":"Shivam_ebfd9c8e-51ea-48d0-b2be-0ca75bd7ae34","context":"PARENT","data":"{\"peer\":\"Shivank_3861bd06-827e-483e-bd1e-545b519e277f\"}"}},{"timestamp":1611070109039,"log":"Parent : Shivank_3861bd06-827e-483e-bd1e-545b519e277f"},{"timestamp":1611070109528,"log":{"from":"Shivank_3861bd06-827e-483e-bd1e-545b519e277f","to":"Shivam_ebfd9c8e-51ea-48d0-b2be-0ca75bd7ae34","context":"CONNECT_ACK","data":"{\"roomID\":\"123456\"}"}},{"timestamp":1611070109528,"log":"Connection ACK from parent : Shivank_3861bd06-827e-483e-bd1e-545b519e277f"},{"timestamp":1611070109537,"log":"received sdp from peer : Shivank_3861bd06-827e-483e-bd1e-545b519e277f"},{"timestamp":1611070109541,"log":"remote stream received"},{"timestamp":1611070109542,"log":{}},{"timestamp":1611070109542,"log":"remote stream received"},{"timestamp":1611070109542,"log":{}},{"timestamp":1611070109565,"log":"created description for peer : Shivank_3861bd06-827e-483e-bd1e-545b519e277f"},{"timestamp":1611070109567,"log":"received ice from peer : Shivank_3861bd06-827e-483e-bd1e-545b519e277f"},{"timestamp":1611070109571,"log":"received ice from peer : Shivank_3861bd06-827e-483e-bd1e-545b519e277f"},{"timestamp":1611070109574,"log":"connection with peer Shivank_3861bd06-827e-483e-bd1e-545b519e277f checking"},{"timestamp":1611070109575,"log":"ice: Shivam_ebfd9c8e-51ea-48d0-b2be-0ca75bd7ae34 to Shivank_3861bd06-827e-483e-bd1e-545b519e277f"},{"timestamp":1611070109575,"log":"connection with peer Shivank_3861bd06-827e-483e-bd1e-545b519e277f connected"},{"timestamp":1611070109575,"log":"ice: Shivam_ebfd9c8e-51ea-48d0-b2be-0ca75bd7ae34 to Shivank_3861bd06-827e-483e-bd1e-545b519e277f"},{"timestamp":1611070109778,"log":"received ice from peer : Shivank_3861bd06-827e-483e-bd1e-545b519e277f"},{"timestamp":1611070109779,"log":"received ice from peer : Shivank_3861bd06-827e-483e-bd1e-545b519e277f"},{"timestamp":1611070738489,"log":{"from":"Yash_448ea016-11de-46b2-a4ba-4661c0514e66","to":"Shivam_ebfd9c8e-51ea-48d0-b2be-0ca75bd7ae34","context":"CONNECT","data":"{\"roomID\":\"123456\"}"}},{"timestamp":1611070738489,"log":"Connect request from Child : Yash_448ea016-11de-46b2-a4ba-4661c0514e66"},{"timestamp":1611070738490,"log":"adding tracks"},{"timestamp":1611070738492,"log":"call inititated: Shivam_ebfd9c8e-51ea-48d0-b2be-0ca75bd7ae34 to Yash_448ea016-11de-46b2-a4ba-4661c0514e66"},{"timestamp":1611070738493,"log":"created description for peer : Yash_448ea016-11de-46b2-a4ba-4661c0514e66"},{"timestamp":1611070738498,"log":"ice: Shivam_ebfd9c8e-51ea-48d0-b2be-0ca75bd7ae34 to Yash_448ea016-11de-46b2-a4ba-4661c0514e66"},{"timestamp":1611070738500,"log":"ice: Shivam_ebfd9c8e-51ea-48d0-b2be-0ca75bd7ae34 to Yash_448ea016-11de-46b2-a4ba-4661c0514e66"},{"timestamp":1611070738531,"log":"ice: Shivam_ebfd9c8e-51ea-48d0-b2be-0ca75bd7ae34 to Yash_448ea016-11de-46b2-a4ba-4661c0514e66"},{"timestamp":1611070738533,"log":"ice: Shivam_ebfd9c8e-51ea-48d0-b2be-0ca75bd7ae34 to Yash_448ea016-11de-46b2-a4ba-4661c0514e66"},{"timestamp":1611070739057,"log":"received sdp from peer : Yash_448ea016-11de-46b2-a4ba-4661c0514e66"},{"timestamp":1611070739101,"log":"received ice from peer : Yash_448ea016-11de-46b2-a4ba-4661c0514e66"},{"timestamp":1611070739103,"log":"connection with peer Yash_448ea016-11de-46b2-a4ba-4661c0514e66 checking"},{"timestamp":1611070739103,"log":"received ice from peer : Yash_448ea016-11de-46b2-a4ba-4661c0514e66"},{"timestamp":1611070739104,"log":"connection with peer Yash_448ea016-11de-46b2-a4ba-4661c0514e66 connected"},{"timestamp":1611070739105,"log":"ice: Shivam_ebfd9c8e-51ea-48d0-b2be-0ca75bd7ae34 to Yash_448ea016-11de-46b2-a4ba-4661c0514e66"},{"timestamp":1611070772772,"log":{"from":"Shubham_87ef2b3f-d0d0-4973-a551-4fec5b9958a9","to":"Shivam_ebfd9c8e-51ea-48d0-b2be-0ca75bd7ae34","context":"CONNECT","data":"{\"roomID\":\"123456\"}"}},{"timestamp":1611070772772,"log":"Connect request from Child : Shubham_87ef2b3f-d0d0-4973-a551-4fec5b9958a9"},{"timestamp":1611070772773,"log":"adding tracks"},{"timestamp":1611070772774,"log":"call inititated: Shivam_ebfd9c8e-51ea-48d0-b2be-0ca75bd7ae34 to Shubham_87ef2b3f-d0d0-4973-a551-4fec5b9958a9"},{"timestamp":1611070772775,"log":"created description for peer : Shubham_87ef2b3f-d0d0-4973-a551-4fec5b9958a9"},{"timestamp":1611070772779,"log":"ice: Shivam_ebfd9c8e-51ea-48d0-b2be-0ca75bd7ae34 to Shubham_87ef2b3f-d0d0-4973-a551-4fec5b9958a9"},{"timestamp":1611070772780,"log":"ice: Shivam_ebfd9c8e-51ea-48d0-b2be-0ca75bd7ae34 to Shubham_87ef2b3f-d0d0-4973-a551-4fec5b9958a9"},{"timestamp":1611070772814,"log":"ice: Shivam_ebfd9c8e-51ea-48d0-b2be-0ca75bd7ae34 to Shubham_87ef2b3f-d0d0-4973-a551-4fec5b9958a9"},{"timestamp":1611070772815,"log":"ice: Shivam_ebfd9c8e-51ea-48d0-b2be-0ca75bd7ae34 to Shubham_87ef2b3f-d0d0-4973-a551-4fec5b9958a9"},{"timestamp":1611070773323,"log":"received sdp from peer : Shubham_87ef2b3f-d0d0-4973-a551-4fec5b9958a9"},{"timestamp":1611070773324,"log":"received ice from peer : Shubham_87ef2b3f-d0d0-4973-a551-4fec5b9958a9"},{"timestamp":1611070773328,"log":"connection with peer Shubham_87ef2b3f-d0d0-4973-a551-4fec5b9958a9 checking"},{"timestamp":1611070773328,"log":"connection with peer Shubham_87ef2b3f-d0d0-4973-a551-4fec5b9958a9 connected"},{"timestamp":1611070773328,"log":"ice: Shivam_ebfd9c8e-51ea-48d0-b2be-0ca75bd7ae34 to Shubham_87ef2b3f-d0d0-4973-a551-4fec5b9958a9"},{"timestamp":1611070773357,"log":"received ice from peer : Shubham_87ef2b3f-d0d0-4973-a551-4fec5b9958a9"}]