[{"joining_timestamp":1611072344411,"available_slots":4},{"media_timestamp":1611072345900},{"timestamp":1611072672387,"Type":"child_added","available_slots":3,"child_id":"Sharisth_baa9810c-eb39-4bbb-b869-d82ffc139314"},{"timestamp":1611072680990,"Type":"child_added","available_slots":2,"child_id":"Prthamesh_645c80e4-0a50-44b3-a67b-4e45f4e57f5a"},{"timestamp":1611072689651,"Type":"child_added","available_slots":1,"child_id":"Shreyas_493ed3e5-93b2-4039-aa3b-898008e428c0"},{"timestamp":1611072698351,"Type":"child_added","available_slots":0,"child_id":"Yedla_d568d44c-bc73-4c55-8546-91d9913b13b8"}]