[{"timestamp":1611072345389,"log":{"from":"server","to":"Anshu_8bfdf48b-2a95-4693-9479-a9e262b37151","context":"PARENT","data":"{\"peer\":\"Parth_a263f787-4d71-4318-94d1-8b1cdc8f9510\"}"}},{"timestamp":1611072345390,"log":"Parent : Parth_a263f787-4d71-4318-94d1-8b1cdc8f9510"},{"timestamp":1611072345885,"log":{"from":"Parth_a263f787-4d71-4318-94d1-8b1cdc8f9510","to":"Anshu_8bfdf48b-2a95-4693-9479-a9e262b37151","context":"CONNECT_ACK","data":"{\"roomID\":\"123456\"}"}},{"timestamp":1611072345885,"log":"Connection ACK from parent : Parth_a263f787-4d71-4318-94d1-8b1cdc8f9510"},{"timestamp":1611072345891,"log":"received sdp from peer : Parth_a263f787-4d71-4318-94d1-8b1cdc8f9510"},{"timestamp":1611072345895,"log":"received ice from peer : Parth_a263f787-4d71-4318-94d1-8b1cdc8f9510"},{"timestamp":1611072345898,"log":"received ice from peer : Parth_a263f787-4d71-4318-94d1-8b1cdc8f9510"},{"timestamp":1611072345899,"log":"remote stream received"},{"timestamp":1611072345900,"log":{}},{"timestamp":1611072345900,"log":"remote stream received"},{"timestamp":1611072345900,"log":{}},{"timestamp":1611072345905,"log":"created description for peer : Parth_a263f787-4d71-4318-94d1-8b1cdc8f9510"},{"timestamp":1611072345913,"log":"connection with peer Parth_a263f787-4d71-4318-94d1-8b1cdc8f9510 checking"},{"timestamp":1611072345913,"log":"ice: Anshu_8bfdf48b-2a95-4693-9479-a9e262b37151 to Parth_a263f787-4d71-4318-94d1-8b1cdc8f9510"},{"timestamp":1611072345914,"log":"connection with peer Parth_a263f787-4d71-4318-94d1-8b1cdc8f9510 connected"},{"timestamp":1611072345914,"log":"ice: Anshu_8bfdf48b-2a95-4693-9479-a9e262b37151 to Parth_a263f787-4d71-4318-94d1-8b1cdc8f9510"},{"timestamp":1611072345916,"log":"received ice from peer : Parth_a263f787-4d71-4318-94d1-8b1cdc8f9510"},{"timestamp":1611072345916,"log":"received ice from peer : Parth_a263f787-4d71-4318-94d1-8b1cdc8f9510"},{"timestamp":1611072672387,"log":{"from":"Sharisth_baa9810c-eb39-4bbb-b869-d82ffc139314","to":"Anshu_8bfdf48b-2a95-4693-9479-a9e262b37151","context":"CONNECT","data":"{\"roomID\":\"123456\"}"}},{"timestamp":1611072672387,"log":"Connect request from Child : Sharisth_baa9810c-eb39-4bbb-b869-d82ffc139314"},{"timestamp":1611072672389,"log":"adding tracks"},{"timestamp":1611072672393,"log":"call inititated: Anshu_8bfdf48b-2a95-4693-9479-a9e262b37151 to Sharisth_baa9810c-eb39-4bbb-b869-d82ffc139314"},{"timestamp":1611072672395,"log":"created description for peer : Sharisth_baa9810c-eb39-4bbb-b869-d82ffc139314"},{"timestamp":1611072672401,"log":"ice: Anshu_8bfdf48b-2a95-4693-9479-a9e262b37151 to Sharisth_baa9810c-eb39-4bbb-b869-d82ffc139314"},{"timestamp":1611072672401,"log":"ice: Anshu_8bfdf48b-2a95-4693-9479-a9e262b37151 to Sharisth_baa9810c-eb39-4bbb-b869-d82ffc139314"},{"timestamp":1611072672433,"log":"ice: Anshu_8bfdf48b-2a95-4693-9479-a9e262b37151 to Sharisth_baa9810c-eb39-4bbb-b869-d82ffc139314"},{"timestamp":1611072672434,"log":"ice: Anshu_8bfdf48b-2a95-4693-9479-a9e262b37151 to Sharisth_baa9810c-eb39-4bbb-b869-d82ffc139314"},{"timestamp":1611072672652,"log":"connection with peer Sharisth_baa9810c-eb39-4bbb-b869-d82ffc139314 checking"},{"timestamp":1611072672903,"log":"received sdp from peer : Sharisth_baa9810c-eb39-4bbb-b869-d82ffc139314"},{"timestamp":1611072672906,"log":"received ice from peer : Sharisth_baa9810c-eb39-4bbb-b869-d82ffc139314"},{"timestamp":1611072672909,"log":"connection with peer Sharisth_baa9810c-eb39-4bbb-b869-d82ffc139314 connected"},{"timestamp":1611072672910,"log":"ice: Anshu_8bfdf48b-2a95-4693-9479-a9e262b37151 to Sharisth_baa9810c-eb39-4bbb-b869-d82ffc139314"},{"timestamp":1611072680990,"log":{"from":"Prthamesh_645c80e4-0a50-44b3-a67b-4e45f4e57f5a","to":"Anshu_8bfdf48b-2a95-4693-9479-a9e262b37151","context":"CONNECT","data":"{\"roomID\":\"123456\"}"}},{"timestamp":1611072680990,"log":"Connect request from Child : Prthamesh_645c80e4-0a50-44b3-a67b-4e45f4e57f5a"},{"timestamp":1611072680992,"log":"adding tracks"},{"timestamp":1611072680994,"log":"call inititated: Anshu_8bfdf48b-2a95-4693-9479-a9e262b37151 to Prthamesh_645c80e4-0a50-44b3-a67b-4e45f4e57f5a"},{"timestamp":1611072680997,"log":"created description for peer : Prthamesh_645c80e4-0a50-44b3-a67b-4e45f4e57f5a"},{"timestamp":1611072681004,"log":"ice: Anshu_8bfdf48b-2a95-4693-9479-a9e262b37151 to Prthamesh_645c80e4-0a50-44b3-a67b-4e45f4e57f5a"},{"timestamp":1611072681004,"log":"ice: Anshu_8bfdf48b-2a95-4693-9479-a9e262b37151 to Prthamesh_645c80e4-0a50-44b3-a67b-4e45f4e57f5a"},{"timestamp":1611072681037,"log":"ice: Anshu_8bfdf48b-2a95-4693-9479-a9e262b37151 to Prthamesh_645c80e4-0a50-44b3-a67b-4e45f4e57f5a"},{"timestamp":1611072681038,"log":"ice: Anshu_8bfdf48b-2a95-4693-9479-a9e262b37151 to Prthamesh_645c80e4-0a50-44b3-a67b-4e45f4e57f5a"},{"timestamp":1611072681267,"log":"connection with peer Prthamesh_645c80e4-0a50-44b3-a67b-4e45f4e57f5a checking"},{"timestamp":1611072681513,"log":"received sdp from peer : Prthamesh_645c80e4-0a50-44b3-a67b-4e45f4e57f5a"},{"timestamp":1611072681517,"log":"received ice from peer : Prthamesh_645c80e4-0a50-44b3-a67b-4e45f4e57f5a"},{"timestamp":1611072681522,"log":"connection with peer Prthamesh_645c80e4-0a50-44b3-a67b-4e45f4e57f5a connected"},{"timestamp":1611072681522,"log":"ice: Anshu_8bfdf48b-2a95-4693-9479-a9e262b37151 to Prthamesh_645c80e4-0a50-44b3-a67b-4e45f4e57f5a"},{"timestamp":1611072689651,"log":{"from":"Shreyas_493ed3e5-93b2-4039-aa3b-898008e428c0","to":"Anshu_8bfdf48b-2a95-4693-9479-a9e262b37151","context":"CONNECT","data":"{\"roomID\":\"123456\"}"}},{"timestamp":1611072689651,"log":"Connect request from Child : Shreyas_493ed3e5-93b2-4039-aa3b-898008e428c0"},{"timestamp":1611072689653,"log":"adding tracks"},{"timestamp":1611072689655,"log":"call inititated: Anshu_8bfdf48b-2a95-4693-9479-a9e262b37151 to Shreyas_493ed3e5-93b2-4039-aa3b-898008e428c0"},{"timestamp":1611072689658,"log":"created description for peer : Shreyas_493ed3e5-93b2-4039-aa3b-898008e428c0"},{"timestamp":1611072689663,"log":"ice: Anshu_8bfdf48b-2a95-4693-9479-a9e262b37151 to Shreyas_493ed3e5-93b2-4039-aa3b-898008e428c0"},{"timestamp":1611072689664,"log":"ice: Anshu_8bfdf48b-2a95-4693-9479-a9e262b37151 to Shreyas_493ed3e5-93b2-4039-aa3b-898008e428c0"},{"timestamp":1611072689696,"log":"ice: Anshu_8bfdf48b-2a95-4693-9479-a9e262b37151 to Shreyas_493ed3e5-93b2-4039-aa3b-898008e428c0"},{"timestamp":1611072689696,"log":"ice: Anshu_8bfdf48b-2a95-4693-9479-a9e262b37151 to Shreyas_493ed3e5-93b2-4039-aa3b-898008e428c0"},{"timestamp":1611072689927,"log":"connection with peer Shreyas_493ed3e5-93b2-4039-aa3b-898008e428c0 checking"},{"timestamp":1611072690177,"log":"received sdp from peer : Shreyas_493ed3e5-93b2-4039-aa3b-898008e428c0"},{"timestamp":1611072690180,"log":"received ice from peer : Shreyas_493ed3e5-93b2-4039-aa3b-898008e428c0"},{"timestamp":1611072690183,"log":"connection with peer Shreyas_493ed3e5-93b2-4039-aa3b-898008e428c0 connected"},{"timestamp":1611072690183,"log":"ice: Anshu_8bfdf48b-2a95-4693-9479-a9e262b37151 to Shreyas_493ed3e5-93b2-4039-aa3b-898008e428c0"},{"timestamp":1611072698351,"log":{"from":"Yedla_d568d44c-bc73-4c55-8546-91d9913b13b8","to":"Anshu_8bfdf48b-2a95-4693-9479-a9e262b37151","context":"CONNECT","data":"{\"roomID\":\"123456\"}"}},{"timestamp":1611072698351,"log":"Connect request from Child : Yedla_d568d44c-bc73-4c55-8546-91d9913b13b8"},{"timestamp":1611072698352,"log":"adding tracks"},{"timestamp":1611072698354,"log":"call inititated: Anshu_8bfdf48b-2a95-4693-9479-a9e262b37151 to Yedla_d568d44c-bc73-4c55-8546-91d9913b13b8"},{"timestamp":1611072698358,"log":"created description for peer : Yedla_d568d44c-bc73-4c55-8546-91d9913b13b8"},{"timestamp":1611072698364,"log":"ice: Anshu_8bfdf48b-2a95-4693-9479-a9e262b37151 to Yedla_d568d44c-bc73-4c55-8546-91d9913b13b8"},{"timestamp":1611072698365,"log":"ice: Anshu_8bfdf48b-2a95-4693-9479-a9e262b37151 to Yedla_d568d44c-bc73-4c55-8546-91d9913b13b8"},{"timestamp":1611072698397,"log":"ice: Anshu_8bfdf48b-2a95-4693-9479-a9e262b37151 to Yedla_d568d44c-bc73-4c55-8546-91d9913b13b8"},{"timestamp":1611072698401,"log":"ice: Anshu_8bfdf48b-2a95-4693-9479-a9e262b37151 to Yedla_d568d44c-bc73-4c55-8546-91d9913b13b8"},{"timestamp":1611072698625,"log":"connection with peer Yedla_d568d44c-bc73-4c55-8546-91d9913b13b8 checking"},{"timestamp":1611072698871,"log":"received sdp from peer : Yedla_d568d44c-bc73-4c55-8546-91d9913b13b8"},{"timestamp":1611072698875,"log":"received ice from peer : Yedla_d568d44c-bc73-4c55-8546-91d9913b13b8"},{"timestamp":1611072698882,"log":"connection with peer Yedla_d568d44c-bc73-4c55-8546-91d9913b13b8 connected"},{"timestamp":1611072698882,"log":"ice: Anshu_8bfdf48b-2a95-4693-9479-a9e262b37151 to Yedla_d568d44c-bc73-4c55-8546-91d9913b13b8"}]