[{"timestamp":1611072401133,"log":{"from":"server","to":"Aditi_2ff75ed7-7f05-4bab-a397-30c6e4f9a6c2","context":"PARENT","data":"{\"peer\":\"Prabhadh_0c2c68b6-c3af-413e-a283-995457b3a33b\"}"}},{"timestamp":1611072401133,"log":"Parent : Prabhadh_0c2c68b6-c3af-413e-a283-995457b3a33b"},{"timestamp":1611072401617,"log":{"from":"Prabhadh_0c2c68b6-c3af-413e-a283-995457b3a33b","to":"Aditi_2ff75ed7-7f05-4bab-a397-30c6e4f9a6c2","context":"CONNECT_ACK","data":"{\"roomID\":\"123456\"}"}},{"timestamp":1611072401617,"log":"Connection ACK from parent : Prabhadh_0c2c68b6-c3af-413e-a283-995457b3a33b"},{"timestamp":1611072401623,"log":"received sdp from peer : Prabhadh_0c2c68b6-c3af-413e-a283-995457b3a33b"},{"timestamp":1611072401630,"log":"received ice from peer : Prabhadh_0c2c68b6-c3af-413e-a283-995457b3a33b"},{"timestamp":1611072401642,"log":"remote stream received"},{"timestamp":1611072401643,"log":{}},{"timestamp":1611072401643,"log":"remote stream received"},{"timestamp":1611072401644,"log":{}},{"timestamp":1611072401648,"log":"received ice from peer : Prabhadh_0c2c68b6-c3af-413e-a283-995457b3a33b"},{"timestamp":1611072401659,"log":"created description for peer : Prabhadh_0c2c68b6-c3af-413e-a283-995457b3a33b"},{"timestamp":1611072401665,"log":"received ice from peer : Prabhadh_0c2c68b6-c3af-413e-a283-995457b3a33b"},{"timestamp":1611072401677,"log":"connection with peer Prabhadh_0c2c68b6-c3af-413e-a283-995457b3a33b checking"},{"timestamp":1611072401679,"log":"connection with peer Prabhadh_0c2c68b6-c3af-413e-a283-995457b3a33b connected"},{"timestamp":1611072401680,"log":"ice: Aditi_2ff75ed7-7f05-4bab-a397-30c6e4f9a6c2 to Prabhadh_0c2c68b6-c3af-413e-a283-995457b3a33b"},{"timestamp":1611072401681,"log":"ice: Aditi_2ff75ed7-7f05-4bab-a397-30c6e4f9a6c2 to Prabhadh_0c2c68b6-c3af-413e-a283-995457b3a33b"},{"timestamp":1611072401856,"log":"received ice from peer : Prabhadh_0c2c68b6-c3af-413e-a283-995457b3a33b"},{"timestamp":1611072863436,"log":{"from":"Prashant_3d878526-91b0-46d4-a780-96d85ed9bb9a","to":"Aditi_2ff75ed7-7f05-4bab-a397-30c6e4f9a6c2","context":"CONNECT","data":"{\"roomID\":\"123456\"}"}},{"timestamp":1611072863436,"log":"Connect request from Child : Prashant_3d878526-91b0-46d4-a780-96d85ed9bb9a"},{"timestamp":1611072863438,"log":"adding tracks"},{"timestamp":1611072863444,"log":"call inititated: Aditi_2ff75ed7-7f05-4bab-a397-30c6e4f9a6c2 to Prashant_3d878526-91b0-46d4-a780-96d85ed9bb9a"},{"timestamp":1611072863448,"log":"created description for peer : Prashant_3d878526-91b0-46d4-a780-96d85ed9bb9a"},{"timestamp":1611072863467,"log":"ice: Aditi_2ff75ed7-7f05-4bab-a397-30c6e4f9a6c2 to Prashant_3d878526-91b0-46d4-a780-96d85ed9bb9a"},{"timestamp":1611072863468,"log":"ice: Aditi_2ff75ed7-7f05-4bab-a397-30c6e4f9a6c2 to Prashant_3d878526-91b0-46d4-a780-96d85ed9bb9a"},{"timestamp":1611072863500,"log":"ice: Aditi_2ff75ed7-7f05-4bab-a397-30c6e4f9a6c2 to Prashant_3d878526-91b0-46d4-a780-96d85ed9bb9a"},{"timestamp":1611072863502,"log":"ice: Aditi_2ff75ed7-7f05-4bab-a397-30c6e4f9a6c2 to Prashant_3d878526-91b0-46d4-a780-96d85ed9bb9a"},{"timestamp":1611072863961,"log":"received sdp from peer : Prashant_3d878526-91b0-46d4-a780-96d85ed9bb9a"},{"timestamp":1611072863965,"log":"received ice from peer : Prashant_3d878526-91b0-46d4-a780-96d85ed9bb9a"},{"timestamp":1611072863978,"log":"connection with peer Prashant_3d878526-91b0-46d4-a780-96d85ed9bb9a checking"},{"timestamp":1611072863998,"log":"received ice from peer : Prashant_3d878526-91b0-46d4-a780-96d85ed9bb9a"},{"timestamp":1611072864058,"log":"received ice from peer : Prashant_3d878526-91b0-46d4-a780-96d85ed9bb9a"},{"timestamp":1611072879057,"log":"connection with peer Prashant_3d878526-91b0-46d4-a780-96d85ed9bb9a disconnected"},{"timestamp":1611072887607,"log":{"from":"server","to":"Aditi_2ff75ed7-7f05-4bab-a397-30c6e4f9a6c2","context":"CHILDLEFT","data":"{\"child\":\"Prashant_3d878526-91b0-46d4-a780-96d85ed9bb9a\"}"}}]