{"Sankalp_5070585a-5c03-45fd-9d0a-94cb7b78cebb":[{"from":"Sankalp_5070585a-5c03-45fd-9d0a-94cb7b78cebb","to":"Vijay_ac878eea-ac50-4be9-985a-8615b15603c9","Audio":{"timestamp":1611072639555.518,"packetsReceived":144,"packetsLost":0},"Type":"inbound-rtp","Video":{"timestamp":1611072639555.518,"packetsReceived":0,"packetsLost":0}},{"from":"Sankalp_5070585a-5c03-45fd-9d0a-94cb7b78cebb","to":"Vijay_ac878eea-ac50-4be9-985a-8615b15603c9","Audio":{"timestamp":1611072639555.518,"packetsReceived":144,"packetsLost":0},"Type":"inbound-rtp","Video":{"timestamp":1611072639555.518,"packetsReceived":0,"packetsLost":0}},{"from":"Sankalp_5070585a-5c03-45fd-9d0a-94cb7b78cebb","to":"Vijay_ac878eea-ac50-4be9-985a-8615b15603c9","Audio":{"timestamp":1611072644552.948,"packetsReceived":394,"packetsLost":0},"Type":"inbound-rtp","Video":{"timestamp":1611072644552.948,"packetsReceived":39,"packetsLost":0}},{"from":"Sankalp_5070585a-5c03-45fd-9d0a-94cb7b78cebb","to":"Vijay_ac878eea-ac50-4be9-985a-8615b15603c9","Audio":{"timestamp":1611072644552.948,"packetsReceived":394,"packetsLost":0},"Type":"inbound-rtp","Video":{"timestamp":1611072644552.948,"packetsReceived":39,"packetsLost":0}},{"from":"Sankalp_5070585a-5c03-45fd-9d0a-94cb7b78cebb","to":"Vijay_ac878eea-ac50-4be9-985a-8615b15603c9","Audio":{"timestamp":1611072649552.967,"packetsReceived":644,"packetsLost":0},"Type":"inbound-rtp","Video":{"timestamp":1611072649552.967,"packetsReceived":46,"packetsLost":0}},{"from":"Sankalp_5070585a-5c03-45fd-9d0a-94cb7b78cebb","to":"Vijay_ac878eea-ac50-4be9-985a-8615b15603c9","Audio":{"timestamp":1611072649552.967,"packetsReceived":644,"packetsLost":0},"Type":"inbound-rtp","Video":{"timestamp":1611072649552.967,"packetsReceived":46,"packetsLost":0}},{"from":"Sankalp_5070585a-5c03-45fd-9d0a-94cb7b78cebb","to":"Vijay_ac878eea-ac50-4be9-985a-8615b15603c9","Audio":{"timestamp":1611072654552.954,"packetsReceived":893,"packetsLost":0},"Type":"inbound-rtp","Video":{"timestamp":1611072654552.954,"packetsReceived":51,"packetsLost":0}},{"from":"Sankalp_5070585a-5c03-45fd-9d0a-94cb7b78cebb","to":"Vijay_ac878eea-ac50-4be9-985a-8615b15603c9","Audio":{"timestamp":1611072654552.954,"packetsReceived":893,"packetsLost":0},"Type":"inbound-rtp","Video":{"timestamp":1611072654552.954,"packetsReceived":51,"packetsLost":0}},{"from":"Sankalp_5070585a-5c03-45fd-9d0a-94cb7b78cebb","to":"Vijay_ac878eea-ac50-4be9-985a-8615b15603c9","Audio":{"timestamp":1611072659552.943,"packetsReceived":1143,"packetsLost":0},"Type":"inbound-rtp","Video":{"timestamp":1611072659552.943,"packetsReceived":58,"packetsLost":0}},{"from":"Sankalp_5070585a-5c03-45fd-9d0a-94cb7b78cebb","to":"Vijay_ac878eea-ac50-4be9-985a-8615b15603c9","Audio":{"timestamp":1611072659552.943,"packetsReceived":1143,"packetsLost":0},"Type":"inbound-rtp","Video":{"timestamp":1611072659552.943,"packetsReceived":58,"packetsLost":0}},{"from":"Sankalp_5070585a-5c03-45fd-9d0a-94cb7b78cebb","to":"Vijay_ac878eea-ac50-4be9-985a-8615b15603c9","Audio":{"timestamp":1611072664552.958,"packetsReceived":1393,"packetsLost":0},"Type":"inbound-rtp","Video":{"timestamp":1611072664552.958,"packetsReceived":63,"packetsLost":0}},{"from":"Sankalp_5070585a-5c03-45fd-9d0a-94cb7b78cebb","to":"Vijay_ac878eea-ac50-4be9-985a-8615b15603c9","Audio":{"timestamp":1611072664552.958,"packetsReceived":1393,"packetsLost":0},"Type":"inbound-rtp","Video":{"timestamp":1611072664552.958,"packetsReceived":63,"packetsLost":0}},{"from":"Sankalp_5070585a-5c03-45fd-9d0a-94cb7b78cebb","to":"Vijay_ac878eea-ac50-4be9-985a-8615b15603c9","Audio":{"timestamp":1611072669552.894,"packetsReceived":1644,"packetsLost":0},"Type":"inbound-rtp","Video":{"timestamp":1611072669552.894,"packetsReceived":69,"packetsLost":0}},{"from":"Sankalp_5070585a-5c03-45fd-9d0a-94cb7b78cebb","to":"Vijay_ac878eea-ac50-4be9-985a-8615b15603c9","Audio":{"timestamp":1611072669552.894,"packetsReceived":1644,"packetsLost":0},"Type":"inbound-rtp","Video":{"timestamp":1611072669552.894,"packetsReceived":69,"packetsLost":0}},{"from":"Sankalp_5070585a-5c03-45fd-9d0a-94cb7b78cebb","to":"Vijay_ac878eea-ac50-4be9-985a-8615b15603c9","Audio":{"timestamp":1611072674552.888,"packetsReceived":1894,"packetsLost":0},"Type":"inbound-rtp","Video":{"timestamp":1611072674552.888,"packetsReceived":74,"packetsLost":0}},{"from":"Sankalp_5070585a-5c03-45fd-9d0a-94cb7b78cebb","to":"Vijay_ac878eea-ac50-4be9-985a-8615b15603c9","Audio":{"timestamp":1611072674552.888,"packetsReceived":1894,"packetsLost":0},"Type":"inbound-rtp","Video":{"timestamp":1611072674552.888,"packetsReceived":74,"packetsLost":0}},{"from":"Sankalp_5070585a-5c03-45fd-9d0a-94cb7b78cebb","to":"Vijay_ac878eea-ac50-4be9-985a-8615b15603c9","Audio":{"timestamp":1611072679552.958,"packetsReceived":2144,"packetsLost":0},"Type":"inbound-rtp","Video":{"timestamp":1611072679552.958,"packetsReceived":78,"packetsLost":0}},{"from":"Sankalp_5070585a-5c03-45fd-9d0a-94cb7b78cebb","to":"Vijay_ac878eea-ac50-4be9-985a-8615b15603c9","Audio":{"timestamp":1611072679552.958,"packetsReceived":2144,"packetsLost":0},"Type":"inbound-rtp","Video":{"timestamp":1611072679552.958,"packetsReceived":78,"packetsLost":0}},{"from":"Sankalp_5070585a-5c03-45fd-9d0a-94cb7b78cebb","to":"Vijay_ac878eea-ac50-4be9-985a-8615b15603c9","Audio":{"timestamp":1611072684552.912,"packetsReceived":2393,"packetsLost":0},"Type":"inbound-rtp","Video":{"timestamp":1611072684552.912,"packetsReceived":83,"packetsLost":0}},{"from":"Sankalp_5070585a-5c03-45fd-9d0a-94cb7b78cebb","to":"Vijay_ac878eea-ac50-4be9-985a-8615b15603c9","Audio":{"timestamp":1611072684552.912,"packetsReceived":2393,"packetsLost":0},"Type":"inbound-rtp","Video":{"timestamp":1611072684552.912,"packetsReceived":83,"packetsLost":0}},{"from":"Sankalp_5070585a-5c03-45fd-9d0a-94cb7b78cebb","to":"Vijay_ac878eea-ac50-4be9-985a-8615b15603c9","Audio":{"timestamp":1611072689552.966,"packetsReceived":2643,"packetsLost":0},"Type":"inbound-rtp","Video":{"timestamp":1611072689552.966,"packetsReceived":88,"packetsLost":0}},{"from":"Sankalp_5070585a-5c03-45fd-9d0a-94cb7b78cebb","to":"Vijay_ac878eea-ac50-4be9-985a-8615b15603c9","Audio":{"timestamp":1611072689552.966,"packetsReceived":2643,"packetsLost":0},"Type":"inbound-rtp","Video":{"timestamp":1611072689552.966,"packetsReceived":88,"packetsLost":0}},{"from":"Sankalp_5070585a-5c03-45fd-9d0a-94cb7b78cebb","to":"Vijay_ac878eea-ac50-4be9-985a-8615b15603c9","Audio":{"timestamp":1611072694552.907,"packetsReceived":2894,"packetsLost":0},"Type":"inbound-rtp","Video":{"timestamp":1611072694552.907,"packetsReceived":92,"packetsLost":0}},{"from":"Sankalp_5070585a-5c03-45fd-9d0a-94cb7b78cebb","to":"Vijay_ac878eea-ac50-4be9-985a-8615b15603c9","Audio":{"timestamp":1611072694552.907,"packetsReceived":2894,"packetsLost":0},"Type":"inbound-rtp","Video":{"timestamp":1611072694552.907,"packetsReceived":92,"packetsLost":0}},{"from":"Sankalp_5070585a-5c03-45fd-9d0a-94cb7b78cebb","to":"Vijay_ac878eea-ac50-4be9-985a-8615b15603c9","Audio":{"timestamp":1611072699552.968,"packetsReceived":3143,"packetsLost":0},"Type":"inbound-rtp","Video":{"timestamp":1611072699552.968,"packetsReceived":97,"packetsLost":0}},{"from":"Sankalp_5070585a-5c03-45fd-9d0a-94cb7b78cebb","to":"Vijay_ac878eea-ac50-4be9-985a-8615b15603c9","Audio":{"timestamp":1611072699552.968,"packetsReceived":3143,"packetsLost":0},"Type":"inbound-rtp","Video":{"timestamp":1611072699552.968,"packetsReceived":97,"packetsLost":0}},{"from":"Sankalp_5070585a-5c03-45fd-9d0a-94cb7b78cebb","to":"Vijay_ac878eea-ac50-4be9-985a-8615b15603c9","Audio":{"timestamp":1611072704552.934,"packetsReceived":3394,"packetsLost":0},"Type":"inbound-rtp","Video":{"timestamp":1611072704552.934,"packetsReceived":102,"packetsLost":0}},{"from":"Sankalp_5070585a-5c03-45fd-9d0a-94cb7b78cebb","to":"Vijay_ac878eea-ac50-4be9-985a-8615b15603c9","Audio":{"timestamp":1611072704552.934,"packetsReceived":3394,"packetsLost":0},"Type":"inbound-rtp","Video":{"timestamp":1611072704552.934,"packetsReceived":102,"packetsLost":0}},{"from":"Sankalp_5070585a-5c03-45fd-9d0a-94cb7b78cebb","to":"Vijay_ac878eea-ac50-4be9-985a-8615b15603c9","Audio":{"timestamp":1611072709552.902,"packetsReceived":3643,"packetsLost":0},"Type":"inbound-rtp","Video":{"timestamp":1611072709552.902,"packetsReceived":166,"packetsLost":0}},{"from":"Sankalp_5070585a-5c03-45fd-9d0a-94cb7b78cebb","to":"Vijay_ac878eea-ac50-4be9-985a-8615b15603c9","Audio":{"timestamp":1611072709552.902,"packetsReceived":3643,"packetsLost":0},"Type":"inbound-rtp","Video":{"timestamp":1611072709552.902,"packetsReceived":166,"packetsLost":0}},{"from":"Sankalp_5070585a-5c03-45fd-9d0a-94cb7b78cebb","to":"Vijay_ac878eea-ac50-4be9-985a-8615b15603c9","Audio":{"timestamp":1611072714552.947,"packetsReceived":3893,"packetsLost":0},"Type":"inbound-rtp","Video":{"timestamp":1611072714552.947,"packetsReceived":172,"packetsLost":0}},{"from":"Sankalp_5070585a-5c03-45fd-9d0a-94cb7b78cebb","to":"Vijay_ac878eea-ac50-4be9-985a-8615b15603c9","Audio":{"timestamp":1611072714552.947,"packetsReceived":3893,"packetsLost":0},"Type":"inbound-rtp","Video":{"timestamp":1611072714552.947,"packetsReceived":172,"packetsLost":0}},{"from":"Sankalp_5070585a-5c03-45fd-9d0a-94cb7b78cebb","to":"Vijay_ac878eea-ac50-4be9-985a-8615b15603c9","Audio":{"timestamp":1611072719552.967,"packetsReceived":4143,"packetsLost":0},"Type":"inbound-rtp","Video":{"timestamp":1611072719552.967,"packetsReceived":177,"packetsLost":0}},{"from":"Sankalp_5070585a-5c03-45fd-9d0a-94cb7b78cebb","to":"Vijay_ac878eea-ac50-4be9-985a-8615b15603c9","Audio":{"timestamp":1611072719552.967,"packetsReceived":4143,"packetsLost":0},"Type":"inbound-rtp","Video":{"timestamp":1611072719552.967,"packetsReceived":177,"packetsLost":0}},{"from":"Sankalp_5070585a-5c03-45fd-9d0a-94cb7b78cebb","to":"Vijay_ac878eea-ac50-4be9-985a-8615b15603c9","Audio":{"timestamp":1611072724552.934,"packetsReceived":4393,"packetsLost":0},"Type":"inbound-rtp","Video":{"timestamp":1611072724552.934,"packetsReceived":181,"packetsLost":0}},{"from":"Sankalp_5070585a-5c03-45fd-9d0a-94cb7b78cebb","to":"Vijay_ac878eea-ac50-4be9-985a-8615b15603c9","Audio":{"timestamp":1611072724552.934,"packetsReceived":4393,"packetsLost":0},"Type":"inbound-rtp","Video":{"timestamp":1611072724552.934,"packetsReceived":181,"packetsLost":0}},{"from":"Sankalp_5070585a-5c03-45fd-9d0a-94cb7b78cebb","to":"Vijay_ac878eea-ac50-4be9-985a-8615b15603c9","Audio":{"timestamp":1611072729552.975,"packetsReceived":4644,"packetsLost":0},"Type":"inbound-rtp","Video":{"timestamp":1611072729552.975,"packetsReceived":186,"packetsLost":0}},{"from":"Sankalp_5070585a-5c03-45fd-9d0a-94cb7b78cebb","to":"Vijay_ac878eea-ac50-4be9-985a-8615b15603c9","Audio":{"timestamp":1611072729552.975,"packetsReceived":4644,"packetsLost":0},"Type":"inbound-rtp","Video":{"timestamp":1611072729552.975,"packetsReceived":186,"packetsLost":0}},{"from":"Sankalp_5070585a-5c03-45fd-9d0a-94cb7b78cebb","to":"Vijay_ac878eea-ac50-4be9-985a-8615b15603c9","Audio":{"timestamp":1611072734552.874,"packetsReceived":4893,"packetsLost":0},"Type":"inbound-rtp","Video":{"timestamp":1611072734552.874,"packetsReceived":231,"packetsLost":0}},{"from":"Sankalp_5070585a-5c03-45fd-9d0a-94cb7b78cebb","to":"Vijay_ac878eea-ac50-4be9-985a-8615b15603c9","Audio":{"timestamp":1611072734552.874,"packetsReceived":4893,"packetsLost":0},"Type":"inbound-rtp","Video":{"timestamp":1611072734552.874,"packetsReceived":231,"packetsLost":0}},{"from":"Sankalp_5070585a-5c03-45fd-9d0a-94cb7b78cebb","to":"Vijay_ac878eea-ac50-4be9-985a-8615b15603c9","Audio":{"timestamp":1611072739552.875,"packetsReceived":5143,"packetsLost":0},"Type":"inbound-rtp","Video":{"timestamp":1611072739552.875,"packetsReceived":241,"packetsLost":0}},{"from":"Sankalp_5070585a-5c03-45fd-9d0a-94cb7b78cebb","to":"Vijay_ac878eea-ac50-4be9-985a-8615b15603c9","Audio":{"timestamp":1611072739552.875,"packetsReceived":5143,"packetsLost":0},"Type":"inbound-rtp","Video":{"timestamp":1611072739552.875,"packetsReceived":241,"packetsLost":0}},{"from":"Sankalp_5070585a-5c03-45fd-9d0a-94cb7b78cebb","to":"Vijay_ac878eea-ac50-4be9-985a-8615b15603c9","Audio":{"timestamp":1611072744552.928,"packetsReceived":5393,"packetsLost":0},"Type":"inbound-rtp","Video":{"timestamp":1611072744552.928,"packetsReceived":246,"packetsLost":0}},{"from":"Sankalp_5070585a-5c03-45fd-9d0a-94cb7b78cebb","to":"Vijay_ac878eea-ac50-4be9-985a-8615b15603c9","Audio":{"timestamp":1611072744552.928,"packetsReceived":5393,"packetsLost":0},"Type":"inbound-rtp","Video":{"timestamp":1611072744552.928,"packetsReceived":246,"packetsLost":0}},{"from":"Sankalp_5070585a-5c03-45fd-9d0a-94cb7b78cebb","to":"Vijay_ac878eea-ac50-4be9-985a-8615b15603c9","Audio":{"timestamp":1611072749552.878,"packetsReceived":5643,"packetsLost":0},"Type":"inbound-rtp","Video":{"timestamp":1611072749552.878,"packetsReceived":251,"packetsLost":0}},{"from":"Sankalp_5070585a-5c03-45fd-9d0a-94cb7b78cebb","to":"Vijay_ac878eea-ac50-4be9-985a-8615b15603c9","Audio":{"timestamp":1611072749552.878,"packetsReceived":5643,"packetsLost":0},"Type":"inbound-rtp","Video":{"timestamp":1611072749552.878,"packetsReceived":251,"packetsLost":0}},{"from":"Sankalp_5070585a-5c03-45fd-9d0a-94cb7b78cebb","to":"Vijay_ac878eea-ac50-4be9-985a-8615b15603c9","Audio":{"timestamp":1611072754552.858,"packetsReceived":5893,"packetsLost":0},"Type":"inbound-rtp","Video":{"timestamp":1611072754552.858,"packetsReceived":255,"packetsLost":0}},{"from":"Sankalp_5070585a-5c03-45fd-9d0a-94cb7b78cebb","to":"Vijay_ac878eea-ac50-4be9-985a-8615b15603c9","Audio":{"timestamp":1611072754552.858,"packetsReceived":5893,"packetsLost":0},"Type":"inbound-rtp","Video":{"timestamp":1611072754552.858,"packetsReceived":255,"packetsLost":0}},{"from":"Sankalp_5070585a-5c03-45fd-9d0a-94cb7b78cebb","to":"Vijay_ac878eea-ac50-4be9-985a-8615b15603c9","Audio":{"timestamp":1611072759552.891,"packetsReceived":6144,"packetsLost":0},"Type":"inbound-rtp","Video":{"timestamp":1611072759552.891,"packetsReceived":260,"packetsLost":0}},{"from":"Sankalp_5070585a-5c03-45fd-9d0a-94cb7b78cebb","to":"Vijay_ac878eea-ac50-4be9-985a-8615b15603c9","Audio":{"timestamp":1611072759552.891,"packetsReceived":6144,"packetsLost":0},"Type":"inbound-rtp","Video":{"timestamp":1611072759552.891,"packetsReceived":260,"packetsLost":0}},{"from":"Sankalp_5070585a-5c03-45fd-9d0a-94cb7b78cebb","to":"Vijay_ac878eea-ac50-4be9-985a-8615b15603c9","Audio":{"timestamp":1611072764552.944,"packetsReceived":6393,"packetsLost":0},"Type":"inbound-rtp","Video":{"timestamp":1611072764552.944,"packetsReceived":265,"packetsLost":0}},{"from":"Sankalp_5070585a-5c03-45fd-9d0a-94cb7b78cebb","to":"Vijay_ac878eea-ac50-4be9-985a-8615b15603c9","Audio":{"timestamp":1611072764552.944,"packetsReceived":6393,"packetsLost":0},"Type":"inbound-rtp","Video":{"timestamp":1611072764552.944,"packetsReceived":265,"packetsLost":0}},{"from":"Sankalp_5070585a-5c03-45fd-9d0a-94cb7b78cebb","to":"Vijay_ac878eea-ac50-4be9-985a-8615b15603c9","Audio":{"timestamp":1611072769552.803,"packetsReceived":6643,"packetsLost":0},"Type":"inbound-rtp","Video":{"timestamp":1611072769552.803,"packetsReceived":269,"packetsLost":0}},{"from":"Sankalp_5070585a-5c03-45fd-9d0a-94cb7b78cebb","to":"Vijay_ac878eea-ac50-4be9-985a-8615b15603c9","Audio":{"timestamp":1611072769552.803,"packetsReceived":6643,"packetsLost":0},"Type":"inbound-rtp","Video":{"timestamp":1611072769552.803,"packetsReceived":269,"packetsLost":0}},{"from":"Sankalp_5070585a-5c03-45fd-9d0a-94cb7b78cebb","to":"Vijay_ac878eea-ac50-4be9-985a-8615b15603c9","Audio":{"timestamp":1611072774552.957,"packetsReceived":6893,"packetsLost":0},"Type":"inbound-rtp","Video":{"timestamp":1611072774552.957,"packetsReceived":334,"packetsLost":0}},{"from":"Sankalp_5070585a-5c03-45fd-9d0a-94cb7b78cebb","to":"Vijay_ac878eea-ac50-4be9-985a-8615b15603c9","Audio":{"timestamp":1611072774552.957,"packetsReceived":6893,"packetsLost":0},"Type":"inbound-rtp","Video":{"timestamp":1611072774552.957,"packetsReceived":334,"packetsLost":0}},{"from":"Sankalp_5070585a-5c03-45fd-9d0a-94cb7b78cebb","to":"Vijay_ac878eea-ac50-4be9-985a-8615b15603c9","Audio":{"timestamp":1611072779552.905,"packetsReceived":7143,"packetsLost":0},"Type":"inbound-rtp","Video":{"timestamp":1611072779552.905,"packetsReceived":339,"packetsLost":0}},{"from":"Sankalp_5070585a-5c03-45fd-9d0a-94cb7b78cebb","to":"Vijay_ac878eea-ac50-4be9-985a-8615b15603c9","Audio":{"timestamp":1611072779552.905,"packetsReceived":7143,"packetsLost":0},"Type":"inbound-rtp","Video":{"timestamp":1611072779552.905,"packetsReceived":339,"packetsLost":0}},{"from":"Sankalp_5070585a-5c03-45fd-9d0a-94cb7b78cebb","to":"Vijay_ac878eea-ac50-4be9-985a-8615b15603c9","Audio":{"timestamp":1611072784552.96,"packetsReceived":7394,"packetsLost":0},"Type":"inbound-rtp","Video":{"timestamp":1611072784552.96,"packetsReceived":343,"packetsLost":0}},{"from":"Sankalp_5070585a-5c03-45fd-9d0a-94cb7b78cebb","to":"Vijay_ac878eea-ac50-4be9-985a-8615b15603c9","Audio":{"timestamp":1611072784552.96,"packetsReceived":7394,"packetsLost":0},"Type":"inbound-rtp","Video":{"timestamp":1611072784552.96,"packetsReceived":343,"packetsLost":0}},{"from":"Sankalp_5070585a-5c03-45fd-9d0a-94cb7b78cebb","to":"Vijay_ac878eea-ac50-4be9-985a-8615b15603c9","Audio":{"timestamp":1611072789552.87,"packetsReceived":7643,"packetsLost":0},"Type":"inbound-rtp","Video":{"timestamp":1611072789552.87,"packetsReceived":348,"packetsLost":0}},{"from":"Sankalp_5070585a-5c03-45fd-9d0a-94cb7b78cebb","to":"Vijay_ac878eea-ac50-4be9-985a-8615b15603c9","Audio":{"timestamp":1611072789552.87,"packetsReceived":7643,"packetsLost":0},"Type":"inbound-rtp","Video":{"timestamp":1611072789552.87,"packetsReceived":348,"packetsLost":0}},{"from":"Sankalp_5070585a-5c03-45fd-9d0a-94cb7b78cebb","to":"Vijay_ac878eea-ac50-4be9-985a-8615b15603c9","Audio":{"timestamp":1611072794553.053,"packetsReceived":7893,"packetsLost":0},"Type":"inbound-rtp","Video":{"timestamp":1611072794553.053,"packetsReceived":353,"packetsLost":0}},{"from":"Sankalp_5070585a-5c03-45fd-9d0a-94cb7b78cebb","to":"Vijay_ac878eea-ac50-4be9-985a-8615b15603c9","Audio":{"timestamp":1611072794553.053,"packetsReceived":7893,"packetsLost":0},"Type":"inbound-rtp","Video":{"timestamp":1611072794553.053,"packetsReceived":353,"packetsLost":0}},{"from":"Sankalp_5070585a-5c03-45fd-9d0a-94cb7b78cebb","to":"Vijay_ac878eea-ac50-4be9-985a-8615b15603c9","Audio":{"timestamp":1611072799553.209,"packetsReceived":8143,"packetsLost":0},"Type":"inbound-rtp","Video":{"timestamp":1611072799553.209,"packetsReceived":358,"packetsLost":0}},{"from":"Sankalp_5070585a-5c03-45fd-9d0a-94cb7b78cebb","to":"Vijay_ac878eea-ac50-4be9-985a-8615b15603c9","Audio":{"timestamp":1611072799553.209,"packetsReceived":8143,"packetsLost":0},"Type":"inbound-rtp","Video":{"timestamp":1611072799553.209,"packetsReceived":358,"packetsLost":0}},{"from":"Sankalp_5070585a-5c03-45fd-9d0a-94cb7b78cebb","to":"Vijay_ac878eea-ac50-4be9-985a-8615b15603c9","Audio":{"timestamp":1611072804553.02,"packetsReceived":8394,"packetsLost":0},"Type":"inbound-rtp","Video":{"timestamp":1611072804553.02,"packetsReceived":362,"packetsLost":0}},{"from":"Sankalp_5070585a-5c03-45fd-9d0a-94cb7b78cebb","to":"Vijay_ac878eea-ac50-4be9-985a-8615b15603c9","Audio":{"timestamp":1611072804553.02,"packetsReceived":8394,"packetsLost":0},"Type":"inbound-rtp","Video":{"timestamp":1611072804553.02,"packetsReceived":362,"packetsLost":0}},{"from":"Sankalp_5070585a-5c03-45fd-9d0a-94cb7b78cebb","to":"Vijay_ac878eea-ac50-4be9-985a-8615b15603c9","Audio":{"timestamp":1611072809553.038,"packetsReceived":8643,"packetsLost":0},"Type":"inbound-rtp","Video":{"timestamp":1611072809553.038,"packetsReceived":367,"packetsLost":0}},{"from":"Sankalp_5070585a-5c03-45fd-9d0a-94cb7b78cebb","to":"Vijay_ac878eea-ac50-4be9-985a-8615b15603c9","Audio":{"timestamp":1611072809553.038,"packetsReceived":8643,"packetsLost":0},"Type":"inbound-rtp","Video":{"timestamp":1611072809553.038,"packetsReceived":367,"packetsLost":0}},{"from":"Sankalp_5070585a-5c03-45fd-9d0a-94cb7b78cebb","to":"Vijay_ac878eea-ac50-4be9-985a-8615b15603c9","Audio":{"timestamp":1611072814552.94,"packetsReceived":8893,"packetsLost":0},"Type":"inbound-rtp","Video":{"timestamp":1611072814552.94,"packetsReceived":372,"packetsLost":0}},{"from":"Sankalp_5070585a-5c03-45fd-9d0a-94cb7b78cebb","to":"Vijay_ac878eea-ac50-4be9-985a-8615b15603c9","Audio":{"timestamp":1611072814552.94,"packetsReceived":8893,"packetsLost":0},"Type":"inbound-rtp","Video":{"timestamp":1611072814552.94,"packetsReceived":372,"packetsLost":0}},{"from":"Sankalp_5070585a-5c03-45fd-9d0a-94cb7b78cebb","to":"Vijay_ac878eea-ac50-4be9-985a-8615b15603c9","Audio":{"timestamp":1611072819552.865,"packetsReceived":9143,"packetsLost":0},"Type":"inbound-rtp","Video":{"timestamp":1611072819552.865,"packetsReceived":376,"packetsLost":0}},{"from":"Sankalp_5070585a-5c03-45fd-9d0a-94cb7b78cebb","to":"Vijay_ac878eea-ac50-4be9-985a-8615b15603c9","Audio":{"timestamp":1611072819552.865,"packetsReceived":9143,"packetsLost":0},"Type":"inbound-rtp","Video":{"timestamp":1611072819552.865,"packetsReceived":376,"packetsLost":0}},{"from":"Sankalp_5070585a-5c03-45fd-9d0a-94cb7b78cebb","to":"Vijay_ac878eea-ac50-4be9-985a-8615b15603c9","Audio":{"timestamp":1611072824553.036,"packetsReceived":9393,"packetsLost":0},"Type":"inbound-rtp","Video":{"timestamp":1611072824553.036,"packetsReceived":381,"packetsLost":0}},{"from":"Sankalp_5070585a-5c03-45fd-9d0a-94cb7b78cebb","to":"Vijay_ac878eea-ac50-4be9-985a-8615b15603c9","Audio":{"timestamp":1611072824553.036,"packetsReceived":9393,"packetsLost":0},"Type":"inbound-rtp","Video":{"timestamp":1611072824553.036,"packetsReceived":381,"packetsLost":0}},{"from":"Sankalp_5070585a-5c03-45fd-9d0a-94cb7b78cebb","to":"Vijay_ac878eea-ac50-4be9-985a-8615b15603c9","Audio":{"timestamp":1611072829552.918,"packetsReceived":9643,"packetsLost":0},"Type":"inbound-rtp","Video":{"timestamp":1611072829552.918,"packetsReceived":386,"packetsLost":0}},{"from":"Sankalp_5070585a-5c03-45fd-9d0a-94cb7b78cebb","to":"Vijay_ac878eea-ac50-4be9-985a-8615b15603c9","Audio":{"timestamp":1611072829552.918,"packetsReceived":9643,"packetsLost":0},"Type":"inbound-rtp","Video":{"timestamp":1611072829552.918,"packetsReceived":386,"packetsLost":0}},{"from":"Sankalp_5070585a-5c03-45fd-9d0a-94cb7b78cebb","to":"Vijay_ac878eea-ac50-4be9-985a-8615b15603c9","Audio":{"timestamp":1611072834552.934,"packetsReceived":9893,"packetsLost":0},"Type":"inbound-rtp","Video":{"timestamp":1611072834552.934,"packetsReceived":406,"packetsLost":0}},{"from":"Sankalp_5070585a-5c03-45fd-9d0a-94cb7b78cebb","to":"Vijay_ac878eea-ac50-4be9-985a-8615b15603c9","Audio":{"timestamp":1611072834552.934,"packetsReceived":9893,"packetsLost":0},"Type":"inbound-rtp","Video":{"timestamp":1611072834552.934,"packetsReceived":406,"packetsLost":0}},{"from":"Sankalp_5070585a-5c03-45fd-9d0a-94cb7b78cebb","to":"Vijay_ac878eea-ac50-4be9-985a-8615b15603c9","Audio":{"timestamp":1611072839552.919,"packetsReceived":10143,"packetsLost":0},"Type":"inbound-rtp","Video":{"timestamp":1611072839552.919,"packetsReceived":515,"packetsLost":0}},{"from":"Sankalp_5070585a-5c03-45fd-9d0a-94cb7b78cebb","to":"Vijay_ac878eea-ac50-4be9-985a-8615b15603c9","Audio":{"timestamp":1611072839552.919,"packetsReceived":10143,"packetsLost":0},"Type":"inbound-rtp","Video":{"timestamp":1611072839552.919,"packetsReceived":515,"packetsLost":0}},{"from":"Sankalp_5070585a-5c03-45fd-9d0a-94cb7b78cebb","to":"Vijay_ac878eea-ac50-4be9-985a-8615b15603c9","Audio":{"timestamp":1611072844552.918,"packetsReceived":10393,"packetsLost":0},"Type":"inbound-rtp","Video":{"timestamp":1611072844552.918,"packetsReceived":530,"packetsLost":0}},{"from":"Sankalp_5070585a-5c03-45fd-9d0a-94cb7b78cebb","to":"Vijay_ac878eea-ac50-4be9-985a-8615b15603c9","Audio":{"timestamp":1611072844552.918,"packetsReceived":10393,"packetsLost":0},"Type":"inbound-rtp","Video":{"timestamp":1611072844552.918,"packetsReceived":530,"packetsLost":0}},{"from":"Sankalp_5070585a-5c03-45fd-9d0a-94cb7b78cebb","to":"Vijay_ac878eea-ac50-4be9-985a-8615b15603c9","Audio":{"timestamp":1611072849552.914,"packetsReceived":10643,"packetsLost":0},"Type":"inbound-rtp","Video":{"timestamp":1611072849552.914,"packetsReceived":542,"packetsLost":0}},{"from":"Sankalp_5070585a-5c03-45fd-9d0a-94cb7b78cebb","to":"Vijay_ac878eea-ac50-4be9-985a-8615b15603c9","Audio":{"timestamp":1611072849552.914,"packetsReceived":10643,"packetsLost":0},"Type":"inbound-rtp","Video":{"timestamp":1611072849552.914,"packetsReceived":542,"packetsLost":0}},{"from":"Sankalp_5070585a-5c03-45fd-9d0a-94cb7b78cebb","to":"Vijay_ac878eea-ac50-4be9-985a-8615b15603c9","Audio":{"timestamp":1611072854552.938,"packetsReceived":10893,"packetsLost":0},"Type":"inbound-rtp","Video":{"timestamp":1611072854552.938,"packetsReceived":557,"packetsLost":0}},{"from":"Sankalp_5070585a-5c03-45fd-9d0a-94cb7b78cebb","to":"Vijay_ac878eea-ac50-4be9-985a-8615b15603c9","Audio":{"timestamp":1611072854552.938,"packetsReceived":10893,"packetsLost":0},"Type":"inbound-rtp","Video":{"timestamp":1611072854552.938,"packetsReceived":557,"packetsLost":0}},{"from":"Sankalp_5070585a-5c03-45fd-9d0a-94cb7b78cebb","to":"Vijay_ac878eea-ac50-4be9-985a-8615b15603c9","Audio":{"timestamp":1611072859552.89,"packetsReceived":11143,"packetsLost":0},"Type":"inbound-rtp","Video":{"timestamp":1611072859552.89,"packetsReceived":572,"packetsLost":0}},{"from":"Sankalp_5070585a-5c03-45fd-9d0a-94cb7b78cebb","to":"Vijay_ac878eea-ac50-4be9-985a-8615b15603c9","Audio":{"timestamp":1611072859552.89,"packetsReceived":11143,"packetsLost":0},"Type":"inbound-rtp","Video":{"timestamp":1611072859552.89,"packetsReceived":572,"packetsLost":0}},{"from":"Sankalp_5070585a-5c03-45fd-9d0a-94cb7b78cebb","to":"Vijay_ac878eea-ac50-4be9-985a-8615b15603c9","Audio":{"timestamp":1611072864552.917,"packetsReceived":11394,"packetsLost":0},"Type":"inbound-rtp","Video":{"timestamp":1611072864552.917,"packetsReceived":584,"packetsLost":0}},{"from":"Sankalp_5070585a-5c03-45fd-9d0a-94cb7b78cebb","to":"Vijay_ac878eea-ac50-4be9-985a-8615b15603c9","Audio":{"timestamp":1611072864552.917,"packetsReceived":11394,"packetsLost":0},"Type":"inbound-rtp","Video":{"timestamp":1611072864552.917,"packetsReceived":584,"packetsLost":0}},{"from":"Sankalp_5070585a-5c03-45fd-9d0a-94cb7b78cebb","to":"Vijay_ac878eea-ac50-4be9-985a-8615b15603c9","Audio":{"timestamp":1611072869552.952,"packetsReceived":11643,"packetsLost":0},"Type":"inbound-rtp","Video":{"timestamp":1611072869552.952,"packetsReceived":664,"packetsLost":0}},{"from":"Sankalp_5070585a-5c03-45fd-9d0a-94cb7b78cebb","to":"Vijay_ac878eea-ac50-4be9-985a-8615b15603c9","Audio":{"timestamp":1611072869552.952,"packetsReceived":11643,"packetsLost":0},"Type":"inbound-rtp","Video":{"timestamp":1611072869552.952,"packetsReceived":664,"packetsLost":0}},{"from":"Sankalp_5070585a-5c03-45fd-9d0a-94cb7b78cebb","to":"Vijay_ac878eea-ac50-4be9-985a-8615b15603c9","Audio":{"timestamp":1611072874552.968,"packetsReceived":11893,"packetsLost":0},"Type":"inbound-rtp","Video":{"timestamp":1611072874552.968,"packetsReceived":693,"packetsLost":0}},{"from":"Sankalp_5070585a-5c03-45fd-9d0a-94cb7b78cebb","to":"Vijay_ac878eea-ac50-4be9-985a-8615b15603c9","Audio":{"timestamp":1611072874552.968,"packetsReceived":11893,"packetsLost":0},"Type":"inbound-rtp","Video":{"timestamp":1611072874552.968,"packetsReceived":693,"packetsLost":0}},{"from":"Sankalp_5070585a-5c03-45fd-9d0a-94cb7b78cebb","to":"Vijay_ac878eea-ac50-4be9-985a-8615b15603c9","Audio":{"timestamp":1611072879553.381,"packetsReceived":12143,"packetsLost":0},"Type":"inbound-rtp","Video":{"timestamp":1611072879553.381,"packetsReceived":701,"packetsLost":0}},{"from":"Sankalp_5070585a-5c03-45fd-9d0a-94cb7b78cebb","to":"Vijay_ac878eea-ac50-4be9-985a-8615b15603c9","Audio":{"timestamp":1611072879553.381,"packetsReceived":12143,"packetsLost":0},"Type":"inbound-rtp","Video":{"timestamp":1611072879553.381,"packetsReceived":701,"packetsLost":0}},{"from":"Sankalp_5070585a-5c03-45fd-9d0a-94cb7b78cebb","to":"Vijay_ac878eea-ac50-4be9-985a-8615b15603c9","Audio":{"timestamp":1611072884553.023,"packetsReceived":12393,"packetsLost":0},"Type":"inbound-rtp","Video":{"timestamp":1611072884553.023,"packetsReceived":711,"packetsLost":0}},{"from":"Sankalp_5070585a-5c03-45fd-9d0a-94cb7b78cebb","to":"Vijay_ac878eea-ac50-4be9-985a-8615b15603c9","Audio":{"timestamp":1611072884553.023,"packetsReceived":12393,"packetsLost":0},"Type":"inbound-rtp","Video":{"timestamp":1611072884553.023,"packetsReceived":711,"packetsLost":0}},{"from":"Sankalp_5070585a-5c03-45fd-9d0a-94cb7b78cebb","to":"Vijay_ac878eea-ac50-4be9-985a-8615b15603c9","Audio":{"timestamp":1611072889552.923,"packetsReceived":12643,"packetsLost":0},"Type":"inbound-rtp","Video":{"timestamp":1611072889552.923,"packetsReceived":721,"packetsLost":0}},{"from":"Sankalp_5070585a-5c03-45fd-9d0a-94cb7b78cebb","to":"Vijay_ac878eea-ac50-4be9-985a-8615b15603c9","Audio":{"timestamp":1611072889552.923,"packetsReceived":12643,"packetsLost":0},"Type":"inbound-rtp","Video":{"timestamp":1611072889552.923,"packetsReceived":721,"packetsLost":0}},{"from":"Sankalp_5070585a-5c03-45fd-9d0a-94cb7b78cebb","to":"Vijay_ac878eea-ac50-4be9-985a-8615b15603c9","Audio":{"timestamp":1611072894552.945,"packetsReceived":12893,"packetsLost":0},"Type":"inbound-rtp","Video":{"timestamp":1611072894552.945,"packetsReceived":729,"packetsLost":0}},{"from":"Sankalp_5070585a-5c03-45fd-9d0a-94cb7b78cebb","to":"Vijay_ac878eea-ac50-4be9-985a-8615b15603c9","Audio":{"timestamp":1611072894552.945,"packetsReceived":12893,"packetsLost":0},"Type":"inbound-rtp","Video":{"timestamp":1611072894552.945,"packetsReceived":729,"packetsLost":0}},{"from":"Sankalp_5070585a-5c03-45fd-9d0a-94cb7b78cebb","to":"Vijay_ac878eea-ac50-4be9-985a-8615b15603c9","Audio":{"timestamp":1611072899552.87,"packetsReceived":13143,"packetsLost":0},"Type":"inbound-rtp","Video":{"timestamp":1611072899552.87,"packetsReceived":739,"packetsLost":0}},{"from":"Sankalp_5070585a-5c03-45fd-9d0a-94cb7b78cebb","to":"Vijay_ac878eea-ac50-4be9-985a-8615b15603c9","Audio":{"timestamp":1611072899552.87,"packetsReceived":13143,"packetsLost":0},"Type":"inbound-rtp","Video":{"timestamp":1611072899552.87,"packetsReceived":739,"packetsLost":0}},{"from":"Sankalp_5070585a-5c03-45fd-9d0a-94cb7b78cebb","to":"Vijay_ac878eea-ac50-4be9-985a-8615b15603c9","Audio":{"timestamp":1611072904552.991,"packetsReceived":13393,"packetsLost":0},"Type":"inbound-rtp","Video":{"timestamp":1611072904552.991,"packetsReceived":749,"packetsLost":0}},{"from":"Sankalp_5070585a-5c03-45fd-9d0a-94cb7b78cebb","to":"Vijay_ac878eea-ac50-4be9-985a-8615b15603c9","Audio":{"timestamp":1611072904552.991,"packetsReceived":13393,"packetsLost":0},"Type":"inbound-rtp","Video":{"timestamp":1611072904552.991,"packetsReceived":749,"packetsLost":0}},{"from":"Sankalp_5070585a-5c03-45fd-9d0a-94cb7b78cebb","to":"Vijay_ac878eea-ac50-4be9-985a-8615b15603c9","Audio":{"timestamp":1611072909552.9,"packetsReceived":13643,"packetsLost":0},"Type":"inbound-rtp","Video":{"timestamp":1611072909552.9,"packetsReceived":757,"packetsLost":0}},{"from":"Sankalp_5070585a-5c03-45fd-9d0a-94cb7b78cebb","to":"Vijay_ac878eea-ac50-4be9-985a-8615b15603c9","Audio":{"timestamp":1611072909552.9,"packetsReceived":13643,"packetsLost":0},"Type":"inbound-rtp","Video":{"timestamp":1611072909552.9,"packetsReceived":757,"packetsLost":0}},{"from":"Sankalp_5070585a-5c03-45fd-9d0a-94cb7b78cebb","to":"Vijay_ac878eea-ac50-4be9-985a-8615b15603c9","Audio":{"timestamp":1611072914552.946,"packetsReceived":13893,"packetsLost":0},"Type":"inbound-rtp","Video":{"timestamp":1611072914552.946,"packetsReceived":767,"packetsLost":0}},{"from":"Sankalp_5070585a-5c03-45fd-9d0a-94cb7b78cebb","to":"Vijay_ac878eea-ac50-4be9-985a-8615b15603c9","Audio":{"timestamp":1611072914552.946,"packetsReceived":13893,"packetsLost":0},"Type":"inbound-rtp","Video":{"timestamp":1611072914552.946,"packetsReceived":767,"packetsLost":0}},{"from":"Sankalp_5070585a-5c03-45fd-9d0a-94cb7b78cebb","to":"Vijay_ac878eea-ac50-4be9-985a-8615b15603c9","Audio":{"timestamp":1611072919552.914,"packetsReceived":14143,"packetsLost":0},"Type":"inbound-rtp","Video":{"timestamp":1611072919552.914,"packetsReceived":777,"packetsLost":0}},{"from":"Sankalp_5070585a-5c03-45fd-9d0a-94cb7b78cebb","to":"Vijay_ac878eea-ac50-4be9-985a-8615b15603c9","Audio":{"timestamp":1611072919552.914,"packetsReceived":14143,"packetsLost":0},"Type":"inbound-rtp","Video":{"timestamp":1611072919552.914,"packetsReceived":777,"packetsLost":0}},{"from":"Sankalp_5070585a-5c03-45fd-9d0a-94cb7b78cebb","to":"Vijay_ac878eea-ac50-4be9-985a-8615b15603c9","Audio":{"timestamp":1611072924552.971,"packetsReceived":14393,"packetsLost":0},"Type":"inbound-rtp","Video":{"timestamp":1611072924552.971,"packetsReceived":787,"packetsLost":0}},{"from":"Sankalp_5070585a-5c03-45fd-9d0a-94cb7b78cebb","to":"Vijay_ac878eea-ac50-4be9-985a-8615b15603c9","Audio":{"timestamp":1611072924552.971,"packetsReceived":14393,"packetsLost":0},"Type":"inbound-rtp","Video":{"timestamp":1611072924552.971,"packetsReceived":787,"packetsLost":0}},{"from":"Sankalp_5070585a-5c03-45fd-9d0a-94cb7b78cebb","to":"Vijay_ac878eea-ac50-4be9-985a-8615b15603c9","Audio":{"timestamp":1611072929552.895,"packetsReceived":14643,"packetsLost":0},"Type":"inbound-rtp","Video":{"timestamp":1611072929552.895,"packetsReceived":795,"packetsLost":0}},{"from":"Sankalp_5070585a-5c03-45fd-9d0a-94cb7b78cebb","to":"Vijay_ac878eea-ac50-4be9-985a-8615b15603c9","Audio":{"timestamp":1611072929552.895,"packetsReceived":14643,"packetsLost":0},"Type":"inbound-rtp","Video":{"timestamp":1611072929552.895,"packetsReceived":795,"packetsLost":0}},{"from":"Sankalp_5070585a-5c03-45fd-9d0a-94cb7b78cebb","to":"Vijay_ac878eea-ac50-4be9-985a-8615b15603c9","Audio":{"timestamp":1611072934552.94,"packetsReceived":14893,"packetsLost":0},"Type":"inbound-rtp","Video":{"timestamp":1611072934552.94,"packetsReceived":805,"packetsLost":0}},{"from":"Sankalp_5070585a-5c03-45fd-9d0a-94cb7b78cebb","to":"Vijay_ac878eea-ac50-4be9-985a-8615b15603c9","Audio":{"timestamp":1611072934552.94,"packetsReceived":14893,"packetsLost":0},"Type":"inbound-rtp","Video":{"timestamp":1611072934552.94,"packetsReceived":805,"packetsLost":0}},{"from":"Sankalp_5070585a-5c03-45fd-9d0a-94cb7b78cebb","to":"Vijay_ac878eea-ac50-4be9-985a-8615b15603c9","Audio":{"timestamp":1611072939552.908,"packetsReceived":15143,"packetsLost":0},"Type":"inbound-rtp","Video":{"timestamp":1611072939552.908,"packetsReceived":815,"packetsLost":0}},{"from":"Sankalp_5070585a-5c03-45fd-9d0a-94cb7b78cebb","to":"Vijay_ac878eea-ac50-4be9-985a-8615b15603c9","Audio":{"timestamp":1611072939552.908,"packetsReceived":15143,"packetsLost":0},"Type":"inbound-rtp","Video":{"timestamp":1611072939552.908,"packetsReceived":815,"packetsLost":0}},{"from":"Sankalp_5070585a-5c03-45fd-9d0a-94cb7b78cebb","to":"Vijay_ac878eea-ac50-4be9-985a-8615b15603c9","Audio":{"timestamp":1611072944552.93,"packetsReceived":15394,"packetsLost":0},"Type":"inbound-rtp","Video":{"timestamp":1611072944552.93,"packetsReceived":823,"packetsLost":0}},{"from":"Sankalp_5070585a-5c03-45fd-9d0a-94cb7b78cebb","to":"Vijay_ac878eea-ac50-4be9-985a-8615b15603c9","Audio":{"timestamp":1611072944552.93,"packetsReceived":15394,"packetsLost":0},"Type":"inbound-rtp","Video":{"timestamp":1611072944552.93,"packetsReceived":823,"packetsLost":0}},{"from":"Sankalp_5070585a-5c03-45fd-9d0a-94cb7b78cebb","to":"Vijay_ac878eea-ac50-4be9-985a-8615b15603c9","Audio":{"timestamp":1611072949552.895,"packetsReceived":15643,"packetsLost":0},"Type":"inbound-rtp","Video":{"timestamp":1611072949552.895,"packetsReceived":833,"packetsLost":0}},{"from":"Sankalp_5070585a-5c03-45fd-9d0a-94cb7b78cebb","to":"Vijay_ac878eea-ac50-4be9-985a-8615b15603c9","Audio":{"timestamp":1611072949552.895,"packetsReceived":15643,"packetsLost":0},"Type":"inbound-rtp","Video":{"timestamp":1611072949552.895,"packetsReceived":833,"packetsLost":0}},{"from":"Sankalp_5070585a-5c03-45fd-9d0a-94cb7b78cebb","to":"Vijay_ac878eea-ac50-4be9-985a-8615b15603c9","Audio":{"timestamp":1611072954553.108,"packetsReceived":15893,"packetsLost":0},"Type":"inbound-rtp","Video":{"timestamp":1611072954553.108,"packetsReceived":843,"packetsLost":0}},{"from":"Sankalp_5070585a-5c03-45fd-9d0a-94cb7b78cebb","to":"Vijay_ac878eea-ac50-4be9-985a-8615b15603c9","Audio":{"timestamp":1611072954553.108,"packetsReceived":15893,"packetsLost":0},"Type":"inbound-rtp","Video":{"timestamp":1611072954553.108,"packetsReceived":843,"packetsLost":0}},{"from":"Sankalp_5070585a-5c03-45fd-9d0a-94cb7b78cebb","to":"Vijay_ac878eea-ac50-4be9-985a-8615b15603c9","Audio":{"timestamp":1611072959552.956,"packetsReceived":16143,"packetsLost":0},"Type":"inbound-rtp","Video":{"timestamp":1611072959552.956,"packetsReceived":851,"packetsLost":0}},{"from":"Sankalp_5070585a-5c03-45fd-9d0a-94cb7b78cebb","to":"Vijay_ac878eea-ac50-4be9-985a-8615b15603c9","Audio":{"timestamp":1611072959552.956,"packetsReceived":16143,"packetsLost":0},"Type":"inbound-rtp","Video":{"timestamp":1611072959552.956,"packetsReceived":851,"packetsLost":0}},{"from":"Sankalp_5070585a-5c03-45fd-9d0a-94cb7b78cebb","to":"Vijay_ac878eea-ac50-4be9-985a-8615b15603c9","Audio":{"timestamp":1611072964552.875,"packetsReceived":16393,"packetsLost":0},"Type":"inbound-rtp","Video":{"timestamp":1611072964552.875,"packetsReceived":861,"packetsLost":0}},{"from":"Sankalp_5070585a-5c03-45fd-9d0a-94cb7b78cebb","to":"Vijay_ac878eea-ac50-4be9-985a-8615b15603c9","Audio":{"timestamp":1611072964552.875,"packetsReceived":16393,"packetsLost":0},"Type":"inbound-rtp","Video":{"timestamp":1611072964552.875,"packetsReceived":861,"packetsLost":0}},{"from":"Sankalp_5070585a-5c03-45fd-9d0a-94cb7b78cebb","to":"Vijay_ac878eea-ac50-4be9-985a-8615b15603c9","Audio":{"timestamp":1611072969552.929,"packetsReceived":16643,"packetsLost":0},"Type":"inbound-rtp","Video":{"timestamp":1611072969552.929,"packetsReceived":871,"packetsLost":0}},{"from":"Sankalp_5070585a-5c03-45fd-9d0a-94cb7b78cebb","to":"Vijay_ac878eea-ac50-4be9-985a-8615b15603c9","Audio":{"timestamp":1611072969552.929,"packetsReceived":16643,"packetsLost":0},"Type":"inbound-rtp","Video":{"timestamp":1611072969552.929,"packetsReceived":871,"packetsLost":0}},{"from":"Sankalp_5070585a-5c03-45fd-9d0a-94cb7b78cebb","to":"Vijay_ac878eea-ac50-4be9-985a-8615b15603c9","Audio":{"timestamp":1611072974552.919,"packetsReceived":16893,"packetsLost":0},"Type":"inbound-rtp","Video":{"timestamp":1611072974552.919,"packetsReceived":879,"packetsLost":0}},{"from":"Sankalp_5070585a-5c03-45fd-9d0a-94cb7b78cebb","to":"Vijay_ac878eea-ac50-4be9-985a-8615b15603c9","Audio":{"timestamp":1611072974552.919,"packetsReceived":16893,"packetsLost":0},"Type":"inbound-rtp","Video":{"timestamp":1611072974552.919,"packetsReceived":879,"packetsLost":0}},{"from":"Sankalp_5070585a-5c03-45fd-9d0a-94cb7b78cebb","to":"Vijay_ac878eea-ac50-4be9-985a-8615b15603c9","Audio":{"timestamp":1611072979552.903,"packetsReceived":17143,"packetsLost":0},"Type":"inbound-rtp","Video":{"timestamp":1611072979552.903,"packetsReceived":889,"packetsLost":0}},{"from":"Sankalp_5070585a-5c03-45fd-9d0a-94cb7b78cebb","to":"Vijay_ac878eea-ac50-4be9-985a-8615b15603c9","Audio":{"timestamp":1611072979552.903,"packetsReceived":17143,"packetsLost":0},"Type":"inbound-rtp","Video":{"timestamp":1611072979552.903,"packetsReceived":889,"packetsLost":0}},{"from":"Sankalp_5070585a-5c03-45fd-9d0a-94cb7b78cebb","to":"Vijay_ac878eea-ac50-4be9-985a-8615b15603c9","Audio":{"timestamp":1611072984552.972,"packetsReceived":17393,"packetsLost":0},"Type":"inbound-rtp","Video":{"timestamp":1611072984552.972,"packetsReceived":899,"packetsLost":0}},{"from":"Sankalp_5070585a-5c03-45fd-9d0a-94cb7b78cebb","to":"Vijay_ac878eea-ac50-4be9-985a-8615b15603c9","Audio":{"timestamp":1611072984552.972,"packetsReceived":17393,"packetsLost":0},"Type":"inbound-rtp","Video":{"timestamp":1611072984552.972,"packetsReceived":899,"packetsLost":0}},{"from":"Sankalp_5070585a-5c03-45fd-9d0a-94cb7b78cebb","to":"Vijay_ac878eea-ac50-4be9-985a-8615b15603c9","Audio":{"timestamp":1611072989552.972,"packetsReceived":17643,"packetsLost":0},"Type":"inbound-rtp","Video":{"timestamp":1611072989552.972,"packetsReceived":907,"packetsLost":0}},{"from":"Sankalp_5070585a-5c03-45fd-9d0a-94cb7b78cebb","to":"Vijay_ac878eea-ac50-4be9-985a-8615b15603c9","Audio":{"timestamp":1611072989552.972,"packetsReceived":17643,"packetsLost":0},"Type":"inbound-rtp","Video":{"timestamp":1611072989552.972,"packetsReceived":907,"packetsLost":0}},{"from":"Sankalp_5070585a-5c03-45fd-9d0a-94cb7b78cebb","to":"Vijay_ac878eea-ac50-4be9-985a-8615b15603c9","Audio":{"timestamp":1611072994552.901,"packetsReceived":17893,"packetsLost":0},"Type":"inbound-rtp","Video":{"timestamp":1611072994552.901,"packetsReceived":917,"packetsLost":0}},{"from":"Sankalp_5070585a-5c03-45fd-9d0a-94cb7b78cebb","to":"Vijay_ac878eea-ac50-4be9-985a-8615b15603c9","Audio":{"timestamp":1611072994552.901,"packetsReceived":17893,"packetsLost":0},"Type":"inbound-rtp","Video":{"timestamp":1611072994552.901,"packetsReceived":917,"packetsLost":0}},{"from":"Sankalp_5070585a-5c03-45fd-9d0a-94cb7b78cebb","to":"Vijay_ac878eea-ac50-4be9-985a-8615b15603c9","Audio":{"timestamp":1611072999552.947,"packetsReceived":18143,"packetsLost":0},"Type":"inbound-rtp","Video":{"timestamp":1611072999552.947,"packetsReceived":927,"packetsLost":0}},{"from":"Sankalp_5070585a-5c03-45fd-9d0a-94cb7b78cebb","to":"Vijay_ac878eea-ac50-4be9-985a-8615b15603c9","Audio":{"timestamp":1611072999552.947,"packetsReceived":18143,"packetsLost":0},"Type":"inbound-rtp","Video":{"timestamp":1611072999552.947,"packetsReceived":927,"packetsLost":0}},{"from":"Sankalp_5070585a-5c03-45fd-9d0a-94cb7b78cebb","to":"Vijay_ac878eea-ac50-4be9-985a-8615b15603c9","Audio":{"timestamp":1611073004552.932,"packetsReceived":18393,"packetsLost":0},"Type":"inbound-rtp","Video":{"timestamp":1611073004552.932,"packetsReceived":1042,"packetsLost":0}},{"from":"Sankalp_5070585a-5c03-45fd-9d0a-94cb7b78cebb","to":"Vijay_ac878eea-ac50-4be9-985a-8615b15603c9","Audio":{"timestamp":1611073004552.932,"packetsReceived":18393,"packetsLost":0},"Type":"inbound-rtp","Video":{"timestamp":1611073004552.932,"packetsReceived":1042,"packetsLost":0}},{"from":"Sankalp_5070585a-5c03-45fd-9d0a-94cb7b78cebb","to":"Vijay_ac878eea-ac50-4be9-985a-8615b15603c9","Audio":{"timestamp":1611073009552.874,"packetsReceived":18643,"packetsLost":0},"Type":"inbound-rtp","Video":{"timestamp":1611073009552.874,"packetsReceived":1133,"packetsLost":0}},{"from":"Sankalp_5070585a-5c03-45fd-9d0a-94cb7b78cebb","to":"Vijay_ac878eea-ac50-4be9-985a-8615b15603c9","Audio":{"timestamp":1611073009552.874,"packetsReceived":18643,"packetsLost":0},"Type":"inbound-rtp","Video":{"timestamp":1611073009552.874,"packetsReceived":1133,"packetsLost":0}},{"from":"Sankalp_5070585a-5c03-45fd-9d0a-94cb7b78cebb","to":"Vijay_ac878eea-ac50-4be9-985a-8615b15603c9","Audio":{"timestamp":1611073014552.951,"packetsReceived":18893,"packetsLost":0},"Type":"inbound-rtp","Video":{"timestamp":1611073014552.951,"packetsReceived":1163,"packetsLost":0}},{"from":"Sankalp_5070585a-5c03-45fd-9d0a-94cb7b78cebb","to":"Vijay_ac878eea-ac50-4be9-985a-8615b15603c9","Audio":{"timestamp":1611073014552.951,"packetsReceived":18893,"packetsLost":0},"Type":"inbound-rtp","Video":{"timestamp":1611073014552.951,"packetsReceived":1163,"packetsLost":0}},{"from":"Sankalp_5070585a-5c03-45fd-9d0a-94cb7b78cebb","to":"Vijay_ac878eea-ac50-4be9-985a-8615b15603c9","Audio":{"timestamp":1611073019552.928,"packetsReceived":19143,"packetsLost":0},"Type":"inbound-rtp","Video":{"timestamp":1611073019552.928,"packetsReceived":1187,"packetsLost":0}},{"from":"Sankalp_5070585a-5c03-45fd-9d0a-94cb7b78cebb","to":"Vijay_ac878eea-ac50-4be9-985a-8615b15603c9","Audio":{"timestamp":1611073019552.928,"packetsReceived":19143,"packetsLost":0},"Type":"inbound-rtp","Video":{"timestamp":1611073019552.928,"packetsReceived":1187,"packetsLost":0}},{"from":"Sankalp_5070585a-5c03-45fd-9d0a-94cb7b78cebb","to":"Vijay_ac878eea-ac50-4be9-985a-8615b15603c9","Audio":{"timestamp":1611073024552.97,"packetsReceived":19393,"packetsLost":0},"Type":"inbound-rtp","Video":{"timestamp":1611073024552.97,"packetsReceived":1212,"packetsLost":0}},{"from":"Sankalp_5070585a-5c03-45fd-9d0a-94cb7b78cebb","to":"Vijay_ac878eea-ac50-4be9-985a-8615b15603c9","Audio":{"timestamp":1611073024552.97,"packetsReceived":19393,"packetsLost":0},"Type":"inbound-rtp","Video":{"timestamp":1611073024552.97,"packetsReceived":1212,"packetsLost":0}},{"from":"Sankalp_5070585a-5c03-45fd-9d0a-94cb7b78cebb","to":"Vijay_ac878eea-ac50-4be9-985a-8615b15603c9","Audio":{"timestamp":1611073029552.919,"packetsReceived":19643,"packetsLost":0},"Type":"inbound-rtp","Video":{"timestamp":1611073029552.919,"packetsReceived":1237,"packetsLost":0}},{"from":"Sankalp_5070585a-5c03-45fd-9d0a-94cb7b78cebb","to":"Vijay_ac878eea-ac50-4be9-985a-8615b15603c9","Audio":{"timestamp":1611073029552.919,"packetsReceived":19643,"packetsLost":0},"Type":"inbound-rtp","Video":{"timestamp":1611073029552.919,"packetsReceived":1237,"packetsLost":0}},{"from":"Sankalp_5070585a-5c03-45fd-9d0a-94cb7b78cebb","to":"Vijay_ac878eea-ac50-4be9-985a-8615b15603c9","Audio":{"timestamp":1611073034552.923,"packetsReceived":19893,"packetsLost":0},"Type":"inbound-rtp","Video":{"timestamp":1611073034552.923,"packetsReceived":1257,"packetsLost":0}},{"from":"Sankalp_5070585a-5c03-45fd-9d0a-94cb7b78cebb","to":"Vijay_ac878eea-ac50-4be9-985a-8615b15603c9","Audio":{"timestamp":1611073034552.923,"packetsReceived":19893,"packetsLost":0},"Type":"inbound-rtp","Video":{"timestamp":1611073034552.923,"packetsReceived":1257,"packetsLost":0}},{"from":"Sankalp_5070585a-5c03-45fd-9d0a-94cb7b78cebb","to":"Vijay_ac878eea-ac50-4be9-985a-8615b15603c9","Audio":{"timestamp":1611073039552.924,"packetsReceived":20143,"packetsLost":0},"Type":"inbound-rtp","Video":{"timestamp":1611073039552.924,"packetsReceived":1285,"packetsLost":0}},{"from":"Sankalp_5070585a-5c03-45fd-9d0a-94cb7b78cebb","to":"Vijay_ac878eea-ac50-4be9-985a-8615b15603c9","Audio":{"timestamp":1611073039552.924,"packetsReceived":20143,"packetsLost":0},"Type":"inbound-rtp","Video":{"timestamp":1611073039552.924,"packetsReceived":1285,"packetsLost":0}},{"from":"Sankalp_5070585a-5c03-45fd-9d0a-94cb7b78cebb","to":"Vijay_ac878eea-ac50-4be9-985a-8615b15603c9","Audio":{"timestamp":1611073044552.936,"packetsReceived":20393,"packetsLost":0},"Type":"inbound-rtp","Video":{"timestamp":1611073044552.936,"packetsReceived":1312,"packetsLost":0}},{"from":"Sankalp_5070585a-5c03-45fd-9d0a-94cb7b78cebb","to":"Vijay_ac878eea-ac50-4be9-985a-8615b15603c9","Audio":{"timestamp":1611073044552.936,"packetsReceived":20393,"packetsLost":0},"Type":"inbound-rtp","Video":{"timestamp":1611073044552.936,"packetsReceived":1312,"packetsLost":0}},{"from":"Sankalp_5070585a-5c03-45fd-9d0a-94cb7b78cebb","to":"Vijay_ac878eea-ac50-4be9-985a-8615b15603c9","Audio":{"timestamp":1611073049552.941,"packetsReceived":20643,"packetsLost":0},"Type":"inbound-rtp","Video":{"timestamp":1611073049552.941,"packetsReceived":1332,"packetsLost":0}},{"from":"Sankalp_5070585a-5c03-45fd-9d0a-94cb7b78cebb","to":"Vijay_ac878eea-ac50-4be9-985a-8615b15603c9","Audio":{"timestamp":1611073049552.941,"packetsReceived":20643,"packetsLost":0},"Type":"inbound-rtp","Video":{"timestamp":1611073049552.941,"packetsReceived":1332,"packetsLost":0}},{"from":"Sankalp_5070585a-5c03-45fd-9d0a-94cb7b78cebb","to":"Vijay_ac878eea-ac50-4be9-985a-8615b15603c9","Audio":{"timestamp":1611073054552.908,"packetsReceived":20893,"packetsLost":0},"Type":"inbound-rtp","Video":{"timestamp":1611073054552.908,"packetsReceived":1357,"packetsLost":0}},{"from":"Sankalp_5070585a-5c03-45fd-9d0a-94cb7b78cebb","to":"Vijay_ac878eea-ac50-4be9-985a-8615b15603c9","Audio":{"timestamp":1611073054552.908,"packetsReceived":20893,"packetsLost":0},"Type":"inbound-rtp","Video":{"timestamp":1611073054552.908,"packetsReceived":1357,"packetsLost":0}},{"from":"Sankalp_5070585a-5c03-45fd-9d0a-94cb7b78cebb","to":"Vijay_ac878eea-ac50-4be9-985a-8615b15603c9","Audio":{"timestamp":1611073059552.937,"packetsReceived":21143,"packetsLost":0},"Type":"inbound-rtp","Video":{"timestamp":1611073059552.937,"packetsReceived":1382,"packetsLost":0}},{"from":"Sankalp_5070585a-5c03-45fd-9d0a-94cb7b78cebb","to":"Vijay_ac878eea-ac50-4be9-985a-8615b15603c9","Audio":{"timestamp":1611073059552.937,"packetsReceived":21143,"packetsLost":0},"Type":"inbound-rtp","Video":{"timestamp":1611073059552.937,"packetsReceived":1382,"packetsLost":0}},{"from":"Sankalp_5070585a-5c03-45fd-9d0a-94cb7b78cebb","to":"Vijay_ac878eea-ac50-4be9-985a-8615b15603c9","Audio":{"timestamp":1611073064552.909,"packetsReceived":21393,"packetsLost":0},"Type":"inbound-rtp","Video":{"timestamp":1611073064552.909,"packetsReceived":1402,"packetsLost":0}},{"from":"Sankalp_5070585a-5c03-45fd-9d0a-94cb7b78cebb","to":"Vijay_ac878eea-ac50-4be9-985a-8615b15603c9","Audio":{"timestamp":1611073064552.909,"packetsReceived":21393,"packetsLost":0},"Type":"inbound-rtp","Video":{"timestamp":1611073064552.909,"packetsReceived":1402,"packetsLost":0}},{"from":"Sankalp_5070585a-5c03-45fd-9d0a-94cb7b78cebb","to":"Vijay_ac878eea-ac50-4be9-985a-8615b15603c9","Audio":{"timestamp":1611073069552.964,"packetsReceived":21643,"packetsLost":0},"Type":"inbound-rtp","Video":{"timestamp":1611073069552.964,"packetsReceived":1427,"packetsLost":0}},{"from":"Sankalp_5070585a-5c03-45fd-9d0a-94cb7b78cebb","to":"Vijay_ac878eea-ac50-4be9-985a-8615b15603c9","Audio":{"timestamp":1611073069552.964,"packetsReceived":21643,"packetsLost":0},"Type":"inbound-rtp","Video":{"timestamp":1611073069552.964,"packetsReceived":1427,"packetsLost":0}},{"from":"Sankalp_5070585a-5c03-45fd-9d0a-94cb7b78cebb","to":"Vijay_ac878eea-ac50-4be9-985a-8615b15603c9","Audio":{"timestamp":1611073074552.86,"packetsReceived":21893,"packetsLost":0},"Type":"inbound-rtp","Video":{"timestamp":1611073074552.86,"packetsReceived":1452,"packetsLost":0}},{"from":"Sankalp_5070585a-5c03-45fd-9d0a-94cb7b78cebb","to":"Vijay_ac878eea-ac50-4be9-985a-8615b15603c9","Audio":{"timestamp":1611073074552.86,"packetsReceived":21893,"packetsLost":0},"Type":"inbound-rtp","Video":{"timestamp":1611073074552.86,"packetsReceived":1452,"packetsLost":0}},{"from":"Sankalp_5070585a-5c03-45fd-9d0a-94cb7b78cebb","to":"Vijay_ac878eea-ac50-4be9-985a-8615b15603c9","Audio":{"timestamp":1611073079553.152,"packetsReceived":22143,"packetsLost":0},"Type":"inbound-rtp","Video":{"timestamp":1611073079553.152,"packetsReceived":1472,"packetsLost":0}},{"from":"Sankalp_5070585a-5c03-45fd-9d0a-94cb7b78cebb","to":"Vijay_ac878eea-ac50-4be9-985a-8615b15603c9","Audio":{"timestamp":1611073079553.152,"packetsReceived":22143,"packetsLost":0},"Type":"inbound-rtp","Video":{"timestamp":1611073079553.152,"packetsReceived":1472,"packetsLost":0}},{"from":"Sankalp_5070585a-5c03-45fd-9d0a-94cb7b78cebb","to":"Vijay_ac878eea-ac50-4be9-985a-8615b15603c9","Audio":{"timestamp":1611073084552.973,"packetsReceived":22393,"packetsLost":0},"Type":"inbound-rtp","Video":{"timestamp":1611073084552.973,"packetsReceived":1497,"packetsLost":0}},{"from":"Sankalp_5070585a-5c03-45fd-9d0a-94cb7b78cebb","to":"Vijay_ac878eea-ac50-4be9-985a-8615b15603c9","Audio":{"timestamp":1611073084552.973,"packetsReceived":22393,"packetsLost":0},"Type":"inbound-rtp","Video":{"timestamp":1611073084552.973,"packetsReceived":1497,"packetsLost":0}},{"from":"Sankalp_5070585a-5c03-45fd-9d0a-94cb7b78cebb","to":"Vijay_ac878eea-ac50-4be9-985a-8615b15603c9","Audio":{"timestamp":1611073089552.921,"packetsReceived":22643,"packetsLost":0},"Type":"inbound-rtp","Video":{"timestamp":1611073089552.921,"packetsReceived":1522,"packetsLost":0}},{"from":"Sankalp_5070585a-5c03-45fd-9d0a-94cb7b78cebb","to":"Vijay_ac878eea-ac50-4be9-985a-8615b15603c9","Audio":{"timestamp":1611073089552.921,"packetsReceived":22643,"packetsLost":0},"Type":"inbound-rtp","Video":{"timestamp":1611073089552.921,"packetsReceived":1522,"packetsLost":0}},{"from":"Sankalp_5070585a-5c03-45fd-9d0a-94cb7b78cebb","to":"Vijay_ac878eea-ac50-4be9-985a-8615b15603c9","Audio":{"timestamp":1611073094552.913,"packetsReceived":22889,"packetsLost":0},"Type":"inbound-rtp","Video":{"timestamp":1611073094552.913,"packetsReceived":1542,"packetsLost":0}},{"from":"Sankalp_5070585a-5c03-45fd-9d0a-94cb7b78cebb","to":"Vijay_ac878eea-ac50-4be9-985a-8615b15603c9","Audio":{"timestamp":1611073094552.913,"packetsReceived":22889,"packetsLost":0},"Type":"inbound-rtp","Video":{"timestamp":1611073094552.913,"packetsReceived":1542,"packetsLost":0}},{"from":"Sankalp_5070585a-5c03-45fd-9d0a-94cb7b78cebb","to":"Vijay_ac878eea-ac50-4be9-985a-8615b15603c9","Audio":{"timestamp":1611073099552.953,"packetsReceived":23143,"packetsLost":0},"Type":"inbound-rtp","Video":{"timestamp":1611073099552.953,"packetsReceived":1567,"packetsLost":0}},{"from":"Sankalp_5070585a-5c03-45fd-9d0a-94cb7b78cebb","to":"Vijay_ac878eea-ac50-4be9-985a-8615b15603c9","Audio":{"timestamp":1611073099552.953,"packetsReceived":23143,"packetsLost":0},"Type":"inbound-rtp","Video":{"timestamp":1611073099552.953,"packetsReceived":1567,"packetsLost":0}},{"from":"Sankalp_5070585a-5c03-45fd-9d0a-94cb7b78cebb","to":"Vijay_ac878eea-ac50-4be9-985a-8615b15603c9","Audio":{"timestamp":1611073104552.915,"packetsReceived":23393,"packetsLost":0},"Type":"inbound-rtp","Video":{"timestamp":1611073104552.915,"packetsReceived":1592,"packetsLost":0}},{"from":"Sankalp_5070585a-5c03-45fd-9d0a-94cb7b78cebb","to":"Vijay_ac878eea-ac50-4be9-985a-8615b15603c9","Audio":{"timestamp":1611073104552.915,"packetsReceived":23393,"packetsLost":0},"Type":"inbound-rtp","Video":{"timestamp":1611073104552.915,"packetsReceived":1592,"packetsLost":0}},{"from":"Sankalp_5070585a-5c03-45fd-9d0a-94cb7b78cebb","to":"Vijay_ac878eea-ac50-4be9-985a-8615b15603c9","Audio":{"timestamp":1611073109552.864,"packetsReceived":23643,"packetsLost":0},"Type":"inbound-rtp","Video":{"timestamp":1611073109552.864,"packetsReceived":1617,"packetsLost":0}},{"from":"Sankalp_5070585a-5c03-45fd-9d0a-94cb7b78cebb","to":"Vijay_ac878eea-ac50-4be9-985a-8615b15603c9","Audio":{"timestamp":1611073109552.864,"packetsReceived":23643,"packetsLost":0},"Type":"inbound-rtp","Video":{"timestamp":1611073109552.864,"packetsReceived":1617,"packetsLost":0}},{"from":"Sankalp_5070585a-5c03-45fd-9d0a-94cb7b78cebb","to":"Vijay_ac878eea-ac50-4be9-985a-8615b15603c9","Audio":{"timestamp":1611073114552.994,"packetsReceived":23893,"packetsLost":0},"Type":"inbound-rtp","Video":{"timestamp":1611073114552.994,"packetsReceived":1637,"packetsLost":0}},{"from":"Sankalp_5070585a-5c03-45fd-9d0a-94cb7b78cebb","to":"Vijay_ac878eea-ac50-4be9-985a-8615b15603c9","Audio":{"timestamp":1611073114552.994,"packetsReceived":23893,"packetsLost":0},"Type":"inbound-rtp","Video":{"timestamp":1611073114552.994,"packetsReceived":1637,"packetsLost":0}},{"from":"Sankalp_5070585a-5c03-45fd-9d0a-94cb7b78cebb","to":"Vijay_ac878eea-ac50-4be9-985a-8615b15603c9","Audio":{"timestamp":1611073119552.916,"packetsReceived":24143,"packetsLost":0},"Type":"inbound-rtp","Video":{"timestamp":1611073119552.916,"packetsReceived":1662,"packetsLost":0}},{"from":"Sankalp_5070585a-5c03-45fd-9d0a-94cb7b78cebb","to":"Vijay_ac878eea-ac50-4be9-985a-8615b15603c9","Audio":{"timestamp":1611073119552.916,"packetsReceived":24143,"packetsLost":0},"Type":"inbound-rtp","Video":{"timestamp":1611073119552.916,"packetsReceived":1662,"packetsLost":0}},{"from":"Sankalp_5070585a-5c03-45fd-9d0a-94cb7b78cebb","to":"Vijay_ac878eea-ac50-4be9-985a-8615b15603c9","Audio":{"timestamp":1611073124553.123,"packetsReceived":24393,"packetsLost":0},"Type":"inbound-rtp","Video":{"timestamp":1611073124553.123,"packetsReceived":1687,"packetsLost":0}},{"from":"Sankalp_5070585a-5c03-45fd-9d0a-94cb7b78cebb","to":"Vijay_ac878eea-ac50-4be9-985a-8615b15603c9","Audio":{"timestamp":1611073124553.123,"packetsReceived":24393,"packetsLost":0},"Type":"inbound-rtp","Video":{"timestamp":1611073124553.123,"packetsReceived":1687,"packetsLost":0}},{"from":"Sankalp_5070585a-5c03-45fd-9d0a-94cb7b78cebb","to":"Vijay_ac878eea-ac50-4be9-985a-8615b15603c9","Audio":{"timestamp":1611073129553.002,"packetsReceived":24643,"packetsLost":0},"Type":"inbound-rtp","Video":{"timestamp":1611073129553.002,"packetsReceived":1707,"packetsLost":0}},{"from":"Sankalp_5070585a-5c03-45fd-9d0a-94cb7b78cebb","to":"Vijay_ac878eea-ac50-4be9-985a-8615b15603c9","Audio":{"timestamp":1611073129553.002,"packetsReceived":24643,"packetsLost":0},"Type":"inbound-rtp","Video":{"timestamp":1611073129553.002,"packetsReceived":1707,"packetsLost":0}},{"from":"Sankalp_5070585a-5c03-45fd-9d0a-94cb7b78cebb","to":"Vijay_ac878eea-ac50-4be9-985a-8615b15603c9","Audio":{"timestamp":1611073134552.962,"packetsReceived":24893,"packetsLost":0},"Type":"inbound-rtp","Video":{"timestamp":1611073134552.962,"packetsReceived":1732,"packetsLost":0}},{"from":"Sankalp_5070585a-5c03-45fd-9d0a-94cb7b78cebb","to":"Vijay_ac878eea-ac50-4be9-985a-8615b15603c9","Audio":{"timestamp":1611073134552.962,"packetsReceived":24893,"packetsLost":0},"Type":"inbound-rtp","Video":{"timestamp":1611073134552.962,"packetsReceived":1732,"packetsLost":0}},{"from":"Sankalp_5070585a-5c03-45fd-9d0a-94cb7b78cebb","to":"Vijay_ac878eea-ac50-4be9-985a-8615b15603c9","Audio":{"timestamp":1611073139552.964,"packetsReceived":25143,"packetsLost":0},"Type":"inbound-rtp","Video":{"timestamp":1611073139552.964,"packetsReceived":1757,"packetsLost":0}},{"from":"Sankalp_5070585a-5c03-45fd-9d0a-94cb7b78cebb","to":"Vijay_ac878eea-ac50-4be9-985a-8615b15603c9","Audio":{"timestamp":1611073139552.964,"packetsReceived":25143,"packetsLost":0},"Type":"inbound-rtp","Video":{"timestamp":1611073139552.964,"packetsReceived":1757,"packetsLost":0}},{"from":"Sankalp_5070585a-5c03-45fd-9d0a-94cb7b78cebb","to":"Vijay_ac878eea-ac50-4be9-985a-8615b15603c9","Audio":{"timestamp":1611073144552.987,"packetsReceived":25393,"packetsLost":0},"Type":"inbound-rtp","Video":{"timestamp":1611073144552.987,"packetsReceived":1842,"packetsLost":0}},{"from":"Sankalp_5070585a-5c03-45fd-9d0a-94cb7b78cebb","to":"Vijay_ac878eea-ac50-4be9-985a-8615b15603c9","Audio":{"timestamp":1611073144552.987,"packetsReceived":25393,"packetsLost":0},"Type":"inbound-rtp","Video":{"timestamp":1611073144552.987,"packetsReceived":1842,"packetsLost":0}},{"from":"Sankalp_5070585a-5c03-45fd-9d0a-94cb7b78cebb","to":"Vijay_ac878eea-ac50-4be9-985a-8615b15603c9","Audio":{"timestamp":1611073149552.939,"packetsReceived":25643,"packetsLost":0},"Type":"inbound-rtp","Video":{"timestamp":1611073149552.939,"packetsReceived":2140,"packetsLost":0}},{"from":"Sankalp_5070585a-5c03-45fd-9d0a-94cb7b78cebb","to":"Vijay_ac878eea-ac50-4be9-985a-8615b15603c9","Audio":{"timestamp":1611073149552.939,"packetsReceived":25643,"packetsLost":0},"Type":"inbound-rtp","Video":{"timestamp":1611073149552.939,"packetsReceived":2140,"packetsLost":0}},{"from":"Sankalp_5070585a-5c03-45fd-9d0a-94cb7b78cebb","to":"Vijay_ac878eea-ac50-4be9-985a-8615b15603c9","Audio":{"timestamp":1611073154552.908,"packetsReceived":25893,"packetsLost":0},"Type":"inbound-rtp","Video":{"timestamp":1611073154552.908,"packetsReceived":2734,"packetsLost":0}},{"from":"Sankalp_5070585a-5c03-45fd-9d0a-94cb7b78cebb","to":"Vijay_ac878eea-ac50-4be9-985a-8615b15603c9","Audio":{"timestamp":1611073154552.908,"packetsReceived":25893,"packetsLost":0},"Type":"inbound-rtp","Video":{"timestamp":1611073154552.908,"packetsReceived":2734,"packetsLost":0}},{"from":"Sankalp_5070585a-5c03-45fd-9d0a-94cb7b78cebb","to":"Vijay_ac878eea-ac50-4be9-985a-8615b15603c9","Audio":{"timestamp":1611073159553.095,"packetsReceived":26142,"packetsLost":0},"Type":"inbound-rtp","Video":{"timestamp":1611073159553.095,"packetsReceived":3049,"packetsLost":0}},{"from":"Sankalp_5070585a-5c03-45fd-9d0a-94cb7b78cebb","to":"Vijay_ac878eea-ac50-4be9-985a-8615b15603c9","Audio":{"timestamp":1611073159553.095,"packetsReceived":26142,"packetsLost":0},"Type":"inbound-rtp","Video":{"timestamp":1611073159553.095,"packetsReceived":3049,"packetsLost":0}},{"from":"Sankalp_5070585a-5c03-45fd-9d0a-94cb7b78cebb","to":"Vijay_ac878eea-ac50-4be9-985a-8615b15603c9","Audio":{"timestamp":1611073164552.973,"packetsReceived":26393,"packetsLost":0},"Type":"inbound-rtp","Video":{"timestamp":1611073164552.973,"packetsReceived":3333,"packetsLost":0}},{"from":"Sankalp_5070585a-5c03-45fd-9d0a-94cb7b78cebb","to":"Vijay_ac878eea-ac50-4be9-985a-8615b15603c9","Audio":{"timestamp":1611073164552.973,"packetsReceived":26393,"packetsLost":0},"Type":"inbound-rtp","Video":{"timestamp":1611073164552.973,"packetsReceived":3333,"packetsLost":0}},{"from":"Sankalp_5070585a-5c03-45fd-9d0a-94cb7b78cebb","to":"Vijay_ac878eea-ac50-4be9-985a-8615b15603c9","Audio":{"timestamp":1611073169552.91,"packetsReceived":26643,"packetsLost":0},"Type":"inbound-rtp","Video":{"timestamp":1611073169552.91,"packetsReceived":3663,"packetsLost":0}},{"from":"Sankalp_5070585a-5c03-45fd-9d0a-94cb7b78cebb","to":"Vijay_ac878eea-ac50-4be9-985a-8615b15603c9","Audio":{"timestamp":1611073169552.91,"packetsReceived":26643,"packetsLost":0},"Type":"inbound-rtp","Video":{"timestamp":1611073169552.91,"packetsReceived":3663,"packetsLost":0}},{"from":"Sankalp_5070585a-5c03-45fd-9d0a-94cb7b78cebb","to":"Vijay_ac878eea-ac50-4be9-985a-8615b15603c9","Audio":{"timestamp":1611073174552.837,"packetsReceived":26893,"packetsLost":0},"Type":"inbound-rtp","Video":{"timestamp":1611073174552.837,"packetsReceived":4012,"packetsLost":0}},{"from":"Sankalp_5070585a-5c03-45fd-9d0a-94cb7b78cebb","to":"Vijay_ac878eea-ac50-4be9-985a-8615b15603c9","Audio":{"timestamp":1611073174552.837,"packetsReceived":26893,"packetsLost":0},"Type":"inbound-rtp","Video":{"timestamp":1611073174552.837,"packetsReceived":4012,"packetsLost":0}},{"from":"Sankalp_5070585a-5c03-45fd-9d0a-94cb7b78cebb","to":"Vijay_ac878eea-ac50-4be9-985a-8615b15603c9","Audio":{"timestamp":1611073179552.871,"packetsReceived":27143,"packetsLost":0},"Type":"inbound-rtp","Video":{"timestamp":1611073179552.871,"packetsReceived":4437,"packetsLost":0}},{"from":"Sankalp_5070585a-5c03-45fd-9d0a-94cb7b78cebb","to":"Vijay_ac878eea-ac50-4be9-985a-8615b15603c9","Audio":{"timestamp":1611073179552.871,"packetsReceived":27143,"packetsLost":0},"Type":"inbound-rtp","Video":{"timestamp":1611073179552.871,"packetsReceived":4437,"packetsLost":0}},{"from":"Sankalp_5070585a-5c03-45fd-9d0a-94cb7b78cebb","to":"Vijay_ac878eea-ac50-4be9-985a-8615b15603c9","Audio":{"timestamp":1611073184552.901,"packetsReceived":27393,"packetsLost":0},"Type":"inbound-rtp","Video":{"timestamp":1611073184552.901,"packetsReceived":4873,"packetsLost":0}},{"from":"Sankalp_5070585a-5c03-45fd-9d0a-94cb7b78cebb","to":"Vijay_ac878eea-ac50-4be9-985a-8615b15603c9","Audio":{"timestamp":1611073184552.901,"packetsReceived":27393,"packetsLost":0},"Type":"inbound-rtp","Video":{"timestamp":1611073184552.901,"packetsReceived":4873,"packetsLost":0}},{"from":"Sankalp_5070585a-5c03-45fd-9d0a-94cb7b78cebb","to":"Vijay_ac878eea-ac50-4be9-985a-8615b15603c9","Audio":{"timestamp":1611073189552.905,"packetsReceived":27643,"packetsLost":0},"Type":"inbound-rtp","Video":{"timestamp":1611073189552.905,"packetsReceived":5602,"packetsLost":0}},{"from":"Sankalp_5070585a-5c03-45fd-9d0a-94cb7b78cebb","to":"Vijay_ac878eea-ac50-4be9-985a-8615b15603c9","Audio":{"timestamp":1611073189552.905,"packetsReceived":27643,"packetsLost":0},"Type":"inbound-rtp","Video":{"timestamp":1611073189552.905,"packetsReceived":5602,"packetsLost":0}},{"from":"Sankalp_5070585a-5c03-45fd-9d0a-94cb7b78cebb","to":"Vijay_ac878eea-ac50-4be9-985a-8615b15603c9","Audio":{"timestamp":1611073194552.864,"packetsReceived":27893,"packetsLost":0},"Type":"inbound-rtp","Video":{"timestamp":1611073194552.864,"packetsReceived":6228,"packetsLost":0}},{"from":"Sankalp_5070585a-5c03-45fd-9d0a-94cb7b78cebb","to":"Vijay_ac878eea-ac50-4be9-985a-8615b15603c9","Audio":{"timestamp":1611073194552.864,"packetsReceived":27893,"packetsLost":0},"Type":"inbound-rtp","Video":{"timestamp":1611073194552.864,"packetsReceived":6228,"packetsLost":0}},{"from":"Sankalp_5070585a-5c03-45fd-9d0a-94cb7b78cebb","to":"Vijay_ac878eea-ac50-4be9-985a-8615b15603c9","Audio":{"timestamp":1611073199552.843,"packetsReceived":28143,"packetsLost":0},"Type":"inbound-rtp","Video":{"timestamp":1611073199552.843,"packetsReceived":7112,"packetsLost":0}},{"from":"Sankalp_5070585a-5c03-45fd-9d0a-94cb7b78cebb","to":"Vijay_ac878eea-ac50-4be9-985a-8615b15603c9","Audio":{"timestamp":1611073199552.843,"packetsReceived":28143,"packetsLost":0},"Type":"inbound-rtp","Video":{"timestamp":1611073199552.843,"packetsReceived":7112,"packetsLost":0}},{"from":"Sankalp_5070585a-5c03-45fd-9d0a-94cb7b78cebb","to":"Vijay_ac878eea-ac50-4be9-985a-8615b15603c9","Audio":{"timestamp":1611073204552.897,"packetsReceived":28393,"packetsLost":0},"Type":"inbound-rtp","Video":{"timestamp":1611073204552.897,"packetsReceived":8129,"packetsLost":0}},{"from":"Sankalp_5070585a-5c03-45fd-9d0a-94cb7b78cebb","to":"Vijay_ac878eea-ac50-4be9-985a-8615b15603c9","Audio":{"timestamp":1611073204552.897,"packetsReceived":28393,"packetsLost":0},"Type":"inbound-rtp","Video":{"timestamp":1611073204552.897,"packetsReceived":8129,"packetsLost":0}},{"from":"Sankalp_5070585a-5c03-45fd-9d0a-94cb7b78cebb","to":"Vijay_ac878eea-ac50-4be9-985a-8615b15603c9","Audio":{"timestamp":1611073209552.936,"packetsReceived":28643,"packetsLost":0},"Type":"inbound-rtp","Video":{"timestamp":1611073209552.936,"packetsReceived":9364,"packetsLost":0}},{"from":"Sankalp_5070585a-5c03-45fd-9d0a-94cb7b78cebb","to":"Vijay_ac878eea-ac50-4be9-985a-8615b15603c9","Audio":{"timestamp":1611073209552.936,"packetsReceived":28643,"packetsLost":0},"Type":"inbound-rtp","Video":{"timestamp":1611073209552.936,"packetsReceived":9364,"packetsLost":0}},{"from":"Sankalp_5070585a-5c03-45fd-9d0a-94cb7b78cebb","to":"Vijay_ac878eea-ac50-4be9-985a-8615b15603c9","Audio":{"timestamp":1611073214552.828,"packetsReceived":28893,"packetsLost":0},"Type":"inbound-rtp","Video":{"timestamp":1611073214552.828,"packetsReceived":10612,"packetsLost":0}},{"from":"Sankalp_5070585a-5c03-45fd-9d0a-94cb7b78cebb","to":"Vijay_ac878eea-ac50-4be9-985a-8615b15603c9","Audio":{"timestamp":1611073214552.828,"packetsReceived":28893,"packetsLost":0},"Type":"inbound-rtp","Video":{"timestamp":1611073214552.828,"packetsReceived":10612,"packetsLost":0}},{"from":"Sankalp_5070585a-5c03-45fd-9d0a-94cb7b78cebb","to":"Vijay_ac878eea-ac50-4be9-985a-8615b15603c9","Audio":{"timestamp":1611073219552.919,"packetsReceived":29143,"packetsLost":0},"Type":"inbound-rtp","Video":{"timestamp":1611073219552.919,"packetsReceived":12147,"packetsLost":0}},{"from":"Sankalp_5070585a-5c03-45fd-9d0a-94cb7b78cebb","to":"Vijay_ac878eea-ac50-4be9-985a-8615b15603c9","Audio":{"timestamp":1611073219552.919,"packetsReceived":29143,"packetsLost":0},"Type":"inbound-rtp","Video":{"timestamp":1611073219552.919,"packetsReceived":12147,"packetsLost":0}},{"from":"Sankalp_5070585a-5c03-45fd-9d0a-94cb7b78cebb","to":"Vijay_ac878eea-ac50-4be9-985a-8615b15603c9","Audio":{"timestamp":1611073224552.897,"packetsReceived":29393,"packetsLost":0},"Type":"inbound-rtp","Video":{"timestamp":1611073224552.897,"packetsReceived":13073,"packetsLost":0}},{"from":"Sankalp_5070585a-5c03-45fd-9d0a-94cb7b78cebb","to":"Vijay_ac878eea-ac50-4be9-985a-8615b15603c9","Audio":{"timestamp":1611073224552.897,"packetsReceived":29393,"packetsLost":0},"Type":"inbound-rtp","Video":{"timestamp":1611073224552.897,"packetsReceived":13073,"packetsLost":0}},{"from":"Sankalp_5070585a-5c03-45fd-9d0a-94cb7b78cebb","to":"Vijay_ac878eea-ac50-4be9-985a-8615b15603c9","Audio":{"timestamp":1611073229552.894,"packetsReceived":29643,"packetsLost":0},"Type":"inbound-rtp","Video":{"timestamp":1611073229552.894,"packetsReceived":14141,"packetsLost":0}},{"from":"Sankalp_5070585a-5c03-45fd-9d0a-94cb7b78cebb","to":"Vijay_ac878eea-ac50-4be9-985a-8615b15603c9","Audio":{"timestamp":1611073229552.894,"packetsReceived":29643,"packetsLost":0},"Type":"inbound-rtp","Video":{"timestamp":1611073229552.894,"packetsReceived":14141,"packetsLost":0}},{"from":"Sankalp_5070585a-5c03-45fd-9d0a-94cb7b78cebb","to":"Vijay_ac878eea-ac50-4be9-985a-8615b15603c9","Audio":{"timestamp":1611073234552.916,"packetsReceived":29893,"packetsLost":0},"Type":"inbound-rtp","Video":{"timestamp":1611073234552.916,"packetsReceived":15139,"packetsLost":0}},{"from":"Sankalp_5070585a-5c03-45fd-9d0a-94cb7b78cebb","to":"Vijay_ac878eea-ac50-4be9-985a-8615b15603c9","Audio":{"timestamp":1611073234552.916,"packetsReceived":29893,"packetsLost":0},"Type":"inbound-rtp","Video":{"timestamp":1611073234552.916,"packetsReceived":15139,"packetsLost":0}},{"from":"Sankalp_5070585a-5c03-45fd-9d0a-94cb7b78cebb","to":"Vijay_ac878eea-ac50-4be9-985a-8615b15603c9","Audio":{"timestamp":1611073239552.903,"packetsReceived":30142,"packetsLost":0},"Type":"inbound-rtp","Video":{"timestamp":1611073239552.903,"packetsReceived":15847,"packetsLost":0}},{"from":"Sankalp_5070585a-5c03-45fd-9d0a-94cb7b78cebb","to":"Vijay_ac878eea-ac50-4be9-985a-8615b15603c9","Audio":{"timestamp":1611073239552.903,"packetsReceived":30142,"packetsLost":0},"Type":"inbound-rtp","Video":{"timestamp":1611073239552.903,"packetsReceived":15847,"packetsLost":0}},{"from":"Sankalp_5070585a-5c03-45fd-9d0a-94cb7b78cebb","to":"Vijay_ac878eea-ac50-4be9-985a-8615b15603c9","Audio":{"timestamp":1611073244552.834,"packetsReceived":30393,"packetsLost":0},"Type":"inbound-rtp","Video":{"timestamp":1611073244552.834,"packetsReceived":16296,"packetsLost":0}},{"from":"Sankalp_5070585a-5c03-45fd-9d0a-94cb7b78cebb","to":"Vijay_ac878eea-ac50-4be9-985a-8615b15603c9","Audio":{"timestamp":1611073244552.834,"packetsReceived":30393,"packetsLost":0},"Type":"inbound-rtp","Video":{"timestamp":1611073244552.834,"packetsReceived":16296,"packetsLost":0}},{"from":"Sankalp_5070585a-5c03-45fd-9d0a-94cb7b78cebb","to":"Vijay_ac878eea-ac50-4be9-985a-8615b15603c9","Audio":{"timestamp":1611073249552.943,"packetsReceived":30643,"packetsLost":0},"Type":"inbound-rtp","Video":{"timestamp":1611073249552.943,"packetsReceived":16704,"packetsLost":0}},{"from":"Sankalp_5070585a-5c03-45fd-9d0a-94cb7b78cebb","to":"Vijay_ac878eea-ac50-4be9-985a-8615b15603c9","Audio":{"timestamp":1611073249552.943,"packetsReceived":30643,"packetsLost":0},"Type":"inbound-rtp","Video":{"timestamp":1611073249552.943,"packetsReceived":16704,"packetsLost":0}},{"from":"Sankalp_5070585a-5c03-45fd-9d0a-94cb7b78cebb","to":"Vijay_ac878eea-ac50-4be9-985a-8615b15603c9","Audio":{"timestamp":1611073254553.017,"packetsReceived":30893,"packetsLost":0},"Type":"inbound-rtp","Video":{"timestamp":1611073254553.017,"packetsReceived":17120,"packetsLost":0}},{"from":"Sankalp_5070585a-5c03-45fd-9d0a-94cb7b78cebb","to":"Vijay_ac878eea-ac50-4be9-985a-8615b15603c9","Audio":{"timestamp":1611073254553.017,"packetsReceived":30893,"packetsLost":0},"Type":"inbound-rtp","Video":{"timestamp":1611073254553.017,"packetsReceived":17120,"packetsLost":0}},{"from":"Sankalp_5070585a-5c03-45fd-9d0a-94cb7b78cebb","to":"Vijay_ac878eea-ac50-4be9-985a-8615b15603c9","Audio":{"timestamp":1611073259552.819,"packetsReceived":31143,"packetsLost":0},"Type":"inbound-rtp","Video":{"timestamp":1611073259552.819,"packetsReceived":17649,"packetsLost":0}},{"from":"Sankalp_5070585a-5c03-45fd-9d0a-94cb7b78cebb","to":"Vijay_ac878eea-ac50-4be9-985a-8615b15603c9","Audio":{"timestamp":1611073259552.819,"packetsReceived":31143,"packetsLost":0},"Type":"inbound-rtp","Video":{"timestamp":1611073259552.819,"packetsReceived":17649,"packetsLost":0}},{"from":"Sankalp_5070585a-5c03-45fd-9d0a-94cb7b78cebb","to":"Vijay_ac878eea-ac50-4be9-985a-8615b15603c9","Audio":{"timestamp":1611073264552.96,"packetsReceived":31393,"packetsLost":0},"Type":"inbound-rtp","Video":{"timestamp":1611073264552.96,"packetsReceived":18129,"packetsLost":0}},{"from":"Sankalp_5070585a-5c03-45fd-9d0a-94cb7b78cebb","to":"Vijay_ac878eea-ac50-4be9-985a-8615b15603c9","Audio":{"timestamp":1611073264552.96,"packetsReceived":31393,"packetsLost":0},"Type":"inbound-rtp","Video":{"timestamp":1611073264552.96,"packetsReceived":18129,"packetsLost":0}},{"from":"Sankalp_5070585a-5c03-45fd-9d0a-94cb7b78cebb","to":"Vijay_ac878eea-ac50-4be9-985a-8615b15603c9","Audio":{"timestamp":1611073269552.851,"packetsReceived":31643,"packetsLost":0},"Type":"inbound-rtp","Video":{"timestamp":1611073269552.851,"packetsReceived":18963,"packetsLost":0}},{"from":"Sankalp_5070585a-5c03-45fd-9d0a-94cb7b78cebb","to":"Vijay_ac878eea-ac50-4be9-985a-8615b15603c9","Audio":{"timestamp":1611073269552.851,"packetsReceived":31643,"packetsLost":0},"Type":"inbound-rtp","Video":{"timestamp":1611073269552.851,"packetsReceived":18963,"packetsLost":0}},{"from":"Sankalp_5070585a-5c03-45fd-9d0a-94cb7b78cebb","to":"Vijay_ac878eea-ac50-4be9-985a-8615b15603c9","Audio":{"timestamp":1611073274552.86,"packetsReceived":31893,"packetsLost":0},"Type":"inbound-rtp","Video":{"timestamp":1611073274552.86,"packetsReceived":19828,"packetsLost":0}},{"from":"Sankalp_5070585a-5c03-45fd-9d0a-94cb7b78cebb","to":"Vijay_ac878eea-ac50-4be9-985a-8615b15603c9","Audio":{"timestamp":1611073274552.86,"packetsReceived":31893,"packetsLost":0},"Type":"inbound-rtp","Video":{"timestamp":1611073274552.86,"packetsReceived":19828,"packetsLost":0}},{"from":"Sankalp_5070585a-5c03-45fd-9d0a-94cb7b78cebb","to":"Vijay_ac878eea-ac50-4be9-985a-8615b15603c9","Audio":{"timestamp":1611073279552.889,"packetsReceived":32143,"packetsLost":0},"Type":"inbound-rtp","Video":{"timestamp":1611073279552.889,"packetsReceived":20857,"packetsLost":0}},{"from":"Sankalp_5070585a-5c03-45fd-9d0a-94cb7b78cebb","to":"Vijay_ac878eea-ac50-4be9-985a-8615b15603c9","Audio":{"timestamp":1611073279552.889,"packetsReceived":32143,"packetsLost":0},"Type":"inbound-rtp","Video":{"timestamp":1611073279552.889,"packetsReceived":20857,"packetsLost":0}},{"from":"Sankalp_5070585a-5c03-45fd-9d0a-94cb7b78cebb","to":"Vijay_ac878eea-ac50-4be9-985a-8615b15603c9","Audio":{"timestamp":1611073284552.873,"packetsReceived":32393,"packetsLost":0},"Type":"inbound-rtp","Video":{"timestamp":1611073284552.873,"packetsReceived":21628,"packetsLost":0}},{"from":"Sankalp_5070585a-5c03-45fd-9d0a-94cb7b78cebb","to":"Vijay_ac878eea-ac50-4be9-985a-8615b15603c9","Audio":{"timestamp":1611073284552.873,"packetsReceived":32393,"packetsLost":0},"Type":"inbound-rtp","Video":{"timestamp":1611073284552.873,"packetsReceived":21628,"packetsLost":0}},{"from":"Sankalp_5070585a-5c03-45fd-9d0a-94cb7b78cebb","to":"Vijay_ac878eea-ac50-4be9-985a-8615b15603c9","Audio":{"timestamp":1611073289553.021,"packetsReceived":32643,"packetsLost":0},"Type":"inbound-rtp","Video":{"timestamp":1611073289553.021,"packetsReceived":22607,"packetsLost":0}},{"from":"Sankalp_5070585a-5c03-45fd-9d0a-94cb7b78cebb","to":"Vijay_ac878eea-ac50-4be9-985a-8615b15603c9","Audio":{"timestamp":1611073289553.021,"packetsReceived":32643,"packetsLost":0},"Type":"inbound-rtp","Video":{"timestamp":1611073289553.021,"packetsReceived":22607,"packetsLost":0}},{"from":"Sankalp_5070585a-5c03-45fd-9d0a-94cb7b78cebb","to":"Vijay_ac878eea-ac50-4be9-985a-8615b15603c9","Audio":{"timestamp":1611073294552.878,"packetsReceived":32893,"packetsLost":0},"Type":"inbound-rtp","Video":{"timestamp":1611073294552.878,"packetsReceived":23345,"packetsLost":0}},{"from":"Sankalp_5070585a-5c03-45fd-9d0a-94cb7b78cebb","to":"Vijay_ac878eea-ac50-4be9-985a-8615b15603c9","Audio":{"timestamp":1611073294552.878,"packetsReceived":32893,"packetsLost":0},"Type":"inbound-rtp","Video":{"timestamp":1611073294552.878,"packetsReceived":23345,"packetsLost":0}},{"from":"Sankalp_5070585a-5c03-45fd-9d0a-94cb7b78cebb","to":"Vijay_ac878eea-ac50-4be9-985a-8615b15603c9","Audio":{"timestamp":1611073299552.859,"packetsReceived":33143,"packetsLost":0},"Type":"inbound-rtp","Video":{"timestamp":1611073299552.859,"packetsReceived":24295,"packetsLost":0}},{"from":"Sankalp_5070585a-5c03-45fd-9d0a-94cb7b78cebb","to":"Vijay_ac878eea-ac50-4be9-985a-8615b15603c9","Audio":{"timestamp":1611073299552.859,"packetsReceived":33143,"packetsLost":0},"Type":"inbound-rtp","Video":{"timestamp":1611073299552.859,"packetsReceived":24295,"packetsLost":0}},{"from":"Sankalp_5070585a-5c03-45fd-9d0a-94cb7b78cebb","to":"Vijay_ac878eea-ac50-4be9-985a-8615b15603c9","Audio":{"timestamp":1611073304657.786,"packetsReceived":33398,"packetsLost":0},"Type":"inbound-rtp","Video":{"timestamp":1611073304657.786,"packetsReceived":24965,"packetsLost":0}},{"from":"Sankalp_5070585a-5c03-45fd-9d0a-94cb7b78cebb","to":"Vijay_ac878eea-ac50-4be9-985a-8615b15603c9","Audio":{"timestamp":1611073304657.786,"packetsReceived":33398,"packetsLost":0},"Type":"inbound-rtp","Video":{"timestamp":1611073304657.786,"packetsReceived":24965,"packetsLost":0}},{"from":"Sankalp_5070585a-5c03-45fd-9d0a-94cb7b78cebb","to":"Vijay_ac878eea-ac50-4be9-985a-8615b15603c9","Audio":{"timestamp":1611073309658.002,"packetsReceived":33648,"packetsLost":0},"Type":"inbound-rtp","Video":{"timestamp":1611073309658.002,"packetsReceived":25607,"packetsLost":0}},{"from":"Sankalp_5070585a-5c03-45fd-9d0a-94cb7b78cebb","to":"Vijay_ac878eea-ac50-4be9-985a-8615b15603c9","Audio":{"timestamp":1611073309658.002,"packetsReceived":33648,"packetsLost":0},"Type":"inbound-rtp","Video":{"timestamp":1611073309658.002,"packetsReceived":25607,"packetsLost":0}},{"from":"Sankalp_5070585a-5c03-45fd-9d0a-94cb7b78cebb","to":"Vijay_ac878eea-ac50-4be9-985a-8615b15603c9","Audio":{"timestamp":1611073314657.873,"packetsReceived":33898,"packetsLost":0},"Type":"inbound-rtp","Video":{"timestamp":1611073314657.873,"packetsReceived":26201,"packetsLost":0}},{"from":"Sankalp_5070585a-5c03-45fd-9d0a-94cb7b78cebb","to":"Vijay_ac878eea-ac50-4be9-985a-8615b15603c9","Audio":{"timestamp":1611073314657.873,"packetsReceived":33898,"packetsLost":0},"Type":"inbound-rtp","Video":{"timestamp":1611073314657.873,"packetsReceived":26201,"packetsLost":0}},{"from":"Sankalp_5070585a-5c03-45fd-9d0a-94cb7b78cebb","to":"Vijay_ac878eea-ac50-4be9-985a-8615b15603c9","Audio":{"timestamp":1611073319657.723,"packetsReceived":34148,"packetsLost":0},"Type":"inbound-rtp","Video":{"timestamp":1611073319657.723,"packetsReceived":27074,"packetsLost":0}},{"from":"Sankalp_5070585a-5c03-45fd-9d0a-94cb7b78cebb","to":"Vijay_ac878eea-ac50-4be9-985a-8615b15603c9","Audio":{"timestamp":1611073319657.723,"packetsReceived":34148,"packetsLost":0},"Type":"inbound-rtp","Video":{"timestamp":1611073319657.723,"packetsReceived":27074,"packetsLost":0}},{"from":"Sankalp_5070585a-5c03-45fd-9d0a-94cb7b78cebb","to":"Vijay_ac878eea-ac50-4be9-985a-8615b15603c9","Audio":{"timestamp":1611073324657.886,"packetsReceived":34398,"packetsLost":0},"Type":"inbound-rtp","Video":{"timestamp":1611073324657.886,"packetsReceived":27641,"packetsLost":0}},{"from":"Sankalp_5070585a-5c03-45fd-9d0a-94cb7b78cebb","to":"Vijay_ac878eea-ac50-4be9-985a-8615b15603c9","Audio":{"timestamp":1611073324657.886,"packetsReceived":34398,"packetsLost":0},"Type":"inbound-rtp","Video":{"timestamp":1611073324657.886,"packetsReceived":27641,"packetsLost":0}},{"from":"Sankalp_5070585a-5c03-45fd-9d0a-94cb7b78cebb","to":"Vijay_ac878eea-ac50-4be9-985a-8615b15603c9","Audio":{"timestamp":1611073329657.831,"packetsReceived":34648,"packetsLost":0},"Type":"inbound-rtp","Video":{"timestamp":1611073329657.831,"packetsReceived":27761,"packetsLost":0}},{"from":"Sankalp_5070585a-5c03-45fd-9d0a-94cb7b78cebb","to":"Vijay_ac878eea-ac50-4be9-985a-8615b15603c9","Audio":{"timestamp":1611073329657.831,"packetsReceived":34648,"packetsLost":0},"Type":"inbound-rtp","Video":{"timestamp":1611073329657.831,"packetsReceived":27761,"packetsLost":0}},{"from":"Sankalp_5070585a-5c03-45fd-9d0a-94cb7b78cebb","to":"Vijay_ac878eea-ac50-4be9-985a-8615b15603c9","Audio":{"timestamp":1611073334657.856,"packetsReceived":34898,"packetsLost":0},"Type":"inbound-rtp","Video":{"timestamp":1611073334657.856,"packetsReceived":27919,"packetsLost":0}},{"from":"Sankalp_5070585a-5c03-45fd-9d0a-94cb7b78cebb","to":"Vijay_ac878eea-ac50-4be9-985a-8615b15603c9","Audio":{"timestamp":1611073334657.856,"packetsReceived":34898,"packetsLost":0},"Type":"inbound-rtp","Video":{"timestamp":1611073334657.856,"packetsReceived":27919,"packetsLost":0}},{"from":"Sankalp_5070585a-5c03-45fd-9d0a-94cb7b78cebb","to":"Vijay_ac878eea-ac50-4be9-985a-8615b15603c9","Audio":{"timestamp":1611073339657.83,"packetsReceived":35148,"packetsLost":0},"Type":"inbound-rtp","Video":{"timestamp":1611073339657.83,"packetsReceived":28065,"packetsLost":0}},{"from":"Sankalp_5070585a-5c03-45fd-9d0a-94cb7b78cebb","to":"Vijay_ac878eea-ac50-4be9-985a-8615b15603c9","Audio":{"timestamp":1611073339657.83,"packetsReceived":35148,"packetsLost":0},"Type":"inbound-rtp","Video":{"timestamp":1611073339657.83,"packetsReceived":28065,"packetsLost":0}},{"from":"Sankalp_5070585a-5c03-45fd-9d0a-94cb7b78cebb","to":"Vijay_ac878eea-ac50-4be9-985a-8615b15603c9","Audio":{"timestamp":1611073344657.848,"packetsReceived":35398,"packetsLost":0},"Type":"inbound-rtp","Video":{"timestamp":1611073344657.848,"packetsReceived":28181,"packetsLost":0}},{"from":"Sankalp_5070585a-5c03-45fd-9d0a-94cb7b78cebb","to":"Vijay_ac878eea-ac50-4be9-985a-8615b15603c9","Audio":{"timestamp":1611073344657.848,"packetsReceived":35398,"packetsLost":0},"Type":"inbound-rtp","Video":{"timestamp":1611073344657.848,"packetsReceived":28181,"packetsLost":0}},{"from":"Sankalp_5070585a-5c03-45fd-9d0a-94cb7b78cebb","to":"Vijay_ac878eea-ac50-4be9-985a-8615b15603c9","Audio":{"timestamp":1611073349657.852,"packetsReceived":35648,"packetsLost":0},"Type":"inbound-rtp","Video":{"timestamp":1611073349657.852,"packetsReceived":28205,"packetsLost":0}},{"from":"Sankalp_5070585a-5c03-45fd-9d0a-94cb7b78cebb","to":"Vijay_ac878eea-ac50-4be9-985a-8615b15603c9","Audio":{"timestamp":1611073349657.852,"packetsReceived":35648,"packetsLost":0},"Type":"inbound-rtp","Video":{"timestamp":1611073349657.852,"packetsReceived":28205,"packetsLost":0}},{"from":"Sankalp_5070585a-5c03-45fd-9d0a-94cb7b78cebb","to":"Vijay_ac878eea-ac50-4be9-985a-8615b15603c9","Audio":{"timestamp":1611073354657.823,"packetsReceived":35898,"packetsLost":0},"Type":"inbound-rtp","Video":{"timestamp":1611073354657.823,"packetsReceived":28222,"packetsLost":0}},{"from":"Sankalp_5070585a-5c03-45fd-9d0a-94cb7b78cebb","to":"Vijay_ac878eea-ac50-4be9-985a-8615b15603c9","Audio":{"timestamp":1611073354657.823,"packetsReceived":35898,"packetsLost":0},"Type":"inbound-rtp","Video":{"timestamp":1611073354657.823,"packetsReceived":28222,"packetsLost":0}},{"from":"Sankalp_5070585a-5c03-45fd-9d0a-94cb7b78cebb","to":"Vijay_ac878eea-ac50-4be9-985a-8615b15603c9","Audio":{"timestamp":1611073359657.876,"packetsReceived":36148,"packetsLost":0},"Type":"inbound-rtp","Video":{"timestamp":1611073359657.876,"packetsReceived":28242,"packetsLost":0}},{"from":"Sankalp_5070585a-5c03-45fd-9d0a-94cb7b78cebb","to":"Vijay_ac878eea-ac50-4be9-985a-8615b15603c9","Audio":{"timestamp":1611073359657.876,"packetsReceived":36148,"packetsLost":0},"Type":"inbound-rtp","Video":{"timestamp":1611073359657.876,"packetsReceived":28242,"packetsLost":0}},{"from":"Sankalp_5070585a-5c03-45fd-9d0a-94cb7b78cebb","to":"Vijay_ac878eea-ac50-4be9-985a-8615b15603c9","Audio":{"timestamp":1611073364657.849,"packetsReceived":36398,"packetsLost":0},"Type":"inbound-rtp","Video":{"timestamp":1611073364657.849,"packetsReceived":28264,"packetsLost":0}},{"from":"Sankalp_5070585a-5c03-45fd-9d0a-94cb7b78cebb","to":"Vijay_ac878eea-ac50-4be9-985a-8615b15603c9","Audio":{"timestamp":1611073364657.849,"packetsReceived":36398,"packetsLost":0},"Type":"inbound-rtp","Video":{"timestamp":1611073364657.849,"packetsReceived":28264,"packetsLost":0}},{"from":"Sankalp_5070585a-5c03-45fd-9d0a-94cb7b78cebb","to":"Vijay_ac878eea-ac50-4be9-985a-8615b15603c9","Audio":{"timestamp":1611073369657.873,"packetsReceived":36648,"packetsLost":0},"Type":"inbound-rtp","Video":{"timestamp":1611073369657.873,"packetsReceived":28280,"packetsLost":0}},{"from":"Sankalp_5070585a-5c03-45fd-9d0a-94cb7b78cebb","to":"Vijay_ac878eea-ac50-4be9-985a-8615b15603c9","Audio":{"timestamp":1611073369657.873,"packetsReceived":36648,"packetsLost":0},"Type":"inbound-rtp","Video":{"timestamp":1611073369657.873,"packetsReceived":28280,"packetsLost":0}},{"from":"Sankalp_5070585a-5c03-45fd-9d0a-94cb7b78cebb","to":"Vijay_ac878eea-ac50-4be9-985a-8615b15603c9","Audio":{"timestamp":1611073374657.809,"packetsReceived":36898,"packetsLost":0},"Type":"inbound-rtp","Video":{"timestamp":1611073374657.809,"packetsReceived":28305,"packetsLost":0}},{"from":"Sankalp_5070585a-5c03-45fd-9d0a-94cb7b78cebb","to":"Vijay_ac878eea-ac50-4be9-985a-8615b15603c9","Audio":{"timestamp":1611073374657.809,"packetsReceived":36898,"packetsLost":0},"Type":"inbound-rtp","Video":{"timestamp":1611073374657.809,"packetsReceived":28305,"packetsLost":0}},{"from":"Sankalp_5070585a-5c03-45fd-9d0a-94cb7b78cebb","to":"Vijay_ac878eea-ac50-4be9-985a-8615b15603c9","Audio":{"timestamp":1611073379657.826,"packetsReceived":37148,"packetsLost":0},"Type":"inbound-rtp","Video":{"timestamp":1611073379657.826,"packetsReceived":28327,"packetsLost":0}},{"from":"Sankalp_5070585a-5c03-45fd-9d0a-94cb7b78cebb","to":"Vijay_ac878eea-ac50-4be9-985a-8615b15603c9","Audio":{"timestamp":1611073379657.826,"packetsReceived":37148,"packetsLost":0},"Type":"inbound-rtp","Video":{"timestamp":1611073379657.826,"packetsReceived":28327,"packetsLost":0}},{"from":"Sankalp_5070585a-5c03-45fd-9d0a-94cb7b78cebb","to":"Vijay_ac878eea-ac50-4be9-985a-8615b15603c9","Audio":{"timestamp":1611073384658.091,"packetsReceived":37398,"packetsLost":0},"Type":"inbound-rtp","Video":{"timestamp":1611073384658.091,"packetsReceived":28343,"packetsLost":0}},{"from":"Sankalp_5070585a-5c03-45fd-9d0a-94cb7b78cebb","to":"Vijay_ac878eea-ac50-4be9-985a-8615b15603c9","Audio":{"timestamp":1611073384658.091,"packetsReceived":37398,"packetsLost":0},"Type":"inbound-rtp","Video":{"timestamp":1611073384658.091,"packetsReceived":28343,"packetsLost":0}}]}