[{"timestamp":1611072635814,"log":{"from":"server","to":"Vijay_ac878eea-ac50-4be9-985a-8615b15603c9","context":"PARENT","data":"{\"peer\":\"Sankalp_5070585a-5c03-45fd-9d0a-94cb7b78cebb\"}"}},{"timestamp":1611072635814,"log":"Parent : Sankalp_5070585a-5c03-45fd-9d0a-94cb7b78cebb"},{"timestamp":1611072636322,"log":{"from":"Sankalp_5070585a-5c03-45fd-9d0a-94cb7b78cebb","to":"Vijay_ac878eea-ac50-4be9-985a-8615b15603c9","context":"CONNECT_ACK","data":"{\"roomID\":\"123456\"}"}},{"timestamp":1611072636322,"log":"Connection ACK from parent : Sankalp_5070585a-5c03-45fd-9d0a-94cb7b78cebb"},{"timestamp":1611072636345,"log":"received sdp from peer : Sankalp_5070585a-5c03-45fd-9d0a-94cb7b78cebb"},{"timestamp":1611072636350,"log":"received ice from peer : Sankalp_5070585a-5c03-45fd-9d0a-94cb7b78cebb"},{"timestamp":1611072636354,"log":"remote stream received"},{"timestamp":1611072636354,"log":{}},{"timestamp":1611072636355,"log":"remote stream received"},{"timestamp":1611072636355,"log":{}},{"timestamp":1611072636356,"log":"received ice from peer : Sankalp_5070585a-5c03-45fd-9d0a-94cb7b78cebb"},{"timestamp":1611072636362,"log":"created description for peer : Sankalp_5070585a-5c03-45fd-9d0a-94cb7b78cebb"},{"timestamp":1611072636371,"log":"connection with peer Sankalp_5070585a-5c03-45fd-9d0a-94cb7b78cebb checking"},{"timestamp":1611072636372,"log":"ice: Vijay_ac878eea-ac50-4be9-985a-8615b15603c9 to Sankalp_5070585a-5c03-45fd-9d0a-94cb7b78cebb"},{"timestamp":1611072636388,"log":"received ice from peer : Sankalp_5070585a-5c03-45fd-9d0a-94cb7b78cebb"},{"timestamp":1611072636389,"log":"received ice from peer : Sankalp_5070585a-5c03-45fd-9d0a-94cb7b78cebb"},{"timestamp":1611072636408,"log":"ice: Vijay_ac878eea-ac50-4be9-985a-8615b15603c9 to Sankalp_5070585a-5c03-45fd-9d0a-94cb7b78cebb"},{"timestamp":1611072636667,"log":"ice: Vijay_ac878eea-ac50-4be9-985a-8615b15603c9 to Sankalp_5070585a-5c03-45fd-9d0a-94cb7b78cebb"},{"timestamp":1611072636667,"log":"connection with peer Sankalp_5070585a-5c03-45fd-9d0a-94cb7b78cebb connected"}]