[{"joining_timestamp":1611072306416,"available_slots":4},{"media_timestamp":1611072308147},{"timestamp":1611072517062,"Type":"child_added","available_slots":3,"child_id":"Himanshu_3d0a9176-5de1-4d57-8981-39b6e70db076"},{"timestamp":1611072522998,"Type":"child_added","available_slots":2,"child_id":"Raghvendra_7b255f18-f970-4784-9826-827ffa02f1ca"},{"timestamp":1611072527640,"Type":"child_added","available_slots":1,"child_id":"Harshit_5b42e675-088e-4448-a026-ed6b0a96efc9"},{"timestamp":1611072536542,"Type":"child_added","available_slots":0,"child_id":"Shashwat_82598673-3576-4db8-97d0-b4e7a4c1d850"}]