[{"timestamp":1611070296682,"log":{"from":"server","to":"Moka_7b0b73c8-940f-48da-b6fc-5cdc6455170d","context":"PARENT","data":"{\"peer\":\"Sankalp_2c655368-f2a5-443c-ac07-76ae3909c22b\"}"}},{"timestamp":1611070296682,"log":"Parent : Sankalp_2c655368-f2a5-443c-ac07-76ae3909c22b"},{"timestamp":1611070297211,"log":{"from":"Sankalp_2c655368-f2a5-443c-ac07-76ae3909c22b","to":"Moka_7b0b73c8-940f-48da-b6fc-5cdc6455170d","context":"CONNECT_ACK","data":"{\"roomID\":\"123456\"}"}},{"timestamp":1611070297211,"log":"Connection ACK from parent : Sankalp_2c655368-f2a5-443c-ac07-76ae3909c22b"},{"timestamp":1611070297223,"log":"received sdp from peer : Sankalp_2c655368-f2a5-443c-ac07-76ae3909c22b"},{"timestamp":1611070297232,"log":"received ice from peer : Sankalp_2c655368-f2a5-443c-ac07-76ae3909c22b"},{"timestamp":1611070297241,"log":"remote stream received"},{"timestamp":1611070297242,"log":{}},{"timestamp":1611070297242,"log":"remote stream received"},{"timestamp":1611070297242,"log":{}},{"timestamp":1611070297245,"log":"received ice from peer : Sankalp_2c655368-f2a5-443c-ac07-76ae3909c22b"},{"timestamp":1611070297256,"log":"created description for peer : Sankalp_2c655368-f2a5-443c-ac07-76ae3909c22b"},{"timestamp":1611070297265,"log":"received ice from peer : Sankalp_2c655368-f2a5-443c-ac07-76ae3909c22b"},{"timestamp":1611070297273,"log":"connection with peer Sankalp_2c655368-f2a5-443c-ac07-76ae3909c22b checking"},{"timestamp":1611070297274,"log":"ice: Moka_7b0b73c8-940f-48da-b6fc-5cdc6455170d to Sankalp_2c655368-f2a5-443c-ac07-76ae3909c22b"},{"timestamp":1611070297275,"log":"connection with peer Sankalp_2c655368-f2a5-443c-ac07-76ae3909c22b connected"},{"timestamp":1611070297276,"log":"ice: Moka_7b0b73c8-940f-48da-b6fc-5cdc6455170d to Sankalp_2c655368-f2a5-443c-ac07-76ae3909c22b"},{"timestamp":1611070297474,"log":"received ice from peer : Sankalp_2c655368-f2a5-443c-ac07-76ae3909c22b"}]