[{"joining_timestamp":1611069996558,"available_slots":2},{"media_timestamp":1611069998026},{"timestamp":1611070599364,"Type":"child_added","available_slots":1,"child_id":"Nidhi_30d9c962-6ef2-4c67-9bab-b67021973a0f"},{"timestamp":1611070616448,"Type":"child_added","available_slots":0,"child_id":"Siddharth_c08adbf1-0d43-4eb1-a5dc-8bf732284bc1"},{"timestamp":1611070970425,"Type":"child_left","available_slots":1,"child_id":"Siddharth_c08adbf1-0d43-4eb1-a5dc-8bf732284bc1"},{"timestamp":1611070970425,"Type":"child_left","available_slots":2,"child_id":"Siddharth_c08adbf1-0d43-4eb1-a5dc-8bf732284bc1"},{"timestamp":1611070970680,"Type":"child_added","available_slots":1,"child_id":"Srindhi_346c39a7-494b-45ce-ae22-b4e69eaa9700"}]