[{"timestamp":1611069997510,"log":{"from":"server","to":"Harshit_67054155-1e7f-4075-9d5c-8cef43cb5479","context":"PARENT","data":"{\"peer\":\"Vijay_b579e843-f4c3-489a-bd7f-75bd92c999e0\"}"}},{"timestamp":1611069997510,"log":"Parent : Vijay_b579e843-f4c3-489a-bd7f-75bd92c999e0"},{"timestamp":1611069998010,"log":{"from":"Vijay_b579e843-f4c3-489a-bd7f-75bd92c999e0","to":"Harshit_67054155-1e7f-4075-9d5c-8cef43cb5479","context":"CONNECT_ACK","data":"{\"roomID\":\"123456\"}"}},{"timestamp":1611069998010,"log":"Connection ACK from parent : Vijay_b579e843-f4c3-489a-bd7f-75bd92c999e0"},{"timestamp":1611069998020,"log":"received sdp from peer : Vijay_b579e843-f4c3-489a-bd7f-75bd92c999e0"},{"timestamp":1611069998022,"log":"received ice from peer : Vijay_b579e843-f4c3-489a-bd7f-75bd92c999e0"},{"timestamp":1611069998025,"log":"received ice from peer : Vijay_b579e843-f4c3-489a-bd7f-75bd92c999e0"},{"timestamp":1611069998026,"log":"remote stream received"},{"timestamp":1611069998026,"log":{}},{"timestamp":1611069998026,"log":"remote stream received"},{"timestamp":1611069998026,"log":{}},{"timestamp":1611069998030,"log":"created description for peer : Vijay_b579e843-f4c3-489a-bd7f-75bd92c999e0"},{"timestamp":1611069998061,"log":"received ice from peer : Vijay_b579e843-f4c3-489a-bd7f-75bd92c999e0"},{"timestamp":1611069998062,"log":"connection with peer Vijay_b579e843-f4c3-489a-bd7f-75bd92c999e0 checking"},{"timestamp":1611069998062,"log":"ice: Harshit_67054155-1e7f-4075-9d5c-8cef43cb5479 to Vijay_b579e843-f4c3-489a-bd7f-75bd92c999e0"},{"timestamp":1611069998063,"log":"connection with peer Vijay_b579e843-f4c3-489a-bd7f-75bd92c999e0 connected"},{"timestamp":1611069998063,"log":"ice: Harshit_67054155-1e7f-4075-9d5c-8cef43cb5479 to Vijay_b579e843-f4c3-489a-bd7f-75bd92c999e0"},{"timestamp":1611069998252,"log":"received ice from peer : Vijay_b579e843-f4c3-489a-bd7f-75bd92c999e0"},{"timestamp":1611070599364,"log":{"from":"Nidhi_30d9c962-6ef2-4c67-9bab-b67021973a0f","to":"Harshit_67054155-1e7f-4075-9d5c-8cef43cb5479","context":"CONNECT","data":"{\"roomID\":\"123456\"}"}},{"timestamp":1611070599364,"log":"Connect request from Child : Nidhi_30d9c962-6ef2-4c67-9bab-b67021973a0f"},{"timestamp":1611070599367,"log":"adding tracks"},{"timestamp":1611070599372,"log":"call inititated: Harshit_67054155-1e7f-4075-9d5c-8cef43cb5479 to Nidhi_30d9c962-6ef2-4c67-9bab-b67021973a0f"},{"timestamp":1611070599374,"log":"created description for peer : Nidhi_30d9c962-6ef2-4c67-9bab-b67021973a0f"},{"timestamp":1611070599378,"log":"ice: Harshit_67054155-1e7f-4075-9d5c-8cef43cb5479 to Nidhi_30d9c962-6ef2-4c67-9bab-b67021973a0f"},{"timestamp":1611070599379,"log":"ice: Harshit_67054155-1e7f-4075-9d5c-8cef43cb5479 to Nidhi_30d9c962-6ef2-4c67-9bab-b67021973a0f"},{"timestamp":1611070599413,"log":"ice: Harshit_67054155-1e7f-4075-9d5c-8cef43cb5479 to Nidhi_30d9c962-6ef2-4c67-9bab-b67021973a0f"},{"timestamp":1611070599414,"log":"ice: Harshit_67054155-1e7f-4075-9d5c-8cef43cb5479 to Nidhi_30d9c962-6ef2-4c67-9bab-b67021973a0f"},{"timestamp":1611070599644,"log":"connection with peer Nidhi_30d9c962-6ef2-4c67-9bab-b67021973a0f checking"},{"timestamp":1611070600121,"log":"received sdp from peer : Nidhi_30d9c962-6ef2-4c67-9bab-b67021973a0f"},{"timestamp":1611070600126,"log":"received ice from peer : Nidhi_30d9c962-6ef2-4c67-9bab-b67021973a0f"},{"timestamp":1611070600131,"log":"connection with peer Nidhi_30d9c962-6ef2-4c67-9bab-b67021973a0f connected"},{"timestamp":1611070600131,"log":"ice: Harshit_67054155-1e7f-4075-9d5c-8cef43cb5479 to Nidhi_30d9c962-6ef2-4c67-9bab-b67021973a0f"},{"timestamp":1611070616448,"log":{"from":"Siddharth_c08adbf1-0d43-4eb1-a5dc-8bf732284bc1","to":"Harshit_67054155-1e7f-4075-9d5c-8cef43cb5479","context":"CONNECT","data":"{\"roomID\":\"123456\"}"}},{"timestamp":1611070616448,"log":"Connect request from Child : Siddharth_c08adbf1-0d43-4eb1-a5dc-8bf732284bc1"},{"timestamp":1611070616450,"log":"adding tracks"},{"timestamp":1611070616452,"log":"call inititated: Harshit_67054155-1e7f-4075-9d5c-8cef43cb5479 to Siddharth_c08adbf1-0d43-4eb1-a5dc-8bf732284bc1"},{"timestamp":1611070616455,"log":"created description for peer : Siddharth_c08adbf1-0d43-4eb1-a5dc-8bf732284bc1"},{"timestamp":1611070616460,"log":"ice: Harshit_67054155-1e7f-4075-9d5c-8cef43cb5479 to Siddharth_c08adbf1-0d43-4eb1-a5dc-8bf732284bc1"},{"timestamp":1611070616460,"log":"ice: Harshit_67054155-1e7f-4075-9d5c-8cef43cb5479 to Siddharth_c08adbf1-0d43-4eb1-a5dc-8bf732284bc1"},{"timestamp":1611070616499,"log":"ice: Harshit_67054155-1e7f-4075-9d5c-8cef43cb5479 to Siddharth_c08adbf1-0d43-4eb1-a5dc-8bf732284bc1"},{"timestamp":1611070616499,"log":"ice: Harshit_67054155-1e7f-4075-9d5c-8cef43cb5479 to Siddharth_c08adbf1-0d43-4eb1-a5dc-8bf732284bc1"},{"timestamp":1611070616727,"log":"connection with peer Siddharth_c08adbf1-0d43-4eb1-a5dc-8bf732284bc1 checking"},{"timestamp":1611070616969,"log":"received sdp from peer : Siddharth_c08adbf1-0d43-4eb1-a5dc-8bf732284bc1"},{"timestamp":1611070616973,"log":"received ice from peer : Siddharth_c08adbf1-0d43-4eb1-a5dc-8bf732284bc1"},{"timestamp":1611070616975,"log":"connection with peer Siddharth_c08adbf1-0d43-4eb1-a5dc-8bf732284bc1 connected"},{"timestamp":1611070616975,"log":"ice: Harshit_67054155-1e7f-4075-9d5c-8cef43cb5479 to Siddharth_c08adbf1-0d43-4eb1-a5dc-8bf732284bc1"},{"timestamp":1611070970412,"log":{"from":"server","to":"Harshit_67054155-1e7f-4075-9d5c-8cef43cb5479","context":"CHILDLEFT","data":"{\"child\":\"Siddharth_c08adbf1-0d43-4eb1-a5dc-8bf732284bc1\"}"}},{"timestamp":1611070970425,"log":"connection with peer Siddharth_c08adbf1-0d43-4eb1-a5dc-8bf732284bc1 closed"},{"timestamp":1611070970425,"log":{"from":"server","to":"Harshit_67054155-1e7f-4075-9d5c-8cef43cb5479","context":"CHILDLEFT","data":"{\"child\":\"Siddharth_c08adbf1-0d43-4eb1-a5dc-8bf732284bc1\"}"}},{"timestamp":1611070970680,"log":{"from":"Srindhi_346c39a7-494b-45ce-ae22-b4e69eaa9700","to":"Harshit_67054155-1e7f-4075-9d5c-8cef43cb5479","context":"CONNECT","data":"{\"roomID\":\"123456\"}"}},{"timestamp":1611070970680,"log":"Connect request from Child : Srindhi_346c39a7-494b-45ce-ae22-b4e69eaa9700"},{"timestamp":1611070970681,"log":"adding tracks"},{"timestamp":1611070970683,"log":"call inititated: Harshit_67054155-1e7f-4075-9d5c-8cef43cb5479 to Srindhi_346c39a7-494b-45ce-ae22-b4e69eaa9700"},{"timestamp":1611070970685,"log":"created description for peer : Srindhi_346c39a7-494b-45ce-ae22-b4e69eaa9700"},{"timestamp":1611070970691,"log":"ice: Harshit_67054155-1e7f-4075-9d5c-8cef43cb5479 to Srindhi_346c39a7-494b-45ce-ae22-b4e69eaa9700"},{"timestamp":1611070970691,"log":"ice: Harshit_67054155-1e7f-4075-9d5c-8cef43cb5479 to Srindhi_346c39a7-494b-45ce-ae22-b4e69eaa9700"},{"timestamp":1611070970724,"log":"ice: Harshit_67054155-1e7f-4075-9d5c-8cef43cb5479 to Srindhi_346c39a7-494b-45ce-ae22-b4e69eaa9700"},{"timestamp":1611070970725,"log":"ice: Harshit_67054155-1e7f-4075-9d5c-8cef43cb5479 to Srindhi_346c39a7-494b-45ce-ae22-b4e69eaa9700"},{"timestamp":1611070970988,"log":"connection with peer Srindhi_346c39a7-494b-45ce-ae22-b4e69eaa9700 checking"},{"timestamp":1611070971230,"log":"received sdp from peer : Srindhi_346c39a7-494b-45ce-ae22-b4e69eaa9700"},{"timestamp":1611070971234,"log":"received ice from peer : Srindhi_346c39a7-494b-45ce-ae22-b4e69eaa9700"},{"timestamp":1611070971238,"log":"connection with peer Srindhi_346c39a7-494b-45ce-ae22-b4e69eaa9700 connected"},{"timestamp":1611070971239,"log":"ice: Harshit_67054155-1e7f-4075-9d5c-8cef43cb5479 to Srindhi_346c39a7-494b-45ce-ae22-b4e69eaa9700"}]