[{"timestamp":1611072508752,"log":{"from":"server","to":"Arnav_65f30109-12f0-4a00-80f7-57a83133daf6","context":"PARENT","data":"{\"peer\":\"Unique_676d6f67-4353-47e5-a8e0-e04872e652cb\"}"}},{"timestamp":1611072508752,"log":"Parent : Unique_676d6f67-4353-47e5-a8e0-e04872e652cb"},{"timestamp":1611072509262,"log":{"from":"Unique_676d6f67-4353-47e5-a8e0-e04872e652cb","to":"Arnav_65f30109-12f0-4a00-80f7-57a83133daf6","context":"CONNECT_ACK","data":"{\"roomID\":\"123456\"}"}},{"timestamp":1611072509262,"log":"Connection ACK from parent : Unique_676d6f67-4353-47e5-a8e0-e04872e652cb"},{"timestamp":1611072509273,"log":"received sdp from peer : Unique_676d6f67-4353-47e5-a8e0-e04872e652cb"},{"timestamp":1611072509277,"log":"received ice from peer : Unique_676d6f67-4353-47e5-a8e0-e04872e652cb"},{"timestamp":1611072509284,"log":"received ice from peer : Unique_676d6f67-4353-47e5-a8e0-e04872e652cb"},{"timestamp":1611072509285,"log":"remote stream received"},{"timestamp":1611072509285,"log":{}},{"timestamp":1611072509285,"log":"remote stream received"},{"timestamp":1611072509285,"log":{}},{"timestamp":1611072509289,"log":"created description for peer : Unique_676d6f67-4353-47e5-a8e0-e04872e652cb"},{"timestamp":1611072509293,"log":"connection with peer Unique_676d6f67-4353-47e5-a8e0-e04872e652cb checking"},{"timestamp":1611072509294,"log":"ice: Arnav_65f30109-12f0-4a00-80f7-57a83133daf6 to Unique_676d6f67-4353-47e5-a8e0-e04872e652cb"},{"timestamp":1611072509294,"log":"connection with peer Unique_676d6f67-4353-47e5-a8e0-e04872e652cb connected"},{"timestamp":1611072509294,"log":"ice: Arnav_65f30109-12f0-4a00-80f7-57a83133daf6 to Unique_676d6f67-4353-47e5-a8e0-e04872e652cb"},{"timestamp":1611072509304,"log":"received ice from peer : Unique_676d6f67-4353-47e5-a8e0-e04872e652cb"},{"timestamp":1611072509313,"log":"received ice from peer : Unique_676d6f67-4353-47e5-a8e0-e04872e652cb"}]