[{"timestamp":1611072516770,"log":{"from":"server","to":"Himanshu_3d0a9176-5de1-4d57-8981-39b6e70db076","context":"PARENT","data":"{\"peer\":\"Ayush_240836e4-37ab-4157-a976-d7e1443bfa33\"}"}},{"timestamp":1611072516770,"log":"Parent : Ayush_240836e4-37ab-4157-a976-d7e1443bfa33"},{"timestamp":1611072517270,"log":{"from":"Ayush_240836e4-37ab-4157-a976-d7e1443bfa33","to":"Himanshu_3d0a9176-5de1-4d57-8981-39b6e70db076","context":"CONNECT_ACK","data":"{\"roomID\":\"123456\"}"}},{"timestamp":1611072517270,"log":"Connection ACK from parent : Ayush_240836e4-37ab-4157-a976-d7e1443bfa33"},{"timestamp":1611072517278,"log":"received sdp from peer : Ayush_240836e4-37ab-4157-a976-d7e1443bfa33"},{"timestamp":1611072517280,"log":"received ice from peer : Ayush_240836e4-37ab-4157-a976-d7e1443bfa33"},{"timestamp":1611072517283,"log":"received ice from peer : Ayush_240836e4-37ab-4157-a976-d7e1443bfa33"},{"timestamp":1611072517284,"log":"remote stream received"},{"timestamp":1611072517285,"log":{}},{"timestamp":1611072517285,"log":"remote stream received"},{"timestamp":1611072517285,"log":{}},{"timestamp":1611072517290,"log":"created description for peer : Ayush_240836e4-37ab-4157-a976-d7e1443bfa33"},{"timestamp":1611072517294,"log":"connection with peer Ayush_240836e4-37ab-4157-a976-d7e1443bfa33 checking"},{"timestamp":1611072517294,"log":"ice: Himanshu_3d0a9176-5de1-4d57-8981-39b6e70db076 to Ayush_240836e4-37ab-4157-a976-d7e1443bfa33"},{"timestamp":1611072517295,"log":"connection with peer Ayush_240836e4-37ab-4157-a976-d7e1443bfa33 connected"},{"timestamp":1611072517295,"log":"ice: Himanshu_3d0a9176-5de1-4d57-8981-39b6e70db076 to Ayush_240836e4-37ab-4157-a976-d7e1443bfa33"},{"timestamp":1611072517311,"log":"received ice from peer : Ayush_240836e4-37ab-4157-a976-d7e1443bfa33"},{"timestamp":1611072517526,"log":"received ice from peer : Ayush_240836e4-37ab-4157-a976-d7e1443bfa33"}]