[{"timestamp":1611072442532,"log":{"from":"server","to":"Amar_3d2ef124-d0a2-44e7-b4b1-8551818a01ae","context":"PARENT","data":"{\"peer\":\"Ashmesh_8687c9a5-c3fb-4484-a42c-dffd19a21047\"}"}},{"timestamp":1611072442532,"log":"Parent : Ashmesh_8687c9a5-c3fb-4484-a42c-dffd19a21047"},{"timestamp":1611072443032,"log":{"from":"Ashmesh_8687c9a5-c3fb-4484-a42c-dffd19a21047","to":"Amar_3d2ef124-d0a2-44e7-b4b1-8551818a01ae","context":"CONNECT_ACK","data":"{\"roomID\":\"123456\"}"}},{"timestamp":1611072443033,"log":"Connection ACK from parent : Ashmesh_8687c9a5-c3fb-4484-a42c-dffd19a21047"},{"timestamp":1611072443038,"log":"received sdp from peer : Ashmesh_8687c9a5-c3fb-4484-a42c-dffd19a21047"},{"timestamp":1611072443039,"log":"received ice from peer : Ashmesh_8687c9a5-c3fb-4484-a42c-dffd19a21047"},{"timestamp":1611072443042,"log":"remote stream received"},{"timestamp":1611072443043,"log":{}},{"timestamp":1611072443043,"log":"remote stream received"},{"timestamp":1611072443043,"log":{}},{"timestamp":1611072443044,"log":"received ice from peer : Ashmesh_8687c9a5-c3fb-4484-a42c-dffd19a21047"},{"timestamp":1611072443045,"log":"created description for peer : Ashmesh_8687c9a5-c3fb-4484-a42c-dffd19a21047"},{"timestamp":1611072443050,"log":"connection with peer Ashmesh_8687c9a5-c3fb-4484-a42c-dffd19a21047 checking"},{"timestamp":1611072443051,"log":"ice: Amar_3d2ef124-d0a2-44e7-b4b1-8551818a01ae to Ashmesh_8687c9a5-c3fb-4484-a42c-dffd19a21047"},{"timestamp":1611072443052,"log":"connection with peer Ashmesh_8687c9a5-c3fb-4484-a42c-dffd19a21047 connected"},{"timestamp":1611072443052,"log":"ice: Amar_3d2ef124-d0a2-44e7-b4b1-8551818a01ae to Ashmesh_8687c9a5-c3fb-4484-a42c-dffd19a21047"},{"timestamp":1611072443073,"log":"received ice from peer : Ashmesh_8687c9a5-c3fb-4484-a42c-dffd19a21047"},{"timestamp":1611072443076,"log":"received ice from peer : Ashmesh_8687c9a5-c3fb-4484-a42c-dffd19a21047"}]