[{"timestamp":1611072599228,"log":{"from":"server","to":"Chaitnya_ab6a0fdc-0ba3-40b1-8936-ce1060e120ed","context":"PARENT","data":"{\"peer\":\"ChinmaySahoo_eedc6722-1252-4ec7-86d5-54c965df35c5\"}"}},{"timestamp":1611072599228,"log":"Parent : ChinmaySahoo_eedc6722-1252-4ec7-86d5-54c965df35c5"},{"timestamp":1611072599742,"log":{"from":"ChinmaySahoo_eedc6722-1252-4ec7-86d5-54c965df35c5","to":"Chaitnya_ab6a0fdc-0ba3-40b1-8936-ce1060e120ed","context":"CONNECT_ACK","data":"{\"roomID\":\"123456\"}"}},{"timestamp":1611072599742,"log":"Connection ACK from parent : ChinmaySahoo_eedc6722-1252-4ec7-86d5-54c965df35c5"},{"timestamp":1611072599747,"log":"received sdp from peer : ChinmaySahoo_eedc6722-1252-4ec7-86d5-54c965df35c5"},{"timestamp":1611072599750,"log":"received ice from peer : ChinmaySahoo_eedc6722-1252-4ec7-86d5-54c965df35c5"},{"timestamp":1611072599757,"log":"received ice from peer : ChinmaySahoo_eedc6722-1252-4ec7-86d5-54c965df35c5"},{"timestamp":1611072599758,"log":"remote stream received"},{"timestamp":1611072599760,"log":{}},{"timestamp":1611072599760,"log":"remote stream received"},{"timestamp":1611072599760,"log":{}},{"timestamp":1611072599768,"log":"created description for peer : ChinmaySahoo_eedc6722-1252-4ec7-86d5-54c965df35c5"},{"timestamp":1611072599775,"log":"connection with peer ChinmaySahoo_eedc6722-1252-4ec7-86d5-54c965df35c5 checking"},{"timestamp":1611072599778,"log":"ice: Chaitnya_ab6a0fdc-0ba3-40b1-8936-ce1060e120ed to ChinmaySahoo_eedc6722-1252-4ec7-86d5-54c965df35c5"},{"timestamp":1611072599780,"log":"connection with peer ChinmaySahoo_eedc6722-1252-4ec7-86d5-54c965df35c5 connected"},{"timestamp":1611072599780,"log":"ice: Chaitnya_ab6a0fdc-0ba3-40b1-8936-ce1060e120ed to ChinmaySahoo_eedc6722-1252-4ec7-86d5-54c965df35c5"},{"timestamp":1611072599780,"log":"received ice from peer : ChinmaySahoo_eedc6722-1252-4ec7-86d5-54c965df35c5"},{"timestamp":1611072599782,"log":"received ice from peer : ChinmaySahoo_eedc6722-1252-4ec7-86d5-54c965df35c5"}]