{"ChinmaySahoo_eedc6722-1252-4ec7-86d5-54c965df35c5":[{"from":"ChinmaySahoo_eedc6722-1252-4ec7-86d5-54c965df35c5","to":"Chaitnya_ab6a0fdc-0ba3-40b1-8936-ce1060e120ed","Audio":{"timestamp":1611072603190.818,"packetsReceived":157,"packetsLost":0},"Type":"inbound-rtp","Video":{"timestamp":1611072603190.818,"packetsReceived":0,"packetsLost":0}},{"from":"ChinmaySahoo_eedc6722-1252-4ec7-86d5-54c965df35c5","to":"Chaitnya_ab6a0fdc-0ba3-40b1-8936-ce1060e120ed","Audio":{"timestamp":1611072603190.818,"packetsReceived":157,"packetsLost":0},"Type":"inbound-rtp","Video":{"timestamp":1611072603190.818,"packetsReceived":0,"packetsLost":0}},{"from":"ChinmaySahoo_eedc6722-1252-4ec7-86d5-54c965df35c5","to":"Chaitnya_ab6a0fdc-0ba3-40b1-8936-ce1060e120ed","Audio":{"timestamp":1611072608657.926,"packetsReceived":431,"packetsLost":0},"Type":"inbound-rtp","Video":{"timestamp":1611072608657.926,"packetsReceived":40,"packetsLost":0}},{"from":"ChinmaySahoo_eedc6722-1252-4ec7-86d5-54c965df35c5","to":"Chaitnya_ab6a0fdc-0ba3-40b1-8936-ce1060e120ed","Audio":{"timestamp":1611072608657.926,"packetsReceived":431,"packetsLost":0},"Type":"inbound-rtp","Video":{"timestamp":1611072608657.926,"packetsReceived":40,"packetsLost":0}},{"from":"ChinmaySahoo_eedc6722-1252-4ec7-86d5-54c965df35c5","to":"Chaitnya_ab6a0fdc-0ba3-40b1-8936-ce1060e120ed","Audio":{"timestamp":1611072613657.854,"packetsReceived":681,"packetsLost":0},"Type":"inbound-rtp","Video":{"timestamp":1611072613657.854,"packetsReceived":45,"packetsLost":0}},{"from":"ChinmaySahoo_eedc6722-1252-4ec7-86d5-54c965df35c5","to":"Chaitnya_ab6a0fdc-0ba3-40b1-8936-ce1060e120ed","Audio":{"timestamp":1611072613657.854,"packetsReceived":681,"packetsLost":0},"Type":"inbound-rtp","Video":{"timestamp":1611072613657.854,"packetsReceived":45,"packetsLost":0}},{"from":"ChinmaySahoo_eedc6722-1252-4ec7-86d5-54c965df35c5","to":"Chaitnya_ab6a0fdc-0ba3-40b1-8936-ce1060e120ed","Audio":{"timestamp":1611072618657.935,"packetsReceived":930,"packetsLost":0},"Type":"inbound-rtp","Video":{"timestamp":1611072618657.935,"packetsReceived":49,"packetsLost":0}},{"from":"ChinmaySahoo_eedc6722-1252-4ec7-86d5-54c965df35c5","to":"Chaitnya_ab6a0fdc-0ba3-40b1-8936-ce1060e120ed","Audio":{"timestamp":1611072618657.935,"packetsReceived":930,"packetsLost":0},"Type":"inbound-rtp","Video":{"timestamp":1611072618657.935,"packetsReceived":49,"packetsLost":0}},{"from":"ChinmaySahoo_eedc6722-1252-4ec7-86d5-54c965df35c5","to":"Chaitnya_ab6a0fdc-0ba3-40b1-8936-ce1060e120ed","Audio":{"timestamp":1611072623657.873,"packetsReceived":1181,"packetsLost":0},"Type":"inbound-rtp","Video":{"timestamp":1611072623657.873,"packetsReceived":54,"packetsLost":0}},{"from":"ChinmaySahoo_eedc6722-1252-4ec7-86d5-54c965df35c5","to":"Chaitnya_ab6a0fdc-0ba3-40b1-8936-ce1060e120ed","Audio":{"timestamp":1611072623657.873,"packetsReceived":1181,"packetsLost":0},"Type":"inbound-rtp","Video":{"timestamp":1611072623657.873,"packetsReceived":54,"packetsLost":0}},{"from":"ChinmaySahoo_eedc6722-1252-4ec7-86d5-54c965df35c5","to":"Chaitnya_ab6a0fdc-0ba3-40b1-8936-ce1060e120ed","Audio":{"timestamp":1611072628657.848,"packetsReceived":1431,"packetsLost":0},"Type":"inbound-rtp","Video":{"timestamp":1611072628657.848,"packetsReceived":59,"packetsLost":0}},{"from":"ChinmaySahoo_eedc6722-1252-4ec7-86d5-54c965df35c5","to":"Chaitnya_ab6a0fdc-0ba3-40b1-8936-ce1060e120ed","Audio":{"timestamp":1611072628657.848,"packetsReceived":1431,"packetsLost":0},"Type":"inbound-rtp","Video":{"timestamp":1611072628657.848,"packetsReceived":59,"packetsLost":0}},{"from":"ChinmaySahoo_eedc6722-1252-4ec7-86d5-54c965df35c5","to":"Chaitnya_ab6a0fdc-0ba3-40b1-8936-ce1060e120ed","Audio":{"timestamp":1611072633657.871,"packetsReceived":1680,"packetsLost":0},"Type":"inbound-rtp","Video":{"timestamp":1611072633657.871,"packetsReceived":63,"packetsLost":0}},{"from":"ChinmaySahoo_eedc6722-1252-4ec7-86d5-54c965df35c5","to":"Chaitnya_ab6a0fdc-0ba3-40b1-8936-ce1060e120ed","Audio":{"timestamp":1611072633657.871,"packetsReceived":1680,"packetsLost":0},"Type":"inbound-rtp","Video":{"timestamp":1611072633657.871,"packetsReceived":63,"packetsLost":0}},{"from":"ChinmaySahoo_eedc6722-1252-4ec7-86d5-54c965df35c5","to":"Chaitnya_ab6a0fdc-0ba3-40b1-8936-ce1060e120ed","Audio":{"timestamp":1611072638657.902,"packetsReceived":1931,"packetsLost":0},"Type":"inbound-rtp","Video":{"timestamp":1611072638657.902,"packetsReceived":68,"packetsLost":0}},{"from":"ChinmaySahoo_eedc6722-1252-4ec7-86d5-54c965df35c5","to":"Chaitnya_ab6a0fdc-0ba3-40b1-8936-ce1060e120ed","Audio":{"timestamp":1611072638657.902,"packetsReceived":1931,"packetsLost":0},"Type":"inbound-rtp","Video":{"timestamp":1611072638657.902,"packetsReceived":68,"packetsLost":0}},{"from":"ChinmaySahoo_eedc6722-1252-4ec7-86d5-54c965df35c5","to":"Chaitnya_ab6a0fdc-0ba3-40b1-8936-ce1060e120ed","Audio":{"timestamp":1611072643657.839,"packetsReceived":2180,"packetsLost":0},"Type":"inbound-rtp","Video":{"timestamp":1611072643657.839,"packetsReceived":73,"packetsLost":0}},{"from":"ChinmaySahoo_eedc6722-1252-4ec7-86d5-54c965df35c5","to":"Chaitnya_ab6a0fdc-0ba3-40b1-8936-ce1060e120ed","Audio":{"timestamp":1611072643657.839,"packetsReceived":2180,"packetsLost":0},"Type":"inbound-rtp","Video":{"timestamp":1611072643657.839,"packetsReceived":73,"packetsLost":0}},{"from":"ChinmaySahoo_eedc6722-1252-4ec7-86d5-54c965df35c5","to":"Chaitnya_ab6a0fdc-0ba3-40b1-8936-ce1060e120ed","Audio":{"timestamp":1611072648657.851,"packetsReceived":2430,"packetsLost":0},"Type":"inbound-rtp","Video":{"timestamp":1611072648657.851,"packetsReceived":77,"packetsLost":0}},{"from":"ChinmaySahoo_eedc6722-1252-4ec7-86d5-54c965df35c5","to":"Chaitnya_ab6a0fdc-0ba3-40b1-8936-ce1060e120ed","Audio":{"timestamp":1611072648657.851,"packetsReceived":2430,"packetsLost":0},"Type":"inbound-rtp","Video":{"timestamp":1611072648657.851,"packetsReceived":77,"packetsLost":0}},{"from":"ChinmaySahoo_eedc6722-1252-4ec7-86d5-54c965df35c5","to":"Chaitnya_ab6a0fdc-0ba3-40b1-8936-ce1060e120ed","Audio":{"timestamp":1611072653657.879,"packetsReceived":2681,"packetsLost":0},"Type":"inbound-rtp","Video":{"timestamp":1611072653657.879,"packetsReceived":82,"packetsLost":0}},{"from":"ChinmaySahoo_eedc6722-1252-4ec7-86d5-54c965df35c5","to":"Chaitnya_ab6a0fdc-0ba3-40b1-8936-ce1060e120ed","Audio":{"timestamp":1611072653657.879,"packetsReceived":2681,"packetsLost":0},"Type":"inbound-rtp","Video":{"timestamp":1611072653657.879,"packetsReceived":82,"packetsLost":0}},{"from":"ChinmaySahoo_eedc6722-1252-4ec7-86d5-54c965df35c5","to":"Chaitnya_ab6a0fdc-0ba3-40b1-8936-ce1060e120ed","Audio":{"timestamp":1611072658657.83,"packetsReceived":2930,"packetsLost":0},"Type":"inbound-rtp","Video":{"timestamp":1611072658657.83,"packetsReceived":87,"packetsLost":0}},{"from":"ChinmaySahoo_eedc6722-1252-4ec7-86d5-54c965df35c5","to":"Chaitnya_ab6a0fdc-0ba3-40b1-8936-ce1060e120ed","Audio":{"timestamp":1611072658657.83,"packetsReceived":2930,"packetsLost":0},"Type":"inbound-rtp","Video":{"timestamp":1611072658657.83,"packetsReceived":87,"packetsLost":0}},{"from":"ChinmaySahoo_eedc6722-1252-4ec7-86d5-54c965df35c5","to":"Chaitnya_ab6a0fdc-0ba3-40b1-8936-ce1060e120ed","Audio":{"timestamp":1611072663657.954,"packetsReceived":3181,"packetsLost":0},"Type":"inbound-rtp","Video":{"timestamp":1611072663657.954,"packetsReceived":91,"packetsLost":0}},{"from":"ChinmaySahoo_eedc6722-1252-4ec7-86d5-54c965df35c5","to":"Chaitnya_ab6a0fdc-0ba3-40b1-8936-ce1060e120ed","Audio":{"timestamp":1611072663657.954,"packetsReceived":3181,"packetsLost":0},"Type":"inbound-rtp","Video":{"timestamp":1611072663657.954,"packetsReceived":91,"packetsLost":0}},{"from":"ChinmaySahoo_eedc6722-1252-4ec7-86d5-54c965df35c5","to":"Chaitnya_ab6a0fdc-0ba3-40b1-8936-ce1060e120ed","Audio":{"timestamp":1611072668657.927,"packetsReceived":3431,"packetsLost":0},"Type":"inbound-rtp","Video":{"timestamp":1611072668657.927,"packetsReceived":96,"packetsLost":0}},{"from":"ChinmaySahoo_eedc6722-1252-4ec7-86d5-54c965df35c5","to":"Chaitnya_ab6a0fdc-0ba3-40b1-8936-ce1060e120ed","Audio":{"timestamp":1611072668657.927,"packetsReceived":3431,"packetsLost":0},"Type":"inbound-rtp","Video":{"timestamp":1611072668657.927,"packetsReceived":96,"packetsLost":0}},{"from":"ChinmaySahoo_eedc6722-1252-4ec7-86d5-54c965df35c5","to":"Chaitnya_ab6a0fdc-0ba3-40b1-8936-ce1060e120ed","Audio":{"timestamp":1611072673657.856,"packetsReceived":3681,"packetsLost":0},"Type":"inbound-rtp","Video":{"timestamp":1611072673657.856,"packetsReceived":163,"packetsLost":0}},{"from":"ChinmaySahoo_eedc6722-1252-4ec7-86d5-54c965df35c5","to":"Chaitnya_ab6a0fdc-0ba3-40b1-8936-ce1060e120ed","Audio":{"timestamp":1611072673657.856,"packetsReceived":3681,"packetsLost":0},"Type":"inbound-rtp","Video":{"timestamp":1611072673657.856,"packetsReceived":163,"packetsLost":0}},{"from":"ChinmaySahoo_eedc6722-1252-4ec7-86d5-54c965df35c5","to":"Chaitnya_ab6a0fdc-0ba3-40b1-8936-ce1060e120ed","Audio":{"timestamp":1611072678658.226,"packetsReceived":3930,"packetsLost":0},"Type":"inbound-rtp","Video":{"timestamp":1611072678658.226,"packetsReceived":167,"packetsLost":0}},{"from":"ChinmaySahoo_eedc6722-1252-4ec7-86d5-54c965df35c5","to":"Chaitnya_ab6a0fdc-0ba3-40b1-8936-ce1060e120ed","Audio":{"timestamp":1611072678658.226,"packetsReceived":3930,"packetsLost":0},"Type":"inbound-rtp","Video":{"timestamp":1611072678658.226,"packetsReceived":167,"packetsLost":0}},{"from":"ChinmaySahoo_eedc6722-1252-4ec7-86d5-54c965df35c5","to":"Chaitnya_ab6a0fdc-0ba3-40b1-8936-ce1060e120ed","Audio":{"timestamp":1611072683657.912,"packetsReceived":4181,"packetsLost":0},"Type":"inbound-rtp","Video":{"timestamp":1611072683657.912,"packetsReceived":172,"packetsLost":0}},{"from":"ChinmaySahoo_eedc6722-1252-4ec7-86d5-54c965df35c5","to":"Chaitnya_ab6a0fdc-0ba3-40b1-8936-ce1060e120ed","Audio":{"timestamp":1611072683657.912,"packetsReceived":4181,"packetsLost":0},"Type":"inbound-rtp","Video":{"timestamp":1611072683657.912,"packetsReceived":172,"packetsLost":0}},{"from":"ChinmaySahoo_eedc6722-1252-4ec7-86d5-54c965df35c5","to":"Chaitnya_ab6a0fdc-0ba3-40b1-8936-ce1060e120ed","Audio":{"timestamp":1611072688657.864,"packetsReceived":4430,"packetsLost":0},"Type":"inbound-rtp","Video":{"timestamp":1611072688657.864,"packetsReceived":177,"packetsLost":0}},{"from":"ChinmaySahoo_eedc6722-1252-4ec7-86d5-54c965df35c5","to":"Chaitnya_ab6a0fdc-0ba3-40b1-8936-ce1060e120ed","Audio":{"timestamp":1611072688657.864,"packetsReceived":4430,"packetsLost":0},"Type":"inbound-rtp","Video":{"timestamp":1611072688657.864,"packetsReceived":177,"packetsLost":0}},{"from":"ChinmaySahoo_eedc6722-1252-4ec7-86d5-54c965df35c5","to":"Chaitnya_ab6a0fdc-0ba3-40b1-8936-ce1060e120ed","Audio":{"timestamp":1611072693657.731,"packetsReceived":4680,"packetsLost":0},"Type":"inbound-rtp","Video":{"timestamp":1611072693657.731,"packetsReceived":181,"packetsLost":0}},{"from":"ChinmaySahoo_eedc6722-1252-4ec7-86d5-54c965df35c5","to":"Chaitnya_ab6a0fdc-0ba3-40b1-8936-ce1060e120ed","Audio":{"timestamp":1611072693657.731,"packetsReceived":4680,"packetsLost":0},"Type":"inbound-rtp","Video":{"timestamp":1611072693657.731,"packetsReceived":181,"packetsLost":0}},{"from":"ChinmaySahoo_eedc6722-1252-4ec7-86d5-54c965df35c5","to":"Chaitnya_ab6a0fdc-0ba3-40b1-8936-ce1060e120ed","Audio":{"timestamp":1611072698657.944,"packetsReceived":4930,"packetsLost":0},"Type":"inbound-rtp","Video":{"timestamp":1611072698657.944,"packetsReceived":186,"packetsLost":0}},{"from":"ChinmaySahoo_eedc6722-1252-4ec7-86d5-54c965df35c5","to":"Chaitnya_ab6a0fdc-0ba3-40b1-8936-ce1060e120ed","Audio":{"timestamp":1611072698657.944,"packetsReceived":4930,"packetsLost":0},"Type":"inbound-rtp","Video":{"timestamp":1611072698657.944,"packetsReceived":186,"packetsLost":0}},{"from":"ChinmaySahoo_eedc6722-1252-4ec7-86d5-54c965df35c5","to":"Chaitnya_ab6a0fdc-0ba3-40b1-8936-ce1060e120ed","Audio":{"timestamp":1611072703657.834,"packetsReceived":5181,"packetsLost":0},"Type":"inbound-rtp","Video":{"timestamp":1611072703657.834,"packetsReceived":191,"packetsLost":0}},{"from":"ChinmaySahoo_eedc6722-1252-4ec7-86d5-54c965df35c5","to":"Chaitnya_ab6a0fdc-0ba3-40b1-8936-ce1060e120ed","Audio":{"timestamp":1611072703657.834,"packetsReceived":5181,"packetsLost":0},"Type":"inbound-rtp","Video":{"timestamp":1611072703657.834,"packetsReceived":191,"packetsLost":0}},{"from":"ChinmaySahoo_eedc6722-1252-4ec7-86d5-54c965df35c5","to":"Chaitnya_ab6a0fdc-0ba3-40b1-8936-ce1060e120ed","Audio":{"timestamp":1611072708657.796,"packetsReceived":5430,"packetsLost":0},"Type":"inbound-rtp","Video":{"timestamp":1611072708657.796,"packetsReceived":196,"packetsLost":0}},{"from":"ChinmaySahoo_eedc6722-1252-4ec7-86d5-54c965df35c5","to":"Chaitnya_ab6a0fdc-0ba3-40b1-8936-ce1060e120ed","Audio":{"timestamp":1611072708657.796,"packetsReceived":5430,"packetsLost":0},"Type":"inbound-rtp","Video":{"timestamp":1611072708657.796,"packetsReceived":196,"packetsLost":0}},{"from":"ChinmaySahoo_eedc6722-1252-4ec7-86d5-54c965df35c5","to":"Chaitnya_ab6a0fdc-0ba3-40b1-8936-ce1060e120ed","Audio":{"timestamp":1611072713657.858,"packetsReceived":5680,"packetsLost":0},"Type":"inbound-rtp","Video":{"timestamp":1611072713657.858,"packetsReceived":201,"packetsLost":0}},{"from":"ChinmaySahoo_eedc6722-1252-4ec7-86d5-54c965df35c5","to":"Chaitnya_ab6a0fdc-0ba3-40b1-8936-ce1060e120ed","Audio":{"timestamp":1611072713657.858,"packetsReceived":5680,"packetsLost":0},"Type":"inbound-rtp","Video":{"timestamp":1611072713657.858,"packetsReceived":201,"packetsLost":0}},{"from":"ChinmaySahoo_eedc6722-1252-4ec7-86d5-54c965df35c5","to":"Chaitnya_ab6a0fdc-0ba3-40b1-8936-ce1060e120ed","Audio":{"timestamp":1611072718657.837,"packetsReceived":5931,"packetsLost":0},"Type":"inbound-rtp","Video":{"timestamp":1611072718657.837,"packetsReceived":206,"packetsLost":0}},{"from":"ChinmaySahoo_eedc6722-1252-4ec7-86d5-54c965df35c5","to":"Chaitnya_ab6a0fdc-0ba3-40b1-8936-ce1060e120ed","Audio":{"timestamp":1611072718657.837,"packetsReceived":5931,"packetsLost":0},"Type":"inbound-rtp","Video":{"timestamp":1611072718657.837,"packetsReceived":206,"packetsLost":0}},{"from":"ChinmaySahoo_eedc6722-1252-4ec7-86d5-54c965df35c5","to":"Chaitnya_ab6a0fdc-0ba3-40b1-8936-ce1060e120ed","Audio":{"timestamp":1611072723657.836,"packetsReceived":6180,"packetsLost":0},"Type":"inbound-rtp","Video":{"timestamp":1611072723657.836,"packetsReceived":210,"packetsLost":0}},{"from":"ChinmaySahoo_eedc6722-1252-4ec7-86d5-54c965df35c5","to":"Chaitnya_ab6a0fdc-0ba3-40b1-8936-ce1060e120ed","Audio":{"timestamp":1611072723657.836,"packetsReceived":6180,"packetsLost":0},"Type":"inbound-rtp","Video":{"timestamp":1611072723657.836,"packetsReceived":210,"packetsLost":0}},{"from":"ChinmaySahoo_eedc6722-1252-4ec7-86d5-54c965df35c5","to":"Chaitnya_ab6a0fdc-0ba3-40b1-8936-ce1060e120ed","Audio":{"timestamp":1611072728657.816,"packetsReceived":6430,"packetsLost":0},"Type":"inbound-rtp","Video":{"timestamp":1611072728657.816,"packetsReceived":231,"packetsLost":0}},{"from":"ChinmaySahoo_eedc6722-1252-4ec7-86d5-54c965df35c5","to":"Chaitnya_ab6a0fdc-0ba3-40b1-8936-ce1060e120ed","Audio":{"timestamp":1611072728657.816,"packetsReceived":6430,"packetsLost":0},"Type":"inbound-rtp","Video":{"timestamp":1611072728657.816,"packetsReceived":231,"packetsLost":0}},{"from":"ChinmaySahoo_eedc6722-1252-4ec7-86d5-54c965df35c5","to":"Chaitnya_ab6a0fdc-0ba3-40b1-8936-ce1060e120ed","Audio":{"timestamp":1611072733657.907,"packetsReceived":6681,"packetsLost":0},"Type":"inbound-rtp","Video":{"timestamp":1611072733657.907,"packetsReceived":285,"packetsLost":0}},{"from":"ChinmaySahoo_eedc6722-1252-4ec7-86d5-54c965df35c5","to":"Chaitnya_ab6a0fdc-0ba3-40b1-8936-ce1060e120ed","Audio":{"timestamp":1611072733657.907,"packetsReceived":6681,"packetsLost":0},"Type":"inbound-rtp","Video":{"timestamp":1611072733657.907,"packetsReceived":285,"packetsLost":0}},{"from":"ChinmaySahoo_eedc6722-1252-4ec7-86d5-54c965df35c5","to":"Chaitnya_ab6a0fdc-0ba3-40b1-8936-ce1060e120ed","Audio":{"timestamp":1611072738657.846,"packetsReceived":6931,"packetsLost":0},"Type":"inbound-rtp","Video":{"timestamp":1611072738657.846,"packetsReceived":330,"packetsLost":0}},{"from":"ChinmaySahoo_eedc6722-1252-4ec7-86d5-54c965df35c5","to":"Chaitnya_ab6a0fdc-0ba3-40b1-8936-ce1060e120ed","Audio":{"timestamp":1611072738657.846,"packetsReceived":6931,"packetsLost":0},"Type":"inbound-rtp","Video":{"timestamp":1611072738657.846,"packetsReceived":330,"packetsLost":0}},{"from":"ChinmaySahoo_eedc6722-1252-4ec7-86d5-54c965df35c5","to":"Chaitnya_ab6a0fdc-0ba3-40b1-8936-ce1060e120ed","Audio":{"timestamp":1611072743657.86,"packetsReceived":7181,"packetsLost":0},"Type":"inbound-rtp","Video":{"timestamp":1611072743657.86,"packetsReceived":334,"packetsLost":0}},{"from":"ChinmaySahoo_eedc6722-1252-4ec7-86d5-54c965df35c5","to":"Chaitnya_ab6a0fdc-0ba3-40b1-8936-ce1060e120ed","Audio":{"timestamp":1611072743657.86,"packetsReceived":7181,"packetsLost":0},"Type":"inbound-rtp","Video":{"timestamp":1611072743657.86,"packetsReceived":334,"packetsLost":0}},{"from":"ChinmaySahoo_eedc6722-1252-4ec7-86d5-54c965df35c5","to":"Chaitnya_ab6a0fdc-0ba3-40b1-8936-ce1060e120ed","Audio":{"timestamp":1611072748657.885,"packetsReceived":7430,"packetsLost":0},"Type":"inbound-rtp","Video":{"timestamp":1611072748657.885,"packetsReceived":339,"packetsLost":0}},{"from":"ChinmaySahoo_eedc6722-1252-4ec7-86d5-54c965df35c5","to":"Chaitnya_ab6a0fdc-0ba3-40b1-8936-ce1060e120ed","Audio":{"timestamp":1611072748657.885,"packetsReceived":7430,"packetsLost":0},"Type":"inbound-rtp","Video":{"timestamp":1611072748657.885,"packetsReceived":339,"packetsLost":0}},{"from":"ChinmaySahoo_eedc6722-1252-4ec7-86d5-54c965df35c5","to":"Chaitnya_ab6a0fdc-0ba3-40b1-8936-ce1060e120ed","Audio":{"timestamp":1611072753657.849,"packetsReceived":7680,"packetsLost":0},"Type":"inbound-rtp","Video":{"timestamp":1611072753657.849,"packetsReceived":344,"packetsLost":0}},{"from":"ChinmaySahoo_eedc6722-1252-4ec7-86d5-54c965df35c5","to":"Chaitnya_ab6a0fdc-0ba3-40b1-8936-ce1060e120ed","Audio":{"timestamp":1611072753657.849,"packetsReceived":7680,"packetsLost":0},"Type":"inbound-rtp","Video":{"timestamp":1611072753657.849,"packetsReceived":344,"packetsLost":0}},{"from":"ChinmaySahoo_eedc6722-1252-4ec7-86d5-54c965df35c5","to":"Chaitnya_ab6a0fdc-0ba3-40b1-8936-ce1060e120ed","Audio":{"timestamp":1611072758657.877,"packetsReceived":7931,"packetsLost":0},"Type":"inbound-rtp","Video":{"timestamp":1611072758657.877,"packetsReceived":348,"packetsLost":0}},{"from":"ChinmaySahoo_eedc6722-1252-4ec7-86d5-54c965df35c5","to":"Chaitnya_ab6a0fdc-0ba3-40b1-8936-ce1060e120ed","Audio":{"timestamp":1611072758657.877,"packetsReceived":7931,"packetsLost":0},"Type":"inbound-rtp","Video":{"timestamp":1611072758657.877,"packetsReceived":348,"packetsLost":0}},{"from":"ChinmaySahoo_eedc6722-1252-4ec7-86d5-54c965df35c5","to":"Chaitnya_ab6a0fdc-0ba3-40b1-8936-ce1060e120ed","Audio":{"timestamp":1611072763657.85,"packetsReceived":8180,"packetsLost":0},"Type":"inbound-rtp","Video":{"timestamp":1611072763657.85,"packetsReceived":353,"packetsLost":0}},{"from":"ChinmaySahoo_eedc6722-1252-4ec7-86d5-54c965df35c5","to":"Chaitnya_ab6a0fdc-0ba3-40b1-8936-ce1060e120ed","Audio":{"timestamp":1611072763657.85,"packetsReceived":8180,"packetsLost":0},"Type":"inbound-rtp","Video":{"timestamp":1611072763657.85,"packetsReceived":353,"packetsLost":0}},{"from":"ChinmaySahoo_eedc6722-1252-4ec7-86d5-54c965df35c5","to":"Chaitnya_ab6a0fdc-0ba3-40b1-8936-ce1060e120ed","Audio":{"timestamp":1611072768657.907,"packetsReceived":8430,"packetsLost":0},"Type":"inbound-rtp","Video":{"timestamp":1611072768657.907,"packetsReceived":358,"packetsLost":0}},{"from":"ChinmaySahoo_eedc6722-1252-4ec7-86d5-54c965df35c5","to":"Chaitnya_ab6a0fdc-0ba3-40b1-8936-ce1060e120ed","Audio":{"timestamp":1611072768657.907,"packetsReceived":8430,"packetsLost":0},"Type":"inbound-rtp","Video":{"timestamp":1611072768657.907,"packetsReceived":358,"packetsLost":0}},{"from":"ChinmaySahoo_eedc6722-1252-4ec7-86d5-54c965df35c5","to":"Chaitnya_ab6a0fdc-0ba3-40b1-8936-ce1060e120ed","Audio":{"timestamp":1611072773657.905,"packetsReceived":8680,"packetsLost":0},"Type":"inbound-rtp","Video":{"timestamp":1611072773657.905,"packetsReceived":362,"packetsLost":0}},{"from":"ChinmaySahoo_eedc6722-1252-4ec7-86d5-54c965df35c5","to":"Chaitnya_ab6a0fdc-0ba3-40b1-8936-ce1060e120ed","Audio":{"timestamp":1611072773657.905,"packetsReceived":8680,"packetsLost":0},"Type":"inbound-rtp","Video":{"timestamp":1611072773657.905,"packetsReceived":362,"packetsLost":0}},{"from":"ChinmaySahoo_eedc6722-1252-4ec7-86d5-54c965df35c5","to":"Chaitnya_ab6a0fdc-0ba3-40b1-8936-ce1060e120ed","Audio":{"timestamp":1611072778657.832,"packetsReceived":8930,"packetsLost":0},"Type":"inbound-rtp","Video":{"timestamp":1611072778657.832,"packetsReceived":367,"packetsLost":0}},{"from":"ChinmaySahoo_eedc6722-1252-4ec7-86d5-54c965df35c5","to":"Chaitnya_ab6a0fdc-0ba3-40b1-8936-ce1060e120ed","Audio":{"timestamp":1611072778657.832,"packetsReceived":8930,"packetsLost":0},"Type":"inbound-rtp","Video":{"timestamp":1611072778657.832,"packetsReceived":367,"packetsLost":0}},{"from":"ChinmaySahoo_eedc6722-1252-4ec7-86d5-54c965df35c5","to":"Chaitnya_ab6a0fdc-0ba3-40b1-8936-ce1060e120ed","Audio":{"timestamp":1611072783657.836,"packetsReceived":9180,"packetsLost":0},"Type":"inbound-rtp","Video":{"timestamp":1611072783657.836,"packetsReceived":372,"packetsLost":0}},{"from":"ChinmaySahoo_eedc6722-1252-4ec7-86d5-54c965df35c5","to":"Chaitnya_ab6a0fdc-0ba3-40b1-8936-ce1060e120ed","Audio":{"timestamp":1611072783657.836,"packetsReceived":9180,"packetsLost":0},"Type":"inbound-rtp","Video":{"timestamp":1611072783657.836,"packetsReceived":372,"packetsLost":0}},{"from":"ChinmaySahoo_eedc6722-1252-4ec7-86d5-54c965df35c5","to":"Chaitnya_ab6a0fdc-0ba3-40b1-8936-ce1060e120ed","Audio":{"timestamp":1611072788657.801,"packetsReceived":9430,"packetsLost":0},"Type":"inbound-rtp","Video":{"timestamp":1611072788657.801,"packetsReceived":376,"packetsLost":0}},{"from":"ChinmaySahoo_eedc6722-1252-4ec7-86d5-54c965df35c5","to":"Chaitnya_ab6a0fdc-0ba3-40b1-8936-ce1060e120ed","Audio":{"timestamp":1611072788657.801,"packetsReceived":9430,"packetsLost":0},"Type":"inbound-rtp","Video":{"timestamp":1611072788657.801,"packetsReceived":376,"packetsLost":0}},{"from":"ChinmaySahoo_eedc6722-1252-4ec7-86d5-54c965df35c5","to":"Chaitnya_ab6a0fdc-0ba3-40b1-8936-ce1060e120ed","Audio":{"timestamp":1611072793657.866,"packetsReceived":9680,"packetsLost":0},"Type":"inbound-rtp","Video":{"timestamp":1611072793657.866,"packetsReceived":381,"packetsLost":0}},{"from":"ChinmaySahoo_eedc6722-1252-4ec7-86d5-54c965df35c5","to":"Chaitnya_ab6a0fdc-0ba3-40b1-8936-ce1060e120ed","Audio":{"timestamp":1611072793657.866,"packetsReceived":9680,"packetsLost":0},"Type":"inbound-rtp","Video":{"timestamp":1611072793657.866,"packetsReceived":381,"packetsLost":0}},{"from":"ChinmaySahoo_eedc6722-1252-4ec7-86d5-54c965df35c5","to":"Chaitnya_ab6a0fdc-0ba3-40b1-8936-ce1060e120ed","Audio":{"timestamp":1611072798657.788,"packetsReceived":9930,"packetsLost":0},"Type":"inbound-rtp","Video":{"timestamp":1611072798657.788,"packetsReceived":473,"packetsLost":0}},{"from":"ChinmaySahoo_eedc6722-1252-4ec7-86d5-54c965df35c5","to":"Chaitnya_ab6a0fdc-0ba3-40b1-8936-ce1060e120ed","Audio":{"timestamp":1611072798657.788,"packetsReceived":9930,"packetsLost":0},"Type":"inbound-rtp","Video":{"timestamp":1611072798657.788,"packetsReceived":473,"packetsLost":0}},{"from":"ChinmaySahoo_eedc6722-1252-4ec7-86d5-54c965df35c5","to":"Chaitnya_ab6a0fdc-0ba3-40b1-8936-ce1060e120ed","Audio":{"timestamp":1611072803658.138,"packetsReceived":10180,"packetsLost":0},"Type":"inbound-rtp","Video":{"timestamp":1611072803658.138,"packetsReceived":509,"packetsLost":0}},{"from":"ChinmaySahoo_eedc6722-1252-4ec7-86d5-54c965df35c5","to":"Chaitnya_ab6a0fdc-0ba3-40b1-8936-ce1060e120ed","Audio":{"timestamp":1611072803658.138,"packetsReceived":10180,"packetsLost":0},"Type":"inbound-rtp","Video":{"timestamp":1611072803658.138,"packetsReceived":509,"packetsLost":0}},{"from":"ChinmaySahoo_eedc6722-1252-4ec7-86d5-54c965df35c5","to":"Chaitnya_ab6a0fdc-0ba3-40b1-8936-ce1060e120ed","Audio":{"timestamp":1611072808657.934,"packetsReceived":10430,"packetsLost":0},"Type":"inbound-rtp","Video":{"timestamp":1611072808657.934,"packetsReceived":524,"packetsLost":0}},{"from":"ChinmaySahoo_eedc6722-1252-4ec7-86d5-54c965df35c5","to":"Chaitnya_ab6a0fdc-0ba3-40b1-8936-ce1060e120ed","Audio":{"timestamp":1611072808657.934,"packetsReceived":10430,"packetsLost":0},"Type":"inbound-rtp","Video":{"timestamp":1611072808657.934,"packetsReceived":524,"packetsLost":0}},{"from":"ChinmaySahoo_eedc6722-1252-4ec7-86d5-54c965df35c5","to":"Chaitnya_ab6a0fdc-0ba3-40b1-8936-ce1060e120ed","Audio":{"timestamp":1611072813658.097,"packetsReceived":10680,"packetsLost":0},"Type":"inbound-rtp","Video":{"timestamp":1611072813658.097,"packetsReceived":539,"packetsLost":0}},{"from":"ChinmaySahoo_eedc6722-1252-4ec7-86d5-54c965df35c5","to":"Chaitnya_ab6a0fdc-0ba3-40b1-8936-ce1060e120ed","Audio":{"timestamp":1611072813658.097,"packetsReceived":10680,"packetsLost":0},"Type":"inbound-rtp","Video":{"timestamp":1611072813658.097,"packetsReceived":539,"packetsLost":0}},{"from":"ChinmaySahoo_eedc6722-1252-4ec7-86d5-54c965df35c5","to":"Chaitnya_ab6a0fdc-0ba3-40b1-8936-ce1060e120ed","Audio":{"timestamp":1611072818657.845,"packetsReceived":10930,"packetsLost":0},"Type":"inbound-rtp","Video":{"timestamp":1611072818657.845,"packetsReceived":551,"packetsLost":0}},{"from":"ChinmaySahoo_eedc6722-1252-4ec7-86d5-54c965df35c5","to":"Chaitnya_ab6a0fdc-0ba3-40b1-8936-ce1060e120ed","Audio":{"timestamp":1611072818657.845,"packetsReceived":10930,"packetsLost":0},"Type":"inbound-rtp","Video":{"timestamp":1611072818657.845,"packetsReceived":551,"packetsLost":0}},{"from":"ChinmaySahoo_eedc6722-1252-4ec7-86d5-54c965df35c5","to":"Chaitnya_ab6a0fdc-0ba3-40b1-8936-ce1060e120ed","Audio":{"timestamp":1611072823657.868,"packetsReceived":11180,"packetsLost":0},"Type":"inbound-rtp","Video":{"timestamp":1611072823657.868,"packetsReceived":566,"packetsLost":0}},{"from":"ChinmaySahoo_eedc6722-1252-4ec7-86d5-54c965df35c5","to":"Chaitnya_ab6a0fdc-0ba3-40b1-8936-ce1060e120ed","Audio":{"timestamp":1611072823657.868,"packetsReceived":11180,"packetsLost":0},"Type":"inbound-rtp","Video":{"timestamp":1611072823657.868,"packetsReceived":566,"packetsLost":0}},{"from":"ChinmaySahoo_eedc6722-1252-4ec7-86d5-54c965df35c5","to":"Chaitnya_ab6a0fdc-0ba3-40b1-8936-ce1060e120ed","Audio":{"timestamp":1611072828657.974,"packetsReceived":11430,"packetsLost":0},"Type":"inbound-rtp","Video":{"timestamp":1611072828657.974,"packetsReceived":581,"packetsLost":0}},{"from":"ChinmaySahoo_eedc6722-1252-4ec7-86d5-54c965df35c5","to":"Chaitnya_ab6a0fdc-0ba3-40b1-8936-ce1060e120ed","Audio":{"timestamp":1611072828657.974,"packetsReceived":11430,"packetsLost":0},"Type":"inbound-rtp","Video":{"timestamp":1611072828657.974,"packetsReceived":581,"packetsLost":0}},{"from":"ChinmaySahoo_eedc6722-1252-4ec7-86d5-54c965df35c5","to":"Chaitnya_ab6a0fdc-0ba3-40b1-8936-ce1060e120ed","Audio":{"timestamp":1611072833657.803,"packetsReceived":11680,"packetsLost":0},"Type":"inbound-rtp","Video":{"timestamp":1611072833657.803,"packetsReceived":593,"packetsLost":0}},{"from":"ChinmaySahoo_eedc6722-1252-4ec7-86d5-54c965df35c5","to":"Chaitnya_ab6a0fdc-0ba3-40b1-8936-ce1060e120ed","Audio":{"timestamp":1611072833657.803,"packetsReceived":11680,"packetsLost":0},"Type":"inbound-rtp","Video":{"timestamp":1611072833657.803,"packetsReceived":593,"packetsLost":0}},{"from":"ChinmaySahoo_eedc6722-1252-4ec7-86d5-54c965df35c5","to":"Chaitnya_ab6a0fdc-0ba3-40b1-8936-ce1060e120ed","Audio":{"timestamp":1611072838657.867,"packetsReceived":11930,"packetsLost":0},"Type":"inbound-rtp","Video":{"timestamp":1611072838657.867,"packetsReceived":608,"packetsLost":0}},{"from":"ChinmaySahoo_eedc6722-1252-4ec7-86d5-54c965df35c5","to":"Chaitnya_ab6a0fdc-0ba3-40b1-8936-ce1060e120ed","Audio":{"timestamp":1611072838657.867,"packetsReceived":11930,"packetsLost":0},"Type":"inbound-rtp","Video":{"timestamp":1611072838657.867,"packetsReceived":608,"packetsLost":0}},{"from":"ChinmaySahoo_eedc6722-1252-4ec7-86d5-54c965df35c5","to":"Chaitnya_ab6a0fdc-0ba3-40b1-8936-ce1060e120ed","Audio":{"timestamp":1611072843657.885,"packetsReceived":12180,"packetsLost":0},"Type":"inbound-rtp","Video":{"timestamp":1611072843657.885,"packetsReceived":623,"packetsLost":0}},{"from":"ChinmaySahoo_eedc6722-1252-4ec7-86d5-54c965df35c5","to":"Chaitnya_ab6a0fdc-0ba3-40b1-8936-ce1060e120ed","Audio":{"timestamp":1611072843657.885,"packetsReceived":12180,"packetsLost":0},"Type":"inbound-rtp","Video":{"timestamp":1611072843657.885,"packetsReceived":623,"packetsLost":0}},{"from":"ChinmaySahoo_eedc6722-1252-4ec7-86d5-54c965df35c5","to":"Chaitnya_ab6a0fdc-0ba3-40b1-8936-ce1060e120ed","Audio":{"timestamp":1611072848657.822,"packetsReceived":12430,"packetsLost":0},"Type":"inbound-rtp","Video":{"timestamp":1611072848657.822,"packetsReceived":637,"packetsLost":0}},{"from":"ChinmaySahoo_eedc6722-1252-4ec7-86d5-54c965df35c5","to":"Chaitnya_ab6a0fdc-0ba3-40b1-8936-ce1060e120ed","Audio":{"timestamp":1611072848657.822,"packetsReceived":12430,"packetsLost":0},"Type":"inbound-rtp","Video":{"timestamp":1611072848657.822,"packetsReceived":637,"packetsLost":0}},{"from":"ChinmaySahoo_eedc6722-1252-4ec7-86d5-54c965df35c5","to":"Chaitnya_ab6a0fdc-0ba3-40b1-8936-ce1060e120ed","Audio":{"timestamp":1611072853657.903,"packetsReceived":12680,"packetsLost":0},"Type":"inbound-rtp","Video":{"timestamp":1611072853657.903,"packetsReceived":652,"packetsLost":0}},{"from":"ChinmaySahoo_eedc6722-1252-4ec7-86d5-54c965df35c5","to":"Chaitnya_ab6a0fdc-0ba3-40b1-8936-ce1060e120ed","Audio":{"timestamp":1611072853657.903,"packetsReceived":12680,"packetsLost":0},"Type":"inbound-rtp","Video":{"timestamp":1611072853657.903,"packetsReceived":652,"packetsLost":0}},{"from":"ChinmaySahoo_eedc6722-1252-4ec7-86d5-54c965df35c5","to":"Chaitnya_ab6a0fdc-0ba3-40b1-8936-ce1060e120ed","Audio":{"timestamp":1611072858657.883,"packetsReceived":12930,"packetsLost":0},"Type":"inbound-rtp","Video":{"timestamp":1611072858657.883,"packetsReceived":667,"packetsLost":0}},{"from":"ChinmaySahoo_eedc6722-1252-4ec7-86d5-54c965df35c5","to":"Chaitnya_ab6a0fdc-0ba3-40b1-8936-ce1060e120ed","Audio":{"timestamp":1611072858657.883,"packetsReceived":12930,"packetsLost":0},"Type":"inbound-rtp","Video":{"timestamp":1611072858657.883,"packetsReceived":667,"packetsLost":0}},{"from":"ChinmaySahoo_eedc6722-1252-4ec7-86d5-54c965df35c5","to":"Chaitnya_ab6a0fdc-0ba3-40b1-8936-ce1060e120ed","Audio":{"timestamp":1611072863657.826,"packetsReceived":13181,"packetsLost":0},"Type":"inbound-rtp","Video":{"timestamp":1611072863657.826,"packetsReceived":798,"packetsLost":0}},{"from":"ChinmaySahoo_eedc6722-1252-4ec7-86d5-54c965df35c5","to":"Chaitnya_ab6a0fdc-0ba3-40b1-8936-ce1060e120ed","Audio":{"timestamp":1611072863657.826,"packetsReceived":13181,"packetsLost":0},"Type":"inbound-rtp","Video":{"timestamp":1611072863657.826,"packetsReceived":798,"packetsLost":0}},{"from":"ChinmaySahoo_eedc6722-1252-4ec7-86d5-54c965df35c5","to":"Chaitnya_ab6a0fdc-0ba3-40b1-8936-ce1060e120ed","Audio":{"timestamp":1611072868658.421,"packetsReceived":13430,"packetsLost":0},"Type":"inbound-rtp","Video":{"timestamp":1611072868658.421,"packetsReceived":891,"packetsLost":0}},{"from":"ChinmaySahoo_eedc6722-1252-4ec7-86d5-54c965df35c5","to":"Chaitnya_ab6a0fdc-0ba3-40b1-8936-ce1060e120ed","Audio":{"timestamp":1611072868658.421,"packetsReceived":13430,"packetsLost":0},"Type":"inbound-rtp","Video":{"timestamp":1611072868658.421,"packetsReceived":891,"packetsLost":0}},{"from":"ChinmaySahoo_eedc6722-1252-4ec7-86d5-54c965df35c5","to":"Chaitnya_ab6a0fdc-0ba3-40b1-8936-ce1060e120ed","Audio":{"timestamp":1611072873657.868,"packetsReceived":13680,"packetsLost":0},"Type":"inbound-rtp","Video":{"timestamp":1611072873657.868,"packetsReceived":969,"packetsLost":0}},{"from":"ChinmaySahoo_eedc6722-1252-4ec7-86d5-54c965df35c5","to":"Chaitnya_ab6a0fdc-0ba3-40b1-8936-ce1060e120ed","Audio":{"timestamp":1611072873657.868,"packetsReceived":13680,"packetsLost":0},"Type":"inbound-rtp","Video":{"timestamp":1611072873657.868,"packetsReceived":969,"packetsLost":0}},{"from":"ChinmaySahoo_eedc6722-1252-4ec7-86d5-54c965df35c5","to":"Chaitnya_ab6a0fdc-0ba3-40b1-8936-ce1060e120ed","Audio":{"timestamp":1611072878657.856,"packetsReceived":13930,"packetsLost":0},"Type":"inbound-rtp","Video":{"timestamp":1611072878657.856,"packetsReceived":984,"packetsLost":0}},{"from":"ChinmaySahoo_eedc6722-1252-4ec7-86d5-54c965df35c5","to":"Chaitnya_ab6a0fdc-0ba3-40b1-8936-ce1060e120ed","Audio":{"timestamp":1611072878657.856,"packetsReceived":13930,"packetsLost":0},"Type":"inbound-rtp","Video":{"timestamp":1611072878657.856,"packetsReceived":984,"packetsLost":0}},{"from":"ChinmaySahoo_eedc6722-1252-4ec7-86d5-54c965df35c5","to":"Chaitnya_ab6a0fdc-0ba3-40b1-8936-ce1060e120ed","Audio":{"timestamp":1611072883657.888,"packetsReceived":14180,"packetsLost":0},"Type":"inbound-rtp","Video":{"timestamp":1611072883657.888,"packetsReceived":996,"packetsLost":0}},{"from":"ChinmaySahoo_eedc6722-1252-4ec7-86d5-54c965df35c5","to":"Chaitnya_ab6a0fdc-0ba3-40b1-8936-ce1060e120ed","Audio":{"timestamp":1611072883657.888,"packetsReceived":14180,"packetsLost":0},"Type":"inbound-rtp","Video":{"timestamp":1611072883657.888,"packetsReceived":996,"packetsLost":0}},{"from":"ChinmaySahoo_eedc6722-1252-4ec7-86d5-54c965df35c5","to":"Chaitnya_ab6a0fdc-0ba3-40b1-8936-ce1060e120ed","Audio":{"timestamp":1611072888657.869,"packetsReceived":14430,"packetsLost":0},"Type":"inbound-rtp","Video":{"timestamp":1611072888657.869,"packetsReceived":1011,"packetsLost":0}},{"from":"ChinmaySahoo_eedc6722-1252-4ec7-86d5-54c965df35c5","to":"Chaitnya_ab6a0fdc-0ba3-40b1-8936-ce1060e120ed","Audio":{"timestamp":1611072888657.869,"packetsReceived":14430,"packetsLost":0},"Type":"inbound-rtp","Video":{"timestamp":1611072888657.869,"packetsReceived":1011,"packetsLost":0}},{"from":"ChinmaySahoo_eedc6722-1252-4ec7-86d5-54c965df35c5","to":"Chaitnya_ab6a0fdc-0ba3-40b1-8936-ce1060e120ed","Audio":{"timestamp":1611072893658.011,"packetsReceived":14680,"packetsLost":0},"Type":"inbound-rtp","Video":{"timestamp":1611072893658.011,"packetsReceived":1025,"packetsLost":0}},{"from":"ChinmaySahoo_eedc6722-1252-4ec7-86d5-54c965df35c5","to":"Chaitnya_ab6a0fdc-0ba3-40b1-8936-ce1060e120ed","Audio":{"timestamp":1611072893658.011,"packetsReceived":14680,"packetsLost":0},"Type":"inbound-rtp","Video":{"timestamp":1611072893658.011,"packetsReceived":1025,"packetsLost":0}},{"from":"ChinmaySahoo_eedc6722-1252-4ec7-86d5-54c965df35c5","to":"Chaitnya_ab6a0fdc-0ba3-40b1-8936-ce1060e120ed","Audio":{"timestamp":1611072898657.9,"packetsReceived":14930,"packetsLost":0},"Type":"inbound-rtp","Video":{"timestamp":1611072898657.9,"packetsReceived":1037,"packetsLost":0}},{"from":"ChinmaySahoo_eedc6722-1252-4ec7-86d5-54c965df35c5","to":"Chaitnya_ab6a0fdc-0ba3-40b1-8936-ce1060e120ed","Audio":{"timestamp":1611072898657.9,"packetsReceived":14930,"packetsLost":0},"Type":"inbound-rtp","Video":{"timestamp":1611072898657.9,"packetsReceived":1037,"packetsLost":0}},{"from":"ChinmaySahoo_eedc6722-1252-4ec7-86d5-54c965df35c5","to":"Chaitnya_ab6a0fdc-0ba3-40b1-8936-ce1060e120ed","Audio":{"timestamp":1611072903657.891,"packetsReceived":15180,"packetsLost":0},"Type":"inbound-rtp","Video":{"timestamp":1611072903657.891,"packetsReceived":1052,"packetsLost":0}},{"from":"ChinmaySahoo_eedc6722-1252-4ec7-86d5-54c965df35c5","to":"Chaitnya_ab6a0fdc-0ba3-40b1-8936-ce1060e120ed","Audio":{"timestamp":1611072903657.891,"packetsReceived":15180,"packetsLost":0},"Type":"inbound-rtp","Video":{"timestamp":1611072903657.891,"packetsReceived":1052,"packetsLost":0}},{"from":"ChinmaySahoo_eedc6722-1252-4ec7-86d5-54c965df35c5","to":"Chaitnya_ab6a0fdc-0ba3-40b1-8936-ce1060e120ed","Audio":{"timestamp":1611072908657.922,"packetsReceived":15431,"packetsLost":0},"Type":"inbound-rtp","Video":{"timestamp":1611072908657.922,"packetsReceived":1067,"packetsLost":0}},{"from":"ChinmaySahoo_eedc6722-1252-4ec7-86d5-54c965df35c5","to":"Chaitnya_ab6a0fdc-0ba3-40b1-8936-ce1060e120ed","Audio":{"timestamp":1611072908657.922,"packetsReceived":15431,"packetsLost":0},"Type":"inbound-rtp","Video":{"timestamp":1611072908657.922,"packetsReceived":1067,"packetsLost":0}},{"from":"ChinmaySahoo_eedc6722-1252-4ec7-86d5-54c965df35c5","to":"Chaitnya_ab6a0fdc-0ba3-40b1-8936-ce1060e120ed","Audio":{"timestamp":1611072913657.865,"packetsReceived":15680,"packetsLost":0},"Type":"inbound-rtp","Video":{"timestamp":1611072913657.865,"packetsReceived":1078,"packetsLost":0}},{"from":"ChinmaySahoo_eedc6722-1252-4ec7-86d5-54c965df35c5","to":"Chaitnya_ab6a0fdc-0ba3-40b1-8936-ce1060e120ed","Audio":{"timestamp":1611072913657.865,"packetsReceived":15680,"packetsLost":0},"Type":"inbound-rtp","Video":{"timestamp":1611072913657.865,"packetsReceived":1078,"packetsLost":0}},{"from":"ChinmaySahoo_eedc6722-1252-4ec7-86d5-54c965df35c5","to":"Chaitnya_ab6a0fdc-0ba3-40b1-8936-ce1060e120ed","Audio":{"timestamp":1611072918657.848,"packetsReceived":15930,"packetsLost":0},"Type":"inbound-rtp","Video":{"timestamp":1611072918657.848,"packetsReceived":1093,"packetsLost":0}},{"from":"ChinmaySahoo_eedc6722-1252-4ec7-86d5-54c965df35c5","to":"Chaitnya_ab6a0fdc-0ba3-40b1-8936-ce1060e120ed","Audio":{"timestamp":1611072918657.848,"packetsReceived":15930,"packetsLost":0},"Type":"inbound-rtp","Video":{"timestamp":1611072918657.848,"packetsReceived":1093,"packetsLost":0}},{"from":"ChinmaySahoo_eedc6722-1252-4ec7-86d5-54c965df35c5","to":"Chaitnya_ab6a0fdc-0ba3-40b1-8936-ce1060e120ed","Audio":{"timestamp":1611072923657.838,"packetsReceived":16180,"packetsLost":0},"Type":"inbound-rtp","Video":{"timestamp":1611072923657.838,"packetsReceived":1108,"packetsLost":0}},{"from":"ChinmaySahoo_eedc6722-1252-4ec7-86d5-54c965df35c5","to":"Chaitnya_ab6a0fdc-0ba3-40b1-8936-ce1060e120ed","Audio":{"timestamp":1611072923657.838,"packetsReceived":16180,"packetsLost":0},"Type":"inbound-rtp","Video":{"timestamp":1611072923657.838,"packetsReceived":1108,"packetsLost":0}},{"from":"ChinmaySahoo_eedc6722-1252-4ec7-86d5-54c965df35c5","to":"Chaitnya_ab6a0fdc-0ba3-40b1-8936-ce1060e120ed","Audio":{"timestamp":1611072928657.914,"packetsReceived":16430,"packetsLost":0},"Type":"inbound-rtp","Video":{"timestamp":1611072928657.914,"packetsReceived":1120,"packetsLost":0}},{"from":"ChinmaySahoo_eedc6722-1252-4ec7-86d5-54c965df35c5","to":"Chaitnya_ab6a0fdc-0ba3-40b1-8936-ce1060e120ed","Audio":{"timestamp":1611072928657.914,"packetsReceived":16430,"packetsLost":0},"Type":"inbound-rtp","Video":{"timestamp":1611072928657.914,"packetsReceived":1120,"packetsLost":0}},{"from":"ChinmaySahoo_eedc6722-1252-4ec7-86d5-54c965df35c5","to":"Chaitnya_ab6a0fdc-0ba3-40b1-8936-ce1060e120ed","Audio":{"timestamp":1611072933658.131,"packetsReceived":16680,"packetsLost":0},"Type":"inbound-rtp","Video":{"timestamp":1611072933658.131,"packetsReceived":1132,"packetsLost":0}},{"from":"ChinmaySahoo_eedc6722-1252-4ec7-86d5-54c965df35c5","to":"Chaitnya_ab6a0fdc-0ba3-40b1-8936-ce1060e120ed","Audio":{"timestamp":1611072933658.131,"packetsReceived":16680,"packetsLost":0},"Type":"inbound-rtp","Video":{"timestamp":1611072933658.131,"packetsReceived":1132,"packetsLost":0}},{"from":"ChinmaySahoo_eedc6722-1252-4ec7-86d5-54c965df35c5","to":"Chaitnya_ab6a0fdc-0ba3-40b1-8936-ce1060e120ed","Audio":{"timestamp":1611072938657.83,"packetsReceived":16930,"packetsLost":0},"Type":"inbound-rtp","Video":{"timestamp":1611072938657.83,"packetsReceived":1147,"packetsLost":0}},{"from":"ChinmaySahoo_eedc6722-1252-4ec7-86d5-54c965df35c5","to":"Chaitnya_ab6a0fdc-0ba3-40b1-8936-ce1060e120ed","Audio":{"timestamp":1611072938657.83,"packetsReceived":16930,"packetsLost":0},"Type":"inbound-rtp","Video":{"timestamp":1611072938657.83,"packetsReceived":1147,"packetsLost":0}},{"from":"ChinmaySahoo_eedc6722-1252-4ec7-86d5-54c965df35c5","to":"Chaitnya_ab6a0fdc-0ba3-40b1-8936-ce1060e120ed","Audio":{"timestamp":1611072943657.872,"packetsReceived":17180,"packetsLost":0},"Type":"inbound-rtp","Video":{"timestamp":1611072943657.872,"packetsReceived":1159,"packetsLost":0}},{"from":"ChinmaySahoo_eedc6722-1252-4ec7-86d5-54c965df35c5","to":"Chaitnya_ab6a0fdc-0ba3-40b1-8936-ce1060e120ed","Audio":{"timestamp":1611072943657.872,"packetsReceived":17180,"packetsLost":0},"Type":"inbound-rtp","Video":{"timestamp":1611072943657.872,"packetsReceived":1159,"packetsLost":0}},{"from":"ChinmaySahoo_eedc6722-1252-4ec7-86d5-54c965df35c5","to":"Chaitnya_ab6a0fdc-0ba3-40b1-8936-ce1060e120ed","Audio":{"timestamp":1611072948657.853,"packetsReceived":17430,"packetsLost":0},"Type":"inbound-rtp","Video":{"timestamp":1611072948657.853,"packetsReceived":1174,"packetsLost":0}},{"from":"ChinmaySahoo_eedc6722-1252-4ec7-86d5-54c965df35c5","to":"Chaitnya_ab6a0fdc-0ba3-40b1-8936-ce1060e120ed","Audio":{"timestamp":1611072948657.853,"packetsReceived":17430,"packetsLost":0},"Type":"inbound-rtp","Video":{"timestamp":1611072948657.853,"packetsReceived":1174,"packetsLost":0}},{"from":"ChinmaySahoo_eedc6722-1252-4ec7-86d5-54c965df35c5","to":"Chaitnya_ab6a0fdc-0ba3-40b1-8936-ce1060e120ed","Audio":{"timestamp":1611072953657.851,"packetsReceived":17680,"packetsLost":0},"Type":"inbound-rtp","Video":{"timestamp":1611072953657.851,"packetsReceived":1187,"packetsLost":0}},{"from":"ChinmaySahoo_eedc6722-1252-4ec7-86d5-54c965df35c5","to":"Chaitnya_ab6a0fdc-0ba3-40b1-8936-ce1060e120ed","Audio":{"timestamp":1611072953657.851,"packetsReceived":17680,"packetsLost":0},"Type":"inbound-rtp","Video":{"timestamp":1611072953657.851,"packetsReceived":1187,"packetsLost":0}},{"from":"ChinmaySahoo_eedc6722-1252-4ec7-86d5-54c965df35c5","to":"Chaitnya_ab6a0fdc-0ba3-40b1-8936-ce1060e120ed","Audio":{"timestamp":1611072958657.841,"packetsReceived":17930,"packetsLost":0},"Type":"inbound-rtp","Video":{"timestamp":1611072958657.841,"packetsReceived":1196,"packetsLost":0}},{"from":"ChinmaySahoo_eedc6722-1252-4ec7-86d5-54c965df35c5","to":"Chaitnya_ab6a0fdc-0ba3-40b1-8936-ce1060e120ed","Audio":{"timestamp":1611072958657.841,"packetsReceived":17930,"packetsLost":0},"Type":"inbound-rtp","Video":{"timestamp":1611072958657.841,"packetsReceived":1196,"packetsLost":0}},{"from":"ChinmaySahoo_eedc6722-1252-4ec7-86d5-54c965df35c5","to":"Chaitnya_ab6a0fdc-0ba3-40b1-8936-ce1060e120ed","Audio":{"timestamp":1611072963657.893,"packetsReceived":18180,"packetsLost":0},"Type":"inbound-rtp","Video":{"timestamp":1611072963657.893,"packetsReceived":1209,"packetsLost":0}},{"from":"ChinmaySahoo_eedc6722-1252-4ec7-86d5-54c965df35c5","to":"Chaitnya_ab6a0fdc-0ba3-40b1-8936-ce1060e120ed","Audio":{"timestamp":1611072963657.893,"packetsReceived":18180,"packetsLost":0},"Type":"inbound-rtp","Video":{"timestamp":1611072963657.893,"packetsReceived":1209,"packetsLost":0}},{"from":"ChinmaySahoo_eedc6722-1252-4ec7-86d5-54c965df35c5","to":"Chaitnya_ab6a0fdc-0ba3-40b1-8936-ce1060e120ed","Audio":{"timestamp":1611072968657.846,"packetsReceived":18430,"packetsLost":0},"Type":"inbound-rtp","Video":{"timestamp":1611072968657.846,"packetsReceived":1224,"packetsLost":0}},{"from":"ChinmaySahoo_eedc6722-1252-4ec7-86d5-54c965df35c5","to":"Chaitnya_ab6a0fdc-0ba3-40b1-8936-ce1060e120ed","Audio":{"timestamp":1611072968657.846,"packetsReceived":18430,"packetsLost":0},"Type":"inbound-rtp","Video":{"timestamp":1611072968657.846,"packetsReceived":1224,"packetsLost":0}},{"from":"ChinmaySahoo_eedc6722-1252-4ec7-86d5-54c965df35c5","to":"Chaitnya_ab6a0fdc-0ba3-40b1-8936-ce1060e120ed","Audio":{"timestamp":1611072973657.789,"packetsReceived":18680,"packetsLost":0},"Type":"inbound-rtp","Video":{"timestamp":1611072973657.789,"packetsReceived":1234,"packetsLost":0}},{"from":"ChinmaySahoo_eedc6722-1252-4ec7-86d5-54c965df35c5","to":"Chaitnya_ab6a0fdc-0ba3-40b1-8936-ce1060e120ed","Audio":{"timestamp":1611072973657.789,"packetsReceived":18680,"packetsLost":0},"Type":"inbound-rtp","Video":{"timestamp":1611072973657.789,"packetsReceived":1234,"packetsLost":0}},{"from":"ChinmaySahoo_eedc6722-1252-4ec7-86d5-54c965df35c5","to":"Chaitnya_ab6a0fdc-0ba3-40b1-8936-ce1060e120ed","Audio":{"timestamp":1611072978657.863,"packetsReceived":18930,"packetsLost":0},"Type":"inbound-rtp","Video":{"timestamp":1611072978657.863,"packetsReceived":1245,"packetsLost":0}},{"from":"ChinmaySahoo_eedc6722-1252-4ec7-86d5-54c965df35c5","to":"Chaitnya_ab6a0fdc-0ba3-40b1-8936-ce1060e120ed","Audio":{"timestamp":1611072978657.863,"packetsReceived":18930,"packetsLost":0},"Type":"inbound-rtp","Video":{"timestamp":1611072978657.863,"packetsReceived":1245,"packetsLost":0}},{"from":"ChinmaySahoo_eedc6722-1252-4ec7-86d5-54c965df35c5","to":"Chaitnya_ab6a0fdc-0ba3-40b1-8936-ce1060e120ed","Audio":{"timestamp":1611072983657.867,"packetsReceived":19181,"packetsLost":0},"Type":"inbound-rtp","Video":{"timestamp":1611072983657.867,"packetsReceived":1259,"packetsLost":0}},{"from":"ChinmaySahoo_eedc6722-1252-4ec7-86d5-54c965df35c5","to":"Chaitnya_ab6a0fdc-0ba3-40b1-8936-ce1060e120ed","Audio":{"timestamp":1611072983657.867,"packetsReceived":19181,"packetsLost":0},"Type":"inbound-rtp","Video":{"timestamp":1611072983657.867,"packetsReceived":1259,"packetsLost":0}},{"from":"ChinmaySahoo_eedc6722-1252-4ec7-86d5-54c965df35c5","to":"Chaitnya_ab6a0fdc-0ba3-40b1-8936-ce1060e120ed","Audio":{"timestamp":1611072988657.853,"packetsReceived":19430,"packetsLost":0},"Type":"inbound-rtp","Video":{"timestamp":1611072988657.853,"packetsReceived":1271,"packetsLost":0}},{"from":"ChinmaySahoo_eedc6722-1252-4ec7-86d5-54c965df35c5","to":"Chaitnya_ab6a0fdc-0ba3-40b1-8936-ce1060e120ed","Audio":{"timestamp":1611072988657.853,"packetsReceived":19430,"packetsLost":0},"Type":"inbound-rtp","Video":{"timestamp":1611072988657.853,"packetsReceived":1271,"packetsLost":0}},{"from":"ChinmaySahoo_eedc6722-1252-4ec7-86d5-54c965df35c5","to":"Chaitnya_ab6a0fdc-0ba3-40b1-8936-ce1060e120ed","Audio":{"timestamp":1611072993657.857,"packetsReceived":19680,"packetsLost":0},"Type":"inbound-rtp","Video":{"timestamp":1611072993657.857,"packetsReceived":1284,"packetsLost":0}},{"from":"ChinmaySahoo_eedc6722-1252-4ec7-86d5-54c965df35c5","to":"Chaitnya_ab6a0fdc-0ba3-40b1-8936-ce1060e120ed","Audio":{"timestamp":1611072993657.857,"packetsReceived":19680,"packetsLost":0},"Type":"inbound-rtp","Video":{"timestamp":1611072993657.857,"packetsReceived":1284,"packetsLost":0}},{"from":"ChinmaySahoo_eedc6722-1252-4ec7-86d5-54c965df35c5","to":"Chaitnya_ab6a0fdc-0ba3-40b1-8936-ce1060e120ed","Audio":{"timestamp":1611072998657.865,"packetsReceived":19930,"packetsLost":0},"Type":"inbound-rtp","Video":{"timestamp":1611072998657.865,"packetsReceived":1294,"packetsLost":0}},{"from":"ChinmaySahoo_eedc6722-1252-4ec7-86d5-54c965df35c5","to":"Chaitnya_ab6a0fdc-0ba3-40b1-8936-ce1060e120ed","Audio":{"timestamp":1611072998657.865,"packetsReceived":19930,"packetsLost":0},"Type":"inbound-rtp","Video":{"timestamp":1611072998657.865,"packetsReceived":1294,"packetsLost":0}},{"from":"ChinmaySahoo_eedc6722-1252-4ec7-86d5-54c965df35c5","to":"Chaitnya_ab6a0fdc-0ba3-40b1-8936-ce1060e120ed","Audio":{"timestamp":1611073003657.782,"packetsReceived":20180,"packetsLost":0},"Type":"inbound-rtp","Video":{"timestamp":1611073003657.782,"packetsReceived":1307,"packetsLost":0}},{"from":"ChinmaySahoo_eedc6722-1252-4ec7-86d5-54c965df35c5","to":"Chaitnya_ab6a0fdc-0ba3-40b1-8936-ce1060e120ed","Audio":{"timestamp":1611073003657.782,"packetsReceived":20180,"packetsLost":0},"Type":"inbound-rtp","Video":{"timestamp":1611073003657.782,"packetsReceived":1307,"packetsLost":0}},{"from":"ChinmaySahoo_eedc6722-1252-4ec7-86d5-54c965df35c5","to":"Chaitnya_ab6a0fdc-0ba3-40b1-8936-ce1060e120ed","Audio":{"timestamp":1611073008657.86,"packetsReceived":20430,"packetsLost":0},"Type":"inbound-rtp","Video":{"timestamp":1611073008657.86,"packetsReceived":1318,"packetsLost":0}},{"from":"ChinmaySahoo_eedc6722-1252-4ec7-86d5-54c965df35c5","to":"Chaitnya_ab6a0fdc-0ba3-40b1-8936-ce1060e120ed","Audio":{"timestamp":1611073008657.86,"packetsReceived":20430,"packetsLost":0},"Type":"inbound-rtp","Video":{"timestamp":1611073008657.86,"packetsReceived":1318,"packetsLost":0}},{"from":"ChinmaySahoo_eedc6722-1252-4ec7-86d5-54c965df35c5","to":"Chaitnya_ab6a0fdc-0ba3-40b1-8936-ce1060e120ed","Audio":{"timestamp":1611073013657.862,"packetsReceived":20680,"packetsLost":0},"Type":"inbound-rtp","Video":{"timestamp":1611073013657.862,"packetsReceived":1332,"packetsLost":0}},{"from":"ChinmaySahoo_eedc6722-1252-4ec7-86d5-54c965df35c5","to":"Chaitnya_ab6a0fdc-0ba3-40b1-8936-ce1060e120ed","Audio":{"timestamp":1611073013657.862,"packetsReceived":20680,"packetsLost":0},"Type":"inbound-rtp","Video":{"timestamp":1611073013657.862,"packetsReceived":1332,"packetsLost":0}},{"from":"ChinmaySahoo_eedc6722-1252-4ec7-86d5-54c965df35c5","to":"Chaitnya_ab6a0fdc-0ba3-40b1-8936-ce1060e120ed","Audio":{"timestamp":1611073018657.881,"packetsReceived":20930,"packetsLost":0},"Type":"inbound-rtp","Video":{"timestamp":1611073018657.881,"packetsReceived":1342,"packetsLost":0}},{"from":"ChinmaySahoo_eedc6722-1252-4ec7-86d5-54c965df35c5","to":"Chaitnya_ab6a0fdc-0ba3-40b1-8936-ce1060e120ed","Audio":{"timestamp":1611073018657.881,"packetsReceived":20930,"packetsLost":0},"Type":"inbound-rtp","Video":{"timestamp":1611073018657.881,"packetsReceived":1342,"packetsLost":0}},{"from":"ChinmaySahoo_eedc6722-1252-4ec7-86d5-54c965df35c5","to":"Chaitnya_ab6a0fdc-0ba3-40b1-8936-ce1060e120ed","Audio":{"timestamp":1611073023658.003,"packetsReceived":21180,"packetsLost":0},"Type":"inbound-rtp","Video":{"timestamp":1611073023658.003,"packetsReceived":1351,"packetsLost":0}},{"from":"ChinmaySahoo_eedc6722-1252-4ec7-86d5-54c965df35c5","to":"Chaitnya_ab6a0fdc-0ba3-40b1-8936-ce1060e120ed","Audio":{"timestamp":1611073023658.003,"packetsReceived":21180,"packetsLost":0},"Type":"inbound-rtp","Video":{"timestamp":1611073023658.003,"packetsReceived":1351,"packetsLost":0}},{"from":"ChinmaySahoo_eedc6722-1252-4ec7-86d5-54c965df35c5","to":"Chaitnya_ab6a0fdc-0ba3-40b1-8936-ce1060e120ed","Audio":{"timestamp":1611073028657.989,"packetsReceived":21431,"packetsLost":0},"Type":"inbound-rtp","Video":{"timestamp":1611073028657.989,"packetsReceived":1365,"packetsLost":0}},{"from":"ChinmaySahoo_eedc6722-1252-4ec7-86d5-54c965df35c5","to":"Chaitnya_ab6a0fdc-0ba3-40b1-8936-ce1060e120ed","Audio":{"timestamp":1611073028657.989,"packetsReceived":21431,"packetsLost":0},"Type":"inbound-rtp","Video":{"timestamp":1611073028657.989,"packetsReceived":1365,"packetsLost":0}},{"from":"ChinmaySahoo_eedc6722-1252-4ec7-86d5-54c965df35c5","to":"Chaitnya_ab6a0fdc-0ba3-40b1-8936-ce1060e120ed","Audio":{"timestamp":1611073033657.94,"packetsReceived":21680,"packetsLost":0},"Type":"inbound-rtp","Video":{"timestamp":1611073033657.94,"packetsReceived":1379,"packetsLost":0}},{"from":"ChinmaySahoo_eedc6722-1252-4ec7-86d5-54c965df35c5","to":"Chaitnya_ab6a0fdc-0ba3-40b1-8936-ce1060e120ed","Audio":{"timestamp":1611073033657.94,"packetsReceived":21680,"packetsLost":0},"Type":"inbound-rtp","Video":{"timestamp":1611073033657.94,"packetsReceived":1379,"packetsLost":0}},{"from":"ChinmaySahoo_eedc6722-1252-4ec7-86d5-54c965df35c5","to":"Chaitnya_ab6a0fdc-0ba3-40b1-8936-ce1060e120ed","Audio":{"timestamp":1611073038657.891,"packetsReceived":21930,"packetsLost":0},"Type":"inbound-rtp","Video":{"timestamp":1611073038657.891,"packetsReceived":1387,"packetsLost":0}},{"from":"ChinmaySahoo_eedc6722-1252-4ec7-86d5-54c965df35c5","to":"Chaitnya_ab6a0fdc-0ba3-40b1-8936-ce1060e120ed","Audio":{"timestamp":1611073038657.891,"packetsReceived":21930,"packetsLost":0},"Type":"inbound-rtp","Video":{"timestamp":1611073038657.891,"packetsReceived":1387,"packetsLost":0}},{"from":"ChinmaySahoo_eedc6722-1252-4ec7-86d5-54c965df35c5","to":"Chaitnya_ab6a0fdc-0ba3-40b1-8936-ce1060e120ed","Audio":{"timestamp":1611073043657.843,"packetsReceived":22180,"packetsLost":0},"Type":"inbound-rtp","Video":{"timestamp":1611073043657.843,"packetsReceived":1397,"packetsLost":0}},{"from":"ChinmaySahoo_eedc6722-1252-4ec7-86d5-54c965df35c5","to":"Chaitnya_ab6a0fdc-0ba3-40b1-8936-ce1060e120ed","Audio":{"timestamp":1611073043657.843,"packetsReceived":22180,"packetsLost":0},"Type":"inbound-rtp","Video":{"timestamp":1611073043657.843,"packetsReceived":1397,"packetsLost":0}},{"from":"ChinmaySahoo_eedc6722-1252-4ec7-86d5-54c965df35c5","to":"Chaitnya_ab6a0fdc-0ba3-40b1-8936-ce1060e120ed","Audio":{"timestamp":1611073048657.884,"packetsReceived":22430,"packetsLost":0},"Type":"inbound-rtp","Video":{"timestamp":1611073048657.884,"packetsReceived":1407,"packetsLost":0}},{"from":"ChinmaySahoo_eedc6722-1252-4ec7-86d5-54c965df35c5","to":"Chaitnya_ab6a0fdc-0ba3-40b1-8936-ce1060e120ed","Audio":{"timestamp":1611073048657.884,"packetsReceived":22430,"packetsLost":0},"Type":"inbound-rtp","Video":{"timestamp":1611073048657.884,"packetsReceived":1407,"packetsLost":0}},{"from":"ChinmaySahoo_eedc6722-1252-4ec7-86d5-54c965df35c5","to":"Chaitnya_ab6a0fdc-0ba3-40b1-8936-ce1060e120ed","Audio":{"timestamp":1611073053657.836,"packetsReceived":22680,"packetsLost":0},"Type":"inbound-rtp","Video":{"timestamp":1611073053657.836,"packetsReceived":1418,"packetsLost":0}},{"from":"ChinmaySahoo_eedc6722-1252-4ec7-86d5-54c965df35c5","to":"Chaitnya_ab6a0fdc-0ba3-40b1-8936-ce1060e120ed","Audio":{"timestamp":1611073053657.836,"packetsReceived":22680,"packetsLost":0},"Type":"inbound-rtp","Video":{"timestamp":1611073053657.836,"packetsReceived":1418,"packetsLost":0}},{"from":"ChinmaySahoo_eedc6722-1252-4ec7-86d5-54c965df35c5","to":"Chaitnya_ab6a0fdc-0ba3-40b1-8936-ce1060e120ed","Audio":{"timestamp":1611073058657.852,"packetsReceived":22930,"packetsLost":0},"Type":"inbound-rtp","Video":{"timestamp":1611073058657.852,"packetsReceived":1430,"packetsLost":0}},{"from":"ChinmaySahoo_eedc6722-1252-4ec7-86d5-54c965df35c5","to":"Chaitnya_ab6a0fdc-0ba3-40b1-8936-ce1060e120ed","Audio":{"timestamp":1611073058657.852,"packetsReceived":22930,"packetsLost":0},"Type":"inbound-rtp","Video":{"timestamp":1611073058657.852,"packetsReceived":1430,"packetsLost":0}},{"from":"ChinmaySahoo_eedc6722-1252-4ec7-86d5-54c965df35c5","to":"Chaitnya_ab6a0fdc-0ba3-40b1-8936-ce1060e120ed","Audio":{"timestamp":1611073063658.113,"packetsReceived":23180,"packetsLost":0},"Type":"inbound-rtp","Video":{"timestamp":1611073063658.113,"packetsReceived":1440,"packetsLost":0}},{"from":"ChinmaySahoo_eedc6722-1252-4ec7-86d5-54c965df35c5","to":"Chaitnya_ab6a0fdc-0ba3-40b1-8936-ce1060e120ed","Audio":{"timestamp":1611073063658.113,"packetsReceived":23180,"packetsLost":0},"Type":"inbound-rtp","Video":{"timestamp":1611073063658.113,"packetsReceived":1440,"packetsLost":0}},{"from":"ChinmaySahoo_eedc6722-1252-4ec7-86d5-54c965df35c5","to":"Chaitnya_ab6a0fdc-0ba3-40b1-8936-ce1060e120ed","Audio":{"timestamp":1611073068657.887,"packetsReceived":23430,"packetsLost":0},"Type":"inbound-rtp","Video":{"timestamp":1611073068657.887,"packetsReceived":1451,"packetsLost":0}},{"from":"ChinmaySahoo_eedc6722-1252-4ec7-86d5-54c965df35c5","to":"Chaitnya_ab6a0fdc-0ba3-40b1-8936-ce1060e120ed","Audio":{"timestamp":1611073068657.887,"packetsReceived":23430,"packetsLost":0},"Type":"inbound-rtp","Video":{"timestamp":1611073068657.887,"packetsReceived":1451,"packetsLost":0}},{"from":"ChinmaySahoo_eedc6722-1252-4ec7-86d5-54c965df35c5","to":"Chaitnya_ab6a0fdc-0ba3-40b1-8936-ce1060e120ed","Audio":{"timestamp":1611073073657.845,"packetsReceived":23680,"packetsLost":0},"Type":"inbound-rtp","Video":{"timestamp":1611073073657.845,"packetsReceived":1466,"packetsLost":0}},{"from":"ChinmaySahoo_eedc6722-1252-4ec7-86d5-54c965df35c5","to":"Chaitnya_ab6a0fdc-0ba3-40b1-8936-ce1060e120ed","Audio":{"timestamp":1611073073657.845,"packetsReceived":23680,"packetsLost":0},"Type":"inbound-rtp","Video":{"timestamp":1611073073657.845,"packetsReceived":1466,"packetsLost":0}},{"from":"ChinmaySahoo_eedc6722-1252-4ec7-86d5-54c965df35c5","to":"Chaitnya_ab6a0fdc-0ba3-40b1-8936-ce1060e120ed","Audio":{"timestamp":1611073078657.794,"packetsReceived":23930,"packetsLost":0},"Type":"inbound-rtp","Video":{"timestamp":1611073078657.794,"packetsReceived":1479,"packetsLost":0}},{"from":"ChinmaySahoo_eedc6722-1252-4ec7-86d5-54c965df35c5","to":"Chaitnya_ab6a0fdc-0ba3-40b1-8936-ce1060e120ed","Audio":{"timestamp":1611073078657.794,"packetsReceived":23930,"packetsLost":0},"Type":"inbound-rtp","Video":{"timestamp":1611073078657.794,"packetsReceived":1479,"packetsLost":0}},{"from":"ChinmaySahoo_eedc6722-1252-4ec7-86d5-54c965df35c5","to":"Chaitnya_ab6a0fdc-0ba3-40b1-8936-ce1060e120ed","Audio":{"timestamp":1611073083658.236,"packetsReceived":24180,"packetsLost":0},"Type":"inbound-rtp","Video":{"timestamp":1611073083658.236,"packetsReceived":1487,"packetsLost":0}},{"from":"ChinmaySahoo_eedc6722-1252-4ec7-86d5-54c965df35c5","to":"Chaitnya_ab6a0fdc-0ba3-40b1-8936-ce1060e120ed","Audio":{"timestamp":1611073083658.236,"packetsReceived":24180,"packetsLost":0},"Type":"inbound-rtp","Video":{"timestamp":1611073083658.236,"packetsReceived":1487,"packetsLost":0}},{"from":"ChinmaySahoo_eedc6722-1252-4ec7-86d5-54c965df35c5","to":"Chaitnya_ab6a0fdc-0ba3-40b1-8936-ce1060e120ed","Audio":{"timestamp":1611073088657.889,"packetsReceived":24430,"packetsLost":0},"Type":"inbound-rtp","Video":{"timestamp":1611073088657.889,"packetsReceived":1498,"packetsLost":0}},{"from":"ChinmaySahoo_eedc6722-1252-4ec7-86d5-54c965df35c5","to":"Chaitnya_ab6a0fdc-0ba3-40b1-8936-ce1060e120ed","Audio":{"timestamp":1611073088657.889,"packetsReceived":24430,"packetsLost":0},"Type":"inbound-rtp","Video":{"timestamp":1611073088657.889,"packetsReceived":1498,"packetsLost":0}},{"from":"ChinmaySahoo_eedc6722-1252-4ec7-86d5-54c965df35c5","to":"Chaitnya_ab6a0fdc-0ba3-40b1-8936-ce1060e120ed","Audio":{"timestamp":1611073093657.863,"packetsReceived":24680,"packetsLost":0},"Type":"inbound-rtp","Video":{"timestamp":1611073093657.863,"packetsReceived":1511,"packetsLost":0}},{"from":"ChinmaySahoo_eedc6722-1252-4ec7-86d5-54c965df35c5","to":"Chaitnya_ab6a0fdc-0ba3-40b1-8936-ce1060e120ed","Audio":{"timestamp":1611073093657.863,"packetsReceived":24680,"packetsLost":0},"Type":"inbound-rtp","Video":{"timestamp":1611073093657.863,"packetsReceived":1511,"packetsLost":0}},{"from":"ChinmaySahoo_eedc6722-1252-4ec7-86d5-54c965df35c5","to":"Chaitnya_ab6a0fdc-0ba3-40b1-8936-ce1060e120ed","Audio":{"timestamp":1611073098657.878,"packetsReceived":24930,"packetsLost":0},"Type":"inbound-rtp","Video":{"timestamp":1611073098657.878,"packetsReceived":1523,"packetsLost":0}},{"from":"ChinmaySahoo_eedc6722-1252-4ec7-86d5-54c965df35c5","to":"Chaitnya_ab6a0fdc-0ba3-40b1-8936-ce1060e120ed","Audio":{"timestamp":1611073098657.878,"packetsReceived":24930,"packetsLost":0},"Type":"inbound-rtp","Video":{"timestamp":1611073098657.878,"packetsReceived":1523,"packetsLost":0}},{"from":"ChinmaySahoo_eedc6722-1252-4ec7-86d5-54c965df35c5","to":"Chaitnya_ab6a0fdc-0ba3-40b1-8936-ce1060e120ed","Audio":{"timestamp":1611073103657.901,"packetsReceived":25180,"packetsLost":0},"Type":"inbound-rtp","Video":{"timestamp":1611073103657.901,"packetsReceived":1533,"packetsLost":0}},{"from":"ChinmaySahoo_eedc6722-1252-4ec7-86d5-54c965df35c5","to":"Chaitnya_ab6a0fdc-0ba3-40b1-8936-ce1060e120ed","Audio":{"timestamp":1611073103657.901,"packetsReceived":25180,"packetsLost":0},"Type":"inbound-rtp","Video":{"timestamp":1611073103657.901,"packetsReceived":1533,"packetsLost":0}},{"from":"ChinmaySahoo_eedc6722-1252-4ec7-86d5-54c965df35c5","to":"Chaitnya_ab6a0fdc-0ba3-40b1-8936-ce1060e120ed","Audio":{"timestamp":1611073108657.808,"packetsReceived":25430,"packetsLost":0},"Type":"inbound-rtp","Video":{"timestamp":1611073108657.808,"packetsReceived":1544,"packetsLost":0}},{"from":"ChinmaySahoo_eedc6722-1252-4ec7-86d5-54c965df35c5","to":"Chaitnya_ab6a0fdc-0ba3-40b1-8936-ce1060e120ed","Audio":{"timestamp":1611073108657.808,"packetsReceived":25430,"packetsLost":0},"Type":"inbound-rtp","Video":{"timestamp":1611073108657.808,"packetsReceived":1544,"packetsLost":0}},{"from":"ChinmaySahoo_eedc6722-1252-4ec7-86d5-54c965df35c5","to":"Chaitnya_ab6a0fdc-0ba3-40b1-8936-ce1060e120ed","Audio":{"timestamp":1611073113657.816,"packetsReceived":25680,"packetsLost":0},"Type":"inbound-rtp","Video":{"timestamp":1611073113657.816,"packetsReceived":1556,"packetsLost":0}},{"from":"ChinmaySahoo_eedc6722-1252-4ec7-86d5-54c965df35c5","to":"Chaitnya_ab6a0fdc-0ba3-40b1-8936-ce1060e120ed","Audio":{"timestamp":1611073113657.816,"packetsReceived":25680,"packetsLost":0},"Type":"inbound-rtp","Video":{"timestamp":1611073113657.816,"packetsReceived":1556,"packetsLost":0}},{"from":"ChinmaySahoo_eedc6722-1252-4ec7-86d5-54c965df35c5","to":"Chaitnya_ab6a0fdc-0ba3-40b1-8936-ce1060e120ed","Audio":{"timestamp":1611073118657.989,"packetsReceived":25930,"packetsLost":0},"Type":"inbound-rtp","Video":{"timestamp":1611073118657.989,"packetsReceived":1571,"packetsLost":0}},{"from":"ChinmaySahoo_eedc6722-1252-4ec7-86d5-54c965df35c5","to":"Chaitnya_ab6a0fdc-0ba3-40b1-8936-ce1060e120ed","Audio":{"timestamp":1611073118657.989,"packetsReceived":25930,"packetsLost":0},"Type":"inbound-rtp","Video":{"timestamp":1611073118657.989,"packetsReceived":1571,"packetsLost":0}},{"from":"ChinmaySahoo_eedc6722-1252-4ec7-86d5-54c965df35c5","to":"Chaitnya_ab6a0fdc-0ba3-40b1-8936-ce1060e120ed","Audio":{"timestamp":1611073123657.879,"packetsReceived":26180,"packetsLost":0},"Type":"inbound-rtp","Video":{"timestamp":1611073123657.879,"packetsReceived":1582,"packetsLost":0}},{"from":"ChinmaySahoo_eedc6722-1252-4ec7-86d5-54c965df35c5","to":"Chaitnya_ab6a0fdc-0ba3-40b1-8936-ce1060e120ed","Audio":{"timestamp":1611073123657.879,"packetsReceived":26180,"packetsLost":0},"Type":"inbound-rtp","Video":{"timestamp":1611073123657.879,"packetsReceived":1582,"packetsLost":0}},{"from":"ChinmaySahoo_eedc6722-1252-4ec7-86d5-54c965df35c5","to":"Chaitnya_ab6a0fdc-0ba3-40b1-8936-ce1060e120ed","Audio":{"timestamp":1611073128657.766,"packetsReceived":26430,"packetsLost":0},"Type":"inbound-rtp","Video":{"timestamp":1611073128657.766,"packetsReceived":1590,"packetsLost":0}},{"from":"ChinmaySahoo_eedc6722-1252-4ec7-86d5-54c965df35c5","to":"Chaitnya_ab6a0fdc-0ba3-40b1-8936-ce1060e120ed","Audio":{"timestamp":1611073128657.766,"packetsReceived":26430,"packetsLost":0},"Type":"inbound-rtp","Video":{"timestamp":1611073128657.766,"packetsReceived":1590,"packetsLost":0}},{"from":"ChinmaySahoo_eedc6722-1252-4ec7-86d5-54c965df35c5","to":"Chaitnya_ab6a0fdc-0ba3-40b1-8936-ce1060e120ed","Audio":{"timestamp":1611073133657.805,"packetsReceived":26680,"packetsLost":0},"Type":"inbound-rtp","Video":{"timestamp":1611073133657.805,"packetsReceived":1602,"packetsLost":0}},{"from":"ChinmaySahoo_eedc6722-1252-4ec7-86d5-54c965df35c5","to":"Chaitnya_ab6a0fdc-0ba3-40b1-8936-ce1060e120ed","Audio":{"timestamp":1611073133657.805,"packetsReceived":26680,"packetsLost":0},"Type":"inbound-rtp","Video":{"timestamp":1611073133657.805,"packetsReceived":1602,"packetsLost":0}},{"from":"ChinmaySahoo_eedc6722-1252-4ec7-86d5-54c965df35c5","to":"Chaitnya_ab6a0fdc-0ba3-40b1-8936-ce1060e120ed","Audio":{"timestamp":1611073138657.856,"packetsReceived":26930,"packetsLost":0},"Type":"inbound-rtp","Video":{"timestamp":1611073138657.856,"packetsReceived":1615,"packetsLost":0}},{"from":"ChinmaySahoo_eedc6722-1252-4ec7-86d5-54c965df35c5","to":"Chaitnya_ab6a0fdc-0ba3-40b1-8936-ce1060e120ed","Audio":{"timestamp":1611073138657.856,"packetsReceived":26930,"packetsLost":0},"Type":"inbound-rtp","Video":{"timestamp":1611073138657.856,"packetsReceived":1615,"packetsLost":0}},{"from":"ChinmaySahoo_eedc6722-1252-4ec7-86d5-54c965df35c5","to":"Chaitnya_ab6a0fdc-0ba3-40b1-8936-ce1060e120ed","Audio":{"timestamp":1611073143657.828,"packetsReceived":27180,"packetsLost":0},"Type":"inbound-rtp","Video":{"timestamp":1611073143657.828,"packetsReceived":1658,"packetsLost":0}},{"from":"ChinmaySahoo_eedc6722-1252-4ec7-86d5-54c965df35c5","to":"Chaitnya_ab6a0fdc-0ba3-40b1-8936-ce1060e120ed","Audio":{"timestamp":1611073143657.828,"packetsReceived":27180,"packetsLost":0},"Type":"inbound-rtp","Video":{"timestamp":1611073143657.828,"packetsReceived":1658,"packetsLost":0}},{"from":"ChinmaySahoo_eedc6722-1252-4ec7-86d5-54c965df35c5","to":"Chaitnya_ab6a0fdc-0ba3-40b1-8936-ce1060e120ed","Audio":{"timestamp":1611073148657.848,"packetsReceived":27430,"packetsLost":0},"Type":"inbound-rtp","Video":{"timestamp":1611073148657.848,"packetsReceived":1762,"packetsLost":0}},{"from":"ChinmaySahoo_eedc6722-1252-4ec7-86d5-54c965df35c5","to":"Chaitnya_ab6a0fdc-0ba3-40b1-8936-ce1060e120ed","Audio":{"timestamp":1611073148657.848,"packetsReceived":27430,"packetsLost":0},"Type":"inbound-rtp","Video":{"timestamp":1611073148657.848,"packetsReceived":1762,"packetsLost":0}},{"from":"ChinmaySahoo_eedc6722-1252-4ec7-86d5-54c965df35c5","to":"Chaitnya_ab6a0fdc-0ba3-40b1-8936-ce1060e120ed","Audio":{"timestamp":1611073153657.867,"packetsReceived":27680,"packetsLost":0},"Type":"inbound-rtp","Video":{"timestamp":1611073153657.867,"packetsReceived":2104,"packetsLost":0}},{"from":"ChinmaySahoo_eedc6722-1252-4ec7-86d5-54c965df35c5","to":"Chaitnya_ab6a0fdc-0ba3-40b1-8936-ce1060e120ed","Audio":{"timestamp":1611073153657.867,"packetsReceived":27680,"packetsLost":0},"Type":"inbound-rtp","Video":{"timestamp":1611073153657.867,"packetsReceived":2104,"packetsLost":0}},{"from":"ChinmaySahoo_eedc6722-1252-4ec7-86d5-54c965df35c5","to":"Chaitnya_ab6a0fdc-0ba3-40b1-8936-ce1060e120ed","Audio":{"timestamp":1611073158657.884,"packetsReceived":27930,"packetsLost":0},"Type":"inbound-rtp","Video":{"timestamp":1611073158657.884,"packetsReceived":2314,"packetsLost":0}},{"from":"ChinmaySahoo_eedc6722-1252-4ec7-86d5-54c965df35c5","to":"Chaitnya_ab6a0fdc-0ba3-40b1-8936-ce1060e120ed","Audio":{"timestamp":1611073158657.884,"packetsReceived":27930,"packetsLost":0},"Type":"inbound-rtp","Video":{"timestamp":1611073158657.884,"packetsReceived":2314,"packetsLost":0}},{"from":"ChinmaySahoo_eedc6722-1252-4ec7-86d5-54c965df35c5","to":"Chaitnya_ab6a0fdc-0ba3-40b1-8936-ce1060e120ed","Audio":{"timestamp":1611073163657.869,"packetsReceived":28180,"packetsLost":0},"Type":"inbound-rtp","Video":{"timestamp":1611073163657.869,"packetsReceived":2459,"packetsLost":0}},{"from":"ChinmaySahoo_eedc6722-1252-4ec7-86d5-54c965df35c5","to":"Chaitnya_ab6a0fdc-0ba3-40b1-8936-ce1060e120ed","Audio":{"timestamp":1611073163657.869,"packetsReceived":28180,"packetsLost":0},"Type":"inbound-rtp","Video":{"timestamp":1611073163657.869,"packetsReceived":2459,"packetsLost":0}},{"from":"ChinmaySahoo_eedc6722-1252-4ec7-86d5-54c965df35c5","to":"Chaitnya_ab6a0fdc-0ba3-40b1-8936-ce1060e120ed","Audio":{"timestamp":1611073168657.836,"packetsReceived":28430,"packetsLost":0},"Type":"inbound-rtp","Video":{"timestamp":1611073168657.836,"packetsReceived":2605,"packetsLost":0}},{"from":"ChinmaySahoo_eedc6722-1252-4ec7-86d5-54c965df35c5","to":"Chaitnya_ab6a0fdc-0ba3-40b1-8936-ce1060e120ed","Audio":{"timestamp":1611073168657.836,"packetsReceived":28430,"packetsLost":0},"Type":"inbound-rtp","Video":{"timestamp":1611073168657.836,"packetsReceived":2605,"packetsLost":0}},{"from":"ChinmaySahoo_eedc6722-1252-4ec7-86d5-54c965df35c5","to":"Chaitnya_ab6a0fdc-0ba3-40b1-8936-ce1060e120ed","Audio":{"timestamp":1611073173657.831,"packetsReceived":28680,"packetsLost":0},"Type":"inbound-rtp","Video":{"timestamp":1611073173657.831,"packetsReceived":2795,"packetsLost":0}},{"from":"ChinmaySahoo_eedc6722-1252-4ec7-86d5-54c965df35c5","to":"Chaitnya_ab6a0fdc-0ba3-40b1-8936-ce1060e120ed","Audio":{"timestamp":1611073173657.831,"packetsReceived":28680,"packetsLost":0},"Type":"inbound-rtp","Video":{"timestamp":1611073173657.831,"packetsReceived":2795,"packetsLost":0}},{"from":"ChinmaySahoo_eedc6722-1252-4ec7-86d5-54c965df35c5","to":"Chaitnya_ab6a0fdc-0ba3-40b1-8936-ce1060e120ed","Audio":{"timestamp":1611073178657.82,"packetsReceived":28930,"packetsLost":0},"Type":"inbound-rtp","Video":{"timestamp":1611073178657.82,"packetsReceived":3059,"packetsLost":0}},{"from":"ChinmaySahoo_eedc6722-1252-4ec7-86d5-54c965df35c5","to":"Chaitnya_ab6a0fdc-0ba3-40b1-8936-ce1060e120ed","Audio":{"timestamp":1611073178657.82,"packetsReceived":28930,"packetsLost":0},"Type":"inbound-rtp","Video":{"timestamp":1611073178657.82,"packetsReceived":3059,"packetsLost":0}},{"from":"ChinmaySahoo_eedc6722-1252-4ec7-86d5-54c965df35c5","to":"Chaitnya_ab6a0fdc-0ba3-40b1-8936-ce1060e120ed","Audio":{"timestamp":1611073183657.845,"packetsReceived":29180,"packetsLost":0},"Type":"inbound-rtp","Video":{"timestamp":1611073183657.845,"packetsReceived":3322,"packetsLost":0}},{"from":"ChinmaySahoo_eedc6722-1252-4ec7-86d5-54c965df35c5","to":"Chaitnya_ab6a0fdc-0ba3-40b1-8936-ce1060e120ed","Audio":{"timestamp":1611073183657.845,"packetsReceived":29180,"packetsLost":0},"Type":"inbound-rtp","Video":{"timestamp":1611073183657.845,"packetsReceived":3322,"packetsLost":0}},{"from":"ChinmaySahoo_eedc6722-1252-4ec7-86d5-54c965df35c5","to":"Chaitnya_ab6a0fdc-0ba3-40b1-8936-ce1060e120ed","Audio":{"timestamp":1611073188658,"packetsReceived":29430,"packetsLost":0},"Type":"inbound-rtp","Video":{"timestamp":1611073188658,"packetsReceived":3757,"packetsLost":0}},{"from":"ChinmaySahoo_eedc6722-1252-4ec7-86d5-54c965df35c5","to":"Chaitnya_ab6a0fdc-0ba3-40b1-8936-ce1060e120ed","Audio":{"timestamp":1611073188658,"packetsReceived":29430,"packetsLost":0},"Type":"inbound-rtp","Video":{"timestamp":1611073188658,"packetsReceived":3757,"packetsLost":0}},{"from":"ChinmaySahoo_eedc6722-1252-4ec7-86d5-54c965df35c5","to":"Chaitnya_ab6a0fdc-0ba3-40b1-8936-ce1060e120ed","Audio":{"timestamp":1611073193657.891,"packetsReceived":29680,"packetsLost":0},"Type":"inbound-rtp","Video":{"timestamp":1611073193657.891,"packetsReceived":4156,"packetsLost":0}},{"from":"ChinmaySahoo_eedc6722-1252-4ec7-86d5-54c965df35c5","to":"Chaitnya_ab6a0fdc-0ba3-40b1-8936-ce1060e120ed","Audio":{"timestamp":1611073193657.891,"packetsReceived":29680,"packetsLost":0},"Type":"inbound-rtp","Video":{"timestamp":1611073193657.891,"packetsReceived":4156,"packetsLost":0}},{"from":"ChinmaySahoo_eedc6722-1252-4ec7-86d5-54c965df35c5","to":"Chaitnya_ab6a0fdc-0ba3-40b1-8936-ce1060e120ed","Audio":{"timestamp":1611073198657.761,"packetsReceived":29930,"packetsLost":0},"Type":"inbound-rtp","Video":{"timestamp":1611073198657.761,"packetsReceived":4709,"packetsLost":0}},{"from":"ChinmaySahoo_eedc6722-1252-4ec7-86d5-54c965df35c5","to":"Chaitnya_ab6a0fdc-0ba3-40b1-8936-ce1060e120ed","Audio":{"timestamp":1611073198657.761,"packetsReceived":29930,"packetsLost":0},"Type":"inbound-rtp","Video":{"timestamp":1611073198657.761,"packetsReceived":4709,"packetsLost":0}},{"from":"ChinmaySahoo_eedc6722-1252-4ec7-86d5-54c965df35c5","to":"Chaitnya_ab6a0fdc-0ba3-40b1-8936-ce1060e120ed","Audio":{"timestamp":1611073203657.866,"packetsReceived":30180,"packetsLost":0},"Type":"inbound-rtp","Video":{"timestamp":1611073203657.866,"packetsReceived":5089,"packetsLost":0}},{"from":"ChinmaySahoo_eedc6722-1252-4ec7-86d5-54c965df35c5","to":"Chaitnya_ab6a0fdc-0ba3-40b1-8936-ce1060e120ed","Audio":{"timestamp":1611073203657.866,"packetsReceived":30180,"packetsLost":0},"Type":"inbound-rtp","Video":{"timestamp":1611073203657.866,"packetsReceived":5089,"packetsLost":0}},{"from":"ChinmaySahoo_eedc6722-1252-4ec7-86d5-54c965df35c5","to":"Chaitnya_ab6a0fdc-0ba3-40b1-8936-ce1060e120ed","Audio":{"timestamp":1611073208657.829,"packetsReceived":30430,"packetsLost":0},"Type":"inbound-rtp","Video":{"timestamp":1611073208657.829,"packetsReceived":5558,"packetsLost":0}},{"from":"ChinmaySahoo_eedc6722-1252-4ec7-86d5-54c965df35c5","to":"Chaitnya_ab6a0fdc-0ba3-40b1-8936-ce1060e120ed","Audio":{"timestamp":1611073208657.829,"packetsReceived":30430,"packetsLost":0},"Type":"inbound-rtp","Video":{"timestamp":1611073208657.829,"packetsReceived":5558,"packetsLost":0}},{"from":"ChinmaySahoo_eedc6722-1252-4ec7-86d5-54c965df35c5","to":"Chaitnya_ab6a0fdc-0ba3-40b1-8936-ce1060e120ed","Audio":{"timestamp":1611073213657.842,"packetsReceived":30680,"packetsLost":0},"Type":"inbound-rtp","Video":{"timestamp":1611073213657.842,"packetsReceived":6211,"packetsLost":0}},{"from":"ChinmaySahoo_eedc6722-1252-4ec7-86d5-54c965df35c5","to":"Chaitnya_ab6a0fdc-0ba3-40b1-8936-ce1060e120ed","Audio":{"timestamp":1611073213657.842,"packetsReceived":30680,"packetsLost":0},"Type":"inbound-rtp","Video":{"timestamp":1611073213657.842,"packetsReceived":6211,"packetsLost":0}},{"from":"ChinmaySahoo_eedc6722-1252-4ec7-86d5-54c965df35c5","to":"Chaitnya_ab6a0fdc-0ba3-40b1-8936-ce1060e120ed","Audio":{"timestamp":1611073218657.839,"packetsReceived":30930,"packetsLost":0},"Type":"inbound-rtp","Video":{"timestamp":1611073218657.839,"packetsReceived":6873,"packetsLost":0}},{"from":"ChinmaySahoo_eedc6722-1252-4ec7-86d5-54c965df35c5","to":"Chaitnya_ab6a0fdc-0ba3-40b1-8936-ce1060e120ed","Audio":{"timestamp":1611073218657.839,"packetsReceived":30930,"packetsLost":0},"Type":"inbound-rtp","Video":{"timestamp":1611073218657.839,"packetsReceived":6873,"packetsLost":0}},{"from":"ChinmaySahoo_eedc6722-1252-4ec7-86d5-54c965df35c5","to":"Chaitnya_ab6a0fdc-0ba3-40b1-8936-ce1060e120ed","Audio":{"timestamp":1611073223657.837,"packetsReceived":31180,"packetsLost":0},"Type":"inbound-rtp","Video":{"timestamp":1611073223657.837,"packetsReceived":7768,"packetsLost":0}},{"from":"ChinmaySahoo_eedc6722-1252-4ec7-86d5-54c965df35c5","to":"Chaitnya_ab6a0fdc-0ba3-40b1-8936-ce1060e120ed","Audio":{"timestamp":1611073223657.837,"packetsReceived":31180,"packetsLost":0},"Type":"inbound-rtp","Video":{"timestamp":1611073223657.837,"packetsReceived":7768,"packetsLost":0}},{"from":"ChinmaySahoo_eedc6722-1252-4ec7-86d5-54c965df35c5","to":"Chaitnya_ab6a0fdc-0ba3-40b1-8936-ce1060e120ed","Audio":{"timestamp":1611073228657.926,"packetsReceived":31430,"packetsLost":0},"Type":"inbound-rtp","Video":{"timestamp":1611073228657.926,"packetsReceived":8451,"packetsLost":0}},{"from":"ChinmaySahoo_eedc6722-1252-4ec7-86d5-54c965df35c5","to":"Chaitnya_ab6a0fdc-0ba3-40b1-8936-ce1060e120ed","Audio":{"timestamp":1611073228657.926,"packetsReceived":31430,"packetsLost":0},"Type":"inbound-rtp","Video":{"timestamp":1611073228657.926,"packetsReceived":8451,"packetsLost":0}},{"from":"ChinmaySahoo_eedc6722-1252-4ec7-86d5-54c965df35c5","to":"Chaitnya_ab6a0fdc-0ba3-40b1-8936-ce1060e120ed","Audio":{"timestamp":1611073233657.836,"packetsReceived":31680,"packetsLost":0},"Type":"inbound-rtp","Video":{"timestamp":1611073233657.836,"packetsReceived":8826,"packetsLost":0}},{"from":"ChinmaySahoo_eedc6722-1252-4ec7-86d5-54c965df35c5","to":"Chaitnya_ab6a0fdc-0ba3-40b1-8936-ce1060e120ed","Audio":{"timestamp":1611073233657.836,"packetsReceived":31680,"packetsLost":0},"Type":"inbound-rtp","Video":{"timestamp":1611073233657.836,"packetsReceived":8826,"packetsLost":0}},{"from":"ChinmaySahoo_eedc6722-1252-4ec7-86d5-54c965df35c5","to":"Chaitnya_ab6a0fdc-0ba3-40b1-8936-ce1060e120ed","Audio":{"timestamp":1611073238657.864,"packetsReceived":31930,"packetsLost":0},"Type":"inbound-rtp","Video":{"timestamp":1611073238657.864,"packetsReceived":9254,"packetsLost":0}},{"from":"ChinmaySahoo_eedc6722-1252-4ec7-86d5-54c965df35c5","to":"Chaitnya_ab6a0fdc-0ba3-40b1-8936-ce1060e120ed","Audio":{"timestamp":1611073238657.864,"packetsReceived":31930,"packetsLost":0},"Type":"inbound-rtp","Video":{"timestamp":1611073238657.864,"packetsReceived":9254,"packetsLost":0}},{"from":"ChinmaySahoo_eedc6722-1252-4ec7-86d5-54c965df35c5","to":"Chaitnya_ab6a0fdc-0ba3-40b1-8936-ce1060e120ed","Audio":{"timestamp":1611073243657.879,"packetsReceived":32180,"packetsLost":0},"Type":"inbound-rtp","Video":{"timestamp":1611073243657.879,"packetsReceived":9409,"packetsLost":0}},{"from":"ChinmaySahoo_eedc6722-1252-4ec7-86d5-54c965df35c5","to":"Chaitnya_ab6a0fdc-0ba3-40b1-8936-ce1060e120ed","Audio":{"timestamp":1611073243657.879,"packetsReceived":32180,"packetsLost":0},"Type":"inbound-rtp","Video":{"timestamp":1611073243657.879,"packetsReceived":9409,"packetsLost":0}},{"from":"ChinmaySahoo_eedc6722-1252-4ec7-86d5-54c965df35c5","to":"Chaitnya_ab6a0fdc-0ba3-40b1-8936-ce1060e120ed","Audio":{"timestamp":1611073248657.893,"packetsReceived":32430,"packetsLost":0},"Type":"inbound-rtp","Video":{"timestamp":1611073248657.893,"packetsReceived":9564,"packetsLost":0}},{"from":"ChinmaySahoo_eedc6722-1252-4ec7-86d5-54c965df35c5","to":"Chaitnya_ab6a0fdc-0ba3-40b1-8936-ce1060e120ed","Audio":{"timestamp":1611073248657.893,"packetsReceived":32430,"packetsLost":0},"Type":"inbound-rtp","Video":{"timestamp":1611073248657.893,"packetsReceived":9564,"packetsLost":0}},{"from":"ChinmaySahoo_eedc6722-1252-4ec7-86d5-54c965df35c5","to":"Chaitnya_ab6a0fdc-0ba3-40b1-8936-ce1060e120ed","Audio":{"timestamp":1611073253658.005,"packetsReceived":32680,"packetsLost":0},"Type":"inbound-rtp","Video":{"timestamp":1611073253658.005,"packetsReceived":9756,"packetsLost":0}},{"from":"ChinmaySahoo_eedc6722-1252-4ec7-86d5-54c965df35c5","to":"Chaitnya_ab6a0fdc-0ba3-40b1-8936-ce1060e120ed","Audio":{"timestamp":1611073253658.005,"packetsReceived":32680,"packetsLost":0},"Type":"inbound-rtp","Video":{"timestamp":1611073253658.005,"packetsReceived":9756,"packetsLost":0}},{"from":"ChinmaySahoo_eedc6722-1252-4ec7-86d5-54c965df35c5","to":"Chaitnya_ab6a0fdc-0ba3-40b1-8936-ce1060e120ed","Audio":{"timestamp":1611073258658.089,"packetsReceived":32930,"packetsLost":0},"Type":"inbound-rtp","Video":{"timestamp":1611073258658.089,"packetsReceived":9960,"packetsLost":0}},{"from":"ChinmaySahoo_eedc6722-1252-4ec7-86d5-54c965df35c5","to":"Chaitnya_ab6a0fdc-0ba3-40b1-8936-ce1060e120ed","Audio":{"timestamp":1611073258658.089,"packetsReceived":32930,"packetsLost":0},"Type":"inbound-rtp","Video":{"timestamp":1611073258658.089,"packetsReceived":9960,"packetsLost":0}},{"from":"ChinmaySahoo_eedc6722-1252-4ec7-86d5-54c965df35c5","to":"Chaitnya_ab6a0fdc-0ba3-40b1-8936-ce1060e120ed","Audio":{"timestamp":1611073263657.86,"packetsReceived":33180,"packetsLost":0},"Type":"inbound-rtp","Video":{"timestamp":1611073263657.86,"packetsReceived":10159,"packetsLost":0}},{"from":"ChinmaySahoo_eedc6722-1252-4ec7-86d5-54c965df35c5","to":"Chaitnya_ab6a0fdc-0ba3-40b1-8936-ce1060e120ed","Audio":{"timestamp":1611073263657.86,"packetsReceived":33180,"packetsLost":0},"Type":"inbound-rtp","Video":{"timestamp":1611073263657.86,"packetsReceived":10159,"packetsLost":0}},{"from":"ChinmaySahoo_eedc6722-1252-4ec7-86d5-54c965df35c5","to":"Chaitnya_ab6a0fdc-0ba3-40b1-8936-ce1060e120ed","Audio":{"timestamp":1611073268657.979,"packetsReceived":33430,"packetsLost":0},"Type":"inbound-rtp","Video":{"timestamp":1611073268657.979,"packetsReceived":10474,"packetsLost":0}},{"from":"ChinmaySahoo_eedc6722-1252-4ec7-86d5-54c965df35c5","to":"Chaitnya_ab6a0fdc-0ba3-40b1-8936-ce1060e120ed","Audio":{"timestamp":1611073268657.979,"packetsReceived":33430,"packetsLost":0},"Type":"inbound-rtp","Video":{"timestamp":1611073268657.979,"packetsReceived":10474,"packetsLost":0}},{"from":"ChinmaySahoo_eedc6722-1252-4ec7-86d5-54c965df35c5","to":"Chaitnya_ab6a0fdc-0ba3-40b1-8936-ce1060e120ed","Audio":{"timestamp":1611073273657.843,"packetsReceived":33680,"packetsLost":0},"Type":"inbound-rtp","Video":{"timestamp":1611073273657.843,"packetsReceived":10868,"packetsLost":0}},{"from":"ChinmaySahoo_eedc6722-1252-4ec7-86d5-54c965df35c5","to":"Chaitnya_ab6a0fdc-0ba3-40b1-8936-ce1060e120ed","Audio":{"timestamp":1611073273657.843,"packetsReceived":33680,"packetsLost":0},"Type":"inbound-rtp","Video":{"timestamp":1611073273657.843,"packetsReceived":10868,"packetsLost":0}},{"from":"ChinmaySahoo_eedc6722-1252-4ec7-86d5-54c965df35c5","to":"Chaitnya_ab6a0fdc-0ba3-40b1-8936-ce1060e120ed","Audio":{"timestamp":1611073278657.957,"packetsReceived":33930,"packetsLost":0},"Type":"inbound-rtp","Video":{"timestamp":1611073278657.957,"packetsReceived":11319,"packetsLost":0}},{"from":"ChinmaySahoo_eedc6722-1252-4ec7-86d5-54c965df35c5","to":"Chaitnya_ab6a0fdc-0ba3-40b1-8936-ce1060e120ed","Audio":{"timestamp":1611073278657.957,"packetsReceived":33930,"packetsLost":0},"Type":"inbound-rtp","Video":{"timestamp":1611073278657.957,"packetsReceived":11319,"packetsLost":0}},{"from":"ChinmaySahoo_eedc6722-1252-4ec7-86d5-54c965df35c5","to":"Chaitnya_ab6a0fdc-0ba3-40b1-8936-ce1060e120ed","Audio":{"timestamp":1611073283657.83,"packetsReceived":34180,"packetsLost":0},"Type":"inbound-rtp","Video":{"timestamp":1611073283657.83,"packetsReceived":11685,"packetsLost":0}},{"from":"ChinmaySahoo_eedc6722-1252-4ec7-86d5-54c965df35c5","to":"Chaitnya_ab6a0fdc-0ba3-40b1-8936-ce1060e120ed","Audio":{"timestamp":1611073283657.83,"packetsReceived":34180,"packetsLost":0},"Type":"inbound-rtp","Video":{"timestamp":1611073283657.83,"packetsReceived":11685,"packetsLost":0}},{"from":"ChinmaySahoo_eedc6722-1252-4ec7-86d5-54c965df35c5","to":"Chaitnya_ab6a0fdc-0ba3-40b1-8936-ce1060e120ed","Audio":{"timestamp":1611073288657.865,"packetsReceived":34430,"packetsLost":0},"Type":"inbound-rtp","Video":{"timestamp":1611073288657.865,"packetsReceived":12058,"packetsLost":0}},{"from":"ChinmaySahoo_eedc6722-1252-4ec7-86d5-54c965df35c5","to":"Chaitnya_ab6a0fdc-0ba3-40b1-8936-ce1060e120ed","Audio":{"timestamp":1611073288657.865,"packetsReceived":34430,"packetsLost":0},"Type":"inbound-rtp","Video":{"timestamp":1611073288657.865,"packetsReceived":12058,"packetsLost":0}},{"from":"ChinmaySahoo_eedc6722-1252-4ec7-86d5-54c965df35c5","to":"Chaitnya_ab6a0fdc-0ba3-40b1-8936-ce1060e120ed","Audio":{"timestamp":1611073293657.852,"packetsReceived":34680,"packetsLost":0},"Type":"inbound-rtp","Video":{"timestamp":1611073293657.852,"packetsReceived":12406,"packetsLost":0}},{"from":"ChinmaySahoo_eedc6722-1252-4ec7-86d5-54c965df35c5","to":"Chaitnya_ab6a0fdc-0ba3-40b1-8936-ce1060e120ed","Audio":{"timestamp":1611073293657.852,"packetsReceived":34680,"packetsLost":0},"Type":"inbound-rtp","Video":{"timestamp":1611073293657.852,"packetsReceived":12406,"packetsLost":0}},{"from":"ChinmaySahoo_eedc6722-1252-4ec7-86d5-54c965df35c5","to":"Chaitnya_ab6a0fdc-0ba3-40b1-8936-ce1060e120ed","Audio":{"timestamp":1611073298657.843,"packetsReceived":34930,"packetsLost":0},"Type":"inbound-rtp","Video":{"timestamp":1611073298657.843,"packetsReceived":12822,"packetsLost":0}},{"from":"ChinmaySahoo_eedc6722-1252-4ec7-86d5-54c965df35c5","to":"Chaitnya_ab6a0fdc-0ba3-40b1-8936-ce1060e120ed","Audio":{"timestamp":1611073298657.843,"packetsReceived":34930,"packetsLost":0},"Type":"inbound-rtp","Video":{"timestamp":1611073298657.843,"packetsReceived":12822,"packetsLost":0}},{"from":"ChinmaySahoo_eedc6722-1252-4ec7-86d5-54c965df35c5","to":"Chaitnya_ab6a0fdc-0ba3-40b1-8936-ce1060e120ed","Audio":{"timestamp":1611073303658.332,"packetsReceived":35180,"packetsLost":0},"Type":"inbound-rtp","Video":{"timestamp":1611073303658.332,"packetsReceived":13108,"packetsLost":0}},{"from":"ChinmaySahoo_eedc6722-1252-4ec7-86d5-54c965df35c5","to":"Chaitnya_ab6a0fdc-0ba3-40b1-8936-ce1060e120ed","Audio":{"timestamp":1611073303658.332,"packetsReceived":35180,"packetsLost":0},"Type":"inbound-rtp","Video":{"timestamp":1611073303658.332,"packetsReceived":13108,"packetsLost":0}},{"from":"ChinmaySahoo_eedc6722-1252-4ec7-86d5-54c965df35c5","to":"Chaitnya_ab6a0fdc-0ba3-40b1-8936-ce1060e120ed","Audio":{"timestamp":1611073308657.841,"packetsReceived":35430,"packetsLost":0},"Type":"inbound-rtp","Video":{"timestamp":1611073308657.841,"packetsReceived":13393,"packetsLost":0}},{"from":"ChinmaySahoo_eedc6722-1252-4ec7-86d5-54c965df35c5","to":"Chaitnya_ab6a0fdc-0ba3-40b1-8936-ce1060e120ed","Audio":{"timestamp":1611073308657.841,"packetsReceived":35430,"packetsLost":0},"Type":"inbound-rtp","Video":{"timestamp":1611073308657.841,"packetsReceived":13393,"packetsLost":0}},{"from":"ChinmaySahoo_eedc6722-1252-4ec7-86d5-54c965df35c5","to":"Chaitnya_ab6a0fdc-0ba3-40b1-8936-ce1060e120ed","Audio":{"timestamp":1611073313657.771,"packetsReceived":35680,"packetsLost":0},"Type":"inbound-rtp","Video":{"timestamp":1611073313657.771,"packetsReceived":13636,"packetsLost":0}},{"from":"ChinmaySahoo_eedc6722-1252-4ec7-86d5-54c965df35c5","to":"Chaitnya_ab6a0fdc-0ba3-40b1-8936-ce1060e120ed","Audio":{"timestamp":1611073313657.771,"packetsReceived":35680,"packetsLost":0},"Type":"inbound-rtp","Video":{"timestamp":1611073313657.771,"packetsReceived":13636,"packetsLost":0}},{"from":"ChinmaySahoo_eedc6722-1252-4ec7-86d5-54c965df35c5","to":"Chaitnya_ab6a0fdc-0ba3-40b1-8936-ce1060e120ed","Audio":{"timestamp":1611073318657.999,"packetsReceived":35930,"packetsLost":0},"Type":"inbound-rtp","Video":{"timestamp":1611073318657.999,"packetsReceived":13919,"packetsLost":0}},{"from":"ChinmaySahoo_eedc6722-1252-4ec7-86d5-54c965df35c5","to":"Chaitnya_ab6a0fdc-0ba3-40b1-8936-ce1060e120ed","Audio":{"timestamp":1611073318657.999,"packetsReceived":35930,"packetsLost":0},"Type":"inbound-rtp","Video":{"timestamp":1611073318657.999,"packetsReceived":13919,"packetsLost":0}},{"from":"ChinmaySahoo_eedc6722-1252-4ec7-86d5-54c965df35c5","to":"Chaitnya_ab6a0fdc-0ba3-40b1-8936-ce1060e120ed","Audio":{"timestamp":1611073323657.908,"packetsReceived":36180,"packetsLost":0},"Type":"inbound-rtp","Video":{"timestamp":1611073323657.908,"packetsReceived":14198,"packetsLost":0}},{"from":"ChinmaySahoo_eedc6722-1252-4ec7-86d5-54c965df35c5","to":"Chaitnya_ab6a0fdc-0ba3-40b1-8936-ce1060e120ed","Audio":{"timestamp":1611073323657.908,"packetsReceived":36180,"packetsLost":0},"Type":"inbound-rtp","Video":{"timestamp":1611073323657.908,"packetsReceived":14198,"packetsLost":0}},{"from":"ChinmaySahoo_eedc6722-1252-4ec7-86d5-54c965df35c5","to":"Chaitnya_ab6a0fdc-0ba3-40b1-8936-ce1060e120ed","Audio":{"timestamp":1611073328658.117,"packetsReceived":36430,"packetsLost":0},"Type":"inbound-rtp","Video":{"timestamp":1611073328658.117,"packetsReceived":14238,"packetsLost":0}},{"from":"ChinmaySahoo_eedc6722-1252-4ec7-86d5-54c965df35c5","to":"Chaitnya_ab6a0fdc-0ba3-40b1-8936-ce1060e120ed","Audio":{"timestamp":1611073328658.117,"packetsReceived":36430,"packetsLost":0},"Type":"inbound-rtp","Video":{"timestamp":1611073328658.117,"packetsReceived":14238,"packetsLost":0}},{"from":"ChinmaySahoo_eedc6722-1252-4ec7-86d5-54c965df35c5","to":"Chaitnya_ab6a0fdc-0ba3-40b1-8936-ce1060e120ed","Audio":{"timestamp":1611073333657.862,"packetsReceived":36680,"packetsLost":0},"Type":"inbound-rtp","Video":{"timestamp":1611073333657.862,"packetsReceived":14290,"packetsLost":0}},{"from":"ChinmaySahoo_eedc6722-1252-4ec7-86d5-54c965df35c5","to":"Chaitnya_ab6a0fdc-0ba3-40b1-8936-ce1060e120ed","Audio":{"timestamp":1611073333657.862,"packetsReceived":36680,"packetsLost":0},"Type":"inbound-rtp","Video":{"timestamp":1611073333657.862,"packetsReceived":14290,"packetsLost":0}},{"from":"ChinmaySahoo_eedc6722-1252-4ec7-86d5-54c965df35c5","to":"Chaitnya_ab6a0fdc-0ba3-40b1-8936-ce1060e120ed","Audio":{"timestamp":1611073338657.864,"packetsReceived":36931,"packetsLost":0},"Type":"inbound-rtp","Video":{"timestamp":1611073338657.864,"packetsReceived":14405,"packetsLost":0}},{"from":"ChinmaySahoo_eedc6722-1252-4ec7-86d5-54c965df35c5","to":"Chaitnya_ab6a0fdc-0ba3-40b1-8936-ce1060e120ed","Audio":{"timestamp":1611073338657.864,"packetsReceived":36931,"packetsLost":0},"Type":"inbound-rtp","Video":{"timestamp":1611073338657.864,"packetsReceived":14405,"packetsLost":0}},{"from":"ChinmaySahoo_eedc6722-1252-4ec7-86d5-54c965df35c5","to":"Chaitnya_ab6a0fdc-0ba3-40b1-8936-ce1060e120ed","Audio":{"timestamp":1611073343657.896,"packetsReceived":37180,"packetsLost":0},"Type":"inbound-rtp","Video":{"timestamp":1611073343657.896,"packetsReceived":14417,"packetsLost":0}},{"from":"ChinmaySahoo_eedc6722-1252-4ec7-86d5-54c965df35c5","to":"Chaitnya_ab6a0fdc-0ba3-40b1-8936-ce1060e120ed","Audio":{"timestamp":1611073343657.896,"packetsReceived":37180,"packetsLost":0},"Type":"inbound-rtp","Video":{"timestamp":1611073343657.896,"packetsReceived":14417,"packetsLost":0}},{"from":"ChinmaySahoo_eedc6722-1252-4ec7-86d5-54c965df35c5","to":"Chaitnya_ab6a0fdc-0ba3-40b1-8936-ce1060e120ed","Audio":{"timestamp":1611073348657.855,"packetsReceived":37430,"packetsLost":0},"Type":"inbound-rtp","Video":{"timestamp":1611073348657.855,"packetsReceived":14426,"packetsLost":0}},{"from":"ChinmaySahoo_eedc6722-1252-4ec7-86d5-54c965df35c5","to":"Chaitnya_ab6a0fdc-0ba3-40b1-8936-ce1060e120ed","Audio":{"timestamp":1611073348657.855,"packetsReceived":37430,"packetsLost":0},"Type":"inbound-rtp","Video":{"timestamp":1611073348657.855,"packetsReceived":14426,"packetsLost":0}},{"from":"ChinmaySahoo_eedc6722-1252-4ec7-86d5-54c965df35c5","to":"Chaitnya_ab6a0fdc-0ba3-40b1-8936-ce1060e120ed","Audio":{"timestamp":1611073353657.851,"packetsReceived":37680,"packetsLost":0},"Type":"inbound-rtp","Video":{"timestamp":1611073353657.851,"packetsReceived":14434,"packetsLost":0}},{"from":"ChinmaySahoo_eedc6722-1252-4ec7-86d5-54c965df35c5","to":"Chaitnya_ab6a0fdc-0ba3-40b1-8936-ce1060e120ed","Audio":{"timestamp":1611073353657.851,"packetsReceived":37680,"packetsLost":0},"Type":"inbound-rtp","Video":{"timestamp":1611073353657.851,"packetsReceived":14434,"packetsLost":0}},{"from":"ChinmaySahoo_eedc6722-1252-4ec7-86d5-54c965df35c5","to":"Chaitnya_ab6a0fdc-0ba3-40b1-8936-ce1060e120ed","Audio":{"timestamp":1611073358657.843,"packetsReceived":37930,"packetsLost":0},"Type":"inbound-rtp","Video":{"timestamp":1611073358657.843,"packetsReceived":14439,"packetsLost":0}},{"from":"ChinmaySahoo_eedc6722-1252-4ec7-86d5-54c965df35c5","to":"Chaitnya_ab6a0fdc-0ba3-40b1-8936-ce1060e120ed","Audio":{"timestamp":1611073358657.843,"packetsReceived":37930,"packetsLost":0},"Type":"inbound-rtp","Video":{"timestamp":1611073358657.843,"packetsReceived":14439,"packetsLost":0}},{"from":"ChinmaySahoo_eedc6722-1252-4ec7-86d5-54c965df35c5","to":"Chaitnya_ab6a0fdc-0ba3-40b1-8936-ce1060e120ed","Audio":{"timestamp":1611073363657.948,"packetsReceived":38180,"packetsLost":0},"Type":"inbound-rtp","Video":{"timestamp":1611073363657.948,"packetsReceived":14444,"packetsLost":0}},{"from":"ChinmaySahoo_eedc6722-1252-4ec7-86d5-54c965df35c5","to":"Chaitnya_ab6a0fdc-0ba3-40b1-8936-ce1060e120ed","Audio":{"timestamp":1611073363657.948,"packetsReceived":38180,"packetsLost":0},"Type":"inbound-rtp","Video":{"timestamp":1611073363657.948,"packetsReceived":14444,"packetsLost":0}},{"from":"ChinmaySahoo_eedc6722-1252-4ec7-86d5-54c965df35c5","to":"Chaitnya_ab6a0fdc-0ba3-40b1-8936-ce1060e120ed","Audio":{"timestamp":1611073368657.89,"packetsReceived":38429,"packetsLost":0},"Type":"inbound-rtp","Video":{"timestamp":1611073368657.89,"packetsReceived":14448,"packetsLost":0}},{"from":"ChinmaySahoo_eedc6722-1252-4ec7-86d5-54c965df35c5","to":"Chaitnya_ab6a0fdc-0ba3-40b1-8936-ce1060e120ed","Audio":{"timestamp":1611073368657.89,"packetsReceived":38429,"packetsLost":0},"Type":"inbound-rtp","Video":{"timestamp":1611073368657.89,"packetsReceived":14448,"packetsLost":0}},{"from":"ChinmaySahoo_eedc6722-1252-4ec7-86d5-54c965df35c5","to":"Chaitnya_ab6a0fdc-0ba3-40b1-8936-ce1060e120ed","Audio":{"timestamp":1611073373657.83,"packetsReceived":38680,"packetsLost":0},"Type":"inbound-rtp","Video":{"timestamp":1611073373657.83,"packetsReceived":14454,"packetsLost":0}},{"from":"ChinmaySahoo_eedc6722-1252-4ec7-86d5-54c965df35c5","to":"Chaitnya_ab6a0fdc-0ba3-40b1-8936-ce1060e120ed","Audio":{"timestamp":1611073373657.83,"packetsReceived":38680,"packetsLost":0},"Type":"inbound-rtp","Video":{"timestamp":1611073373657.83,"packetsReceived":14454,"packetsLost":0}},{"from":"ChinmaySahoo_eedc6722-1252-4ec7-86d5-54c965df35c5","to":"Chaitnya_ab6a0fdc-0ba3-40b1-8936-ce1060e120ed","Audio":{"timestamp":1611073378657.941,"packetsReceived":38930,"packetsLost":0},"Type":"inbound-rtp","Video":{"timestamp":1611073378657.941,"packetsReceived":14459,"packetsLost":0}},{"from":"ChinmaySahoo_eedc6722-1252-4ec7-86d5-54c965df35c5","to":"Chaitnya_ab6a0fdc-0ba3-40b1-8936-ce1060e120ed","Audio":{"timestamp":1611073378657.941,"packetsReceived":38930,"packetsLost":0},"Type":"inbound-rtp","Video":{"timestamp":1611073378657.941,"packetsReceived":14459,"packetsLost":0}},{"from":"ChinmaySahoo_eedc6722-1252-4ec7-86d5-54c965df35c5","to":"Chaitnya_ab6a0fdc-0ba3-40b1-8936-ce1060e120ed","Audio":{"timestamp":1611073383188.624,"packetsReceived":39156,"packetsLost":0},"Type":"inbound-rtp","Video":{"timestamp":1611073383188.624,"packetsReceived":14463,"packetsLost":0}},{"from":"ChinmaySahoo_eedc6722-1252-4ec7-86d5-54c965df35c5","to":"Chaitnya_ab6a0fdc-0ba3-40b1-8936-ce1060e120ed","Audio":{"timestamp":1611073383188.624,"packetsReceived":39156,"packetsLost":0},"Type":"inbound-rtp","Video":{"timestamp":1611073383188.624,"packetsReceived":14463,"packetsLost":0}}]}