[{"timestamp":1611070017680,"log":{"from":"server","to":"Arnav_beb6ad95-a849-4eb9-a733-a8deb73344f7","context":"PARENT","data":"{\"peer\":\"Unique_00094b25-658f-43d6-92b6-d819e4d90e8f\"}"}},{"timestamp":1611070017681,"log":"Parent : Unique_00094b25-658f-43d6-92b6-d819e4d90e8f"},{"timestamp":1611070018188,"log":{"from":"Unique_00094b25-658f-43d6-92b6-d819e4d90e8f","to":"Arnav_beb6ad95-a849-4eb9-a733-a8deb73344f7","context":"CONNECT_ACK","data":"{\"roomID\":\"123456\"}"}},{"timestamp":1611070018188,"log":"Connection ACK from parent : Unique_00094b25-658f-43d6-92b6-d819e4d90e8f"},{"timestamp":1611070018199,"log":"received sdp from peer : Unique_00094b25-658f-43d6-92b6-d819e4d90e8f"},{"timestamp":1611070018202,"log":"received ice from peer : Unique_00094b25-658f-43d6-92b6-d819e4d90e8f"},{"timestamp":1611070018205,"log":"received ice from peer : Unique_00094b25-658f-43d6-92b6-d819e4d90e8f"},{"timestamp":1611070018205,"log":"remote stream received"},{"timestamp":1611070018206,"log":{}},{"timestamp":1611070018206,"log":"remote stream received"},{"timestamp":1611070018206,"log":{}},{"timestamp":1611070018209,"log":"created description for peer : Unique_00094b25-658f-43d6-92b6-d819e4d90e8f"},{"timestamp":1611070018232,"log":"received ice from peer : Unique_00094b25-658f-43d6-92b6-d819e4d90e8f"},{"timestamp":1611070018261,"log":"received ice from peer : Unique_00094b25-658f-43d6-92b6-d819e4d90e8f"},{"timestamp":1611070018262,"log":"connection with peer Unique_00094b25-658f-43d6-92b6-d819e4d90e8f checking"},{"timestamp":1611070018262,"log":"ice: Arnav_beb6ad95-a849-4eb9-a733-a8deb73344f7 to Unique_00094b25-658f-43d6-92b6-d819e4d90e8f"},{"timestamp":1611070018263,"log":"connection with peer Unique_00094b25-658f-43d6-92b6-d819e4d90e8f connected"},{"timestamp":1611070018263,"log":"ice: Arnav_beb6ad95-a849-4eb9-a733-a8deb73344f7 to Unique_00094b25-658f-43d6-92b6-d819e4d90e8f"},{"timestamp":1611070625202,"log":{"from":"Prakhar_64881196-9f48-4331-b2a5-93ef3e844e7c","to":"Arnav_beb6ad95-a849-4eb9-a733-a8deb73344f7","context":"CONNECT","data":"{\"roomID\":\"123456\"}"}},{"timestamp":1611070625202,"log":"Connect request from Child : Prakhar_64881196-9f48-4331-b2a5-93ef3e844e7c"},{"timestamp":1611070625204,"log":"adding tracks"},{"timestamp":1611070625207,"log":"call inititated: Arnav_beb6ad95-a849-4eb9-a733-a8deb73344f7 to Prakhar_64881196-9f48-4331-b2a5-93ef3e844e7c"},{"timestamp":1611070625210,"log":"created description for peer : Prakhar_64881196-9f48-4331-b2a5-93ef3e844e7c"},{"timestamp":1611070625215,"log":"ice: Arnav_beb6ad95-a849-4eb9-a733-a8deb73344f7 to Prakhar_64881196-9f48-4331-b2a5-93ef3e844e7c"},{"timestamp":1611070625215,"log":"ice: Arnav_beb6ad95-a849-4eb9-a733-a8deb73344f7 to Prakhar_64881196-9f48-4331-b2a5-93ef3e844e7c"},{"timestamp":1611070625249,"log":"ice: Arnav_beb6ad95-a849-4eb9-a733-a8deb73344f7 to Prakhar_64881196-9f48-4331-b2a5-93ef3e844e7c"},{"timestamp":1611070625249,"log":"ice: Arnav_beb6ad95-a849-4eb9-a733-a8deb73344f7 to Prakhar_64881196-9f48-4331-b2a5-93ef3e844e7c"},{"timestamp":1611070625478,"log":"connection with peer Prakhar_64881196-9f48-4331-b2a5-93ef3e844e7c checking"},{"timestamp":1611070625975,"log":"received sdp from peer : Prakhar_64881196-9f48-4331-b2a5-93ef3e844e7c"},{"timestamp":1611070625978,"log":"received ice from peer : Prakhar_64881196-9f48-4331-b2a5-93ef3e844e7c"},{"timestamp":1611070625983,"log":"connection with peer Prakhar_64881196-9f48-4331-b2a5-93ef3e844e7c connected"},{"timestamp":1611070625983,"log":"ice: Arnav_beb6ad95-a849-4eb9-a733-a8deb73344f7 to Prakhar_64881196-9f48-4331-b2a5-93ef3e844e7c"},{"timestamp":1611070636485,"log":{"from":"Satvik_4a955529-dffc-4d17-87dd-f3150204ed22","to":"Arnav_beb6ad95-a849-4eb9-a733-a8deb73344f7","context":"CONNECT","data":"{\"roomID\":\"123456\"}"}},{"timestamp":1611070636485,"log":"Connect request from Child : Satvik_4a955529-dffc-4d17-87dd-f3150204ed22"},{"timestamp":1611070636486,"log":"adding tracks"},{"timestamp":1611070636486,"log":"call inititated: Arnav_beb6ad95-a849-4eb9-a733-a8deb73344f7 to Satvik_4a955529-dffc-4d17-87dd-f3150204ed22"},{"timestamp":1611070636488,"log":"created description for peer : Satvik_4a955529-dffc-4d17-87dd-f3150204ed22"},{"timestamp":1611070636491,"log":"ice: Arnav_beb6ad95-a849-4eb9-a733-a8deb73344f7 to Satvik_4a955529-dffc-4d17-87dd-f3150204ed22"},{"timestamp":1611070636491,"log":"ice: Arnav_beb6ad95-a849-4eb9-a733-a8deb73344f7 to Satvik_4a955529-dffc-4d17-87dd-f3150204ed22"},{"timestamp":1611070636525,"log":"ice: Arnav_beb6ad95-a849-4eb9-a733-a8deb73344f7 to Satvik_4a955529-dffc-4d17-87dd-f3150204ed22"},{"timestamp":1611070636525,"log":"ice: Arnav_beb6ad95-a849-4eb9-a733-a8deb73344f7 to Satvik_4a955529-dffc-4d17-87dd-f3150204ed22"},{"timestamp":1611070636815,"log":"connection with peer Satvik_4a955529-dffc-4d17-87dd-f3150204ed22 checking"},{"timestamp":1611070637311,"log":"received sdp from peer : Satvik_4a955529-dffc-4d17-87dd-f3150204ed22"},{"timestamp":1611070637314,"log":"received ice from peer : Satvik_4a955529-dffc-4d17-87dd-f3150204ed22"},{"timestamp":1611070637319,"log":"connection with peer Satvik_4a955529-dffc-4d17-87dd-f3150204ed22 connected"},{"timestamp":1611070637320,"log":"ice: Arnav_beb6ad95-a849-4eb9-a733-a8deb73344f7 to Satvik_4a955529-dffc-4d17-87dd-f3150204ed22"}]