[{"timestamp":1611070043438,"log":{"from":"server","to":"Anees_c4eec9de-2582-48b7-bef7-e0dd3fa1c6f4","context":"PARENT","data":"{\"peer\":\"Unique_00094b25-658f-43d6-92b6-d819e4d90e8f\"}"}},{"timestamp":1611070043439,"log":"Parent : Unique_00094b25-658f-43d6-92b6-d819e4d90e8f"},{"timestamp":1611070043939,"log":{"from":"Unique_00094b25-658f-43d6-92b6-d819e4d90e8f","to":"Anees_c4eec9de-2582-48b7-bef7-e0dd3fa1c6f4","context":"CONNECT_ACK","data":"{\"roomID\":\"123456\"}"}},{"timestamp":1611070043939,"log":"Connection ACK from parent : Unique_00094b25-658f-43d6-92b6-d819e4d90e8f"},{"timestamp":1611070043952,"log":"received sdp from peer : Unique_00094b25-658f-43d6-92b6-d819e4d90e8f"},{"timestamp":1611070043961,"log":"received ice from peer : Unique_00094b25-658f-43d6-92b6-d819e4d90e8f"},{"timestamp":1611070043977,"log":"remote stream received"},{"timestamp":1611070043977,"log":{}},{"timestamp":1611070043978,"log":"remote stream received"},{"timestamp":1611070043978,"log":{}},{"timestamp":1611070043986,"log":"created description for peer : Unique_00094b25-658f-43d6-92b6-d819e4d90e8f"},{"timestamp":1611070043997,"log":"connection with peer Unique_00094b25-658f-43d6-92b6-d819e4d90e8f checking"},{"timestamp":1611070044000,"log":"connection with peer Unique_00094b25-658f-43d6-92b6-d819e4d90e8f connected"},{"timestamp":1611070044001,"log":"ice: Anees_c4eec9de-2582-48b7-bef7-e0dd3fa1c6f4 to Unique_00094b25-658f-43d6-92b6-d819e4d90e8f"},{"timestamp":1611070044002,"log":"ice: Anees_c4eec9de-2582-48b7-bef7-e0dd3fa1c6f4 to Unique_00094b25-658f-43d6-92b6-d819e4d90e8f"},{"timestamp":1611070044010,"log":"received ice from peer : Unique_00094b25-658f-43d6-92b6-d819e4d90e8f"},{"timestamp":1611070044012,"log":"received ice from peer : Unique_00094b25-658f-43d6-92b6-d819e4d90e8f"},{"timestamp":1611070044013,"log":"received ice from peer : Unique_00094b25-658f-43d6-92b6-d819e4d90e8f"},{"timestamp":1611070650230,"log":{"from":"Vaishnavi_e520b0b5-a9b7-4ca0-a363-790d4eeae84e","to":"Anees_c4eec9de-2582-48b7-bef7-e0dd3fa1c6f4","context":"CONNECT","data":"{\"roomID\":\"123456\"}"}},{"timestamp":1611070650230,"log":"Connect request from Child : Vaishnavi_e520b0b5-a9b7-4ca0-a363-790d4eeae84e"},{"timestamp":1611070650233,"log":"adding tracks"},{"timestamp":1611070650238,"log":"call inititated: Anees_c4eec9de-2582-48b7-bef7-e0dd3fa1c6f4 to Vaishnavi_e520b0b5-a9b7-4ca0-a363-790d4eeae84e"},{"timestamp":1611070650242,"log":"created description for peer : Vaishnavi_e520b0b5-a9b7-4ca0-a363-790d4eeae84e"},{"timestamp":1611070650262,"log":"ice: Anees_c4eec9de-2582-48b7-bef7-e0dd3fa1c6f4 to Vaishnavi_e520b0b5-a9b7-4ca0-a363-790d4eeae84e"},{"timestamp":1611070650264,"log":"ice: Anees_c4eec9de-2582-48b7-bef7-e0dd3fa1c6f4 to Vaishnavi_e520b0b5-a9b7-4ca0-a363-790d4eeae84e"},{"timestamp":1611070650296,"log":"ice: Anees_c4eec9de-2582-48b7-bef7-e0dd3fa1c6f4 to Vaishnavi_e520b0b5-a9b7-4ca0-a363-790d4eeae84e"},{"timestamp":1611070650300,"log":"ice: Anees_c4eec9de-2582-48b7-bef7-e0dd3fa1c6f4 to Vaishnavi_e520b0b5-a9b7-4ca0-a363-790d4eeae84e"},{"timestamp":1611070651019,"log":"received sdp from peer : Vaishnavi_e520b0b5-a9b7-4ca0-a363-790d4eeae84e"},{"timestamp":1611070651027,"log":"received ice from peer : Vaishnavi_e520b0b5-a9b7-4ca0-a363-790d4eeae84e"},{"timestamp":1611070651048,"log":"received ice from peer : Vaishnavi_e520b0b5-a9b7-4ca0-a363-790d4eeae84e"},{"timestamp":1611070651054,"log":"connection with peer Vaishnavi_e520b0b5-a9b7-4ca0-a363-790d4eeae84e checking"},{"timestamp":1611070651101,"log":"connection with peer Vaishnavi_e520b0b5-a9b7-4ca0-a363-790d4eeae84e connected"},{"timestamp":1611070651102,"log":"ice: Anees_c4eec9de-2582-48b7-bef7-e0dd3fa1c6f4 to Vaishnavi_e520b0b5-a9b7-4ca0-a363-790d4eeae84e"},{"timestamp":1611070678372,"log":{"from":"Vanisha_f5cd88d8-6ca7-4876-9e08-1d5c80409802","to":"Anees_c4eec9de-2582-48b7-bef7-e0dd3fa1c6f4","context":"CONNECT","data":"{\"roomID\":\"123456\"}"}},{"timestamp":1611070678373,"log":"Connect request from Child : Vanisha_f5cd88d8-6ca7-4876-9e08-1d5c80409802"},{"timestamp":1611070678375,"log":"adding tracks"},{"timestamp":1611070678378,"log":"call inititated: Anees_c4eec9de-2582-48b7-bef7-e0dd3fa1c6f4 to Vanisha_f5cd88d8-6ca7-4876-9e08-1d5c80409802"},{"timestamp":1611070678382,"log":"created description for peer : Vanisha_f5cd88d8-6ca7-4876-9e08-1d5c80409802"},{"timestamp":1611070678399,"log":"ice: Anees_c4eec9de-2582-48b7-bef7-e0dd3fa1c6f4 to Vanisha_f5cd88d8-6ca7-4876-9e08-1d5c80409802"},{"timestamp":1611070678403,"log":"ice: Anees_c4eec9de-2582-48b7-bef7-e0dd3fa1c6f4 to Vanisha_f5cd88d8-6ca7-4876-9e08-1d5c80409802"},{"timestamp":1611070678435,"log":"ice: Anees_c4eec9de-2582-48b7-bef7-e0dd3fa1c6f4 to Vanisha_f5cd88d8-6ca7-4876-9e08-1d5c80409802"},{"timestamp":1611070678437,"log":"ice: Anees_c4eec9de-2582-48b7-bef7-e0dd3fa1c6f4 to Vanisha_f5cd88d8-6ca7-4876-9e08-1d5c80409802"},{"timestamp":1611070679164,"log":"received sdp from peer : Vanisha_f5cd88d8-6ca7-4876-9e08-1d5c80409802"},{"timestamp":1611070679171,"log":"received ice from peer : Vanisha_f5cd88d8-6ca7-4876-9e08-1d5c80409802"},{"timestamp":1611070679190,"log":"received ice from peer : Vanisha_f5cd88d8-6ca7-4876-9e08-1d5c80409802"},{"timestamp":1611070679195,"log":"connection with peer Vanisha_f5cd88d8-6ca7-4876-9e08-1d5c80409802 checking"},{"timestamp":1611070679242,"log":"connection with peer Vanisha_f5cd88d8-6ca7-4876-9e08-1d5c80409802 connected"},{"timestamp":1611070679243,"log":"ice: Anees_c4eec9de-2582-48b7-bef7-e0dd3fa1c6f4 to Vanisha_f5cd88d8-6ca7-4876-9e08-1d5c80409802"}]