[{"timestamp":1611072689403,"log":{"from":"server","to":"Shreyas_493ed3e5-93b2-4039-aa3b-898008e428c0","context":"PARENT","data":"{\"peer\":\"Anshu_8bfdf48b-2a95-4693-9479-a9e262b37151\"}"}},{"timestamp":1611072689403,"log":"Parent : Anshu_8bfdf48b-2a95-4693-9479-a9e262b37151"},{"timestamp":1611072689898,"log":{"from":"Anshu_8bfdf48b-2a95-4693-9479-a9e262b37151","to":"Shreyas_493ed3e5-93b2-4039-aa3b-898008e428c0","context":"CONNECT_ACK","data":"{\"roomID\":\"123456\"}"}},{"timestamp":1611072689898,"log":"Connection ACK from parent : Anshu_8bfdf48b-2a95-4693-9479-a9e262b37151"},{"timestamp":1611072689905,"log":"received sdp from peer : Anshu_8bfdf48b-2a95-4693-9479-a9e262b37151"},{"timestamp":1611072689908,"log":"received ice from peer : Anshu_8bfdf48b-2a95-4693-9479-a9e262b37151"},{"timestamp":1611072689914,"log":"received ice from peer : Anshu_8bfdf48b-2a95-4693-9479-a9e262b37151"},{"timestamp":1611072689915,"log":"remote stream received"},{"timestamp":1611072689915,"log":{}},{"timestamp":1611072689915,"log":"remote stream received"},{"timestamp":1611072689916,"log":{}},{"timestamp":1611072689919,"log":"created description for peer : Anshu_8bfdf48b-2a95-4693-9479-a9e262b37151"},{"timestamp":1611072689923,"log":"connection with peer Anshu_8bfdf48b-2a95-4693-9479-a9e262b37151 checking"},{"timestamp":1611072689924,"log":"ice: Shreyas_493ed3e5-93b2-4039-aa3b-898008e428c0 to Anshu_8bfdf48b-2a95-4693-9479-a9e262b37151"},{"timestamp":1611072689926,"log":"connection with peer Anshu_8bfdf48b-2a95-4693-9479-a9e262b37151 connected"},{"timestamp":1611072689926,"log":"ice: Shreyas_493ed3e5-93b2-4039-aa3b-898008e428c0 to Anshu_8bfdf48b-2a95-4693-9479-a9e262b37151"},{"timestamp":1611072689938,"log":"received ice from peer : Anshu_8bfdf48b-2a95-4693-9479-a9e262b37151"},{"timestamp":1611072689938,"log":"received ice from peer : Anshu_8bfdf48b-2a95-4693-9479-a9e262b37151"}]