[{"timestamp":1611072287081,"log":{"from":"server","to":"Ashmesh_8687c9a5-c3fb-4484-a42c-dffd19a21047","context":"DIRECTCHILDOFSOURCE","data":"{\"parent\":\"Source_0974d7d6-f8cd-4e1d-9686-7d355800ca2c\"}"}},{"timestamp":1611072287081,"log":"Child of Source"},{"timestamp":1611072287601,"log":{"from":"Source_0974d7d6-f8cd-4e1d-9686-7d355800ca2c","to":"Ashmesh_8687c9a5-c3fb-4484-a42c-dffd19a21047","context":"CONNECT_ACK","data":"{\"roomID\":\"123456\"}"}},{"timestamp":1611072287601,"log":"Connection ACK from parent : Source_0974d7d6-f8cd-4e1d-9686-7d355800ca2c"},{"timestamp":1611072287634,"log":"received sdp from peer : Source_0974d7d6-f8cd-4e1d-9686-7d355800ca2c"},{"timestamp":1611072287645,"log":"remote stream received"},{"timestamp":1611072287645,"log":{}},{"timestamp":1611072287646,"log":"remote stream received"},{"timestamp":1611072287646,"log":{}},{"timestamp":1611072287654,"log":"created description for peer : Source_0974d7d6-f8cd-4e1d-9686-7d355800ca2c"},{"timestamp":1611072287666,"log":"ice: Ashmesh_8687c9a5-c3fb-4484-a42c-dffd19a21047 to Source_0974d7d6-f8cd-4e1d-9686-7d355800ca2c"},{"timestamp":1611072287666,"log":"received ice from peer : Source_0974d7d6-f8cd-4e1d-9686-7d355800ca2c"},{"timestamp":1611072287667,"log":"connection with peer Source_0974d7d6-f8cd-4e1d-9686-7d355800ca2c checking"},{"timestamp":1611072287779,"log":"ice: Ashmesh_8687c9a5-c3fb-4484-a42c-dffd19a21047 to Source_0974d7d6-f8cd-4e1d-9686-7d355800ca2c"},{"timestamp":1611072287871,"log":"received ice from peer : Source_0974d7d6-f8cd-4e1d-9686-7d355800ca2c"},{"timestamp":1611072287872,"log":"received ice from peer : Source_0974d7d6-f8cd-4e1d-9686-7d355800ca2c"},{"timestamp":1611072287873,"log":"received ice from peer : Source_0974d7d6-f8cd-4e1d-9686-7d355800ca2c"},{"timestamp":1611072287873,"log":"received ice from peer : Source_0974d7d6-f8cd-4e1d-9686-7d355800ca2c"},{"timestamp":1611072287874,"log":"received ice from peer : Source_0974d7d6-f8cd-4e1d-9686-7d355800ca2c"},{"timestamp":1611072288094,"log":"ice: Ashmesh_8687c9a5-c3fb-4484-a42c-dffd19a21047 to Source_0974d7d6-f8cd-4e1d-9686-7d355800ca2c"},{"timestamp":1611072288094,"log":"connection with peer Source_0974d7d6-f8cd-4e1d-9686-7d355800ca2c connected"},{"timestamp":1611072434649,"log":{"from":"Amar_3d2ef124-d0a2-44e7-b4b1-8551818a01ae","to":"Ashmesh_8687c9a5-c3fb-4484-a42c-dffd19a21047","context":"CONNECT","data":"{\"roomID\":\"123456\"}"}},{"timestamp":1611072434649,"log":"Connect request from Child : Amar_3d2ef124-d0a2-44e7-b4b1-8551818a01ae"},{"timestamp":1611072434650,"log":"adding tracks"},{"timestamp":1611072434654,"log":"call inititated: Ashmesh_8687c9a5-c3fb-4484-a42c-dffd19a21047 to Amar_3d2ef124-d0a2-44e7-b4b1-8551818a01ae"},{"timestamp":1611072434658,"log":"created description for peer : Amar_3d2ef124-d0a2-44e7-b4b1-8551818a01ae"},{"timestamp":1611072434664,"log":"ice: Ashmesh_8687c9a5-c3fb-4484-a42c-dffd19a21047 to Amar_3d2ef124-d0a2-44e7-b4b1-8551818a01ae"},{"timestamp":1611072434665,"log":"ice: Ashmesh_8687c9a5-c3fb-4484-a42c-dffd19a21047 to Amar_3d2ef124-d0a2-44e7-b4b1-8551818a01ae"},{"timestamp":1611072434698,"log":"ice: Ashmesh_8687c9a5-c3fb-4484-a42c-dffd19a21047 to Amar_3d2ef124-d0a2-44e7-b4b1-8551818a01ae"},{"timestamp":1611072434701,"log":"ice: Ashmesh_8687c9a5-c3fb-4484-a42c-dffd19a21047 to Amar_3d2ef124-d0a2-44e7-b4b1-8551818a01ae"},{"timestamp":1611072434931,"log":"connection with peer Amar_3d2ef124-d0a2-44e7-b4b1-8551818a01ae checking"},{"timestamp":1611072435415,"log":"received sdp from peer : Amar_3d2ef124-d0a2-44e7-b4b1-8551818a01ae"},{"timestamp":1611072435418,"log":"received ice from peer : Amar_3d2ef124-d0a2-44e7-b4b1-8551818a01ae"},{"timestamp":1611072435423,"log":"connection with peer Amar_3d2ef124-d0a2-44e7-b4b1-8551818a01ae connected"},{"timestamp":1611072435424,"log":"ice: Ashmesh_8687c9a5-c3fb-4484-a42c-dffd19a21047 to Amar_3d2ef124-d0a2-44e7-b4b1-8551818a01ae"},{"timestamp":1611072445054,"log":{"from":"NIshant_cfb4888d-23ea-4143-b54a-0717cee9a4b5","to":"Ashmesh_8687c9a5-c3fb-4484-a42c-dffd19a21047","context":"CONNECT","data":"{\"roomID\":\"123456\"}"}},{"timestamp":1611072445054,"log":"Connect request from Child : NIshant_cfb4888d-23ea-4143-b54a-0717cee9a4b5"},{"timestamp":1611072445055,"log":"adding tracks"},{"timestamp":1611072445056,"log":"call inititated: Ashmesh_8687c9a5-c3fb-4484-a42c-dffd19a21047 to NIshant_cfb4888d-23ea-4143-b54a-0717cee9a4b5"},{"timestamp":1611072445059,"log":"created description for peer : NIshant_cfb4888d-23ea-4143-b54a-0717cee9a4b5"},{"timestamp":1611072445066,"log":"ice: Ashmesh_8687c9a5-c3fb-4484-a42c-dffd19a21047 to NIshant_cfb4888d-23ea-4143-b54a-0717cee9a4b5"},{"timestamp":1611072445067,"log":"ice: Ashmesh_8687c9a5-c3fb-4484-a42c-dffd19a21047 to NIshant_cfb4888d-23ea-4143-b54a-0717cee9a4b5"},{"timestamp":1611072445100,"log":"ice: Ashmesh_8687c9a5-c3fb-4484-a42c-dffd19a21047 to NIshant_cfb4888d-23ea-4143-b54a-0717cee9a4b5"},{"timestamp":1611072445103,"log":"ice: Ashmesh_8687c9a5-c3fb-4484-a42c-dffd19a21047 to NIshant_cfb4888d-23ea-4143-b54a-0717cee9a4b5"},{"timestamp":1611072445331,"log":"connection with peer NIshant_cfb4888d-23ea-4143-b54a-0717cee9a4b5 checking"},{"timestamp":1611072445570,"log":"received sdp from peer : NIshant_cfb4888d-23ea-4143-b54a-0717cee9a4b5"},{"timestamp":1611072445572,"log":"received ice from peer : NIshant_cfb4888d-23ea-4143-b54a-0717cee9a4b5"},{"timestamp":1611072445578,"log":"connection with peer NIshant_cfb4888d-23ea-4143-b54a-0717cee9a4b5 connected"},{"timestamp":1611072445579,"log":"ice: Ashmesh_8687c9a5-c3fb-4484-a42c-dffd19a21047 to NIshant_cfb4888d-23ea-4143-b54a-0717cee9a4b5"},{"timestamp":1611072453363,"log":{"from":"Basant_ccf6dfac-bc61-43a3-bbdc-dbed01a835e4","to":"Ashmesh_8687c9a5-c3fb-4484-a42c-dffd19a21047","context":"CONNECT","data":"{\"roomID\":\"123456\"}"}},{"timestamp":1611072453363,"log":"Connect request from Child : Basant_ccf6dfac-bc61-43a3-bbdc-dbed01a835e4"},{"timestamp":1611072453364,"log":"adding tracks"},{"timestamp":1611072453366,"log":"call inititated: Ashmesh_8687c9a5-c3fb-4484-a42c-dffd19a21047 to Basant_ccf6dfac-bc61-43a3-bbdc-dbed01a835e4"},{"timestamp":1611072453370,"log":"created description for peer : Basant_ccf6dfac-bc61-43a3-bbdc-dbed01a835e4"},{"timestamp":1611072453376,"log":"ice: Ashmesh_8687c9a5-c3fb-4484-a42c-dffd19a21047 to Basant_ccf6dfac-bc61-43a3-bbdc-dbed01a835e4"},{"timestamp":1611072453377,"log":"ice: Ashmesh_8687c9a5-c3fb-4484-a42c-dffd19a21047 to Basant_ccf6dfac-bc61-43a3-bbdc-dbed01a835e4"},{"timestamp":1611072453410,"log":"ice: Ashmesh_8687c9a5-c3fb-4484-a42c-dffd19a21047 to Basant_ccf6dfac-bc61-43a3-bbdc-dbed01a835e4"},{"timestamp":1611072453410,"log":"ice: Ashmesh_8687c9a5-c3fb-4484-a42c-dffd19a21047 to Basant_ccf6dfac-bc61-43a3-bbdc-dbed01a835e4"},{"timestamp":1611072453640,"log":"connection with peer Basant_ccf6dfac-bc61-43a3-bbdc-dbed01a835e4 checking"},{"timestamp":1611072453877,"log":"received sdp from peer : Basant_ccf6dfac-bc61-43a3-bbdc-dbed01a835e4"},{"timestamp":1611072453880,"log":"received ice from peer : Basant_ccf6dfac-bc61-43a3-bbdc-dbed01a835e4"},{"timestamp":1611072453885,"log":"connection with peer Basant_ccf6dfac-bc61-43a3-bbdc-dbed01a835e4 connected"},{"timestamp":1611072453885,"log":"ice: Ashmesh_8687c9a5-c3fb-4484-a42c-dffd19a21047 to Basant_ccf6dfac-bc61-43a3-bbdc-dbed01a835e4"},{"timestamp":1611072468584,"log":{"from":"Mohit_589492c8-f0c9-4198-9e4f-14c4a185ffc7","to":"Ashmesh_8687c9a5-c3fb-4484-a42c-dffd19a21047","context":"CONNECT","data":"{\"roomID\":\"123456\"}"}},{"timestamp":1611072468584,"log":"Connect request from Child : Mohit_589492c8-f0c9-4198-9e4f-14c4a185ffc7"},{"timestamp":1611072468585,"log":"adding tracks"},{"timestamp":1611072468587,"log":"call inititated: Ashmesh_8687c9a5-c3fb-4484-a42c-dffd19a21047 to Mohit_589492c8-f0c9-4198-9e4f-14c4a185ffc7"},{"timestamp":1611072468590,"log":"created description for peer : Mohit_589492c8-f0c9-4198-9e4f-14c4a185ffc7"},{"timestamp":1611072468598,"log":"ice: Ashmesh_8687c9a5-c3fb-4484-a42c-dffd19a21047 to Mohit_589492c8-f0c9-4198-9e4f-14c4a185ffc7"},{"timestamp":1611072468600,"log":"ice: Ashmesh_8687c9a5-c3fb-4484-a42c-dffd19a21047 to Mohit_589492c8-f0c9-4198-9e4f-14c4a185ffc7"},{"timestamp":1611072468632,"log":"ice: Ashmesh_8687c9a5-c3fb-4484-a42c-dffd19a21047 to Mohit_589492c8-f0c9-4198-9e4f-14c4a185ffc7"},{"timestamp":1611072468634,"log":"ice: Ashmesh_8687c9a5-c3fb-4484-a42c-dffd19a21047 to Mohit_589492c8-f0c9-4198-9e4f-14c4a185ffc7"},{"timestamp":1611072469110,"log":"connection with peer Mohit_589492c8-f0c9-4198-9e4f-14c4a185ffc7 checking"},{"timestamp":1611072469345,"log":"received sdp from peer : Mohit_589492c8-f0c9-4198-9e4f-14c4a185ffc7"},{"timestamp":1611072469347,"log":"received ice from peer : Mohit_589492c8-f0c9-4198-9e4f-14c4a185ffc7"},{"timestamp":1611072469353,"log":"connection with peer Mohit_589492c8-f0c9-4198-9e4f-14c4a185ffc7 connected"},{"timestamp":1611072469353,"log":"ice: Ashmesh_8687c9a5-c3fb-4484-a42c-dffd19a21047 to Mohit_589492c8-f0c9-4198-9e4f-14c4a185ffc7"}]