[{"joining_timestamp":1611072286114,"available_slots":4},{"media_timestamp":1611072287645},{"timestamp":1611072434649,"Type":"child_added","available_slots":3,"child_id":"Amar_3d2ef124-d0a2-44e7-b4b1-8551818a01ae"},{"timestamp":1611072445054,"Type":"child_added","available_slots":2,"child_id":"NIshant_cfb4888d-23ea-4143-b54a-0717cee9a4b5"},{"timestamp":1611072453363,"Type":"child_added","available_slots":1,"child_id":"Basant_ccf6dfac-bc61-43a3-bbdc-dbed01a835e4"},{"timestamp":1611072468584,"Type":"child_added","available_slots":0,"child_id":"Mohit_589492c8-f0c9-4198-9e4f-14c4a185ffc7"}]