[{"timestamp":1611072564405,"log":{"from":"server","to":"Avatansh_45135761-fc77-4220-bfd8-1309a3d2cf7e","context":"PARENT","data":"{\"peer\":\"Ansh_7d76d88f-3f4d-4420-a512-a5cc2f44d116\"}"}},{"timestamp":1611072564405,"log":"Parent : Ansh_7d76d88f-3f4d-4420-a512-a5cc2f44d116"},{"timestamp":1611072564892,"log":{"from":"Ansh_7d76d88f-3f4d-4420-a512-a5cc2f44d116","to":"Avatansh_45135761-fc77-4220-bfd8-1309a3d2cf7e","context":"CONNECT_ACK","data":"{\"roomID\":\"123456\"}"}},{"timestamp":1611072564892,"log":"Connection ACK from parent : Ansh_7d76d88f-3f4d-4420-a512-a5cc2f44d116"},{"timestamp":1611072564901,"log":"received sdp from peer : Ansh_7d76d88f-3f4d-4420-a512-a5cc2f44d116"},{"timestamp":1611072564905,"log":"received ice from peer : Ansh_7d76d88f-3f4d-4420-a512-a5cc2f44d116"},{"timestamp":1611072564911,"log":"received ice from peer : Ansh_7d76d88f-3f4d-4420-a512-a5cc2f44d116"},{"timestamp":1611072564913,"log":"remote stream received"},{"timestamp":1611072564914,"log":{}},{"timestamp":1611072564914,"log":"remote stream received"},{"timestamp":1611072564915,"log":{}},{"timestamp":1611072564922,"log":"created description for peer : Ansh_7d76d88f-3f4d-4420-a512-a5cc2f44d116"},{"timestamp":1611072564933,"log":"connection with peer Ansh_7d76d88f-3f4d-4420-a512-a5cc2f44d116 checking"},{"timestamp":1611072564934,"log":"connection with peer Ansh_7d76d88f-3f4d-4420-a512-a5cc2f44d116 connected"},{"timestamp":1611072564934,"log":"ice: Avatansh_45135761-fc77-4220-bfd8-1309a3d2cf7e to Ansh_7d76d88f-3f4d-4420-a512-a5cc2f44d116"},{"timestamp":1611072564935,"log":"ice: Avatansh_45135761-fc77-4220-bfd8-1309a3d2cf7e to Ansh_7d76d88f-3f4d-4420-a512-a5cc2f44d116"},{"timestamp":1611072564936,"log":"received ice from peer : Ansh_7d76d88f-3f4d-4420-a512-a5cc2f44d116"},{"timestamp":1611072564937,"log":"received ice from peer : Ansh_7d76d88f-3f4d-4420-a512-a5cc2f44d116"}]