{"Ansh_7d76d88f-3f4d-4420-a512-a5cc2f44d116":[{"from":"Ansh_7d76d88f-3f4d-4420-a512-a5cc2f44d116","to":"Avatansh_45135761-fc77-4220-bfd8-1309a3d2cf7e","Audio":{"timestamp":1611072568416.572,"packetsReceived":161,"packetsLost":0},"Type":"inbound-rtp","Video":{"timestamp":1611072568416.572,"packetsReceived":0,"packetsLost":0}},{"from":"Ansh_7d76d88f-3f4d-4420-a512-a5cc2f44d116","to":"Avatansh_45135761-fc77-4220-bfd8-1309a3d2cf7e","Audio":{"timestamp":1611072568416.572,"packetsReceived":161,"packetsLost":0},"Type":"inbound-rtp","Video":{"timestamp":1611072568416.572,"packetsReceived":0,"packetsLost":0}},{"from":"Ansh_7d76d88f-3f4d-4420-a512-a5cc2f44d116","to":"Avatansh_45135761-fc77-4220-bfd8-1309a3d2cf7e","Audio":{"timestamp":1611072573414.77,"packetsReceived":411,"packetsLost":0},"Type":"inbound-rtp","Video":{"timestamp":1611072573414.77,"packetsReceived":26,"packetsLost":0}},{"from":"Ansh_7d76d88f-3f4d-4420-a512-a5cc2f44d116","to":"Avatansh_45135761-fc77-4220-bfd8-1309a3d2cf7e","Audio":{"timestamp":1611072573414.77,"packetsReceived":411,"packetsLost":0},"Type":"inbound-rtp","Video":{"timestamp":1611072573414.77,"packetsReceived":26,"packetsLost":0}},{"from":"Ansh_7d76d88f-3f4d-4420-a512-a5cc2f44d116","to":"Avatansh_45135761-fc77-4220-bfd8-1309a3d2cf7e","Audio":{"timestamp":1611072578414.715,"packetsReceived":661,"packetsLost":0},"Type":"inbound-rtp","Video":{"timestamp":1611072578414.715,"packetsReceived":31,"packetsLost":0}},{"from":"Ansh_7d76d88f-3f4d-4420-a512-a5cc2f44d116","to":"Avatansh_45135761-fc77-4220-bfd8-1309a3d2cf7e","Audio":{"timestamp":1611072578414.715,"packetsReceived":661,"packetsLost":0},"Type":"inbound-rtp","Video":{"timestamp":1611072578414.715,"packetsReceived":31,"packetsLost":0}},{"from":"Ansh_7d76d88f-3f4d-4420-a512-a5cc2f44d116","to":"Avatansh_45135761-fc77-4220-bfd8-1309a3d2cf7e","Audio":{"timestamp":1611072583414.785,"packetsReceived":911,"packetsLost":0},"Type":"inbound-rtp","Video":{"timestamp":1611072583414.785,"packetsReceived":64,"packetsLost":0}},{"from":"Ansh_7d76d88f-3f4d-4420-a512-a5cc2f44d116","to":"Avatansh_45135761-fc77-4220-bfd8-1309a3d2cf7e","Audio":{"timestamp":1611072583414.785,"packetsReceived":911,"packetsLost":0},"Type":"inbound-rtp","Video":{"timestamp":1611072583414.785,"packetsReceived":64,"packetsLost":0}},{"from":"Ansh_7d76d88f-3f4d-4420-a512-a5cc2f44d116","to":"Avatansh_45135761-fc77-4220-bfd8-1309a3d2cf7e","Audio":{"timestamp":1611072588414.721,"packetsReceived":1161,"packetsLost":0},"Type":"inbound-rtp","Video":{"timestamp":1611072588414.721,"packetsReceived":71,"packetsLost":0}},{"from":"Ansh_7d76d88f-3f4d-4420-a512-a5cc2f44d116","to":"Avatansh_45135761-fc77-4220-bfd8-1309a3d2cf7e","Audio":{"timestamp":1611072588414.721,"packetsReceived":1161,"packetsLost":0},"Type":"inbound-rtp","Video":{"timestamp":1611072588414.721,"packetsReceived":71,"packetsLost":0}},{"from":"Ansh_7d76d88f-3f4d-4420-a512-a5cc2f44d116","to":"Avatansh_45135761-fc77-4220-bfd8-1309a3d2cf7e","Audio":{"timestamp":1611072593414.727,"packetsReceived":1411,"packetsLost":0},"Type":"inbound-rtp","Video":{"timestamp":1611072593414.727,"packetsReceived":76,"packetsLost":0}},{"from":"Ansh_7d76d88f-3f4d-4420-a512-a5cc2f44d116","to":"Avatansh_45135761-fc77-4220-bfd8-1309a3d2cf7e","Audio":{"timestamp":1611072593414.727,"packetsReceived":1411,"packetsLost":0},"Type":"inbound-rtp","Video":{"timestamp":1611072593414.727,"packetsReceived":76,"packetsLost":0}},{"from":"Ansh_7d76d88f-3f4d-4420-a512-a5cc2f44d116","to":"Avatansh_45135761-fc77-4220-bfd8-1309a3d2cf7e","Audio":{"timestamp":1611072598657.873,"packetsReceived":1673,"packetsLost":0},"Type":"inbound-rtp","Video":{"timestamp":1611072598657.873,"packetsReceived":81,"packetsLost":0}},{"from":"Ansh_7d76d88f-3f4d-4420-a512-a5cc2f44d116","to":"Avatansh_45135761-fc77-4220-bfd8-1309a3d2cf7e","Audio":{"timestamp":1611072598657.873,"packetsReceived":1673,"packetsLost":0},"Type":"inbound-rtp","Video":{"timestamp":1611072598657.873,"packetsReceived":81,"packetsLost":0}},{"from":"Ansh_7d76d88f-3f4d-4420-a512-a5cc2f44d116","to":"Avatansh_45135761-fc77-4220-bfd8-1309a3d2cf7e","Audio":{"timestamp":1611072603657.801,"packetsReceived":1923,"packetsLost":0},"Type":"inbound-rtp","Video":{"timestamp":1611072603657.801,"packetsReceived":85,"packetsLost":0}},{"from":"Ansh_7d76d88f-3f4d-4420-a512-a5cc2f44d116","to":"Avatansh_45135761-fc77-4220-bfd8-1309a3d2cf7e","Audio":{"timestamp":1611072603657.801,"packetsReceived":1923,"packetsLost":0},"Type":"inbound-rtp","Video":{"timestamp":1611072603657.801,"packetsReceived":85,"packetsLost":0}},{"from":"Ansh_7d76d88f-3f4d-4420-a512-a5cc2f44d116","to":"Avatansh_45135761-fc77-4220-bfd8-1309a3d2cf7e","Audio":{"timestamp":1611072608657.915,"packetsReceived":2173,"packetsLost":0},"Type":"inbound-rtp","Video":{"timestamp":1611072608657.915,"packetsReceived":90,"packetsLost":0}},{"from":"Ansh_7d76d88f-3f4d-4420-a512-a5cc2f44d116","to":"Avatansh_45135761-fc77-4220-bfd8-1309a3d2cf7e","Audio":{"timestamp":1611072608657.915,"packetsReceived":2173,"packetsLost":0},"Type":"inbound-rtp","Video":{"timestamp":1611072608657.915,"packetsReceived":90,"packetsLost":0}},{"from":"Ansh_7d76d88f-3f4d-4420-a512-a5cc2f44d116","to":"Avatansh_45135761-fc77-4220-bfd8-1309a3d2cf7e","Audio":{"timestamp":1611072613657.868,"packetsReceived":2423,"packetsLost":0},"Type":"inbound-rtp","Video":{"timestamp":1611072613657.868,"packetsReceived":95,"packetsLost":0}},{"from":"Ansh_7d76d88f-3f4d-4420-a512-a5cc2f44d116","to":"Avatansh_45135761-fc77-4220-bfd8-1309a3d2cf7e","Audio":{"timestamp":1611072613657.868,"packetsReceived":2423,"packetsLost":0},"Type":"inbound-rtp","Video":{"timestamp":1611072613657.868,"packetsReceived":95,"packetsLost":0}},{"from":"Ansh_7d76d88f-3f4d-4420-a512-a5cc2f44d116","to":"Avatansh_45135761-fc77-4220-bfd8-1309a3d2cf7e","Audio":{"timestamp":1611072618657.888,"packetsReceived":2674,"packetsLost":0},"Type":"inbound-rtp","Video":{"timestamp":1611072618657.888,"packetsReceived":99,"packetsLost":0}},{"from":"Ansh_7d76d88f-3f4d-4420-a512-a5cc2f44d116","to":"Avatansh_45135761-fc77-4220-bfd8-1309a3d2cf7e","Audio":{"timestamp":1611072618657.888,"packetsReceived":2674,"packetsLost":0},"Type":"inbound-rtp","Video":{"timestamp":1611072618657.888,"packetsReceived":99,"packetsLost":0}},{"from":"Ansh_7d76d88f-3f4d-4420-a512-a5cc2f44d116","to":"Avatansh_45135761-fc77-4220-bfd8-1309a3d2cf7e","Audio":{"timestamp":1611072623657.854,"packetsReceived":2923,"packetsLost":0},"Type":"inbound-rtp","Video":{"timestamp":1611072623657.854,"packetsReceived":104,"packetsLost":0}},{"from":"Ansh_7d76d88f-3f4d-4420-a512-a5cc2f44d116","to":"Avatansh_45135761-fc77-4220-bfd8-1309a3d2cf7e","Audio":{"timestamp":1611072623657.854,"packetsReceived":2923,"packetsLost":0},"Type":"inbound-rtp","Video":{"timestamp":1611072623657.854,"packetsReceived":104,"packetsLost":0}},{"from":"Ansh_7d76d88f-3f4d-4420-a512-a5cc2f44d116","to":"Avatansh_45135761-fc77-4220-bfd8-1309a3d2cf7e","Audio":{"timestamp":1611072628657.851,"packetsReceived":3173,"packetsLost":0},"Type":"inbound-rtp","Video":{"timestamp":1611072628657.851,"packetsReceived":109,"packetsLost":0}},{"from":"Ansh_7d76d88f-3f4d-4420-a512-a5cc2f44d116","to":"Avatansh_45135761-fc77-4220-bfd8-1309a3d2cf7e","Audio":{"timestamp":1611072628657.851,"packetsReceived":3173,"packetsLost":0},"Type":"inbound-rtp","Video":{"timestamp":1611072628657.851,"packetsReceived":109,"packetsLost":0}},{"from":"Ansh_7d76d88f-3f4d-4420-a512-a5cc2f44d116","to":"Avatansh_45135761-fc77-4220-bfd8-1309a3d2cf7e","Audio":{"timestamp":1611072633657.874,"packetsReceived":3423,"packetsLost":0},"Type":"inbound-rtp","Video":{"timestamp":1611072633657.874,"packetsReceived":113,"packetsLost":0}},{"from":"Ansh_7d76d88f-3f4d-4420-a512-a5cc2f44d116","to":"Avatansh_45135761-fc77-4220-bfd8-1309a3d2cf7e","Audio":{"timestamp":1611072633657.874,"packetsReceived":3423,"packetsLost":0},"Type":"inbound-rtp","Video":{"timestamp":1611072633657.874,"packetsReceived":113,"packetsLost":0}},{"from":"Ansh_7d76d88f-3f4d-4420-a512-a5cc2f44d116","to":"Avatansh_45135761-fc77-4220-bfd8-1309a3d2cf7e","Audio":{"timestamp":1611072638657.856,"packetsReceived":3673,"packetsLost":0},"Type":"inbound-rtp","Video":{"timestamp":1611072638657.856,"packetsReceived":153,"packetsLost":0}},{"from":"Ansh_7d76d88f-3f4d-4420-a512-a5cc2f44d116","to":"Avatansh_45135761-fc77-4220-bfd8-1309a3d2cf7e","Audio":{"timestamp":1611072638657.856,"packetsReceived":3673,"packetsLost":0},"Type":"inbound-rtp","Video":{"timestamp":1611072638657.856,"packetsReceived":153,"packetsLost":0}},{"from":"Ansh_7d76d88f-3f4d-4420-a512-a5cc2f44d116","to":"Avatansh_45135761-fc77-4220-bfd8-1309a3d2cf7e","Audio":{"timestamp":1611072643657.795,"packetsReceived":3923,"packetsLost":0},"Type":"inbound-rtp","Video":{"timestamp":1611072643657.795,"packetsReceived":158,"packetsLost":0}},{"from":"Ansh_7d76d88f-3f4d-4420-a512-a5cc2f44d116","to":"Avatansh_45135761-fc77-4220-bfd8-1309a3d2cf7e","Audio":{"timestamp":1611072643657.795,"packetsReceived":3923,"packetsLost":0},"Type":"inbound-rtp","Video":{"timestamp":1611072643657.795,"packetsReceived":158,"packetsLost":0}},{"from":"Ansh_7d76d88f-3f4d-4420-a512-a5cc2f44d116","to":"Avatansh_45135761-fc77-4220-bfd8-1309a3d2cf7e","Audio":{"timestamp":1611072648657.892,"packetsReceived":4173,"packetsLost":0},"Type":"inbound-rtp","Video":{"timestamp":1611072648657.892,"packetsReceived":162,"packetsLost":0}},{"from":"Ansh_7d76d88f-3f4d-4420-a512-a5cc2f44d116","to":"Avatansh_45135761-fc77-4220-bfd8-1309a3d2cf7e","Audio":{"timestamp":1611072648657.892,"packetsReceived":4173,"packetsLost":0},"Type":"inbound-rtp","Video":{"timestamp":1611072648657.892,"packetsReceived":162,"packetsLost":0}},{"from":"Ansh_7d76d88f-3f4d-4420-a512-a5cc2f44d116","to":"Avatansh_45135761-fc77-4220-bfd8-1309a3d2cf7e","Audio":{"timestamp":1611072653657.903,"packetsReceived":4423,"packetsLost":0},"Type":"inbound-rtp","Video":{"timestamp":1611072653657.903,"packetsReceived":167,"packetsLost":0}},{"from":"Ansh_7d76d88f-3f4d-4420-a512-a5cc2f44d116","to":"Avatansh_45135761-fc77-4220-bfd8-1309a3d2cf7e","Audio":{"timestamp":1611072653657.903,"packetsReceived":4423,"packetsLost":0},"Type":"inbound-rtp","Video":{"timestamp":1611072653657.903,"packetsReceived":167,"packetsLost":0}},{"from":"Ansh_7d76d88f-3f4d-4420-a512-a5cc2f44d116","to":"Avatansh_45135761-fc77-4220-bfd8-1309a3d2cf7e","Audio":{"timestamp":1611072658657.87,"packetsReceived":4673,"packetsLost":0},"Type":"inbound-rtp","Video":{"timestamp":1611072658657.87,"packetsReceived":172,"packetsLost":0}},{"from":"Ansh_7d76d88f-3f4d-4420-a512-a5cc2f44d116","to":"Avatansh_45135761-fc77-4220-bfd8-1309a3d2cf7e","Audio":{"timestamp":1611072658657.87,"packetsReceived":4673,"packetsLost":0},"Type":"inbound-rtp","Video":{"timestamp":1611072658657.87,"packetsReceived":172,"packetsLost":0}},{"from":"Ansh_7d76d88f-3f4d-4420-a512-a5cc2f44d116","to":"Avatansh_45135761-fc77-4220-bfd8-1309a3d2cf7e","Audio":{"timestamp":1611072663657.916,"packetsReceived":4923,"packetsLost":0},"Type":"inbound-rtp","Video":{"timestamp":1611072663657.916,"packetsReceived":176,"packetsLost":0}},{"from":"Ansh_7d76d88f-3f4d-4420-a512-a5cc2f44d116","to":"Avatansh_45135761-fc77-4220-bfd8-1309a3d2cf7e","Audio":{"timestamp":1611072663657.916,"packetsReceived":4923,"packetsLost":0},"Type":"inbound-rtp","Video":{"timestamp":1611072663657.916,"packetsReceived":176,"packetsLost":0}},{"from":"Ansh_7d76d88f-3f4d-4420-a512-a5cc2f44d116","to":"Avatansh_45135761-fc77-4220-bfd8-1309a3d2cf7e","Audio":{"timestamp":1611072668657.921,"packetsReceived":5173,"packetsLost":0},"Type":"inbound-rtp","Video":{"timestamp":1611072668657.921,"packetsReceived":181,"packetsLost":0}},{"from":"Ansh_7d76d88f-3f4d-4420-a512-a5cc2f44d116","to":"Avatansh_45135761-fc77-4220-bfd8-1309a3d2cf7e","Audio":{"timestamp":1611072668657.921,"packetsReceived":5173,"packetsLost":0},"Type":"inbound-rtp","Video":{"timestamp":1611072668657.921,"packetsReceived":181,"packetsLost":0}},{"from":"Ansh_7d76d88f-3f4d-4420-a512-a5cc2f44d116","to":"Avatansh_45135761-fc77-4220-bfd8-1309a3d2cf7e","Audio":{"timestamp":1611072673657.81,"packetsReceived":5423,"packetsLost":0},"Type":"inbound-rtp","Video":{"timestamp":1611072673657.81,"packetsReceived":186,"packetsLost":0}},{"from":"Ansh_7d76d88f-3f4d-4420-a512-a5cc2f44d116","to":"Avatansh_45135761-fc77-4220-bfd8-1309a3d2cf7e","Audio":{"timestamp":1611072673657.81,"packetsReceived":5423,"packetsLost":0},"Type":"inbound-rtp","Video":{"timestamp":1611072673657.81,"packetsReceived":186,"packetsLost":0}},{"from":"Ansh_7d76d88f-3f4d-4420-a512-a5cc2f44d116","to":"Avatansh_45135761-fc77-4220-bfd8-1309a3d2cf7e","Audio":{"timestamp":1611072678657.869,"packetsReceived":5673,"packetsLost":0},"Type":"inbound-rtp","Video":{"timestamp":1611072678657.869,"packetsReceived":190,"packetsLost":0}},{"from":"Ansh_7d76d88f-3f4d-4420-a512-a5cc2f44d116","to":"Avatansh_45135761-fc77-4220-bfd8-1309a3d2cf7e","Audio":{"timestamp":1611072678657.869,"packetsReceived":5673,"packetsLost":0},"Type":"inbound-rtp","Video":{"timestamp":1611072678657.869,"packetsReceived":190,"packetsLost":0}},{"from":"Ansh_7d76d88f-3f4d-4420-a512-a5cc2f44d116","to":"Avatansh_45135761-fc77-4220-bfd8-1309a3d2cf7e","Audio":{"timestamp":1611072683657.865,"packetsReceived":5923,"packetsLost":0},"Type":"inbound-rtp","Video":{"timestamp":1611072683657.865,"packetsReceived":195,"packetsLost":0}},{"from":"Ansh_7d76d88f-3f4d-4420-a512-a5cc2f44d116","to":"Avatansh_45135761-fc77-4220-bfd8-1309a3d2cf7e","Audio":{"timestamp":1611072683657.865,"packetsReceived":5923,"packetsLost":0},"Type":"inbound-rtp","Video":{"timestamp":1611072683657.865,"packetsReceived":195,"packetsLost":0}},{"from":"Ansh_7d76d88f-3f4d-4420-a512-a5cc2f44d116","to":"Avatansh_45135761-fc77-4220-bfd8-1309a3d2cf7e","Audio":{"timestamp":1611072688657.843,"packetsReceived":6173,"packetsLost":0},"Type":"inbound-rtp","Video":{"timestamp":1611072688657.843,"packetsReceived":200,"packetsLost":0}},{"from":"Ansh_7d76d88f-3f4d-4420-a512-a5cc2f44d116","to":"Avatansh_45135761-fc77-4220-bfd8-1309a3d2cf7e","Audio":{"timestamp":1611072688657.843,"packetsReceived":6173,"packetsLost":0},"Type":"inbound-rtp","Video":{"timestamp":1611072688657.843,"packetsReceived":200,"packetsLost":0}},{"from":"Ansh_7d76d88f-3f4d-4420-a512-a5cc2f44d116","to":"Avatansh_45135761-fc77-4220-bfd8-1309a3d2cf7e","Audio":{"timestamp":1611072693657.766,"packetsReceived":6423,"packetsLost":0},"Type":"inbound-rtp","Video":{"timestamp":1611072693657.766,"packetsReceived":204,"packetsLost":0}},{"from":"Ansh_7d76d88f-3f4d-4420-a512-a5cc2f44d116","to":"Avatansh_45135761-fc77-4220-bfd8-1309a3d2cf7e","Audio":{"timestamp":1611072693657.766,"packetsReceived":6423,"packetsLost":0},"Type":"inbound-rtp","Video":{"timestamp":1611072693657.766,"packetsReceived":204,"packetsLost":0}},{"from":"Ansh_7d76d88f-3f4d-4420-a512-a5cc2f44d116","to":"Avatansh_45135761-fc77-4220-bfd8-1309a3d2cf7e","Audio":{"timestamp":1611072698657.988,"packetsReceived":6673,"packetsLost":0},"Type":"inbound-rtp","Video":{"timestamp":1611072698657.988,"packetsReceived":227,"packetsLost":0}},{"from":"Ansh_7d76d88f-3f4d-4420-a512-a5cc2f44d116","to":"Avatansh_45135761-fc77-4220-bfd8-1309a3d2cf7e","Audio":{"timestamp":1611072698657.988,"packetsReceived":6673,"packetsLost":0},"Type":"inbound-rtp","Video":{"timestamp":1611072698657.988,"packetsReceived":227,"packetsLost":0}},{"from":"Ansh_7d76d88f-3f4d-4420-a512-a5cc2f44d116","to":"Avatansh_45135761-fc77-4220-bfd8-1309a3d2cf7e","Audio":{"timestamp":1611072703658.342,"packetsReceived":6923,"packetsLost":0},"Type":"inbound-rtp","Video":{"timestamp":1611072703658.342,"packetsReceived":276,"packetsLost":0}},{"from":"Ansh_7d76d88f-3f4d-4420-a512-a5cc2f44d116","to":"Avatansh_45135761-fc77-4220-bfd8-1309a3d2cf7e","Audio":{"timestamp":1611072703658.342,"packetsReceived":6923,"packetsLost":0},"Type":"inbound-rtp","Video":{"timestamp":1611072703658.342,"packetsReceived":276,"packetsLost":0}},{"from":"Ansh_7d76d88f-3f4d-4420-a512-a5cc2f44d116","to":"Avatansh_45135761-fc77-4220-bfd8-1309a3d2cf7e","Audio":{"timestamp":1611072708657.771,"packetsReceived":7174,"packetsLost":0},"Type":"inbound-rtp","Video":{"timestamp":1611072708657.771,"packetsReceived":280,"packetsLost":0}},{"from":"Ansh_7d76d88f-3f4d-4420-a512-a5cc2f44d116","to":"Avatansh_45135761-fc77-4220-bfd8-1309a3d2cf7e","Audio":{"timestamp":1611072708657.771,"packetsReceived":7174,"packetsLost":0},"Type":"inbound-rtp","Video":{"timestamp":1611072708657.771,"packetsReceived":280,"packetsLost":0}},{"from":"Ansh_7d76d88f-3f4d-4420-a512-a5cc2f44d116","to":"Avatansh_45135761-fc77-4220-bfd8-1309a3d2cf7e","Audio":{"timestamp":1611072713657.936,"packetsReceived":7423,"packetsLost":0},"Type":"inbound-rtp","Video":{"timestamp":1611072713657.936,"packetsReceived":285,"packetsLost":0}},{"from":"Ansh_7d76d88f-3f4d-4420-a512-a5cc2f44d116","to":"Avatansh_45135761-fc77-4220-bfd8-1309a3d2cf7e","Audio":{"timestamp":1611072713657.936,"packetsReceived":7423,"packetsLost":0},"Type":"inbound-rtp","Video":{"timestamp":1611072713657.936,"packetsReceived":285,"packetsLost":0}},{"from":"Ansh_7d76d88f-3f4d-4420-a512-a5cc2f44d116","to":"Avatansh_45135761-fc77-4220-bfd8-1309a3d2cf7e","Audio":{"timestamp":1611072718657.913,"packetsReceived":7673,"packetsLost":0},"Type":"inbound-rtp","Video":{"timestamp":1611072718657.913,"packetsReceived":290,"packetsLost":0}},{"from":"Ansh_7d76d88f-3f4d-4420-a512-a5cc2f44d116","to":"Avatansh_45135761-fc77-4220-bfd8-1309a3d2cf7e","Audio":{"timestamp":1611072718657.913,"packetsReceived":7673,"packetsLost":0},"Type":"inbound-rtp","Video":{"timestamp":1611072718657.913,"packetsReceived":290,"packetsLost":0}},{"from":"Ansh_7d76d88f-3f4d-4420-a512-a5cc2f44d116","to":"Avatansh_45135761-fc77-4220-bfd8-1309a3d2cf7e","Audio":{"timestamp":1611072723657.876,"packetsReceived":7923,"packetsLost":0},"Type":"inbound-rtp","Video":{"timestamp":1611072723657.876,"packetsReceived":338,"packetsLost":0}},{"from":"Ansh_7d76d88f-3f4d-4420-a512-a5cc2f44d116","to":"Avatansh_45135761-fc77-4220-bfd8-1309a3d2cf7e","Audio":{"timestamp":1611072723657.876,"packetsReceived":7923,"packetsLost":0},"Type":"inbound-rtp","Video":{"timestamp":1611072723657.876,"packetsReceived":338,"packetsLost":0}},{"from":"Ansh_7d76d88f-3f4d-4420-a512-a5cc2f44d116","to":"Avatansh_45135761-fc77-4220-bfd8-1309a3d2cf7e","Audio":{"timestamp":1611072728657.89,"packetsReceived":8173,"packetsLost":0},"Type":"inbound-rtp","Video":{"timestamp":1611072728657.89,"packetsReceived":346,"packetsLost":0}},{"from":"Ansh_7d76d88f-3f4d-4420-a512-a5cc2f44d116","to":"Avatansh_45135761-fc77-4220-bfd8-1309a3d2cf7e","Audio":{"timestamp":1611072728657.89,"packetsReceived":8173,"packetsLost":0},"Type":"inbound-rtp","Video":{"timestamp":1611072728657.89,"packetsReceived":346,"packetsLost":0}},{"from":"Ansh_7d76d88f-3f4d-4420-a512-a5cc2f44d116","to":"Avatansh_45135761-fc77-4220-bfd8-1309a3d2cf7e","Audio":{"timestamp":1611072733657.898,"packetsReceived":8423,"packetsLost":0},"Type":"inbound-rtp","Video":{"timestamp":1611072733657.898,"packetsReceived":351,"packetsLost":0}},{"from":"Ansh_7d76d88f-3f4d-4420-a512-a5cc2f44d116","to":"Avatansh_45135761-fc77-4220-bfd8-1309a3d2cf7e","Audio":{"timestamp":1611072733657.898,"packetsReceived":8423,"packetsLost":0},"Type":"inbound-rtp","Video":{"timestamp":1611072733657.898,"packetsReceived":351,"packetsLost":0}},{"from":"Ansh_7d76d88f-3f4d-4420-a512-a5cc2f44d116","to":"Avatansh_45135761-fc77-4220-bfd8-1309a3d2cf7e","Audio":{"timestamp":1611072738657.846,"packetsReceived":8673,"packetsLost":0},"Type":"inbound-rtp","Video":{"timestamp":1611072738657.846,"packetsReceived":356,"packetsLost":0}},{"from":"Ansh_7d76d88f-3f4d-4420-a512-a5cc2f44d116","to":"Avatansh_45135761-fc77-4220-bfd8-1309a3d2cf7e","Audio":{"timestamp":1611072738657.846,"packetsReceived":8673,"packetsLost":0},"Type":"inbound-rtp","Video":{"timestamp":1611072738657.846,"packetsReceived":356,"packetsLost":0}},{"from":"Ansh_7d76d88f-3f4d-4420-a512-a5cc2f44d116","to":"Avatansh_45135761-fc77-4220-bfd8-1309a3d2cf7e","Audio":{"timestamp":1611072743658.567,"packetsReceived":8923,"packetsLost":0},"Type":"inbound-rtp","Video":{"timestamp":1611072743658.567,"packetsReceived":360,"packetsLost":0}},{"from":"Ansh_7d76d88f-3f4d-4420-a512-a5cc2f44d116","to":"Avatansh_45135761-fc77-4220-bfd8-1309a3d2cf7e","Audio":{"timestamp":1611072743658.567,"packetsReceived":8923,"packetsLost":0},"Type":"inbound-rtp","Video":{"timestamp":1611072743658.567,"packetsReceived":360,"packetsLost":0}},{"from":"Ansh_7d76d88f-3f4d-4420-a512-a5cc2f44d116","to":"Avatansh_45135761-fc77-4220-bfd8-1309a3d2cf7e","Audio":{"timestamp":1611072748657.874,"packetsReceived":9173,"packetsLost":0},"Type":"inbound-rtp","Video":{"timestamp":1611072748657.874,"packetsReceived":365,"packetsLost":0}},{"from":"Ansh_7d76d88f-3f4d-4420-a512-a5cc2f44d116","to":"Avatansh_45135761-fc77-4220-bfd8-1309a3d2cf7e","Audio":{"timestamp":1611072748657.874,"packetsReceived":9173,"packetsLost":0},"Type":"inbound-rtp","Video":{"timestamp":1611072748657.874,"packetsReceived":365,"packetsLost":0}},{"from":"Ansh_7d76d88f-3f4d-4420-a512-a5cc2f44d116","to":"Avatansh_45135761-fc77-4220-bfd8-1309a3d2cf7e","Audio":{"timestamp":1611072753657.866,"packetsReceived":9423,"packetsLost":0},"Type":"inbound-rtp","Video":{"timestamp":1611072753657.866,"packetsReceived":370,"packetsLost":0}},{"from":"Ansh_7d76d88f-3f4d-4420-a512-a5cc2f44d116","to":"Avatansh_45135761-fc77-4220-bfd8-1309a3d2cf7e","Audio":{"timestamp":1611072753657.866,"packetsReceived":9423,"packetsLost":0},"Type":"inbound-rtp","Video":{"timestamp":1611072753657.866,"packetsReceived":370,"packetsLost":0}},{"from":"Ansh_7d76d88f-3f4d-4420-a512-a5cc2f44d116","to":"Avatansh_45135761-fc77-4220-bfd8-1309a3d2cf7e","Audio":{"timestamp":1611072758657.878,"packetsReceived":9673,"packetsLost":0},"Type":"inbound-rtp","Video":{"timestamp":1611072758657.878,"packetsReceived":374,"packetsLost":0}},{"from":"Ansh_7d76d88f-3f4d-4420-a512-a5cc2f44d116","to":"Avatansh_45135761-fc77-4220-bfd8-1309a3d2cf7e","Audio":{"timestamp":1611072758657.878,"packetsReceived":9673,"packetsLost":0},"Type":"inbound-rtp","Video":{"timestamp":1611072758657.878,"packetsReceived":374,"packetsLost":0}},{"from":"Ansh_7d76d88f-3f4d-4420-a512-a5cc2f44d116","to":"Avatansh_45135761-fc77-4220-bfd8-1309a3d2cf7e","Audio":{"timestamp":1611072763657.873,"packetsReceived":9923,"packetsLost":0},"Type":"inbound-rtp","Video":{"timestamp":1611072763657.873,"packetsReceived":431,"packetsLost":0}},{"from":"Ansh_7d76d88f-3f4d-4420-a512-a5cc2f44d116","to":"Avatansh_45135761-fc77-4220-bfd8-1309a3d2cf7e","Audio":{"timestamp":1611072763657.873,"packetsReceived":9923,"packetsLost":0},"Type":"inbound-rtp","Video":{"timestamp":1611072763657.873,"packetsReceived":431,"packetsLost":0}},{"from":"Ansh_7d76d88f-3f4d-4420-a512-a5cc2f44d116","to":"Avatansh_45135761-fc77-4220-bfd8-1309a3d2cf7e","Audio":{"timestamp":1611072768657.852,"packetsReceived":10173,"packetsLost":0},"Type":"inbound-rtp","Video":{"timestamp":1611072768657.852,"packetsReceived":444,"packetsLost":0}},{"from":"Ansh_7d76d88f-3f4d-4420-a512-a5cc2f44d116","to":"Avatansh_45135761-fc77-4220-bfd8-1309a3d2cf7e","Audio":{"timestamp":1611072768657.852,"packetsReceived":10173,"packetsLost":0},"Type":"inbound-rtp","Video":{"timestamp":1611072768657.852,"packetsReceived":444,"packetsLost":0}},{"from":"Ansh_7d76d88f-3f4d-4420-a512-a5cc2f44d116","to":"Avatansh_45135761-fc77-4220-bfd8-1309a3d2cf7e","Audio":{"timestamp":1611072773657.88,"packetsReceived":10423,"packetsLost":0},"Type":"inbound-rtp","Video":{"timestamp":1611072773657.88,"packetsReceived":448,"packetsLost":0}},{"from":"Ansh_7d76d88f-3f4d-4420-a512-a5cc2f44d116","to":"Avatansh_45135761-fc77-4220-bfd8-1309a3d2cf7e","Audio":{"timestamp":1611072773657.88,"packetsReceived":10423,"packetsLost":0},"Type":"inbound-rtp","Video":{"timestamp":1611072773657.88,"packetsReceived":448,"packetsLost":0}},{"from":"Ansh_7d76d88f-3f4d-4420-a512-a5cc2f44d116","to":"Avatansh_45135761-fc77-4220-bfd8-1309a3d2cf7e","Audio":{"timestamp":1611072778657.844,"packetsReceived":10673,"packetsLost":0},"Type":"inbound-rtp","Video":{"timestamp":1611072778657.844,"packetsReceived":453,"packetsLost":0}},{"from":"Ansh_7d76d88f-3f4d-4420-a512-a5cc2f44d116","to":"Avatansh_45135761-fc77-4220-bfd8-1309a3d2cf7e","Audio":{"timestamp":1611072778657.844,"packetsReceived":10673,"packetsLost":0},"Type":"inbound-rtp","Video":{"timestamp":1611072778657.844,"packetsReceived":453,"packetsLost":0}},{"from":"Ansh_7d76d88f-3f4d-4420-a512-a5cc2f44d116","to":"Avatansh_45135761-fc77-4220-bfd8-1309a3d2cf7e","Audio":{"timestamp":1611072783657.857,"packetsReceived":10923,"packetsLost":0},"Type":"inbound-rtp","Video":{"timestamp":1611072783657.857,"packetsReceived":458,"packetsLost":0}},{"from":"Ansh_7d76d88f-3f4d-4420-a512-a5cc2f44d116","to":"Avatansh_45135761-fc77-4220-bfd8-1309a3d2cf7e","Audio":{"timestamp":1611072783657.857,"packetsReceived":10923,"packetsLost":0},"Type":"inbound-rtp","Video":{"timestamp":1611072783657.857,"packetsReceived":458,"packetsLost":0}},{"from":"Ansh_7d76d88f-3f4d-4420-a512-a5cc2f44d116","to":"Avatansh_45135761-fc77-4220-bfd8-1309a3d2cf7e","Audio":{"timestamp":1611072788657.846,"packetsReceived":11173,"packetsLost":0},"Type":"inbound-rtp","Video":{"timestamp":1611072788657.846,"packetsReceived":462,"packetsLost":0}},{"from":"Ansh_7d76d88f-3f4d-4420-a512-a5cc2f44d116","to":"Avatansh_45135761-fc77-4220-bfd8-1309a3d2cf7e","Audio":{"timestamp":1611072788657.846,"packetsReceived":11173,"packetsLost":0},"Type":"inbound-rtp","Video":{"timestamp":1611072788657.846,"packetsReceived":462,"packetsLost":0}},{"from":"Ansh_7d76d88f-3f4d-4420-a512-a5cc2f44d116","to":"Avatansh_45135761-fc77-4220-bfd8-1309a3d2cf7e","Audio":{"timestamp":1611072793657.888,"packetsReceived":11423,"packetsLost":0},"Type":"inbound-rtp","Video":{"timestamp":1611072793657.888,"packetsReceived":467,"packetsLost":0}},{"from":"Ansh_7d76d88f-3f4d-4420-a512-a5cc2f44d116","to":"Avatansh_45135761-fc77-4220-bfd8-1309a3d2cf7e","Audio":{"timestamp":1611072793657.888,"packetsReceived":11423,"packetsLost":0},"Type":"inbound-rtp","Video":{"timestamp":1611072793657.888,"packetsReceived":467,"packetsLost":0}},{"from":"Ansh_7d76d88f-3f4d-4420-a512-a5cc2f44d116","to":"Avatansh_45135761-fc77-4220-bfd8-1309a3d2cf7e","Audio":{"timestamp":1611072798657.821,"packetsReceived":11673,"packetsLost":0},"Type":"inbound-rtp","Video":{"timestamp":1611072798657.821,"packetsReceived":472,"packetsLost":0}},{"from":"Ansh_7d76d88f-3f4d-4420-a512-a5cc2f44d116","to":"Avatansh_45135761-fc77-4220-bfd8-1309a3d2cf7e","Audio":{"timestamp":1611072798657.821,"packetsReceived":11673,"packetsLost":0},"Type":"inbound-rtp","Video":{"timestamp":1611072798657.821,"packetsReceived":472,"packetsLost":0}},{"from":"Ansh_7d76d88f-3f4d-4420-a512-a5cc2f44d116","to":"Avatansh_45135761-fc77-4220-bfd8-1309a3d2cf7e","Audio":{"timestamp":1611072803657.973,"packetsReceived":11923,"packetsLost":0},"Type":"inbound-rtp","Video":{"timestamp":1611072803657.973,"packetsReceived":476,"packetsLost":0}},{"from":"Ansh_7d76d88f-3f4d-4420-a512-a5cc2f44d116","to":"Avatansh_45135761-fc77-4220-bfd8-1309a3d2cf7e","Audio":{"timestamp":1611072803657.973,"packetsReceived":11923,"packetsLost":0},"Type":"inbound-rtp","Video":{"timestamp":1611072803657.973,"packetsReceived":476,"packetsLost":0}},{"from":"Ansh_7d76d88f-3f4d-4420-a512-a5cc2f44d116","to":"Avatansh_45135761-fc77-4220-bfd8-1309a3d2cf7e","Audio":{"timestamp":1611072808657.879,"packetsReceived":12173,"packetsLost":0},"Type":"inbound-rtp","Video":{"timestamp":1611072808657.879,"packetsReceived":481,"packetsLost":0}},{"from":"Ansh_7d76d88f-3f4d-4420-a512-a5cc2f44d116","to":"Avatansh_45135761-fc77-4220-bfd8-1309a3d2cf7e","Audio":{"timestamp":1611072808657.879,"packetsReceived":12173,"packetsLost":0},"Type":"inbound-rtp","Video":{"timestamp":1611072808657.879,"packetsReceived":481,"packetsLost":0}},{"from":"Ansh_7d76d88f-3f4d-4420-a512-a5cc2f44d116","to":"Avatansh_45135761-fc77-4220-bfd8-1309a3d2cf7e","Audio":{"timestamp":1611072813657.914,"packetsReceived":12423,"packetsLost":0},"Type":"inbound-rtp","Video":{"timestamp":1611072813657.914,"packetsReceived":486,"packetsLost":0}},{"from":"Ansh_7d76d88f-3f4d-4420-a512-a5cc2f44d116","to":"Avatansh_45135761-fc77-4220-bfd8-1309a3d2cf7e","Audio":{"timestamp":1611072813657.914,"packetsReceived":12423,"packetsLost":0},"Type":"inbound-rtp","Video":{"timestamp":1611072813657.914,"packetsReceived":486,"packetsLost":0}},{"from":"Ansh_7d76d88f-3f4d-4420-a512-a5cc2f44d116","to":"Avatansh_45135761-fc77-4220-bfd8-1309a3d2cf7e","Audio":{"timestamp":1611072818657.844,"packetsReceived":12673,"packetsLost":0},"Type":"inbound-rtp","Video":{"timestamp":1611072818657.844,"packetsReceived":490,"packetsLost":0}},{"from":"Ansh_7d76d88f-3f4d-4420-a512-a5cc2f44d116","to":"Avatansh_45135761-fc77-4220-bfd8-1309a3d2cf7e","Audio":{"timestamp":1611072818657.844,"packetsReceived":12673,"packetsLost":0},"Type":"inbound-rtp","Video":{"timestamp":1611072818657.844,"packetsReceived":490,"packetsLost":0}},{"from":"Ansh_7d76d88f-3f4d-4420-a512-a5cc2f44d116","to":"Avatansh_45135761-fc77-4220-bfd8-1309a3d2cf7e","Audio":{"timestamp":1611072823657.973,"packetsReceived":12923,"packetsLost":0},"Type":"inbound-rtp","Video":{"timestamp":1611072823657.973,"packetsReceived":495,"packetsLost":0}},{"from":"Ansh_7d76d88f-3f4d-4420-a512-a5cc2f44d116","to":"Avatansh_45135761-fc77-4220-bfd8-1309a3d2cf7e","Audio":{"timestamp":1611072823657.973,"packetsReceived":12923,"packetsLost":0},"Type":"inbound-rtp","Video":{"timestamp":1611072823657.973,"packetsReceived":495,"packetsLost":0}},{"from":"Ansh_7d76d88f-3f4d-4420-a512-a5cc2f44d116","to":"Avatansh_45135761-fc77-4220-bfd8-1309a3d2cf7e","Audio":{"timestamp":1611072828657.874,"packetsReceived":13173,"packetsLost":0},"Type":"inbound-rtp","Video":{"timestamp":1611072828657.874,"packetsReceived":628,"packetsLost":0}},{"from":"Ansh_7d76d88f-3f4d-4420-a512-a5cc2f44d116","to":"Avatansh_45135761-fc77-4220-bfd8-1309a3d2cf7e","Audio":{"timestamp":1611072828657.874,"packetsReceived":13173,"packetsLost":0},"Type":"inbound-rtp","Video":{"timestamp":1611072828657.874,"packetsReceived":628,"packetsLost":0}},{"from":"Ansh_7d76d88f-3f4d-4420-a512-a5cc2f44d116","to":"Avatansh_45135761-fc77-4220-bfd8-1309a3d2cf7e","Audio":{"timestamp":1611072833657.784,"packetsReceived":13423,"packetsLost":0},"Type":"inbound-rtp","Video":{"timestamp":1611072833657.784,"packetsReceived":706,"packetsLost":0}},{"from":"Ansh_7d76d88f-3f4d-4420-a512-a5cc2f44d116","to":"Avatansh_45135761-fc77-4220-bfd8-1309a3d2cf7e","Audio":{"timestamp":1611072833657.784,"packetsReceived":13423,"packetsLost":0},"Type":"inbound-rtp","Video":{"timestamp":1611072833657.784,"packetsReceived":706,"packetsLost":0}},{"from":"Ansh_7d76d88f-3f4d-4420-a512-a5cc2f44d116","to":"Avatansh_45135761-fc77-4220-bfd8-1309a3d2cf7e","Audio":{"timestamp":1611072838657.906,"packetsReceived":13673,"packetsLost":0},"Type":"inbound-rtp","Video":{"timestamp":1611072838657.906,"packetsReceived":736,"packetsLost":0}},{"from":"Ansh_7d76d88f-3f4d-4420-a512-a5cc2f44d116","to":"Avatansh_45135761-fc77-4220-bfd8-1309a3d2cf7e","Audio":{"timestamp":1611072838657.906,"packetsReceived":13673,"packetsLost":0},"Type":"inbound-rtp","Video":{"timestamp":1611072838657.906,"packetsReceived":736,"packetsLost":0}},{"from":"Ansh_7d76d88f-3f4d-4420-a512-a5cc2f44d116","to":"Avatansh_45135761-fc77-4220-bfd8-1309a3d2cf7e","Audio":{"timestamp":1611072843657.874,"packetsReceived":13923,"packetsLost":0},"Type":"inbound-rtp","Video":{"timestamp":1611072843657.874,"packetsReceived":762,"packetsLost":0}},{"from":"Ansh_7d76d88f-3f4d-4420-a512-a5cc2f44d116","to":"Avatansh_45135761-fc77-4220-bfd8-1309a3d2cf7e","Audio":{"timestamp":1611072843657.874,"packetsReceived":13923,"packetsLost":0},"Type":"inbound-rtp","Video":{"timestamp":1611072843657.874,"packetsReceived":762,"packetsLost":0}},{"from":"Ansh_7d76d88f-3f4d-4420-a512-a5cc2f44d116","to":"Avatansh_45135761-fc77-4220-bfd8-1309a3d2cf7e","Audio":{"timestamp":1611072848657.812,"packetsReceived":14173,"packetsLost":0},"Type":"inbound-rtp","Video":{"timestamp":1611072848657.812,"packetsReceived":782,"packetsLost":0}},{"from":"Ansh_7d76d88f-3f4d-4420-a512-a5cc2f44d116","to":"Avatansh_45135761-fc77-4220-bfd8-1309a3d2cf7e","Audio":{"timestamp":1611072848657.812,"packetsReceived":14173,"packetsLost":0},"Type":"inbound-rtp","Video":{"timestamp":1611072848657.812,"packetsReceived":782,"packetsLost":0}},{"from":"Ansh_7d76d88f-3f4d-4420-a512-a5cc2f44d116","to":"Avatansh_45135761-fc77-4220-bfd8-1309a3d2cf7e","Audio":{"timestamp":1611072853657.824,"packetsReceived":14423,"packetsLost":0},"Type":"inbound-rtp","Video":{"timestamp":1611072853657.824,"packetsReceived":807,"packetsLost":0}},{"from":"Ansh_7d76d88f-3f4d-4420-a512-a5cc2f44d116","to":"Avatansh_45135761-fc77-4220-bfd8-1309a3d2cf7e","Audio":{"timestamp":1611072853657.824,"packetsReceived":14423,"packetsLost":0},"Type":"inbound-rtp","Video":{"timestamp":1611072853657.824,"packetsReceived":807,"packetsLost":0}},{"from":"Ansh_7d76d88f-3f4d-4420-a512-a5cc2f44d116","to":"Avatansh_45135761-fc77-4220-bfd8-1309a3d2cf7e","Audio":{"timestamp":1611072858657.837,"packetsReceived":14673,"packetsLost":0},"Type":"inbound-rtp","Video":{"timestamp":1611072858657.837,"packetsReceived":832,"packetsLost":0}},{"from":"Ansh_7d76d88f-3f4d-4420-a512-a5cc2f44d116","to":"Avatansh_45135761-fc77-4220-bfd8-1309a3d2cf7e","Audio":{"timestamp":1611072858657.837,"packetsReceived":14673,"packetsLost":0},"Type":"inbound-rtp","Video":{"timestamp":1611072858657.837,"packetsReceived":832,"packetsLost":0}},{"from":"Ansh_7d76d88f-3f4d-4420-a512-a5cc2f44d116","to":"Avatansh_45135761-fc77-4220-bfd8-1309a3d2cf7e","Audio":{"timestamp":1611072863657.968,"packetsReceived":14923,"packetsLost":0},"Type":"inbound-rtp","Video":{"timestamp":1611072863657.968,"packetsReceived":929,"packetsLost":0}},{"from":"Ansh_7d76d88f-3f4d-4420-a512-a5cc2f44d116","to":"Avatansh_45135761-fc77-4220-bfd8-1309a3d2cf7e","Audio":{"timestamp":1611072863657.968,"packetsReceived":14923,"packetsLost":0},"Type":"inbound-rtp","Video":{"timestamp":1611072863657.968,"packetsReceived":929,"packetsLost":0}},{"from":"Ansh_7d76d88f-3f4d-4420-a512-a5cc2f44d116","to":"Avatansh_45135761-fc77-4220-bfd8-1309a3d2cf7e","Audio":{"timestamp":1611072868657.855,"packetsReceived":15173,"packetsLost":0},"Type":"inbound-rtp","Video":{"timestamp":1611072868657.855,"packetsReceived":941,"packetsLost":0}},{"from":"Ansh_7d76d88f-3f4d-4420-a512-a5cc2f44d116","to":"Avatansh_45135761-fc77-4220-bfd8-1309a3d2cf7e","Audio":{"timestamp":1611072868657.855,"packetsReceived":15173,"packetsLost":0},"Type":"inbound-rtp","Video":{"timestamp":1611072868657.855,"packetsReceived":941,"packetsLost":0}},{"from":"Ansh_7d76d88f-3f4d-4420-a512-a5cc2f44d116","to":"Avatansh_45135761-fc77-4220-bfd8-1309a3d2cf7e","Audio":{"timestamp":1611072873657.88,"packetsReceived":15423,"packetsLost":0},"Type":"inbound-rtp","Video":{"timestamp":1611072873657.88,"packetsReceived":956,"packetsLost":0}},{"from":"Ansh_7d76d88f-3f4d-4420-a512-a5cc2f44d116","to":"Avatansh_45135761-fc77-4220-bfd8-1309a3d2cf7e","Audio":{"timestamp":1611072873657.88,"packetsReceived":15423,"packetsLost":0},"Type":"inbound-rtp","Video":{"timestamp":1611072873657.88,"packetsReceived":956,"packetsLost":0}},{"from":"Ansh_7d76d88f-3f4d-4420-a512-a5cc2f44d116","to":"Avatansh_45135761-fc77-4220-bfd8-1309a3d2cf7e","Audio":{"timestamp":1611072878657.881,"packetsReceived":15673,"packetsLost":0},"Type":"inbound-rtp","Video":{"timestamp":1611072878657.881,"packetsReceived":971,"packetsLost":0}},{"from":"Ansh_7d76d88f-3f4d-4420-a512-a5cc2f44d116","to":"Avatansh_45135761-fc77-4220-bfd8-1309a3d2cf7e","Audio":{"timestamp":1611072878657.881,"packetsReceived":15673,"packetsLost":0},"Type":"inbound-rtp","Video":{"timestamp":1611072878657.881,"packetsReceived":971,"packetsLost":0}},{"from":"Ansh_7d76d88f-3f4d-4420-a512-a5cc2f44d116","to":"Avatansh_45135761-fc77-4220-bfd8-1309a3d2cf7e","Audio":{"timestamp":1611072883657.899,"packetsReceived":15923,"packetsLost":0},"Type":"inbound-rtp","Video":{"timestamp":1611072883657.899,"packetsReceived":982,"packetsLost":0}},{"from":"Ansh_7d76d88f-3f4d-4420-a512-a5cc2f44d116","to":"Avatansh_45135761-fc77-4220-bfd8-1309a3d2cf7e","Audio":{"timestamp":1611072883657.899,"packetsReceived":15923,"packetsLost":0},"Type":"inbound-rtp","Video":{"timestamp":1611072883657.899,"packetsReceived":982,"packetsLost":0}},{"from":"Ansh_7d76d88f-3f4d-4420-a512-a5cc2f44d116","to":"Avatansh_45135761-fc77-4220-bfd8-1309a3d2cf7e","Audio":{"timestamp":1611072888657.823,"packetsReceived":16173,"packetsLost":0},"Type":"inbound-rtp","Video":{"timestamp":1611072888657.823,"packetsReceived":997,"packetsLost":0}},{"from":"Ansh_7d76d88f-3f4d-4420-a512-a5cc2f44d116","to":"Avatansh_45135761-fc77-4220-bfd8-1309a3d2cf7e","Audio":{"timestamp":1611072888657.823,"packetsReceived":16173,"packetsLost":0},"Type":"inbound-rtp","Video":{"timestamp":1611072888657.823,"packetsReceived":997,"packetsLost":0}},{"from":"Ansh_7d76d88f-3f4d-4420-a512-a5cc2f44d116","to":"Avatansh_45135761-fc77-4220-bfd8-1309a3d2cf7e","Audio":{"timestamp":1611072893657.836,"packetsReceived":16423,"packetsLost":0},"Type":"inbound-rtp","Video":{"timestamp":1611072893657.836,"packetsReceived":1012,"packetsLost":0}},{"from":"Ansh_7d76d88f-3f4d-4420-a512-a5cc2f44d116","to":"Avatansh_45135761-fc77-4220-bfd8-1309a3d2cf7e","Audio":{"timestamp":1611072893657.836,"packetsReceived":16423,"packetsLost":0},"Type":"inbound-rtp","Video":{"timestamp":1611072893657.836,"packetsReceived":1012,"packetsLost":0}},{"from":"Ansh_7d76d88f-3f4d-4420-a512-a5cc2f44d116","to":"Avatansh_45135761-fc77-4220-bfd8-1309a3d2cf7e","Audio":{"timestamp":1611072898657.858,"packetsReceived":16673,"packetsLost":0},"Type":"inbound-rtp","Video":{"timestamp":1611072898657.858,"packetsReceived":1024,"packetsLost":0}},{"from":"Ansh_7d76d88f-3f4d-4420-a512-a5cc2f44d116","to":"Avatansh_45135761-fc77-4220-bfd8-1309a3d2cf7e","Audio":{"timestamp":1611072898657.858,"packetsReceived":16673,"packetsLost":0},"Type":"inbound-rtp","Video":{"timestamp":1611072898657.858,"packetsReceived":1024,"packetsLost":0}},{"from":"Ansh_7d76d88f-3f4d-4420-a512-a5cc2f44d116","to":"Avatansh_45135761-fc77-4220-bfd8-1309a3d2cf7e","Audio":{"timestamp":1611072903657.849,"packetsReceived":16923,"packetsLost":0},"Type":"inbound-rtp","Video":{"timestamp":1611072903657.849,"packetsReceived":1038,"packetsLost":0}},{"from":"Ansh_7d76d88f-3f4d-4420-a512-a5cc2f44d116","to":"Avatansh_45135761-fc77-4220-bfd8-1309a3d2cf7e","Audio":{"timestamp":1611072903657.849,"packetsReceived":16923,"packetsLost":0},"Type":"inbound-rtp","Video":{"timestamp":1611072903657.849,"packetsReceived":1038,"packetsLost":0}},{"from":"Ansh_7d76d88f-3f4d-4420-a512-a5cc2f44d116","to":"Avatansh_45135761-fc77-4220-bfd8-1309a3d2cf7e","Audio":{"timestamp":1611072908657.854,"packetsReceived":17173,"packetsLost":0},"Type":"inbound-rtp","Video":{"timestamp":1611072908657.854,"packetsReceived":1053,"packetsLost":0}},{"from":"Ansh_7d76d88f-3f4d-4420-a512-a5cc2f44d116","to":"Avatansh_45135761-fc77-4220-bfd8-1309a3d2cf7e","Audio":{"timestamp":1611072908657.854,"packetsReceived":17173,"packetsLost":0},"Type":"inbound-rtp","Video":{"timestamp":1611072908657.854,"packetsReceived":1053,"packetsLost":0}},{"from":"Ansh_7d76d88f-3f4d-4420-a512-a5cc2f44d116","to":"Avatansh_45135761-fc77-4220-bfd8-1309a3d2cf7e","Audio":{"timestamp":1611072913657.842,"packetsReceived":17423,"packetsLost":0},"Type":"inbound-rtp","Video":{"timestamp":1611072913657.842,"packetsReceived":1065,"packetsLost":0}},{"from":"Ansh_7d76d88f-3f4d-4420-a512-a5cc2f44d116","to":"Avatansh_45135761-fc77-4220-bfd8-1309a3d2cf7e","Audio":{"timestamp":1611072913657.842,"packetsReceived":17423,"packetsLost":0},"Type":"inbound-rtp","Video":{"timestamp":1611072913657.842,"packetsReceived":1065,"packetsLost":0}},{"from":"Ansh_7d76d88f-3f4d-4420-a512-a5cc2f44d116","to":"Avatansh_45135761-fc77-4220-bfd8-1309a3d2cf7e","Audio":{"timestamp":1611072918657.811,"packetsReceived":17673,"packetsLost":0},"Type":"inbound-rtp","Video":{"timestamp":1611072918657.811,"packetsReceived":1080,"packetsLost":0}},{"from":"Ansh_7d76d88f-3f4d-4420-a512-a5cc2f44d116","to":"Avatansh_45135761-fc77-4220-bfd8-1309a3d2cf7e","Audio":{"timestamp":1611072918657.811,"packetsReceived":17673,"packetsLost":0},"Type":"inbound-rtp","Video":{"timestamp":1611072918657.811,"packetsReceived":1080,"packetsLost":0}},{"from":"Ansh_7d76d88f-3f4d-4420-a512-a5cc2f44d116","to":"Avatansh_45135761-fc77-4220-bfd8-1309a3d2cf7e","Audio":{"timestamp":1611072923657.873,"packetsReceived":17923,"packetsLost":0},"Type":"inbound-rtp","Video":{"timestamp":1611072923657.873,"packetsReceived":1092,"packetsLost":0}},{"from":"Ansh_7d76d88f-3f4d-4420-a512-a5cc2f44d116","to":"Avatansh_45135761-fc77-4220-bfd8-1309a3d2cf7e","Audio":{"timestamp":1611072923657.873,"packetsReceived":17923,"packetsLost":0},"Type":"inbound-rtp","Video":{"timestamp":1611072923657.873,"packetsReceived":1092,"packetsLost":0}},{"from":"Ansh_7d76d88f-3f4d-4420-a512-a5cc2f44d116","to":"Avatansh_45135761-fc77-4220-bfd8-1309a3d2cf7e","Audio":{"timestamp":1611072928657.928,"packetsReceived":18173,"packetsLost":0},"Type":"inbound-rtp","Video":{"timestamp":1611072928657.928,"packetsReceived":1104,"packetsLost":0}},{"from":"Ansh_7d76d88f-3f4d-4420-a512-a5cc2f44d116","to":"Avatansh_45135761-fc77-4220-bfd8-1309a3d2cf7e","Audio":{"timestamp":1611072928657.928,"packetsReceived":18173,"packetsLost":0},"Type":"inbound-rtp","Video":{"timestamp":1611072928657.928,"packetsReceived":1104,"packetsLost":0}},{"from":"Ansh_7d76d88f-3f4d-4420-a512-a5cc2f44d116","to":"Avatansh_45135761-fc77-4220-bfd8-1309a3d2cf7e","Audio":{"timestamp":1611072933657.987,"packetsReceived":18423,"packetsLost":0},"Type":"inbound-rtp","Video":{"timestamp":1611072933657.987,"packetsReceived":1119,"packetsLost":0}},{"from":"Ansh_7d76d88f-3f4d-4420-a512-a5cc2f44d116","to":"Avatansh_45135761-fc77-4220-bfd8-1309a3d2cf7e","Audio":{"timestamp":1611072933657.987,"packetsReceived":18423,"packetsLost":0},"Type":"inbound-rtp","Video":{"timestamp":1611072933657.987,"packetsReceived":1119,"packetsLost":0}},{"from":"Ansh_7d76d88f-3f4d-4420-a512-a5cc2f44d116","to":"Avatansh_45135761-fc77-4220-bfd8-1309a3d2cf7e","Audio":{"timestamp":1611072938658.031,"packetsReceived":18673,"packetsLost":0},"Type":"inbound-rtp","Video":{"timestamp":1611072938658.031,"packetsReceived":1134,"packetsLost":0}},{"from":"Ansh_7d76d88f-3f4d-4420-a512-a5cc2f44d116","to":"Avatansh_45135761-fc77-4220-bfd8-1309a3d2cf7e","Audio":{"timestamp":1611072938658.031,"packetsReceived":18673,"packetsLost":0},"Type":"inbound-rtp","Video":{"timestamp":1611072938658.031,"packetsReceived":1134,"packetsLost":0}},{"from":"Ansh_7d76d88f-3f4d-4420-a512-a5cc2f44d116","to":"Avatansh_45135761-fc77-4220-bfd8-1309a3d2cf7e","Audio":{"timestamp":1611072943657.828,"packetsReceived":18923,"packetsLost":0},"Type":"inbound-rtp","Video":{"timestamp":1611072943657.828,"packetsReceived":1145,"packetsLost":0}},{"from":"Ansh_7d76d88f-3f4d-4420-a512-a5cc2f44d116","to":"Avatansh_45135761-fc77-4220-bfd8-1309a3d2cf7e","Audio":{"timestamp":1611072943657.828,"packetsReceived":18923,"packetsLost":0},"Type":"inbound-rtp","Video":{"timestamp":1611072943657.828,"packetsReceived":1145,"packetsLost":0}},{"from":"Ansh_7d76d88f-3f4d-4420-a512-a5cc2f44d116","to":"Avatansh_45135761-fc77-4220-bfd8-1309a3d2cf7e","Audio":{"timestamp":1611072948657.858,"packetsReceived":19173,"packetsLost":0},"Type":"inbound-rtp","Video":{"timestamp":1611072948657.858,"packetsReceived":1157,"packetsLost":0}},{"from":"Ansh_7d76d88f-3f4d-4420-a512-a5cc2f44d116","to":"Avatansh_45135761-fc77-4220-bfd8-1309a3d2cf7e","Audio":{"timestamp":1611072948657.858,"packetsReceived":19173,"packetsLost":0},"Type":"inbound-rtp","Video":{"timestamp":1611072948657.858,"packetsReceived":1157,"packetsLost":0}},{"from":"Ansh_7d76d88f-3f4d-4420-a512-a5cc2f44d116","to":"Avatansh_45135761-fc77-4220-bfd8-1309a3d2cf7e","Audio":{"timestamp":1611072953657.834,"packetsReceived":19423,"packetsLost":0},"Type":"inbound-rtp","Video":{"timestamp":1611072953657.834,"packetsReceived":1169,"packetsLost":0}},{"from":"Ansh_7d76d88f-3f4d-4420-a512-a5cc2f44d116","to":"Avatansh_45135761-fc77-4220-bfd8-1309a3d2cf7e","Audio":{"timestamp":1611072953657.834,"packetsReceived":19423,"packetsLost":0},"Type":"inbound-rtp","Video":{"timestamp":1611072953657.834,"packetsReceived":1169,"packetsLost":0}},{"from":"Ansh_7d76d88f-3f4d-4420-a512-a5cc2f44d116","to":"Avatansh_45135761-fc77-4220-bfd8-1309a3d2cf7e","Audio":{"timestamp":1611072958657.851,"packetsReceived":19673,"packetsLost":0},"Type":"inbound-rtp","Video":{"timestamp":1611072958657.851,"packetsReceived":1181,"packetsLost":0}},{"from":"Ansh_7d76d88f-3f4d-4420-a512-a5cc2f44d116","to":"Avatansh_45135761-fc77-4220-bfd8-1309a3d2cf7e","Audio":{"timestamp":1611072958657.851,"packetsReceived":19673,"packetsLost":0},"Type":"inbound-rtp","Video":{"timestamp":1611072958657.851,"packetsReceived":1181,"packetsLost":0}},{"from":"Ansh_7d76d88f-3f4d-4420-a512-a5cc2f44d116","to":"Avatansh_45135761-fc77-4220-bfd8-1309a3d2cf7e","Audio":{"timestamp":1611072963657.88,"packetsReceived":19923,"packetsLost":0},"Type":"inbound-rtp","Video":{"timestamp":1611072963657.88,"packetsReceived":1195,"packetsLost":0}},{"from":"Ansh_7d76d88f-3f4d-4420-a512-a5cc2f44d116","to":"Avatansh_45135761-fc77-4220-bfd8-1309a3d2cf7e","Audio":{"timestamp":1611072963657.88,"packetsReceived":19923,"packetsLost":0},"Type":"inbound-rtp","Video":{"timestamp":1611072963657.88,"packetsReceived":1195,"packetsLost":0}},{"from":"Ansh_7d76d88f-3f4d-4420-a512-a5cc2f44d116","to":"Avatansh_45135761-fc77-4220-bfd8-1309a3d2cf7e","Audio":{"timestamp":1611072968657.86,"packetsReceived":20173,"packetsLost":0},"Type":"inbound-rtp","Video":{"timestamp":1611072968657.86,"packetsReceived":1206,"packetsLost":0}},{"from":"Ansh_7d76d88f-3f4d-4420-a512-a5cc2f44d116","to":"Avatansh_45135761-fc77-4220-bfd8-1309a3d2cf7e","Audio":{"timestamp":1611072968657.86,"packetsReceived":20173,"packetsLost":0},"Type":"inbound-rtp","Video":{"timestamp":1611072968657.86,"packetsReceived":1206,"packetsLost":0}},{"from":"Ansh_7d76d88f-3f4d-4420-a512-a5cc2f44d116","to":"Avatansh_45135761-fc77-4220-bfd8-1309a3d2cf7e","Audio":{"timestamp":1611072973657.788,"packetsReceived":20423,"packetsLost":0},"Type":"inbound-rtp","Video":{"timestamp":1611072973657.788,"packetsReceived":1216,"packetsLost":0}},{"from":"Ansh_7d76d88f-3f4d-4420-a512-a5cc2f44d116","to":"Avatansh_45135761-fc77-4220-bfd8-1309a3d2cf7e","Audio":{"timestamp":1611072973657.788,"packetsReceived":20423,"packetsLost":0},"Type":"inbound-rtp","Video":{"timestamp":1611072973657.788,"packetsReceived":1216,"packetsLost":0}},{"from":"Ansh_7d76d88f-3f4d-4420-a512-a5cc2f44d116","to":"Avatansh_45135761-fc77-4220-bfd8-1309a3d2cf7e","Audio":{"timestamp":1611072978657.86,"packetsReceived":20673,"packetsLost":0},"Type":"inbound-rtp","Video":{"timestamp":1611072978657.86,"packetsReceived":1231,"packetsLost":0}},{"from":"Ansh_7d76d88f-3f4d-4420-a512-a5cc2f44d116","to":"Avatansh_45135761-fc77-4220-bfd8-1309a3d2cf7e","Audio":{"timestamp":1611072978657.86,"packetsReceived":20673,"packetsLost":0},"Type":"inbound-rtp","Video":{"timestamp":1611072978657.86,"packetsReceived":1231,"packetsLost":0}},{"from":"Ansh_7d76d88f-3f4d-4420-a512-a5cc2f44d116","to":"Avatansh_45135761-fc77-4220-bfd8-1309a3d2cf7e","Audio":{"timestamp":1611072983657.846,"packetsReceived":20923,"packetsLost":0},"Type":"inbound-rtp","Video":{"timestamp":1611072983657.846,"packetsReceived":1245,"packetsLost":0}},{"from":"Ansh_7d76d88f-3f4d-4420-a512-a5cc2f44d116","to":"Avatansh_45135761-fc77-4220-bfd8-1309a3d2cf7e","Audio":{"timestamp":1611072983657.846,"packetsReceived":20923,"packetsLost":0},"Type":"inbound-rtp","Video":{"timestamp":1611072983657.846,"packetsReceived":1245,"packetsLost":0}},{"from":"Ansh_7d76d88f-3f4d-4420-a512-a5cc2f44d116","to":"Avatansh_45135761-fc77-4220-bfd8-1309a3d2cf7e","Audio":{"timestamp":1611072988657.916,"packetsReceived":21173,"packetsLost":0},"Type":"inbound-rtp","Video":{"timestamp":1611072988657.916,"packetsReceived":1253,"packetsLost":0}},{"from":"Ansh_7d76d88f-3f4d-4420-a512-a5cc2f44d116","to":"Avatansh_45135761-fc77-4220-bfd8-1309a3d2cf7e","Audio":{"timestamp":1611072988657.916,"packetsReceived":21173,"packetsLost":0},"Type":"inbound-rtp","Video":{"timestamp":1611072988657.916,"packetsReceived":1253,"packetsLost":0}},{"from":"Ansh_7d76d88f-3f4d-4420-a512-a5cc2f44d116","to":"Avatansh_45135761-fc77-4220-bfd8-1309a3d2cf7e","Audio":{"timestamp":1611072993657.848,"packetsReceived":21423,"packetsLost":0},"Type":"inbound-rtp","Video":{"timestamp":1611072993657.848,"packetsReceived":1264,"packetsLost":0}},{"from":"Ansh_7d76d88f-3f4d-4420-a512-a5cc2f44d116","to":"Avatansh_45135761-fc77-4220-bfd8-1309a3d2cf7e","Audio":{"timestamp":1611072993657.848,"packetsReceived":21423,"packetsLost":0},"Type":"inbound-rtp","Video":{"timestamp":1611072993657.848,"packetsReceived":1264,"packetsLost":0}},{"from":"Ansh_7d76d88f-3f4d-4420-a512-a5cc2f44d116","to":"Avatansh_45135761-fc77-4220-bfd8-1309a3d2cf7e","Audio":{"timestamp":1611072998657.909,"packetsReceived":21673,"packetsLost":0},"Type":"inbound-rtp","Video":{"timestamp":1611072998657.909,"packetsReceived":1450,"packetsLost":0}},{"from":"Ansh_7d76d88f-3f4d-4420-a512-a5cc2f44d116","to":"Avatansh_45135761-fc77-4220-bfd8-1309a3d2cf7e","Audio":{"timestamp":1611072998657.909,"packetsReceived":21673,"packetsLost":0},"Type":"inbound-rtp","Video":{"timestamp":1611072998657.909,"packetsReceived":1450,"packetsLost":0}},{"from":"Ansh_7d76d88f-3f4d-4420-a512-a5cc2f44d116","to":"Avatansh_45135761-fc77-4220-bfd8-1309a3d2cf7e","Audio":{"timestamp":1611073003657.76,"packetsReceived":21922,"packetsLost":0},"Type":"inbound-rtp","Video":{"timestamp":1611073003657.76,"packetsReceived":1480,"packetsLost":0}},{"from":"Ansh_7d76d88f-3f4d-4420-a512-a5cc2f44d116","to":"Avatansh_45135761-fc77-4220-bfd8-1309a3d2cf7e","Audio":{"timestamp":1611073003657.76,"packetsReceived":21922,"packetsLost":0},"Type":"inbound-rtp","Video":{"timestamp":1611073003657.76,"packetsReceived":1480,"packetsLost":0}},{"from":"Ansh_7d76d88f-3f4d-4420-a512-a5cc2f44d116","to":"Avatansh_45135761-fc77-4220-bfd8-1309a3d2cf7e","Audio":{"timestamp":1611073008657.994,"packetsReceived":22173,"packetsLost":0},"Type":"inbound-rtp","Video":{"timestamp":1611073008657.994,"packetsReceived":1510,"packetsLost":0}},{"from":"Ansh_7d76d88f-3f4d-4420-a512-a5cc2f44d116","to":"Avatansh_45135761-fc77-4220-bfd8-1309a3d2cf7e","Audio":{"timestamp":1611073008657.994,"packetsReceived":22173,"packetsLost":0},"Type":"inbound-rtp","Video":{"timestamp":1611073008657.994,"packetsReceived":1510,"packetsLost":0}},{"from":"Ansh_7d76d88f-3f4d-4420-a512-a5cc2f44d116","to":"Avatansh_45135761-fc77-4220-bfd8-1309a3d2cf7e","Audio":{"timestamp":1611073013657.869,"packetsReceived":22423,"packetsLost":0},"Type":"inbound-rtp","Video":{"timestamp":1611073013657.869,"packetsReceived":1538,"packetsLost":0}},{"from":"Ansh_7d76d88f-3f4d-4420-a512-a5cc2f44d116","to":"Avatansh_45135761-fc77-4220-bfd8-1309a3d2cf7e","Audio":{"timestamp":1611073013657.869,"packetsReceived":22423,"packetsLost":0},"Type":"inbound-rtp","Video":{"timestamp":1611073013657.869,"packetsReceived":1538,"packetsLost":0}},{"from":"Ansh_7d76d88f-3f4d-4420-a512-a5cc2f44d116","to":"Avatansh_45135761-fc77-4220-bfd8-1309a3d2cf7e","Audio":{"timestamp":1611073018657.832,"packetsReceived":22673,"packetsLost":0},"Type":"inbound-rtp","Video":{"timestamp":1611073018657.832,"packetsReceived":1565,"packetsLost":0}},{"from":"Ansh_7d76d88f-3f4d-4420-a512-a5cc2f44d116","to":"Avatansh_45135761-fc77-4220-bfd8-1309a3d2cf7e","Audio":{"timestamp":1611073018657.832,"packetsReceived":22673,"packetsLost":0},"Type":"inbound-rtp","Video":{"timestamp":1611073018657.832,"packetsReceived":1565,"packetsLost":0}},{"from":"Ansh_7d76d88f-3f4d-4420-a512-a5cc2f44d116","to":"Avatansh_45135761-fc77-4220-bfd8-1309a3d2cf7e","Audio":{"timestamp":1611073023658.011,"packetsReceived":22923,"packetsLost":0},"Type":"inbound-rtp","Video":{"timestamp":1611073023658.011,"packetsReceived":1589,"packetsLost":0}},{"from":"Ansh_7d76d88f-3f4d-4420-a512-a5cc2f44d116","to":"Avatansh_45135761-fc77-4220-bfd8-1309a3d2cf7e","Audio":{"timestamp":1611073023658.011,"packetsReceived":22923,"packetsLost":0},"Type":"inbound-rtp","Video":{"timestamp":1611073023658.011,"packetsReceived":1589,"packetsLost":0}},{"from":"Ansh_7d76d88f-3f4d-4420-a512-a5cc2f44d116","to":"Avatansh_45135761-fc77-4220-bfd8-1309a3d2cf7e","Audio":{"timestamp":1611073028657.91,"packetsReceived":23173,"packetsLost":0},"Type":"inbound-rtp","Video":{"timestamp":1611073028657.91,"packetsReceived":1619,"packetsLost":0}},{"from":"Ansh_7d76d88f-3f4d-4420-a512-a5cc2f44d116","to":"Avatansh_45135761-fc77-4220-bfd8-1309a3d2cf7e","Audio":{"timestamp":1611073028657.91,"packetsReceived":23173,"packetsLost":0},"Type":"inbound-rtp","Video":{"timestamp":1611073028657.91,"packetsReceived":1619,"packetsLost":0}},{"from":"Ansh_7d76d88f-3f4d-4420-a512-a5cc2f44d116","to":"Avatansh_45135761-fc77-4220-bfd8-1309a3d2cf7e","Audio":{"timestamp":1611073033657.919,"packetsReceived":23423,"packetsLost":0},"Type":"inbound-rtp","Video":{"timestamp":1611073033657.919,"packetsReceived":1650,"packetsLost":0}},{"from":"Ansh_7d76d88f-3f4d-4420-a512-a5cc2f44d116","to":"Avatansh_45135761-fc77-4220-bfd8-1309a3d2cf7e","Audio":{"timestamp":1611073033657.919,"packetsReceived":23423,"packetsLost":0},"Type":"inbound-rtp","Video":{"timestamp":1611073033657.919,"packetsReceived":1650,"packetsLost":0}},{"from":"Ansh_7d76d88f-3f4d-4420-a512-a5cc2f44d116","to":"Avatansh_45135761-fc77-4220-bfd8-1309a3d2cf7e","Audio":{"timestamp":1611073038658.058,"packetsReceived":23673,"packetsLost":0},"Type":"inbound-rtp","Video":{"timestamp":1611073038658.058,"packetsReceived":1670,"packetsLost":0}},{"from":"Ansh_7d76d88f-3f4d-4420-a512-a5cc2f44d116","to":"Avatansh_45135761-fc77-4220-bfd8-1309a3d2cf7e","Audio":{"timestamp":1611073038658.058,"packetsReceived":23673,"packetsLost":0},"Type":"inbound-rtp","Video":{"timestamp":1611073038658.058,"packetsReceived":1670,"packetsLost":0}},{"from":"Ansh_7d76d88f-3f4d-4420-a512-a5cc2f44d116","to":"Avatansh_45135761-fc77-4220-bfd8-1309a3d2cf7e","Audio":{"timestamp":1611073043657.845,"packetsReceived":23923,"packetsLost":0},"Type":"inbound-rtp","Video":{"timestamp":1611073043657.845,"packetsReceived":1699,"packetsLost":0}},{"from":"Ansh_7d76d88f-3f4d-4420-a512-a5cc2f44d116","to":"Avatansh_45135761-fc77-4220-bfd8-1309a3d2cf7e","Audio":{"timestamp":1611073043657.845,"packetsReceived":23923,"packetsLost":0},"Type":"inbound-rtp","Video":{"timestamp":1611073043657.845,"packetsReceived":1699,"packetsLost":0}},{"from":"Ansh_7d76d88f-3f4d-4420-a512-a5cc2f44d116","to":"Avatansh_45135761-fc77-4220-bfd8-1309a3d2cf7e","Audio":{"timestamp":1611073048657.875,"packetsReceived":24173,"packetsLost":0},"Type":"inbound-rtp","Video":{"timestamp":1611073048657.875,"packetsReceived":1729,"packetsLost":0}},{"from":"Ansh_7d76d88f-3f4d-4420-a512-a5cc2f44d116","to":"Avatansh_45135761-fc77-4220-bfd8-1309a3d2cf7e","Audio":{"timestamp":1611073048657.875,"packetsReceived":24173,"packetsLost":0},"Type":"inbound-rtp","Video":{"timestamp":1611073048657.875,"packetsReceived":1729,"packetsLost":0}},{"from":"Ansh_7d76d88f-3f4d-4420-a512-a5cc2f44d116","to":"Avatansh_45135761-fc77-4220-bfd8-1309a3d2cf7e","Audio":{"timestamp":1611073053657.85,"packetsReceived":24423,"packetsLost":0},"Type":"inbound-rtp","Video":{"timestamp":1611073053657.85,"packetsReceived":1751,"packetsLost":0}},{"from":"Ansh_7d76d88f-3f4d-4420-a512-a5cc2f44d116","to":"Avatansh_45135761-fc77-4220-bfd8-1309a3d2cf7e","Audio":{"timestamp":1611073053657.85,"packetsReceived":24423,"packetsLost":0},"Type":"inbound-rtp","Video":{"timestamp":1611073053657.85,"packetsReceived":1751,"packetsLost":0}},{"from":"Ansh_7d76d88f-3f4d-4420-a512-a5cc2f44d116","to":"Avatansh_45135761-fc77-4220-bfd8-1309a3d2cf7e","Audio":{"timestamp":1611073058657.807,"packetsReceived":24673,"packetsLost":0},"Type":"inbound-rtp","Video":{"timestamp":1611073058657.807,"packetsReceived":1776,"packetsLost":0}},{"from":"Ansh_7d76d88f-3f4d-4420-a512-a5cc2f44d116","to":"Avatansh_45135761-fc77-4220-bfd8-1309a3d2cf7e","Audio":{"timestamp":1611073058657.807,"packetsReceived":24673,"packetsLost":0},"Type":"inbound-rtp","Video":{"timestamp":1611073058657.807,"packetsReceived":1776,"packetsLost":0}},{"from":"Ansh_7d76d88f-3f4d-4420-a512-a5cc2f44d116","to":"Avatansh_45135761-fc77-4220-bfd8-1309a3d2cf7e","Audio":{"timestamp":1611073063657.801,"packetsReceived":24923,"packetsLost":0},"Type":"inbound-rtp","Video":{"timestamp":1611073063657.801,"packetsReceived":1803,"packetsLost":0}},{"from":"Ansh_7d76d88f-3f4d-4420-a512-a5cc2f44d116","to":"Avatansh_45135761-fc77-4220-bfd8-1309a3d2cf7e","Audio":{"timestamp":1611073063657.801,"packetsReceived":24923,"packetsLost":0},"Type":"inbound-rtp","Video":{"timestamp":1611073063657.801,"packetsReceived":1803,"packetsLost":0}},{"from":"Ansh_7d76d88f-3f4d-4420-a512-a5cc2f44d116","to":"Avatansh_45135761-fc77-4220-bfd8-1309a3d2cf7e","Audio":{"timestamp":1611073068657.85,"packetsReceived":25173,"packetsLost":0},"Type":"inbound-rtp","Video":{"timestamp":1611073068657.85,"packetsReceived":1826,"packetsLost":0}},{"from":"Ansh_7d76d88f-3f4d-4420-a512-a5cc2f44d116","to":"Avatansh_45135761-fc77-4220-bfd8-1309a3d2cf7e","Audio":{"timestamp":1611073068657.85,"packetsReceived":25173,"packetsLost":0},"Type":"inbound-rtp","Video":{"timestamp":1611073068657.85,"packetsReceived":1826,"packetsLost":0}},{"from":"Ansh_7d76d88f-3f4d-4420-a512-a5cc2f44d116","to":"Avatansh_45135761-fc77-4220-bfd8-1309a3d2cf7e","Audio":{"timestamp":1611073073657.843,"packetsReceived":25423,"packetsLost":0},"Type":"inbound-rtp","Video":{"timestamp":1611073073657.843,"packetsReceived":1853,"packetsLost":0}},{"from":"Ansh_7d76d88f-3f4d-4420-a512-a5cc2f44d116","to":"Avatansh_45135761-fc77-4220-bfd8-1309a3d2cf7e","Audio":{"timestamp":1611073073657.843,"packetsReceived":25423,"packetsLost":0},"Type":"inbound-rtp","Video":{"timestamp":1611073073657.843,"packetsReceived":1853,"packetsLost":0}},{"from":"Ansh_7d76d88f-3f4d-4420-a512-a5cc2f44d116","to":"Avatansh_45135761-fc77-4220-bfd8-1309a3d2cf7e","Audio":{"timestamp":1611073078657.831,"packetsReceived":25673,"packetsLost":0},"Type":"inbound-rtp","Video":{"timestamp":1611073078657.831,"packetsReceived":1878,"packetsLost":0}},{"from":"Ansh_7d76d88f-3f4d-4420-a512-a5cc2f44d116","to":"Avatansh_45135761-fc77-4220-bfd8-1309a3d2cf7e","Audio":{"timestamp":1611073078657.831,"packetsReceived":25673,"packetsLost":0},"Type":"inbound-rtp","Video":{"timestamp":1611073078657.831,"packetsReceived":1878,"packetsLost":0}},{"from":"Ansh_7d76d88f-3f4d-4420-a512-a5cc2f44d116","to":"Avatansh_45135761-fc77-4220-bfd8-1309a3d2cf7e","Audio":{"timestamp":1611073083657.921,"packetsReceived":25923,"packetsLost":0},"Type":"inbound-rtp","Video":{"timestamp":1611073083657.921,"packetsReceived":1900,"packetsLost":0}},{"from":"Ansh_7d76d88f-3f4d-4420-a512-a5cc2f44d116","to":"Avatansh_45135761-fc77-4220-bfd8-1309a3d2cf7e","Audio":{"timestamp":1611073083657.921,"packetsReceived":25923,"packetsLost":0},"Type":"inbound-rtp","Video":{"timestamp":1611073083657.921,"packetsReceived":1900,"packetsLost":0}},{"from":"Ansh_7d76d88f-3f4d-4420-a512-a5cc2f44d116","to":"Avatansh_45135761-fc77-4220-bfd8-1309a3d2cf7e","Audio":{"timestamp":1611073088657.971,"packetsReceived":26173,"packetsLost":0},"Type":"inbound-rtp","Video":{"timestamp":1611073088657.971,"packetsReceived":1928,"packetsLost":0}},{"from":"Ansh_7d76d88f-3f4d-4420-a512-a5cc2f44d116","to":"Avatansh_45135761-fc77-4220-bfd8-1309a3d2cf7e","Audio":{"timestamp":1611073088657.971,"packetsReceived":26173,"packetsLost":0},"Type":"inbound-rtp","Video":{"timestamp":1611073088657.971,"packetsReceived":1928,"packetsLost":0}},{"from":"Ansh_7d76d88f-3f4d-4420-a512-a5cc2f44d116","to":"Avatansh_45135761-fc77-4220-bfd8-1309a3d2cf7e","Audio":{"timestamp":1611073093657.876,"packetsReceived":26423,"packetsLost":0},"Type":"inbound-rtp","Video":{"timestamp":1611073093657.876,"packetsReceived":1956,"packetsLost":0}},{"from":"Ansh_7d76d88f-3f4d-4420-a512-a5cc2f44d116","to":"Avatansh_45135761-fc77-4220-bfd8-1309a3d2cf7e","Audio":{"timestamp":1611073093657.876,"packetsReceived":26423,"packetsLost":0},"Type":"inbound-rtp","Video":{"timestamp":1611073093657.876,"packetsReceived":1956,"packetsLost":0}},{"from":"Ansh_7d76d88f-3f4d-4420-a512-a5cc2f44d116","to":"Avatansh_45135761-fc77-4220-bfd8-1309a3d2cf7e","Audio":{"timestamp":1611073098657.907,"packetsReceived":26673,"packetsLost":0},"Type":"inbound-rtp","Video":{"timestamp":1611073098657.907,"packetsReceived":1976,"packetsLost":0}},{"from":"Ansh_7d76d88f-3f4d-4420-a512-a5cc2f44d116","to":"Avatansh_45135761-fc77-4220-bfd8-1309a3d2cf7e","Audio":{"timestamp":1611073098657.907,"packetsReceived":26673,"packetsLost":0},"Type":"inbound-rtp","Video":{"timestamp":1611073098657.907,"packetsReceived":1976,"packetsLost":0}},{"from":"Ansh_7d76d88f-3f4d-4420-a512-a5cc2f44d116","to":"Avatansh_45135761-fc77-4220-bfd8-1309a3d2cf7e","Audio":{"timestamp":1611073103657.938,"packetsReceived":26923,"packetsLost":0},"Type":"inbound-rtp","Video":{"timestamp":1611073103657.938,"packetsReceived":2003,"packetsLost":0}},{"from":"Ansh_7d76d88f-3f4d-4420-a512-a5cc2f44d116","to":"Avatansh_45135761-fc77-4220-bfd8-1309a3d2cf7e","Audio":{"timestamp":1611073103657.938,"packetsReceived":26923,"packetsLost":0},"Type":"inbound-rtp","Video":{"timestamp":1611073103657.938,"packetsReceived":2003,"packetsLost":0}},{"from":"Ansh_7d76d88f-3f4d-4420-a512-a5cc2f44d116","to":"Avatansh_45135761-fc77-4220-bfd8-1309a3d2cf7e","Audio":{"timestamp":1611073108657.876,"packetsReceived":27173,"packetsLost":0},"Type":"inbound-rtp","Video":{"timestamp":1611073108657.876,"packetsReceived":2032,"packetsLost":0}},{"from":"Ansh_7d76d88f-3f4d-4420-a512-a5cc2f44d116","to":"Avatansh_45135761-fc77-4220-bfd8-1309a3d2cf7e","Audio":{"timestamp":1611073108657.876,"packetsReceived":27173,"packetsLost":0},"Type":"inbound-rtp","Video":{"timestamp":1611073108657.876,"packetsReceived":2032,"packetsLost":0}},{"from":"Ansh_7d76d88f-3f4d-4420-a512-a5cc2f44d116","to":"Avatansh_45135761-fc77-4220-bfd8-1309a3d2cf7e","Audio":{"timestamp":1611073113657.891,"packetsReceived":27423,"packetsLost":0},"Type":"inbound-rtp","Video":{"timestamp":1611073113657.891,"packetsReceived":2055,"packetsLost":0}},{"from":"Ansh_7d76d88f-3f4d-4420-a512-a5cc2f44d116","to":"Avatansh_45135761-fc77-4220-bfd8-1309a3d2cf7e","Audio":{"timestamp":1611073113657.891,"packetsReceived":27423,"packetsLost":0},"Type":"inbound-rtp","Video":{"timestamp":1611073113657.891,"packetsReceived":2055,"packetsLost":0}},{"from":"Ansh_7d76d88f-3f4d-4420-a512-a5cc2f44d116","to":"Avatansh_45135761-fc77-4220-bfd8-1309a3d2cf7e","Audio":{"timestamp":1611073118657.962,"packetsReceived":27673,"packetsLost":0},"Type":"inbound-rtp","Video":{"timestamp":1611073118657.962,"packetsReceived":2080,"packetsLost":0}},{"from":"Ansh_7d76d88f-3f4d-4420-a512-a5cc2f44d116","to":"Avatansh_45135761-fc77-4220-bfd8-1309a3d2cf7e","Audio":{"timestamp":1611073118657.962,"packetsReceived":27673,"packetsLost":0},"Type":"inbound-rtp","Video":{"timestamp":1611073118657.962,"packetsReceived":2080,"packetsLost":0}},{"from":"Ansh_7d76d88f-3f4d-4420-a512-a5cc2f44d116","to":"Avatansh_45135761-fc77-4220-bfd8-1309a3d2cf7e","Audio":{"timestamp":1611073123657.867,"packetsReceived":27923,"packetsLost":0},"Type":"inbound-rtp","Video":{"timestamp":1611073123657.867,"packetsReceived":2108,"packetsLost":0}},{"from":"Ansh_7d76d88f-3f4d-4420-a512-a5cc2f44d116","to":"Avatansh_45135761-fc77-4220-bfd8-1309a3d2cf7e","Audio":{"timestamp":1611073123657.867,"packetsReceived":27923,"packetsLost":0},"Type":"inbound-rtp","Video":{"timestamp":1611073123657.867,"packetsReceived":2108,"packetsLost":0}},{"from":"Ansh_7d76d88f-3f4d-4420-a512-a5cc2f44d116","to":"Avatansh_45135761-fc77-4220-bfd8-1309a3d2cf7e","Audio":{"timestamp":1611073128657.9,"packetsReceived":28173,"packetsLost":0},"Type":"inbound-rtp","Video":{"timestamp":1611073128657.9,"packetsReceived":2132,"packetsLost":0}},{"from":"Ansh_7d76d88f-3f4d-4420-a512-a5cc2f44d116","to":"Avatansh_45135761-fc77-4220-bfd8-1309a3d2cf7e","Audio":{"timestamp":1611073128657.9,"packetsReceived":28173,"packetsLost":0},"Type":"inbound-rtp","Video":{"timestamp":1611073128657.9,"packetsReceived":2132,"packetsLost":0}},{"from":"Ansh_7d76d88f-3f4d-4420-a512-a5cc2f44d116","to":"Avatansh_45135761-fc77-4220-bfd8-1309a3d2cf7e","Audio":{"timestamp":1611073133657.828,"packetsReceived":28423,"packetsLost":0},"Type":"inbound-rtp","Video":{"timestamp":1611073133657.828,"packetsReceived":2162,"packetsLost":0}},{"from":"Ansh_7d76d88f-3f4d-4420-a512-a5cc2f44d116","to":"Avatansh_45135761-fc77-4220-bfd8-1309a3d2cf7e","Audio":{"timestamp":1611073133657.828,"packetsReceived":28423,"packetsLost":0},"Type":"inbound-rtp","Video":{"timestamp":1611073133657.828,"packetsReceived":2162,"packetsLost":0}},{"from":"Ansh_7d76d88f-3f4d-4420-a512-a5cc2f44d116","to":"Avatansh_45135761-fc77-4220-bfd8-1309a3d2cf7e","Audio":{"timestamp":1611073138657.858,"packetsReceived":28673,"packetsLost":0},"Type":"inbound-rtp","Video":{"timestamp":1611073138657.858,"packetsReceived":2189,"packetsLost":0}},{"from":"Ansh_7d76d88f-3f4d-4420-a512-a5cc2f44d116","to":"Avatansh_45135761-fc77-4220-bfd8-1309a3d2cf7e","Audio":{"timestamp":1611073138657.858,"packetsReceived":28673,"packetsLost":0},"Type":"inbound-rtp","Video":{"timestamp":1611073138657.858,"packetsReceived":2189,"packetsLost":0}},{"from":"Ansh_7d76d88f-3f4d-4420-a512-a5cc2f44d116","to":"Avatansh_45135761-fc77-4220-bfd8-1309a3d2cf7e","Audio":{"timestamp":1611073143657.868,"packetsReceived":28923,"packetsLost":0},"Type":"inbound-rtp","Video":{"timestamp":1611073143657.868,"packetsReceived":2268,"packetsLost":0}},{"from":"Ansh_7d76d88f-3f4d-4420-a512-a5cc2f44d116","to":"Avatansh_45135761-fc77-4220-bfd8-1309a3d2cf7e","Audio":{"timestamp":1611073143657.868,"packetsReceived":28923,"packetsLost":0},"Type":"inbound-rtp","Video":{"timestamp":1611073143657.868,"packetsReceived":2268,"packetsLost":0}},{"from":"Ansh_7d76d88f-3f4d-4420-a512-a5cc2f44d116","to":"Avatansh_45135761-fc77-4220-bfd8-1309a3d2cf7e","Audio":{"timestamp":1611073148657.893,"packetsReceived":29173,"packetsLost":0},"Type":"inbound-rtp","Video":{"timestamp":1611073148657.893,"packetsReceived":2423,"packetsLost":0}},{"from":"Ansh_7d76d88f-3f4d-4420-a512-a5cc2f44d116","to":"Avatansh_45135761-fc77-4220-bfd8-1309a3d2cf7e","Audio":{"timestamp":1611073148657.893,"packetsReceived":29173,"packetsLost":0},"Type":"inbound-rtp","Video":{"timestamp":1611073148657.893,"packetsReceived":2423,"packetsLost":0}},{"from":"Ansh_7d76d88f-3f4d-4420-a512-a5cc2f44d116","to":"Avatansh_45135761-fc77-4220-bfd8-1309a3d2cf7e","Audio":{"timestamp":1611073153657.809,"packetsReceived":29423,"packetsLost":0},"Type":"inbound-rtp","Video":{"timestamp":1611073153657.809,"packetsReceived":2986,"packetsLost":0}},{"from":"Ansh_7d76d88f-3f4d-4420-a512-a5cc2f44d116","to":"Avatansh_45135761-fc77-4220-bfd8-1309a3d2cf7e","Audio":{"timestamp":1611073153657.809,"packetsReceived":29423,"packetsLost":0},"Type":"inbound-rtp","Video":{"timestamp":1611073153657.809,"packetsReceived":2986,"packetsLost":0}},{"from":"Ansh_7d76d88f-3f4d-4420-a512-a5cc2f44d116","to":"Avatansh_45135761-fc77-4220-bfd8-1309a3d2cf7e","Audio":{"timestamp":1611073158657.888,"packetsReceived":29673,"packetsLost":0},"Type":"inbound-rtp","Video":{"timestamp":1611073158657.888,"packetsReceived":3398,"packetsLost":0}},{"from":"Ansh_7d76d88f-3f4d-4420-a512-a5cc2f44d116","to":"Avatansh_45135761-fc77-4220-bfd8-1309a3d2cf7e","Audio":{"timestamp":1611073158657.888,"packetsReceived":29673,"packetsLost":0},"Type":"inbound-rtp","Video":{"timestamp":1611073158657.888,"packetsReceived":3398,"packetsLost":0}},{"from":"Ansh_7d76d88f-3f4d-4420-a512-a5cc2f44d116","to":"Avatansh_45135761-fc77-4220-bfd8-1309a3d2cf7e","Audio":{"timestamp":1611073163657.893,"packetsReceived":29923,"packetsLost":0},"Type":"inbound-rtp","Video":{"timestamp":1611073163657.893,"packetsReceived":3685,"packetsLost":0}},{"from":"Ansh_7d76d88f-3f4d-4420-a512-a5cc2f44d116","to":"Avatansh_45135761-fc77-4220-bfd8-1309a3d2cf7e","Audio":{"timestamp":1611073163657.893,"packetsReceived":29923,"packetsLost":0},"Type":"inbound-rtp","Video":{"timestamp":1611073163657.893,"packetsReceived":3685,"packetsLost":0}},{"from":"Ansh_7d76d88f-3f4d-4420-a512-a5cc2f44d116","to":"Avatansh_45135761-fc77-4220-bfd8-1309a3d2cf7e","Audio":{"timestamp":1611073168657.879,"packetsReceived":30173,"packetsLost":0},"Type":"inbound-rtp","Video":{"timestamp":1611073168657.879,"packetsReceived":3957,"packetsLost":0}},{"from":"Ansh_7d76d88f-3f4d-4420-a512-a5cc2f44d116","to":"Avatansh_45135761-fc77-4220-bfd8-1309a3d2cf7e","Audio":{"timestamp":1611073168657.879,"packetsReceived":30173,"packetsLost":0},"Type":"inbound-rtp","Video":{"timestamp":1611073168657.879,"packetsReceived":3957,"packetsLost":0}},{"from":"Ansh_7d76d88f-3f4d-4420-a512-a5cc2f44d116","to":"Avatansh_45135761-fc77-4220-bfd8-1309a3d2cf7e","Audio":{"timestamp":1611073173657.833,"packetsReceived":30423,"packetsLost":0},"Type":"inbound-rtp","Video":{"timestamp":1611073173657.833,"packetsReceived":4296,"packetsLost":0}},{"from":"Ansh_7d76d88f-3f4d-4420-a512-a5cc2f44d116","to":"Avatansh_45135761-fc77-4220-bfd8-1309a3d2cf7e","Audio":{"timestamp":1611073173657.833,"packetsReceived":30423,"packetsLost":0},"Type":"inbound-rtp","Video":{"timestamp":1611073173657.833,"packetsReceived":4296,"packetsLost":0}},{"from":"Ansh_7d76d88f-3f4d-4420-a512-a5cc2f44d116","to":"Avatansh_45135761-fc77-4220-bfd8-1309a3d2cf7e","Audio":{"timestamp":1611073178657.839,"packetsReceived":30673,"packetsLost":0},"Type":"inbound-rtp","Video":{"timestamp":1611073178657.839,"packetsReceived":4783,"packetsLost":0}},{"from":"Ansh_7d76d88f-3f4d-4420-a512-a5cc2f44d116","to":"Avatansh_45135761-fc77-4220-bfd8-1309a3d2cf7e","Audio":{"timestamp":1611073178657.839,"packetsReceived":30673,"packetsLost":0},"Type":"inbound-rtp","Video":{"timestamp":1611073178657.839,"packetsReceived":4783,"packetsLost":0}},{"from":"Ansh_7d76d88f-3f4d-4420-a512-a5cc2f44d116","to":"Avatansh_45135761-fc77-4220-bfd8-1309a3d2cf7e","Audio":{"timestamp":1611073183657.87,"packetsReceived":30923,"packetsLost":0},"Type":"inbound-rtp","Video":{"timestamp":1611073183657.87,"packetsReceived":5274,"packetsLost":0}},{"from":"Ansh_7d76d88f-3f4d-4420-a512-a5cc2f44d116","to":"Avatansh_45135761-fc77-4220-bfd8-1309a3d2cf7e","Audio":{"timestamp":1611073183657.87,"packetsReceived":30923,"packetsLost":0},"Type":"inbound-rtp","Video":{"timestamp":1611073183657.87,"packetsReceived":5274,"packetsLost":0}},{"from":"Ansh_7d76d88f-3f4d-4420-a512-a5cc2f44d116","to":"Avatansh_45135761-fc77-4220-bfd8-1309a3d2cf7e","Audio":{"timestamp":1611073188658.365,"packetsReceived":31173,"packetsLost":0},"Type":"inbound-rtp","Video":{"timestamp":1611073188658.365,"packetsReceived":6010,"packetsLost":0}},{"from":"Ansh_7d76d88f-3f4d-4420-a512-a5cc2f44d116","to":"Avatansh_45135761-fc77-4220-bfd8-1309a3d2cf7e","Audio":{"timestamp":1611073188658.365,"packetsReceived":31173,"packetsLost":0},"Type":"inbound-rtp","Video":{"timestamp":1611073188658.365,"packetsReceived":6010,"packetsLost":0}},{"from":"Ansh_7d76d88f-3f4d-4420-a512-a5cc2f44d116","to":"Avatansh_45135761-fc77-4220-bfd8-1309a3d2cf7e","Audio":{"timestamp":1611073193657.85,"packetsReceived":31423,"packetsLost":0},"Type":"inbound-rtp","Video":{"timestamp":1611073193657.85,"packetsReceived":6756,"packetsLost":0}},{"from":"Ansh_7d76d88f-3f4d-4420-a512-a5cc2f44d116","to":"Avatansh_45135761-fc77-4220-bfd8-1309a3d2cf7e","Audio":{"timestamp":1611073193657.85,"packetsReceived":31423,"packetsLost":0},"Type":"inbound-rtp","Video":{"timestamp":1611073193657.85,"packetsReceived":6756,"packetsLost":0}},{"from":"Ansh_7d76d88f-3f4d-4420-a512-a5cc2f44d116","to":"Avatansh_45135761-fc77-4220-bfd8-1309a3d2cf7e","Audio":{"timestamp":1611073198657.864,"packetsReceived":31672,"packetsLost":0},"Type":"inbound-rtp","Video":{"timestamp":1611073198657.864,"packetsReceived":7700,"packetsLost":0}},{"from":"Ansh_7d76d88f-3f4d-4420-a512-a5cc2f44d116","to":"Avatansh_45135761-fc77-4220-bfd8-1309a3d2cf7e","Audio":{"timestamp":1611073198657.864,"packetsReceived":31672,"packetsLost":0},"Type":"inbound-rtp","Video":{"timestamp":1611073198657.864,"packetsReceived":7700,"packetsLost":0}},{"from":"Ansh_7d76d88f-3f4d-4420-a512-a5cc2f44d116","to":"Avatansh_45135761-fc77-4220-bfd8-1309a3d2cf7e","Audio":{"timestamp":1611073203657.815,"packetsReceived":31923,"packetsLost":0},"Type":"inbound-rtp","Video":{"timestamp":1611073203657.815,"packetsReceived":8451,"packetsLost":0}},{"from":"Ansh_7d76d88f-3f4d-4420-a512-a5cc2f44d116","to":"Avatansh_45135761-fc77-4220-bfd8-1309a3d2cf7e","Audio":{"timestamp":1611073203657.815,"packetsReceived":31923,"packetsLost":0},"Type":"inbound-rtp","Video":{"timestamp":1611073203657.815,"packetsReceived":8451,"packetsLost":0}},{"from":"Ansh_7d76d88f-3f4d-4420-a512-a5cc2f44d116","to":"Avatansh_45135761-fc77-4220-bfd8-1309a3d2cf7e","Audio":{"timestamp":1611073208657.877,"packetsReceived":32173,"packetsLost":0},"Type":"inbound-rtp","Video":{"timestamp":1611073208657.877,"packetsReceived":9597,"packetsLost":0}},{"from":"Ansh_7d76d88f-3f4d-4420-a512-a5cc2f44d116","to":"Avatansh_45135761-fc77-4220-bfd8-1309a3d2cf7e","Audio":{"timestamp":1611073208657.877,"packetsReceived":32173,"packetsLost":0},"Type":"inbound-rtp","Video":{"timestamp":1611073208657.877,"packetsReceived":9597,"packetsLost":0}},{"from":"Ansh_7d76d88f-3f4d-4420-a512-a5cc2f44d116","to":"Avatansh_45135761-fc77-4220-bfd8-1309a3d2cf7e","Audio":{"timestamp":1611073213657.848,"packetsReceived":32423,"packetsLost":0},"Type":"inbound-rtp","Video":{"timestamp":1611073213657.848,"packetsReceived":10865,"packetsLost":0}},{"from":"Ansh_7d76d88f-3f4d-4420-a512-a5cc2f44d116","to":"Avatansh_45135761-fc77-4220-bfd8-1309a3d2cf7e","Audio":{"timestamp":1611073213657.848,"packetsReceived":32423,"packetsLost":0},"Type":"inbound-rtp","Video":{"timestamp":1611073213657.848,"packetsReceived":10865,"packetsLost":0}},{"from":"Ansh_7d76d88f-3f4d-4420-a512-a5cc2f44d116","to":"Avatansh_45135761-fc77-4220-bfd8-1309a3d2cf7e","Audio":{"timestamp":1611073218657.828,"packetsReceived":32673,"packetsLost":0},"Type":"inbound-rtp","Video":{"timestamp":1611073218657.828,"packetsReceived":12015,"packetsLost":0}},{"from":"Ansh_7d76d88f-3f4d-4420-a512-a5cc2f44d116","to":"Avatansh_45135761-fc77-4220-bfd8-1309a3d2cf7e","Audio":{"timestamp":1611073218657.828,"packetsReceived":32673,"packetsLost":0},"Type":"inbound-rtp","Video":{"timestamp":1611073218657.828,"packetsReceived":12015,"packetsLost":0}},{"from":"Ansh_7d76d88f-3f4d-4420-a512-a5cc2f44d116","to":"Avatansh_45135761-fc77-4220-bfd8-1309a3d2cf7e","Audio":{"timestamp":1611073223658.017,"packetsReceived":32923,"packetsLost":0},"Type":"inbound-rtp","Video":{"timestamp":1611073223658.017,"packetsReceived":13165,"packetsLost":0}},{"from":"Ansh_7d76d88f-3f4d-4420-a512-a5cc2f44d116","to":"Avatansh_45135761-fc77-4220-bfd8-1309a3d2cf7e","Audio":{"timestamp":1611073223658.017,"packetsReceived":32923,"packetsLost":0},"Type":"inbound-rtp","Video":{"timestamp":1611073223658.017,"packetsReceived":13165,"packetsLost":0}},{"from":"Ansh_7d76d88f-3f4d-4420-a512-a5cc2f44d116","to":"Avatansh_45135761-fc77-4220-bfd8-1309a3d2cf7e","Audio":{"timestamp":1611073228657.941,"packetsReceived":33173,"packetsLost":0},"Type":"inbound-rtp","Video":{"timestamp":1611073228657.941,"packetsReceived":14013,"packetsLost":0}},{"from":"Ansh_7d76d88f-3f4d-4420-a512-a5cc2f44d116","to":"Avatansh_45135761-fc77-4220-bfd8-1309a3d2cf7e","Audio":{"timestamp":1611073228657.941,"packetsReceived":33173,"packetsLost":0},"Type":"inbound-rtp","Video":{"timestamp":1611073228657.941,"packetsReceived":14013,"packetsLost":0}},{"from":"Ansh_7d76d88f-3f4d-4420-a512-a5cc2f44d116","to":"Avatansh_45135761-fc77-4220-bfd8-1309a3d2cf7e","Audio":{"timestamp":1611073233658.043,"packetsReceived":33423,"packetsLost":0},"Type":"inbound-rtp","Video":{"timestamp":1611073233658.043,"packetsReceived":14905,"packetsLost":0}},{"from":"Ansh_7d76d88f-3f4d-4420-a512-a5cc2f44d116","to":"Avatansh_45135761-fc77-4220-bfd8-1309a3d2cf7e","Audio":{"timestamp":1611073233658.043,"packetsReceived":33423,"packetsLost":0},"Type":"inbound-rtp","Video":{"timestamp":1611073233658.043,"packetsReceived":14905,"packetsLost":0}},{"from":"Ansh_7d76d88f-3f4d-4420-a512-a5cc2f44d116","to":"Avatansh_45135761-fc77-4220-bfd8-1309a3d2cf7e","Audio":{"timestamp":1611073238657.856,"packetsReceived":33673,"packetsLost":0},"Type":"inbound-rtp","Video":{"timestamp":1611073238657.856,"packetsReceived":15961,"packetsLost":0}},{"from":"Ansh_7d76d88f-3f4d-4420-a512-a5cc2f44d116","to":"Avatansh_45135761-fc77-4220-bfd8-1309a3d2cf7e","Audio":{"timestamp":1611073238657.856,"packetsReceived":33673,"packetsLost":0},"Type":"inbound-rtp","Video":{"timestamp":1611073238657.856,"packetsReceived":15961,"packetsLost":0}},{"from":"Ansh_7d76d88f-3f4d-4420-a512-a5cc2f44d116","to":"Avatansh_45135761-fc77-4220-bfd8-1309a3d2cf7e","Audio":{"timestamp":1611073243657.896,"packetsReceived":33922,"packetsLost":0},"Type":"inbound-rtp","Video":{"timestamp":1611073243657.896,"packetsReceived":16311,"packetsLost":0}},{"from":"Ansh_7d76d88f-3f4d-4420-a512-a5cc2f44d116","to":"Avatansh_45135761-fc77-4220-bfd8-1309a3d2cf7e","Audio":{"timestamp":1611073243657.896,"packetsReceived":33922,"packetsLost":0},"Type":"inbound-rtp","Video":{"timestamp":1611073243657.896,"packetsReceived":16311,"packetsLost":0}},{"from":"Ansh_7d76d88f-3f4d-4420-a512-a5cc2f44d116","to":"Avatansh_45135761-fc77-4220-bfd8-1309a3d2cf7e","Audio":{"timestamp":1611073248657.859,"packetsReceived":34173,"packetsLost":0},"Type":"inbound-rtp","Video":{"timestamp":1611073248657.859,"packetsReceived":16752,"packetsLost":0}},{"from":"Ansh_7d76d88f-3f4d-4420-a512-a5cc2f44d116","to":"Avatansh_45135761-fc77-4220-bfd8-1309a3d2cf7e","Audio":{"timestamp":1611073248657.859,"packetsReceived":34173,"packetsLost":0},"Type":"inbound-rtp","Video":{"timestamp":1611073248657.859,"packetsReceived":16752,"packetsLost":0}},{"from":"Ansh_7d76d88f-3f4d-4420-a512-a5cc2f44d116","to":"Avatansh_45135761-fc77-4220-bfd8-1309a3d2cf7e","Audio":{"timestamp":1611073253657.866,"packetsReceived":34423,"packetsLost":0},"Type":"inbound-rtp","Video":{"timestamp":1611073253657.866,"packetsReceived":17202,"packetsLost":0}},{"from":"Ansh_7d76d88f-3f4d-4420-a512-a5cc2f44d116","to":"Avatansh_45135761-fc77-4220-bfd8-1309a3d2cf7e","Audio":{"timestamp":1611073253657.866,"packetsReceived":34423,"packetsLost":0},"Type":"inbound-rtp","Video":{"timestamp":1611073253657.866,"packetsReceived":17202,"packetsLost":0}},{"from":"Ansh_7d76d88f-3f4d-4420-a512-a5cc2f44d116","to":"Avatansh_45135761-fc77-4220-bfd8-1309a3d2cf7e","Audio":{"timestamp":1611073258658.006,"packetsReceived":34672,"packetsLost":0},"Type":"inbound-rtp","Video":{"timestamp":1611073258658.006,"packetsReceived":17716,"packetsLost":0}},{"from":"Ansh_7d76d88f-3f4d-4420-a512-a5cc2f44d116","to":"Avatansh_45135761-fc77-4220-bfd8-1309a3d2cf7e","Audio":{"timestamp":1611073258658.006,"packetsReceived":34672,"packetsLost":0},"Type":"inbound-rtp","Video":{"timestamp":1611073258658.006,"packetsReceived":17716,"packetsLost":0}},{"from":"Ansh_7d76d88f-3f4d-4420-a512-a5cc2f44d116","to":"Avatansh_45135761-fc77-4220-bfd8-1309a3d2cf7e","Audio":{"timestamp":1611073263657.829,"packetsReceived":34923,"packetsLost":0},"Type":"inbound-rtp","Video":{"timestamp":1611073263657.829,"packetsReceived":18214,"packetsLost":0}},{"from":"Ansh_7d76d88f-3f4d-4420-a512-a5cc2f44d116","to":"Avatansh_45135761-fc77-4220-bfd8-1309a3d2cf7e","Audio":{"timestamp":1611073263657.829,"packetsReceived":34923,"packetsLost":0},"Type":"inbound-rtp","Video":{"timestamp":1611073263657.829,"packetsReceived":18214,"packetsLost":0}},{"from":"Ansh_7d76d88f-3f4d-4420-a512-a5cc2f44d116","to":"Avatansh_45135761-fc77-4220-bfd8-1309a3d2cf7e","Audio":{"timestamp":1611073268657.865,"packetsReceived":35173,"packetsLost":0},"Type":"inbound-rtp","Video":{"timestamp":1611073268657.865,"packetsReceived":18948,"packetsLost":0}},{"from":"Ansh_7d76d88f-3f4d-4420-a512-a5cc2f44d116","to":"Avatansh_45135761-fc77-4220-bfd8-1309a3d2cf7e","Audio":{"timestamp":1611073268657.865,"packetsReceived":35173,"packetsLost":0},"Type":"inbound-rtp","Video":{"timestamp":1611073268657.865,"packetsReceived":18948,"packetsLost":0}},{"from":"Ansh_7d76d88f-3f4d-4420-a512-a5cc2f44d116","to":"Avatansh_45135761-fc77-4220-bfd8-1309a3d2cf7e","Audio":{"timestamp":1611073273657.876,"packetsReceived":35423,"packetsLost":0},"Type":"inbound-rtp","Video":{"timestamp":1611073273657.876,"packetsReceived":19877,"packetsLost":0}},{"from":"Ansh_7d76d88f-3f4d-4420-a512-a5cc2f44d116","to":"Avatansh_45135761-fc77-4220-bfd8-1309a3d2cf7e","Audio":{"timestamp":1611073273657.876,"packetsReceived":35423,"packetsLost":0},"Type":"inbound-rtp","Video":{"timestamp":1611073273657.876,"packetsReceived":19877,"packetsLost":0}},{"from":"Ansh_7d76d88f-3f4d-4420-a512-a5cc2f44d116","to":"Avatansh_45135761-fc77-4220-bfd8-1309a3d2cf7e","Audio":{"timestamp":1611073278658.228,"packetsReceived":35673,"packetsLost":0},"Type":"inbound-rtp","Video":{"timestamp":1611073278658.228,"packetsReceived":20901,"packetsLost":0}},{"from":"Ansh_7d76d88f-3f4d-4420-a512-a5cc2f44d116","to":"Avatansh_45135761-fc77-4220-bfd8-1309a3d2cf7e","Audio":{"timestamp":1611073278658.228,"packetsReceived":35673,"packetsLost":0},"Type":"inbound-rtp","Video":{"timestamp":1611073278658.228,"packetsReceived":20901,"packetsLost":0}},{"from":"Ansh_7d76d88f-3f4d-4420-a512-a5cc2f44d116","to":"Avatansh_45135761-fc77-4220-bfd8-1309a3d2cf7e","Audio":{"timestamp":1611073283657.796,"packetsReceived":35923,"packetsLost":0},"Type":"inbound-rtp","Video":{"timestamp":1611073283657.796,"packetsReceived":21717,"packetsLost":0}},{"from":"Ansh_7d76d88f-3f4d-4420-a512-a5cc2f44d116","to":"Avatansh_45135761-fc77-4220-bfd8-1309a3d2cf7e","Audio":{"timestamp":1611073283657.796,"packetsReceived":35923,"packetsLost":0},"Type":"inbound-rtp","Video":{"timestamp":1611073283657.796,"packetsReceived":21717,"packetsLost":0}},{"from":"Ansh_7d76d88f-3f4d-4420-a512-a5cc2f44d116","to":"Avatansh_45135761-fc77-4220-bfd8-1309a3d2cf7e","Audio":{"timestamp":1611073288657.811,"packetsReceived":36173,"packetsLost":0},"Type":"inbound-rtp","Video":{"timestamp":1611073288657.811,"packetsReceived":22592,"packetsLost":0}},{"from":"Ansh_7d76d88f-3f4d-4420-a512-a5cc2f44d116","to":"Avatansh_45135761-fc77-4220-bfd8-1309a3d2cf7e","Audio":{"timestamp":1611073288657.811,"packetsReceived":36173,"packetsLost":0},"Type":"inbound-rtp","Video":{"timestamp":1611073288657.811,"packetsReceived":22592,"packetsLost":0}},{"from":"Ansh_7d76d88f-3f4d-4420-a512-a5cc2f44d116","to":"Avatansh_45135761-fc77-4220-bfd8-1309a3d2cf7e","Audio":{"timestamp":1611073293657.764,"packetsReceived":36423,"packetsLost":0},"Type":"inbound-rtp","Video":{"timestamp":1611073293657.764,"packetsReceived":23422,"packetsLost":0}},{"from":"Ansh_7d76d88f-3f4d-4420-a512-a5cc2f44d116","to":"Avatansh_45135761-fc77-4220-bfd8-1309a3d2cf7e","Audio":{"timestamp":1611073293657.764,"packetsReceived":36423,"packetsLost":0},"Type":"inbound-rtp","Video":{"timestamp":1611073293657.764,"packetsReceived":23422,"packetsLost":0}},{"from":"Ansh_7d76d88f-3f4d-4420-a512-a5cc2f44d116","to":"Avatansh_45135761-fc77-4220-bfd8-1309a3d2cf7e","Audio":{"timestamp":1611073298657.968,"packetsReceived":36673,"packetsLost":0},"Type":"inbound-rtp","Video":{"timestamp":1611073298657.968,"packetsReceived":24333,"packetsLost":0}},{"from":"Ansh_7d76d88f-3f4d-4420-a512-a5cc2f44d116","to":"Avatansh_45135761-fc77-4220-bfd8-1309a3d2cf7e","Audio":{"timestamp":1611073298657.968,"packetsReceived":36673,"packetsLost":0},"Type":"inbound-rtp","Video":{"timestamp":1611073298657.968,"packetsReceived":24333,"packetsLost":0}},{"from":"Ansh_7d76d88f-3f4d-4420-a512-a5cc2f44d116","to":"Avatansh_45135761-fc77-4220-bfd8-1309a3d2cf7e","Audio":{"timestamp":1611073303414.631,"packetsReceived":36911,"packetsLost":0},"Type":"inbound-rtp","Video":{"timestamp":1611073303414.631,"packetsReceived":25014,"packetsLost":0}},{"from":"Ansh_7d76d88f-3f4d-4420-a512-a5cc2f44d116","to":"Avatansh_45135761-fc77-4220-bfd8-1309a3d2cf7e","Audio":{"timestamp":1611073303414.631,"packetsReceived":36911,"packetsLost":0},"Type":"inbound-rtp","Video":{"timestamp":1611073303414.631,"packetsReceived":25014,"packetsLost":0}},{"from":"Ansh_7d76d88f-3f4d-4420-a512-a5cc2f44d116","to":"Avatansh_45135761-fc77-4220-bfd8-1309a3d2cf7e","Audio":{"timestamp":1611073308657.842,"packetsReceived":37173,"packetsLost":0},"Type":"inbound-rtp","Video":{"timestamp":1611073308657.842,"packetsReceived":25714,"packetsLost":0}},{"from":"Ansh_7d76d88f-3f4d-4420-a512-a5cc2f44d116","to":"Avatansh_45135761-fc77-4220-bfd8-1309a3d2cf7e","Audio":{"timestamp":1611073308657.842,"packetsReceived":37173,"packetsLost":0},"Type":"inbound-rtp","Video":{"timestamp":1611073308657.842,"packetsReceived":25714,"packetsLost":0}},{"from":"Ansh_7d76d88f-3f4d-4420-a512-a5cc2f44d116","to":"Avatansh_45135761-fc77-4220-bfd8-1309a3d2cf7e","Audio":{"timestamp":1611073313657.774,"packetsReceived":37423,"packetsLost":0},"Type":"inbound-rtp","Video":{"timestamp":1611073313657.774,"packetsReceived":26325,"packetsLost":0}},{"from":"Ansh_7d76d88f-3f4d-4420-a512-a5cc2f44d116","to":"Avatansh_45135761-fc77-4220-bfd8-1309a3d2cf7e","Audio":{"timestamp":1611073313657.774,"packetsReceived":37423,"packetsLost":0},"Type":"inbound-rtp","Video":{"timestamp":1611073313657.774,"packetsReceived":26325,"packetsLost":0}},{"from":"Ansh_7d76d88f-3f4d-4420-a512-a5cc2f44d116","to":"Avatansh_45135761-fc77-4220-bfd8-1309a3d2cf7e","Audio":{"timestamp":1611073318658.034,"packetsReceived":37673,"packetsLost":0},"Type":"inbound-rtp","Video":{"timestamp":1611073318658.034,"packetsReceived":27096,"packetsLost":0}},{"from":"Ansh_7d76d88f-3f4d-4420-a512-a5cc2f44d116","to":"Avatansh_45135761-fc77-4220-bfd8-1309a3d2cf7e","Audio":{"timestamp":1611073318658.034,"packetsReceived":37673,"packetsLost":0},"Type":"inbound-rtp","Video":{"timestamp":1611073318658.034,"packetsReceived":27096,"packetsLost":0}},{"from":"Ansh_7d76d88f-3f4d-4420-a512-a5cc2f44d116","to":"Avatansh_45135761-fc77-4220-bfd8-1309a3d2cf7e","Audio":{"timestamp":1611073323657.883,"packetsReceived":37923,"packetsLost":0},"Type":"inbound-rtp","Video":{"timestamp":1611073323657.883,"packetsReceived":27848,"packetsLost":0}},{"from":"Ansh_7d76d88f-3f4d-4420-a512-a5cc2f44d116","to":"Avatansh_45135761-fc77-4220-bfd8-1309a3d2cf7e","Audio":{"timestamp":1611073323657.883,"packetsReceived":37923,"packetsLost":0},"Type":"inbound-rtp","Video":{"timestamp":1611073323657.883,"packetsReceived":27848,"packetsLost":0}},{"from":"Ansh_7d76d88f-3f4d-4420-a512-a5cc2f44d116","to":"Avatansh_45135761-fc77-4220-bfd8-1309a3d2cf7e","Audio":{"timestamp":1611073328658.075,"packetsReceived":38173,"packetsLost":0},"Type":"inbound-rtp","Video":{"timestamp":1611073328658.075,"packetsReceived":27966,"packetsLost":0}},{"from":"Ansh_7d76d88f-3f4d-4420-a512-a5cc2f44d116","to":"Avatansh_45135761-fc77-4220-bfd8-1309a3d2cf7e","Audio":{"timestamp":1611073328658.075,"packetsReceived":38173,"packetsLost":0},"Type":"inbound-rtp","Video":{"timestamp":1611073328658.075,"packetsReceived":27966,"packetsLost":0}},{"from":"Ansh_7d76d88f-3f4d-4420-a512-a5cc2f44d116","to":"Avatansh_45135761-fc77-4220-bfd8-1309a3d2cf7e","Audio":{"timestamp":1611073333657.877,"packetsReceived":38423,"packetsLost":0},"Type":"inbound-rtp","Video":{"timestamp":1611073333657.877,"packetsReceived":28103,"packetsLost":0}},{"from":"Ansh_7d76d88f-3f4d-4420-a512-a5cc2f44d116","to":"Avatansh_45135761-fc77-4220-bfd8-1309a3d2cf7e","Audio":{"timestamp":1611073333657.877,"packetsReceived":38423,"packetsLost":0},"Type":"inbound-rtp","Video":{"timestamp":1611073333657.877,"packetsReceived":28103,"packetsLost":0}},{"from":"Ansh_7d76d88f-3f4d-4420-a512-a5cc2f44d116","to":"Avatansh_45135761-fc77-4220-bfd8-1309a3d2cf7e","Audio":{"timestamp":1611073338657.854,"packetsReceived":38673,"packetsLost":0},"Type":"inbound-rtp","Video":{"timestamp":1611073338657.854,"packetsReceived":28365,"packetsLost":0}},{"from":"Ansh_7d76d88f-3f4d-4420-a512-a5cc2f44d116","to":"Avatansh_45135761-fc77-4220-bfd8-1309a3d2cf7e","Audio":{"timestamp":1611073338657.854,"packetsReceived":38673,"packetsLost":0},"Type":"inbound-rtp","Video":{"timestamp":1611073338657.854,"packetsReceived":28365,"packetsLost":0}},{"from":"Ansh_7d76d88f-3f4d-4420-a512-a5cc2f44d116","to":"Avatansh_45135761-fc77-4220-bfd8-1309a3d2cf7e","Audio":{"timestamp":1611073343657.852,"packetsReceived":38923,"packetsLost":0},"Type":"inbound-rtp","Video":{"timestamp":1611073343657.852,"packetsReceived":28400,"packetsLost":0}},{"from":"Ansh_7d76d88f-3f4d-4420-a512-a5cc2f44d116","to":"Avatansh_45135761-fc77-4220-bfd8-1309a3d2cf7e","Audio":{"timestamp":1611073343657.852,"packetsReceived":38923,"packetsLost":0},"Type":"inbound-rtp","Video":{"timestamp":1611073343657.852,"packetsReceived":28400,"packetsLost":0}},{"from":"Ansh_7d76d88f-3f4d-4420-a512-a5cc2f44d116","to":"Avatansh_45135761-fc77-4220-bfd8-1309a3d2cf7e","Audio":{"timestamp":1611073348657.855,"packetsReceived":39173,"packetsLost":0},"Type":"inbound-rtp","Video":{"timestamp":1611073348657.855,"packetsReceived":28424,"packetsLost":0}},{"from":"Ansh_7d76d88f-3f4d-4420-a512-a5cc2f44d116","to":"Avatansh_45135761-fc77-4220-bfd8-1309a3d2cf7e","Audio":{"timestamp":1611073348657.855,"packetsReceived":39173,"packetsLost":0},"Type":"inbound-rtp","Video":{"timestamp":1611073348657.855,"packetsReceived":28424,"packetsLost":0}},{"from":"Ansh_7d76d88f-3f4d-4420-a512-a5cc2f44d116","to":"Avatansh_45135761-fc77-4220-bfd8-1309a3d2cf7e","Audio":{"timestamp":1611073353657.892,"packetsReceived":39423,"packetsLost":0},"Type":"inbound-rtp","Video":{"timestamp":1611073353657.892,"packetsReceived":28443,"packetsLost":0}},{"from":"Ansh_7d76d88f-3f4d-4420-a512-a5cc2f44d116","to":"Avatansh_45135761-fc77-4220-bfd8-1309a3d2cf7e","Audio":{"timestamp":1611073353657.892,"packetsReceived":39423,"packetsLost":0},"Type":"inbound-rtp","Video":{"timestamp":1611073353657.892,"packetsReceived":28443,"packetsLost":0}},{"from":"Ansh_7d76d88f-3f4d-4420-a512-a5cc2f44d116","to":"Avatansh_45135761-fc77-4220-bfd8-1309a3d2cf7e","Audio":{"timestamp":1611073358657.88,"packetsReceived":39673,"packetsLost":0},"Type":"inbound-rtp","Video":{"timestamp":1611073358657.88,"packetsReceived":28461,"packetsLost":0}},{"from":"Ansh_7d76d88f-3f4d-4420-a512-a5cc2f44d116","to":"Avatansh_45135761-fc77-4220-bfd8-1309a3d2cf7e","Audio":{"timestamp":1611073358657.88,"packetsReceived":39673,"packetsLost":0},"Type":"inbound-rtp","Video":{"timestamp":1611073358657.88,"packetsReceived":28461,"packetsLost":0}},{"from":"Ansh_7d76d88f-3f4d-4420-a512-a5cc2f44d116","to":"Avatansh_45135761-fc77-4220-bfd8-1309a3d2cf7e","Audio":{"timestamp":1611073363657.905,"packetsReceived":39922,"packetsLost":0},"Type":"inbound-rtp","Video":{"timestamp":1611073363657.905,"packetsReceived":28480,"packetsLost":0}},{"from":"Ansh_7d76d88f-3f4d-4420-a512-a5cc2f44d116","to":"Avatansh_45135761-fc77-4220-bfd8-1309a3d2cf7e","Audio":{"timestamp":1611073363657.905,"packetsReceived":39922,"packetsLost":0},"Type":"inbound-rtp","Video":{"timestamp":1611073363657.905,"packetsReceived":28480,"packetsLost":0}},{"from":"Ansh_7d76d88f-3f4d-4420-a512-a5cc2f44d116","to":"Avatansh_45135761-fc77-4220-bfd8-1309a3d2cf7e","Audio":{"timestamp":1611073368657.859,"packetsReceived":40173,"packetsLost":0},"Type":"inbound-rtp","Video":{"timestamp":1611073368657.859,"packetsReceived":28496,"packetsLost":0}},{"from":"Ansh_7d76d88f-3f4d-4420-a512-a5cc2f44d116","to":"Avatansh_45135761-fc77-4220-bfd8-1309a3d2cf7e","Audio":{"timestamp":1611073368657.859,"packetsReceived":40173,"packetsLost":0},"Type":"inbound-rtp","Video":{"timestamp":1611073368657.859,"packetsReceived":28496,"packetsLost":0}},{"from":"Ansh_7d76d88f-3f4d-4420-a512-a5cc2f44d116","to":"Avatansh_45135761-fc77-4220-bfd8-1309a3d2cf7e","Audio":{"timestamp":1611073373657.825,"packetsReceived":40423,"packetsLost":0},"Type":"inbound-rtp","Video":{"timestamp":1611073373657.825,"packetsReceived":28517,"packetsLost":0}},{"from":"Ansh_7d76d88f-3f4d-4420-a512-a5cc2f44d116","to":"Avatansh_45135761-fc77-4220-bfd8-1309a3d2cf7e","Audio":{"timestamp":1611073373657.825,"packetsReceived":40423,"packetsLost":0},"Type":"inbound-rtp","Video":{"timestamp":1611073373657.825,"packetsReceived":28517,"packetsLost":0}},{"from":"Ansh_7d76d88f-3f4d-4420-a512-a5cc2f44d116","to":"Avatansh_45135761-fc77-4220-bfd8-1309a3d2cf7e","Audio":{"timestamp":1611073378657.897,"packetsReceived":40673,"packetsLost":0},"Type":"inbound-rtp","Video":{"timestamp":1611073378657.897,"packetsReceived":28535,"packetsLost":0}},{"from":"Ansh_7d76d88f-3f4d-4420-a512-a5cc2f44d116","to":"Avatansh_45135761-fc77-4220-bfd8-1309a3d2cf7e","Audio":{"timestamp":1611073378657.897,"packetsReceived":40673,"packetsLost":0},"Type":"inbound-rtp","Video":{"timestamp":1611073378657.897,"packetsReceived":28535,"packetsLost":0}}]}