[{"timestamp":1611072431911,"log":{"from":"server","to":"Aditya_f91f3240-552c-4581-8c63-a03ac4b93cef","context":"PARENT","data":"{\"peer\":\"Prabhadh_0c2c68b6-c3af-413e-a283-995457b3a33b\"}"}},{"timestamp":1611072431911,"log":"Parent : Prabhadh_0c2c68b6-c3af-413e-a283-995457b3a33b"},{"timestamp":1611072432396,"log":{"from":"Prabhadh_0c2c68b6-c3af-413e-a283-995457b3a33b","to":"Aditya_f91f3240-552c-4581-8c63-a03ac4b93cef","context":"CONNECT_ACK","data":"{\"roomID\":\"123456\"}"}},{"timestamp":1611072432396,"log":"Connection ACK from parent : Prabhadh_0c2c68b6-c3af-413e-a283-995457b3a33b"},{"timestamp":1611072432402,"log":"received sdp from peer : Prabhadh_0c2c68b6-c3af-413e-a283-995457b3a33b"},{"timestamp":1611072432404,"log":"received ice from peer : Prabhadh_0c2c68b6-c3af-413e-a283-995457b3a33b"},{"timestamp":1611072432406,"log":"remote stream received"},{"timestamp":1611072432407,"log":{}},{"timestamp":1611072432407,"log":"remote stream received"},{"timestamp":1611072432407,"log":{}},{"timestamp":1611072432408,"log":"received ice from peer : Prabhadh_0c2c68b6-c3af-413e-a283-995457b3a33b"},{"timestamp":1611072432410,"log":"created description for peer : Prabhadh_0c2c68b6-c3af-413e-a283-995457b3a33b"},{"timestamp":1611072432415,"log":"connection with peer Prabhadh_0c2c68b6-c3af-413e-a283-995457b3a33b checking"},{"timestamp":1611072432416,"log":"ice: Aditya_f91f3240-552c-4581-8c63-a03ac4b93cef to Prabhadh_0c2c68b6-c3af-413e-a283-995457b3a33b"},{"timestamp":1611072432417,"log":"connection with peer Prabhadh_0c2c68b6-c3af-413e-a283-995457b3a33b connected"},{"timestamp":1611072432417,"log":"ice: Aditya_f91f3240-552c-4581-8c63-a03ac4b93cef to Prabhadh_0c2c68b6-c3af-413e-a283-995457b3a33b"},{"timestamp":1611072432641,"log":"received ice from peer : Prabhadh_0c2c68b6-c3af-413e-a283-995457b3a33b"},{"timestamp":1611072432642,"log":"received ice from peer : Prabhadh_0c2c68b6-c3af-413e-a283-995457b3a33b"}]