{"Anshu_715feb1f-a25a-4ae3-8c2f-68f8feb07cd2":[{"from":"Anshu_715feb1f-a25a-4ae3-8c2f-68f8feb07cd2","to":"Siddharth_ba7206ef-7ec3-499a-bbac-c8f45a91e32b","Audio":{"timestamp":1611070975066.836,"packetsReceived":162,"packetsLost":0},"Type":"inbound-rtp","Video":{"timestamp":1611070975066.836,"packetsReceived":0,"packetsLost":0}},{"from":"Anshu_715feb1f-a25a-4ae3-8c2f-68f8feb07cd2","to":"Siddharth_ba7206ef-7ec3-499a-bbac-c8f45a91e32b","Audio":{"timestamp":1611070975066.836,"packetsReceived":162,"packetsLost":0},"Type":"inbound-rtp","Video":{"timestamp":1611070975066.836,"packetsReceived":0,"packetsLost":0}},{"from":"Anshu_715feb1f-a25a-4ae3-8c2f-68f8feb07cd2","to":"Siddharth_ba7206ef-7ec3-499a-bbac-c8f45a91e32b","Audio":{"timestamp":1611070980065.792,"packetsReceived":412,"packetsLost":0},"Type":"inbound-rtp","Video":{"timestamp":1611070980065.792,"packetsReceived":6,"packetsLost":0}},{"from":"Anshu_715feb1f-a25a-4ae3-8c2f-68f8feb07cd2","to":"Siddharth_ba7206ef-7ec3-499a-bbac-c8f45a91e32b","Audio":{"timestamp":1611070980065.792,"packetsReceived":412,"packetsLost":0},"Type":"inbound-rtp","Video":{"timestamp":1611070980065.792,"packetsReceived":6,"packetsLost":0}},{"from":"Anshu_715feb1f-a25a-4ae3-8c2f-68f8feb07cd2","to":"Siddharth_ba7206ef-7ec3-499a-bbac-c8f45a91e32b","Audio":{"timestamp":1611070985127.865,"packetsReceived":665,"packetsLost":0},"Type":"inbound-rtp","Video":{"timestamp":1611070985127.865,"packetsReceived":11,"packetsLost":0}},{"from":"Anshu_715feb1f-a25a-4ae3-8c2f-68f8feb07cd2","to":"Siddharth_ba7206ef-7ec3-499a-bbac-c8f45a91e32b","Audio":{"timestamp":1611070985127.865,"packetsReceived":665,"packetsLost":0},"Type":"inbound-rtp","Video":{"timestamp":1611070985127.865,"packetsReceived":11,"packetsLost":0}},{"from":"Anshu_715feb1f-a25a-4ae3-8c2f-68f8feb07cd2","to":"Siddharth_ba7206ef-7ec3-499a-bbac-c8f45a91e32b","Audio":{"timestamp":1611070990127.769,"packetsReceived":915,"packetsLost":0},"Type":"inbound-rtp","Video":{"timestamp":1611070990127.769,"packetsReceived":16,"packetsLost":0}},{"from":"Anshu_715feb1f-a25a-4ae3-8c2f-68f8feb07cd2","to":"Siddharth_ba7206ef-7ec3-499a-bbac-c8f45a91e32b","Audio":{"timestamp":1611070990127.769,"packetsReceived":915,"packetsLost":0},"Type":"inbound-rtp","Video":{"timestamp":1611070990127.769,"packetsReceived":16,"packetsLost":0}},{"from":"Anshu_715feb1f-a25a-4ae3-8c2f-68f8feb07cd2","to":"Siddharth_ba7206ef-7ec3-499a-bbac-c8f45a91e32b","Audio":{"timestamp":1611070995127.76,"packetsReceived":1165,"packetsLost":0},"Type":"inbound-rtp","Video":{"timestamp":1611070995127.76,"packetsReceived":20,"packetsLost":0}},{"from":"Anshu_715feb1f-a25a-4ae3-8c2f-68f8feb07cd2","to":"Siddharth_ba7206ef-7ec3-499a-bbac-c8f45a91e32b","Audio":{"timestamp":1611070995127.76,"packetsReceived":1165,"packetsLost":0},"Type":"inbound-rtp","Video":{"timestamp":1611070995127.76,"packetsReceived":20,"packetsLost":0}},{"from":"Anshu_715feb1f-a25a-4ae3-8c2f-68f8feb07cd2","to":"Siddharth_ba7206ef-7ec3-499a-bbac-c8f45a91e32b","Audio":{"timestamp":1611071000127.74,"packetsReceived":1415,"packetsLost":0},"Type":"inbound-rtp","Video":{"timestamp":1611071000127.74,"packetsReceived":25,"packetsLost":0}},{"from":"Anshu_715feb1f-a25a-4ae3-8c2f-68f8feb07cd2","to":"Siddharth_ba7206ef-7ec3-499a-bbac-c8f45a91e32b","Audio":{"timestamp":1611071000127.74,"packetsReceived":1415,"packetsLost":0},"Type":"inbound-rtp","Video":{"timestamp":1611071000127.74,"packetsReceived":25,"packetsLost":0}},{"from":"Anshu_715feb1f-a25a-4ae3-8c2f-68f8feb07cd2","to":"Siddharth_ba7206ef-7ec3-499a-bbac-c8f45a91e32b","Audio":{"timestamp":1611071005127.73,"packetsReceived":1665,"packetsLost":0},"Type":"inbound-rtp","Video":{"timestamp":1611071005127.73,"packetsReceived":30,"packetsLost":0}},{"from":"Anshu_715feb1f-a25a-4ae3-8c2f-68f8feb07cd2","to":"Siddharth_ba7206ef-7ec3-499a-bbac-c8f45a91e32b","Audio":{"timestamp":1611071005127.73,"packetsReceived":1665,"packetsLost":0},"Type":"inbound-rtp","Video":{"timestamp":1611071005127.73,"packetsReceived":30,"packetsLost":0}},{"from":"Anshu_715feb1f-a25a-4ae3-8c2f-68f8feb07cd2","to":"Siddharth_ba7206ef-7ec3-499a-bbac-c8f45a91e32b","Audio":{"timestamp":1611071010127.696,"packetsReceived":1915,"packetsLost":0},"Type":"inbound-rtp","Video":{"timestamp":1611071010127.696,"packetsReceived":34,"packetsLost":0}},{"from":"Anshu_715feb1f-a25a-4ae3-8c2f-68f8feb07cd2","to":"Siddharth_ba7206ef-7ec3-499a-bbac-c8f45a91e32b","Audio":{"timestamp":1611071010127.696,"packetsReceived":1915,"packetsLost":0},"Type":"inbound-rtp","Video":{"timestamp":1611071010127.696,"packetsReceived":34,"packetsLost":0}},{"from":"Anshu_715feb1f-a25a-4ae3-8c2f-68f8feb07cd2","to":"Siddharth_ba7206ef-7ec3-499a-bbac-c8f45a91e32b","Audio":{"timestamp":1611071015127.742,"packetsReceived":2165,"packetsLost":0},"Type":"inbound-rtp","Video":{"timestamp":1611071015127.742,"packetsReceived":39,"packetsLost":0}},{"from":"Anshu_715feb1f-a25a-4ae3-8c2f-68f8feb07cd2","to":"Siddharth_ba7206ef-7ec3-499a-bbac-c8f45a91e32b","Audio":{"timestamp":1611071015127.742,"packetsReceived":2165,"packetsLost":0},"Type":"inbound-rtp","Video":{"timestamp":1611071015127.742,"packetsReceived":39,"packetsLost":0}},{"from":"Anshu_715feb1f-a25a-4ae3-8c2f-68f8feb07cd2","to":"Siddharth_ba7206ef-7ec3-499a-bbac-c8f45a91e32b","Audio":{"timestamp":1611071020127.713,"packetsReceived":2415,"packetsLost":0},"Type":"inbound-rtp","Video":{"timestamp":1611071020127.713,"packetsReceived":44,"packetsLost":0}},{"from":"Anshu_715feb1f-a25a-4ae3-8c2f-68f8feb07cd2","to":"Siddharth_ba7206ef-7ec3-499a-bbac-c8f45a91e32b","Audio":{"timestamp":1611071020127.713,"packetsReceived":2415,"packetsLost":0},"Type":"inbound-rtp","Video":{"timestamp":1611071020127.713,"packetsReceived":44,"packetsLost":0}},{"from":"Anshu_715feb1f-a25a-4ae3-8c2f-68f8feb07cd2","to":"Siddharth_ba7206ef-7ec3-499a-bbac-c8f45a91e32b","Audio":{"timestamp":1611071025127.758,"packetsReceived":2665,"packetsLost":0},"Type":"inbound-rtp","Video":{"timestamp":1611071025127.758,"packetsReceived":48,"packetsLost":0}},{"from":"Anshu_715feb1f-a25a-4ae3-8c2f-68f8feb07cd2","to":"Siddharth_ba7206ef-7ec3-499a-bbac-c8f45a91e32b","Audio":{"timestamp":1611071025127.758,"packetsReceived":2665,"packetsLost":0},"Type":"inbound-rtp","Video":{"timestamp":1611071025127.758,"packetsReceived":48,"packetsLost":0}},{"from":"Anshu_715feb1f-a25a-4ae3-8c2f-68f8feb07cd2","to":"Siddharth_ba7206ef-7ec3-499a-bbac-c8f45a91e32b","Audio":{"timestamp":1611071030127.723,"packetsReceived":2915,"packetsLost":0},"Type":"inbound-rtp","Video":{"timestamp":1611071030127.723,"packetsReceived":53,"packetsLost":0}},{"from":"Anshu_715feb1f-a25a-4ae3-8c2f-68f8feb07cd2","to":"Siddharth_ba7206ef-7ec3-499a-bbac-c8f45a91e32b","Audio":{"timestamp":1611071030127.723,"packetsReceived":2915,"packetsLost":0},"Type":"inbound-rtp","Video":{"timestamp":1611071030127.723,"packetsReceived":53,"packetsLost":0}},{"from":"Anshu_715feb1f-a25a-4ae3-8c2f-68f8feb07cd2","to":"Siddharth_ba7206ef-7ec3-499a-bbac-c8f45a91e32b","Audio":{"timestamp":1611071035127.747,"packetsReceived":3165,"packetsLost":0},"Type":"inbound-rtp","Video":{"timestamp":1611071035127.747,"packetsReceived":58,"packetsLost":0}},{"from":"Anshu_715feb1f-a25a-4ae3-8c2f-68f8feb07cd2","to":"Siddharth_ba7206ef-7ec3-499a-bbac-c8f45a91e32b","Audio":{"timestamp":1611071035127.747,"packetsReceived":3165,"packetsLost":0},"Type":"inbound-rtp","Video":{"timestamp":1611071035127.747,"packetsReceived":58,"packetsLost":0}},{"from":"Anshu_715feb1f-a25a-4ae3-8c2f-68f8feb07cd2","to":"Siddharth_ba7206ef-7ec3-499a-bbac-c8f45a91e32b","Audio":{"timestamp":1611071040127.66,"packetsReceived":3415,"packetsLost":0},"Type":"inbound-rtp","Video":{"timestamp":1611071040127.66,"packetsReceived":62,"packetsLost":0}},{"from":"Anshu_715feb1f-a25a-4ae3-8c2f-68f8feb07cd2","to":"Siddharth_ba7206ef-7ec3-499a-bbac-c8f45a91e32b","Audio":{"timestamp":1611071040127.66,"packetsReceived":3415,"packetsLost":0},"Type":"inbound-rtp","Video":{"timestamp":1611071040127.66,"packetsReceived":62,"packetsLost":0}},{"from":"Anshu_715feb1f-a25a-4ae3-8c2f-68f8feb07cd2","to":"Siddharth_ba7206ef-7ec3-499a-bbac-c8f45a91e32b","Audio":{"timestamp":1611071045127.721,"packetsReceived":3664,"packetsLost":0},"Type":"inbound-rtp","Video":{"timestamp":1611071045127.721,"packetsReceived":74,"packetsLost":0}},{"from":"Anshu_715feb1f-a25a-4ae3-8c2f-68f8feb07cd2","to":"Siddharth_ba7206ef-7ec3-499a-bbac-c8f45a91e32b","Audio":{"timestamp":1611071045127.721,"packetsReceived":3664,"packetsLost":0},"Type":"inbound-rtp","Video":{"timestamp":1611071045127.721,"packetsReceived":74,"packetsLost":0}},{"from":"Anshu_715feb1f-a25a-4ae3-8c2f-68f8feb07cd2","to":"Siddharth_ba7206ef-7ec3-499a-bbac-c8f45a91e32b","Audio":{"timestamp":1611071050127.75,"packetsReceived":3915,"packetsLost":0},"Type":"inbound-rtp","Video":{"timestamp":1611071050127.75,"packetsReceived":79,"packetsLost":0}},{"from":"Anshu_715feb1f-a25a-4ae3-8c2f-68f8feb07cd2","to":"Siddharth_ba7206ef-7ec3-499a-bbac-c8f45a91e32b","Audio":{"timestamp":1611071050127.75,"packetsReceived":3915,"packetsLost":0},"Type":"inbound-rtp","Video":{"timestamp":1611071050127.75,"packetsReceived":79,"packetsLost":0}},{"from":"Anshu_715feb1f-a25a-4ae3-8c2f-68f8feb07cd2","to":"Siddharth_ba7206ef-7ec3-499a-bbac-c8f45a91e32b","Audio":{"timestamp":1611071055127.712,"packetsReceived":4165,"packetsLost":0},"Type":"inbound-rtp","Video":{"timestamp":1611071055127.712,"packetsReceived":83,"packetsLost":0}},{"from":"Anshu_715feb1f-a25a-4ae3-8c2f-68f8feb07cd2","to":"Siddharth_ba7206ef-7ec3-499a-bbac-c8f45a91e32b","Audio":{"timestamp":1611071055127.712,"packetsReceived":4165,"packetsLost":0},"Type":"inbound-rtp","Video":{"timestamp":1611071055127.712,"packetsReceived":83,"packetsLost":0}},{"from":"Anshu_715feb1f-a25a-4ae3-8c2f-68f8feb07cd2","to":"Siddharth_ba7206ef-7ec3-499a-bbac-c8f45a91e32b","Audio":{"timestamp":1611071060127.876,"packetsReceived":4414,"packetsLost":0},"Type":"inbound-rtp","Video":{"timestamp":1611071060127.876,"packetsReceived":88,"packetsLost":0}},{"from":"Anshu_715feb1f-a25a-4ae3-8c2f-68f8feb07cd2","to":"Siddharth_ba7206ef-7ec3-499a-bbac-c8f45a91e32b","Audio":{"timestamp":1611071060127.876,"packetsReceived":4414,"packetsLost":0},"Type":"inbound-rtp","Video":{"timestamp":1611071060127.876,"packetsReceived":88,"packetsLost":0}},{"from":"Anshu_715feb1f-a25a-4ae3-8c2f-68f8feb07cd2","to":"Siddharth_ba7206ef-7ec3-499a-bbac-c8f45a91e32b","Audio":{"timestamp":1611071065127.716,"packetsReceived":4665,"packetsLost":0},"Type":"inbound-rtp","Video":{"timestamp":1611071065127.716,"packetsReceived":93,"packetsLost":0}},{"from":"Anshu_715feb1f-a25a-4ae3-8c2f-68f8feb07cd2","to":"Siddharth_ba7206ef-7ec3-499a-bbac-c8f45a91e32b","Audio":{"timestamp":1611071065127.716,"packetsReceived":4665,"packetsLost":0},"Type":"inbound-rtp","Video":{"timestamp":1611071065127.716,"packetsReceived":93,"packetsLost":0}},{"from":"Anshu_715feb1f-a25a-4ae3-8c2f-68f8feb07cd2","to":"Siddharth_ba7206ef-7ec3-499a-bbac-c8f45a91e32b","Audio":{"timestamp":1611071070127.795,"packetsReceived":4915,"packetsLost":0},"Type":"inbound-rtp","Video":{"timestamp":1611071070127.795,"packetsReceived":97,"packetsLost":0}},{"from":"Anshu_715feb1f-a25a-4ae3-8c2f-68f8feb07cd2","to":"Siddharth_ba7206ef-7ec3-499a-bbac-c8f45a91e32b","Audio":{"timestamp":1611071070127.795,"packetsReceived":4915,"packetsLost":0},"Type":"inbound-rtp","Video":{"timestamp":1611071070127.795,"packetsReceived":97,"packetsLost":0}},{"from":"Anshu_715feb1f-a25a-4ae3-8c2f-68f8feb07cd2","to":"Siddharth_ba7206ef-7ec3-499a-bbac-c8f45a91e32b","Audio":{"timestamp":1611071075127.717,"packetsReceived":5165,"packetsLost":0},"Type":"inbound-rtp","Video":{"timestamp":1611071075127.717,"packetsReceived":102,"packetsLost":0}},{"from":"Anshu_715feb1f-a25a-4ae3-8c2f-68f8feb07cd2","to":"Siddharth_ba7206ef-7ec3-499a-bbac-c8f45a91e32b","Audio":{"timestamp":1611071075127.717,"packetsReceived":5165,"packetsLost":0},"Type":"inbound-rtp","Video":{"timestamp":1611071075127.717,"packetsReceived":102,"packetsLost":0}},{"from":"Anshu_715feb1f-a25a-4ae3-8c2f-68f8feb07cd2","to":"Siddharth_ba7206ef-7ec3-499a-bbac-c8f45a91e32b","Audio":{"timestamp":1611071080127.717,"packetsReceived":5415,"packetsLost":0},"Type":"inbound-rtp","Video":{"timestamp":1611071080127.717,"packetsReceived":107,"packetsLost":0}},{"from":"Anshu_715feb1f-a25a-4ae3-8c2f-68f8feb07cd2","to":"Siddharth_ba7206ef-7ec3-499a-bbac-c8f45a91e32b","Audio":{"timestamp":1611071080127.717,"packetsReceived":5415,"packetsLost":0},"Type":"inbound-rtp","Video":{"timestamp":1611071080127.717,"packetsReceived":107,"packetsLost":0}},{"from":"Anshu_715feb1f-a25a-4ae3-8c2f-68f8feb07cd2","to":"Siddharth_ba7206ef-7ec3-499a-bbac-c8f45a91e32b","Audio":{"timestamp":1611071085127.692,"packetsReceived":5665,"packetsLost":0},"Type":"inbound-rtp","Video":{"timestamp":1611071085127.692,"packetsReceived":111,"packetsLost":0}},{"from":"Anshu_715feb1f-a25a-4ae3-8c2f-68f8feb07cd2","to":"Siddharth_ba7206ef-7ec3-499a-bbac-c8f45a91e32b","Audio":{"timestamp":1611071085127.692,"packetsReceived":5665,"packetsLost":0},"Type":"inbound-rtp","Video":{"timestamp":1611071085127.692,"packetsReceived":111,"packetsLost":0}},{"from":"Anshu_715feb1f-a25a-4ae3-8c2f-68f8feb07cd2","to":"Siddharth_ba7206ef-7ec3-499a-bbac-c8f45a91e32b","Audio":{"timestamp":1611071090127.704,"packetsReceived":5915,"packetsLost":0},"Type":"inbound-rtp","Video":{"timestamp":1611071090127.704,"packetsReceived":116,"packetsLost":0}},{"from":"Anshu_715feb1f-a25a-4ae3-8c2f-68f8feb07cd2","to":"Siddharth_ba7206ef-7ec3-499a-bbac-c8f45a91e32b","Audio":{"timestamp":1611071090127.704,"packetsReceived":5915,"packetsLost":0},"Type":"inbound-rtp","Video":{"timestamp":1611071090127.704,"packetsReceived":116,"packetsLost":0}},{"from":"Anshu_715feb1f-a25a-4ae3-8c2f-68f8feb07cd2","to":"Siddharth_ba7206ef-7ec3-499a-bbac-c8f45a91e32b","Audio":{"timestamp":1611071095127.708,"packetsReceived":6165,"packetsLost":0},"Type":"inbound-rtp","Video":{"timestamp":1611071095127.708,"packetsReceived":121,"packetsLost":0}},{"from":"Anshu_715feb1f-a25a-4ae3-8c2f-68f8feb07cd2","to":"Siddharth_ba7206ef-7ec3-499a-bbac-c8f45a91e32b","Audio":{"timestamp":1611071095127.708,"packetsReceived":6165,"packetsLost":0},"Type":"inbound-rtp","Video":{"timestamp":1611071095127.708,"packetsReceived":121,"packetsLost":0}},{"from":"Anshu_715feb1f-a25a-4ae3-8c2f-68f8feb07cd2","to":"Siddharth_ba7206ef-7ec3-499a-bbac-c8f45a91e32b","Audio":{"timestamp":1611071100127.701,"packetsReceived":6415,"packetsLost":0},"Type":"inbound-rtp","Video":{"timestamp":1611071100127.701,"packetsReceived":126,"packetsLost":0}},{"from":"Anshu_715feb1f-a25a-4ae3-8c2f-68f8feb07cd2","to":"Siddharth_ba7206ef-7ec3-499a-bbac-c8f45a91e32b","Audio":{"timestamp":1611071100127.701,"packetsReceived":6415,"packetsLost":0},"Type":"inbound-rtp","Video":{"timestamp":1611071100127.701,"packetsReceived":126,"packetsLost":0}},{"from":"Anshu_715feb1f-a25a-4ae3-8c2f-68f8feb07cd2","to":"Siddharth_ba7206ef-7ec3-499a-bbac-c8f45a91e32b","Audio":{"timestamp":1611071105127.717,"packetsReceived":6665,"packetsLost":0},"Type":"inbound-rtp","Video":{"timestamp":1611071105127.717,"packetsReceived":130,"packetsLost":0}},{"from":"Anshu_715feb1f-a25a-4ae3-8c2f-68f8feb07cd2","to":"Siddharth_ba7206ef-7ec3-499a-bbac-c8f45a91e32b","Audio":{"timestamp":1611071105127.717,"packetsReceived":6665,"packetsLost":0},"Type":"inbound-rtp","Video":{"timestamp":1611071105127.717,"packetsReceived":130,"packetsLost":0}},{"from":"Anshu_715feb1f-a25a-4ae3-8c2f-68f8feb07cd2","to":"Siddharth_ba7206ef-7ec3-499a-bbac-c8f45a91e32b","Audio":{"timestamp":1611071110127.717,"packetsReceived":6915,"packetsLost":0},"Type":"inbound-rtp","Video":{"timestamp":1611071110127.717,"packetsReceived":148,"packetsLost":0}},{"from":"Anshu_715feb1f-a25a-4ae3-8c2f-68f8feb07cd2","to":"Siddharth_ba7206ef-7ec3-499a-bbac-c8f45a91e32b","Audio":{"timestamp":1611071110127.717,"packetsReceived":6915,"packetsLost":0},"Type":"inbound-rtp","Video":{"timestamp":1611071110127.717,"packetsReceived":148,"packetsLost":0}},{"from":"Anshu_715feb1f-a25a-4ae3-8c2f-68f8feb07cd2","to":"Siddharth_ba7206ef-7ec3-499a-bbac-c8f45a91e32b","Audio":{"timestamp":1611071115127.669,"packetsReceived":7165,"packetsLost":0},"Type":"inbound-rtp","Video":{"timestamp":1611071115127.669,"packetsReceived":158,"packetsLost":0}},{"from":"Anshu_715feb1f-a25a-4ae3-8c2f-68f8feb07cd2","to":"Siddharth_ba7206ef-7ec3-499a-bbac-c8f45a91e32b","Audio":{"timestamp":1611071115127.669,"packetsReceived":7165,"packetsLost":0},"Type":"inbound-rtp","Video":{"timestamp":1611071115127.669,"packetsReceived":158,"packetsLost":0}},{"from":"Anshu_715feb1f-a25a-4ae3-8c2f-68f8feb07cd2","to":"Siddharth_ba7206ef-7ec3-499a-bbac-c8f45a91e32b","Audio":{"timestamp":1611071120127.673,"packetsReceived":7414,"packetsLost":0},"Type":"inbound-rtp","Video":{"timestamp":1611071120127.673,"packetsReceived":166,"packetsLost":0}},{"from":"Anshu_715feb1f-a25a-4ae3-8c2f-68f8feb07cd2","to":"Siddharth_ba7206ef-7ec3-499a-bbac-c8f45a91e32b","Audio":{"timestamp":1611071120127.673,"packetsReceived":7414,"packetsLost":0},"Type":"inbound-rtp","Video":{"timestamp":1611071120127.673,"packetsReceived":166,"packetsLost":0}},{"from":"Anshu_715feb1f-a25a-4ae3-8c2f-68f8feb07cd2","to":"Siddharth_ba7206ef-7ec3-499a-bbac-c8f45a91e32b","Audio":{"timestamp":1611071125127.75,"packetsReceived":7665,"packetsLost":0},"Type":"inbound-rtp","Video":{"timestamp":1611071125127.75,"packetsReceived":176,"packetsLost":0}},{"from":"Anshu_715feb1f-a25a-4ae3-8c2f-68f8feb07cd2","to":"Siddharth_ba7206ef-7ec3-499a-bbac-c8f45a91e32b","Audio":{"timestamp":1611071125127.75,"packetsReceived":7665,"packetsLost":0},"Type":"inbound-rtp","Video":{"timestamp":1611071125127.75,"packetsReceived":176,"packetsLost":0}},{"from":"Anshu_715feb1f-a25a-4ae3-8c2f-68f8feb07cd2","to":"Siddharth_ba7206ef-7ec3-499a-bbac-c8f45a91e32b","Audio":{"timestamp":1611071130127.861,"packetsReceived":7915,"packetsLost":0},"Type":"inbound-rtp","Video":{"timestamp":1611071130127.861,"packetsReceived":186,"packetsLost":0}},{"from":"Anshu_715feb1f-a25a-4ae3-8c2f-68f8feb07cd2","to":"Siddharth_ba7206ef-7ec3-499a-bbac-c8f45a91e32b","Audio":{"timestamp":1611071130127.861,"packetsReceived":7915,"packetsLost":0},"Type":"inbound-rtp","Video":{"timestamp":1611071130127.861,"packetsReceived":186,"packetsLost":0}},{"from":"Anshu_715feb1f-a25a-4ae3-8c2f-68f8feb07cd2","to":"Siddharth_ba7206ef-7ec3-499a-bbac-c8f45a91e32b","Audio":{"timestamp":1611071135127.696,"packetsReceived":8164,"packetsLost":0},"Type":"inbound-rtp","Video":{"timestamp":1611071135127.696,"packetsReceived":193,"packetsLost":0}},{"from":"Anshu_715feb1f-a25a-4ae3-8c2f-68f8feb07cd2","to":"Siddharth_ba7206ef-7ec3-499a-bbac-c8f45a91e32b","Audio":{"timestamp":1611071135127.696,"packetsReceived":8164,"packetsLost":0},"Type":"inbound-rtp","Video":{"timestamp":1611071135127.696,"packetsReceived":193,"packetsLost":0}},{"from":"Anshu_715feb1f-a25a-4ae3-8c2f-68f8feb07cd2","to":"Siddharth_ba7206ef-7ec3-499a-bbac-c8f45a91e32b","Audio":{"timestamp":1611071140127.754,"packetsReceived":8415,"packetsLost":0},"Type":"inbound-rtp","Video":{"timestamp":1611071140127.754,"packetsReceived":200,"packetsLost":0}},{"from":"Anshu_715feb1f-a25a-4ae3-8c2f-68f8feb07cd2","to":"Siddharth_ba7206ef-7ec3-499a-bbac-c8f45a91e32b","Audio":{"timestamp":1611071140127.754,"packetsReceived":8415,"packetsLost":0},"Type":"inbound-rtp","Video":{"timestamp":1611071140127.754,"packetsReceived":200,"packetsLost":0}},{"from":"Anshu_715feb1f-a25a-4ae3-8c2f-68f8feb07cd2","to":"Siddharth_ba7206ef-7ec3-499a-bbac-c8f45a91e32b","Audio":{"timestamp":1611071145129.83,"packetsReceived":8665,"packetsLost":0},"Type":"inbound-rtp","Video":{"timestamp":1611071145129.83,"packetsReceived":261,"packetsLost":0}},{"from":"Anshu_715feb1f-a25a-4ae3-8c2f-68f8feb07cd2","to":"Siddharth_ba7206ef-7ec3-499a-bbac-c8f45a91e32b","Audio":{"timestamp":1611071145129.83,"packetsReceived":8665,"packetsLost":0},"Type":"inbound-rtp","Video":{"timestamp":1611071145129.83,"packetsReceived":261,"packetsLost":0}},{"from":"Anshu_715feb1f-a25a-4ae3-8c2f-68f8feb07cd2","to":"Siddharth_ba7206ef-7ec3-499a-bbac-c8f45a91e32b","Audio":{"timestamp":1611071150129.257,"packetsReceived":8914,"packetsLost":0},"Type":"inbound-rtp","Video":{"timestamp":1611071150129.257,"packetsReceived":490,"packetsLost":0}},{"from":"Anshu_715feb1f-a25a-4ae3-8c2f-68f8feb07cd2","to":"Siddharth_ba7206ef-7ec3-499a-bbac-c8f45a91e32b","Audio":{"timestamp":1611071150129.257,"packetsReceived":8914,"packetsLost":0},"Type":"inbound-rtp","Video":{"timestamp":1611071150129.257,"packetsReceived":490,"packetsLost":0}},{"from":"Anshu_715feb1f-a25a-4ae3-8c2f-68f8feb07cd2","to":"Siddharth_ba7206ef-7ec3-499a-bbac-c8f45a91e32b","Audio":{"timestamp":1611071155127.69,"packetsReceived":9165,"packetsLost":0},"Type":"inbound-rtp","Video":{"timestamp":1611071155127.69,"packetsReceived":992,"packetsLost":0}},{"from":"Anshu_715feb1f-a25a-4ae3-8c2f-68f8feb07cd2","to":"Siddharth_ba7206ef-7ec3-499a-bbac-c8f45a91e32b","Audio":{"timestamp":1611071155127.69,"packetsReceived":9165,"packetsLost":0},"Type":"inbound-rtp","Video":{"timestamp":1611071155127.69,"packetsReceived":992,"packetsLost":0}},{"from":"Anshu_715feb1f-a25a-4ae3-8c2f-68f8feb07cd2","to":"Siddharth_ba7206ef-7ec3-499a-bbac-c8f45a91e32b","Audio":{"timestamp":1611071160127.671,"packetsReceived":9415,"packetsLost":0},"Type":"inbound-rtp","Video":{"timestamp":1611071160127.671,"packetsReceived":1815,"packetsLost":0}},{"from":"Anshu_715feb1f-a25a-4ae3-8c2f-68f8feb07cd2","to":"Siddharth_ba7206ef-7ec3-499a-bbac-c8f45a91e32b","Audio":{"timestamp":1611071160127.671,"packetsReceived":9415,"packetsLost":0},"Type":"inbound-rtp","Video":{"timestamp":1611071160127.671,"packetsReceived":1815,"packetsLost":0}},{"from":"Anshu_715feb1f-a25a-4ae3-8c2f-68f8feb07cd2","to":"Siddharth_ba7206ef-7ec3-499a-bbac-c8f45a91e32b","Audio":{"timestamp":1611071165128.607,"packetsReceived":9664,"packetsLost":0},"Type":"inbound-rtp","Video":{"timestamp":1611071165128.607,"packetsReceived":2376,"packetsLost":0}},{"from":"Anshu_715feb1f-a25a-4ae3-8c2f-68f8feb07cd2","to":"Siddharth_ba7206ef-7ec3-499a-bbac-c8f45a91e32b","Audio":{"timestamp":1611071165128.607,"packetsReceived":9664,"packetsLost":0},"Type":"inbound-rtp","Video":{"timestamp":1611071165128.607,"packetsReceived":2376,"packetsLost":0}},{"from":"Anshu_715feb1f-a25a-4ae3-8c2f-68f8feb07cd2","to":"Siddharth_ba7206ef-7ec3-499a-bbac-c8f45a91e32b","Audio":{"timestamp":1611071170127.805,"packetsReceived":9915,"packetsLost":0},"Type":"inbound-rtp","Video":{"timestamp":1611071170127.805,"packetsReceived":2917,"packetsLost":0}},{"from":"Anshu_715feb1f-a25a-4ae3-8c2f-68f8feb07cd2","to":"Siddharth_ba7206ef-7ec3-499a-bbac-c8f45a91e32b","Audio":{"timestamp":1611071170127.805,"packetsReceived":9915,"packetsLost":0},"Type":"inbound-rtp","Video":{"timestamp":1611071170127.805,"packetsReceived":2917,"packetsLost":0}},{"from":"Anshu_715feb1f-a25a-4ae3-8c2f-68f8feb07cd2","to":"Siddharth_ba7206ef-7ec3-499a-bbac-c8f45a91e32b","Audio":{"timestamp":1611071175128.205,"packetsReceived":10164,"packetsLost":0},"Type":"inbound-rtp","Video":{"timestamp":1611071175128.205,"packetsReceived":3547,"packetsLost":0}},{"from":"Anshu_715feb1f-a25a-4ae3-8c2f-68f8feb07cd2","to":"Siddharth_ba7206ef-7ec3-499a-bbac-c8f45a91e32b","Audio":{"timestamp":1611071175128.205,"packetsReceived":10164,"packetsLost":0},"Type":"inbound-rtp","Video":{"timestamp":1611071175128.205,"packetsReceived":3547,"packetsLost":0}},{"from":"Anshu_715feb1f-a25a-4ae3-8c2f-68f8feb07cd2","to":"Siddharth_ba7206ef-7ec3-499a-bbac-c8f45a91e32b","Audio":{"timestamp":1611071180129.605,"packetsReceived":10414,"packetsLost":0},"Type":"inbound-rtp","Video":{"timestamp":1611071180129.605,"packetsReceived":4220,"packetsLost":0}},{"from":"Anshu_715feb1f-a25a-4ae3-8c2f-68f8feb07cd2","to":"Siddharth_ba7206ef-7ec3-499a-bbac-c8f45a91e32b","Audio":{"timestamp":1611071180129.605,"packetsReceived":10414,"packetsLost":0},"Type":"inbound-rtp","Video":{"timestamp":1611071180129.605,"packetsReceived":4220,"packetsLost":0}},{"from":"Anshu_715feb1f-a25a-4ae3-8c2f-68f8feb07cd2","to":"Siddharth_ba7206ef-7ec3-499a-bbac-c8f45a91e32b","Audio":{"timestamp":1611071185128.873,"packetsReceived":10665,"packetsLost":0},"Type":"inbound-rtp","Video":{"timestamp":1611071185128.873,"packetsReceived":4869,"packetsLost":0}},{"from":"Anshu_715feb1f-a25a-4ae3-8c2f-68f8feb07cd2","to":"Siddharth_ba7206ef-7ec3-499a-bbac-c8f45a91e32b","Audio":{"timestamp":1611071185128.873,"packetsReceived":10665,"packetsLost":0},"Type":"inbound-rtp","Video":{"timestamp":1611071185128.873,"packetsReceived":4869,"packetsLost":0}},{"from":"Anshu_715feb1f-a25a-4ae3-8c2f-68f8feb07cd2","to":"Siddharth_ba7206ef-7ec3-499a-bbac-c8f45a91e32b","Audio":{"timestamp":1611071190127.746,"packetsReceived":10915,"packetsLost":0},"Type":"inbound-rtp","Video":{"timestamp":1611071190127.746,"packetsReceived":5682,"packetsLost":0}},{"from":"Anshu_715feb1f-a25a-4ae3-8c2f-68f8feb07cd2","to":"Siddharth_ba7206ef-7ec3-499a-bbac-c8f45a91e32b","Audio":{"timestamp":1611071190127.746,"packetsReceived":10915,"packetsLost":0},"Type":"inbound-rtp","Video":{"timestamp":1611071190127.746,"packetsReceived":5682,"packetsLost":0}},{"from":"Anshu_715feb1f-a25a-4ae3-8c2f-68f8feb07cd2","to":"Siddharth_ba7206ef-7ec3-499a-bbac-c8f45a91e32b","Audio":{"timestamp":1611071195129.027,"packetsReceived":11164,"packetsLost":0},"Type":"inbound-rtp","Video":{"timestamp":1611071195129.027,"packetsReceived":6388,"packetsLost":0}},{"from":"Anshu_715feb1f-a25a-4ae3-8c2f-68f8feb07cd2","to":"Siddharth_ba7206ef-7ec3-499a-bbac-c8f45a91e32b","Audio":{"timestamp":1611071195129.027,"packetsReceived":11164,"packetsLost":0},"Type":"inbound-rtp","Video":{"timestamp":1611071195129.027,"packetsReceived":6388,"packetsLost":0}},{"from":"Anshu_715feb1f-a25a-4ae3-8c2f-68f8feb07cd2","to":"Siddharth_ba7206ef-7ec3-499a-bbac-c8f45a91e32b","Audio":{"timestamp":1611071200128.18,"packetsReceived":11415,"packetsLost":0},"Type":"inbound-rtp","Video":{"timestamp":1611071200128.18,"packetsReceived":7367,"packetsLost":0}},{"from":"Anshu_715feb1f-a25a-4ae3-8c2f-68f8feb07cd2","to":"Siddharth_ba7206ef-7ec3-499a-bbac-c8f45a91e32b","Audio":{"timestamp":1611071200128.18,"packetsReceived":11415,"packetsLost":0},"Type":"inbound-rtp","Video":{"timestamp":1611071200128.18,"packetsReceived":7367,"packetsLost":0}},{"from":"Anshu_715feb1f-a25a-4ae3-8c2f-68f8feb07cd2","to":"Siddharth_ba7206ef-7ec3-499a-bbac-c8f45a91e32b","Audio":{"timestamp":1611071205127.877,"packetsReceived":11665,"packetsLost":0},"Type":"inbound-rtp","Video":{"timestamp":1611071205127.877,"packetsReceived":8563,"packetsLost":0}},{"from":"Anshu_715feb1f-a25a-4ae3-8c2f-68f8feb07cd2","to":"Siddharth_ba7206ef-7ec3-499a-bbac-c8f45a91e32b","Audio":{"timestamp":1611071205127.877,"packetsReceived":11665,"packetsLost":0},"Type":"inbound-rtp","Video":{"timestamp":1611071205127.877,"packetsReceived":8563,"packetsLost":0}},{"from":"Anshu_715feb1f-a25a-4ae3-8c2f-68f8feb07cd2","to":"Siddharth_ba7206ef-7ec3-499a-bbac-c8f45a91e32b","Audio":{"timestamp":1611071210127.693,"packetsReceived":11915,"packetsLost":0},"Type":"inbound-rtp","Video":{"timestamp":1611071210127.693,"packetsReceived":9602,"packetsLost":0}},{"from":"Anshu_715feb1f-a25a-4ae3-8c2f-68f8feb07cd2","to":"Siddharth_ba7206ef-7ec3-499a-bbac-c8f45a91e32b","Audio":{"timestamp":1611071210127.693,"packetsReceived":11915,"packetsLost":0},"Type":"inbound-rtp","Video":{"timestamp":1611071210127.693,"packetsReceived":9602,"packetsLost":0}},{"from":"Anshu_715feb1f-a25a-4ae3-8c2f-68f8feb07cd2","to":"Siddharth_ba7206ef-7ec3-499a-bbac-c8f45a91e32b","Audio":{"timestamp":1611071215129.276,"packetsReceived":12165,"packetsLost":0},"Type":"inbound-rtp","Video":{"timestamp":1611071215129.276,"packetsReceived":10827,"packetsLost":0}},{"from":"Anshu_715feb1f-a25a-4ae3-8c2f-68f8feb07cd2","to":"Siddharth_ba7206ef-7ec3-499a-bbac-c8f45a91e32b","Audio":{"timestamp":1611071215129.276,"packetsReceived":12165,"packetsLost":0},"Type":"inbound-rtp","Video":{"timestamp":1611071215129.276,"packetsReceived":10827,"packetsLost":0}},{"from":"Anshu_715feb1f-a25a-4ae3-8c2f-68f8feb07cd2","to":"Siddharth_ba7206ef-7ec3-499a-bbac-c8f45a91e32b","Audio":{"timestamp":1611071220127.722,"packetsReceived":12415,"packetsLost":0},"Type":"inbound-rtp","Video":{"timestamp":1611071220127.722,"packetsReceived":12025,"packetsLost":0}},{"from":"Anshu_715feb1f-a25a-4ae3-8c2f-68f8feb07cd2","to":"Siddharth_ba7206ef-7ec3-499a-bbac-c8f45a91e32b","Audio":{"timestamp":1611071220127.722,"packetsReceived":12415,"packetsLost":0},"Type":"inbound-rtp","Video":{"timestamp":1611071220127.722,"packetsReceived":12025,"packetsLost":0}},{"from":"Anshu_715feb1f-a25a-4ae3-8c2f-68f8feb07cd2","to":"Siddharth_ba7206ef-7ec3-499a-bbac-c8f45a91e32b","Audio":{"timestamp":1611071225128.157,"packetsReceived":12665,"packetsLost":0},"Type":"inbound-rtp","Video":{"timestamp":1611071225128.157,"packetsReceived":13099,"packetsLost":0}},{"from":"Anshu_715feb1f-a25a-4ae3-8c2f-68f8feb07cd2","to":"Siddharth_ba7206ef-7ec3-499a-bbac-c8f45a91e32b","Audio":{"timestamp":1611071225128.157,"packetsReceived":12665,"packetsLost":0},"Type":"inbound-rtp","Video":{"timestamp":1611071225128.157,"packetsReceived":13099,"packetsLost":0}},{"from":"Anshu_715feb1f-a25a-4ae3-8c2f-68f8feb07cd2","to":"Siddharth_ba7206ef-7ec3-499a-bbac-c8f45a91e32b","Audio":{"timestamp":1611071230127.645,"packetsReceived":12915,"packetsLost":0},"Type":"inbound-rtp","Video":{"timestamp":1611071230127.645,"packetsReceived":14206,"packetsLost":0}},{"from":"Anshu_715feb1f-a25a-4ae3-8c2f-68f8feb07cd2","to":"Siddharth_ba7206ef-7ec3-499a-bbac-c8f45a91e32b","Audio":{"timestamp":1611071230127.645,"packetsReceived":12915,"packetsLost":0},"Type":"inbound-rtp","Video":{"timestamp":1611071230127.645,"packetsReceived":14206,"packetsLost":0}},{"from":"Anshu_715feb1f-a25a-4ae3-8c2f-68f8feb07cd2","to":"Siddharth_ba7206ef-7ec3-499a-bbac-c8f45a91e32b","Audio":{"timestamp":1611071235129.59,"packetsReceived":13165,"packetsLost":0},"Type":"inbound-rtp","Video":{"timestamp":1611071235129.59,"packetsReceived":15196,"packetsLost":0}},{"from":"Anshu_715feb1f-a25a-4ae3-8c2f-68f8feb07cd2","to":"Siddharth_ba7206ef-7ec3-499a-bbac-c8f45a91e32b","Audio":{"timestamp":1611071235129.59,"packetsReceived":13165,"packetsLost":0},"Type":"inbound-rtp","Video":{"timestamp":1611071235129.59,"packetsReceived":15196,"packetsLost":0}},{"from":"Anshu_715feb1f-a25a-4ae3-8c2f-68f8feb07cd2","to":"Siddharth_ba7206ef-7ec3-499a-bbac-c8f45a91e32b","Audio":{"timestamp":1611071240127.985,"packetsReceived":13414,"packetsLost":0},"Type":"inbound-rtp","Video":{"timestamp":1611071240127.985,"packetsReceived":16155,"packetsLost":0}},{"from":"Anshu_715feb1f-a25a-4ae3-8c2f-68f8feb07cd2","to":"Siddharth_ba7206ef-7ec3-499a-bbac-c8f45a91e32b","Audio":{"timestamp":1611071240127.985,"packetsReceived":13414,"packetsLost":0},"Type":"inbound-rtp","Video":{"timestamp":1611071240127.985,"packetsReceived":16155,"packetsLost":0}},{"from":"Anshu_715feb1f-a25a-4ae3-8c2f-68f8feb07cd2","to":"Siddharth_ba7206ef-7ec3-499a-bbac-c8f45a91e32b","Audio":{"timestamp":1611071245127.686,"packetsReceived":13665,"packetsLost":0},"Type":"inbound-rtp","Video":{"timestamp":1611071245127.686,"packetsReceived":17018,"packetsLost":0}},{"from":"Anshu_715feb1f-a25a-4ae3-8c2f-68f8feb07cd2","to":"Siddharth_ba7206ef-7ec3-499a-bbac-c8f45a91e32b","Audio":{"timestamp":1611071245127.686,"packetsReceived":13665,"packetsLost":0},"Type":"inbound-rtp","Video":{"timestamp":1611071245127.686,"packetsReceived":17018,"packetsLost":0}},{"from":"Anshu_715feb1f-a25a-4ae3-8c2f-68f8feb07cd2","to":"Siddharth_ba7206ef-7ec3-499a-bbac-c8f45a91e32b","Audio":{"timestamp":1611071250127.718,"packetsReceived":13915,"packetsLost":0},"Type":"inbound-rtp","Video":{"timestamp":1611071250127.718,"packetsReceived":18140,"packetsLost":0}},{"from":"Anshu_715feb1f-a25a-4ae3-8c2f-68f8feb07cd2","to":"Siddharth_ba7206ef-7ec3-499a-bbac-c8f45a91e32b","Audio":{"timestamp":1611071250127.718,"packetsReceived":13915,"packetsLost":0},"Type":"inbound-rtp","Video":{"timestamp":1611071250127.718,"packetsReceived":18140,"packetsLost":0}},{"from":"Anshu_715feb1f-a25a-4ae3-8c2f-68f8feb07cd2","to":"Siddharth_ba7206ef-7ec3-499a-bbac-c8f45a91e32b","Audio":{"timestamp":1611071255127.917,"packetsReceived":14164,"packetsLost":0},"Type":"inbound-rtp","Video":{"timestamp":1611071255127.917,"packetsReceived":19177,"packetsLost":0}},{"from":"Anshu_715feb1f-a25a-4ae3-8c2f-68f8feb07cd2","to":"Siddharth_ba7206ef-7ec3-499a-bbac-c8f45a91e32b","Audio":{"timestamp":1611071255127.917,"packetsReceived":14164,"packetsLost":0},"Type":"inbound-rtp","Video":{"timestamp":1611071255127.917,"packetsReceived":19177,"packetsLost":0}},{"from":"Anshu_715feb1f-a25a-4ae3-8c2f-68f8feb07cd2","to":"Siddharth_ba7206ef-7ec3-499a-bbac-c8f45a91e32b","Audio":{"timestamp":1611071260127.919,"packetsReceived":14415,"packetsLost":0},"Type":"inbound-rtp","Video":{"timestamp":1611071260127.919,"packetsReceived":20287,"packetsLost":0}},{"from":"Anshu_715feb1f-a25a-4ae3-8c2f-68f8feb07cd2","to":"Siddharth_ba7206ef-7ec3-499a-bbac-c8f45a91e32b","Audio":{"timestamp":1611071260127.919,"packetsReceived":14415,"packetsLost":0},"Type":"inbound-rtp","Video":{"timestamp":1611071260127.919,"packetsReceived":20287,"packetsLost":0}},{"from":"Anshu_715feb1f-a25a-4ae3-8c2f-68f8feb07cd2","to":"Siddharth_ba7206ef-7ec3-499a-bbac-c8f45a91e32b","Audio":{"timestamp":1611071265127.778,"packetsReceived":14665,"packetsLost":0},"Type":"inbound-rtp","Video":{"timestamp":1611071265127.778,"packetsReceived":21362,"packetsLost":0}},{"from":"Anshu_715feb1f-a25a-4ae3-8c2f-68f8feb07cd2","to":"Siddharth_ba7206ef-7ec3-499a-bbac-c8f45a91e32b","Audio":{"timestamp":1611071265127.778,"packetsReceived":14665,"packetsLost":0},"Type":"inbound-rtp","Video":{"timestamp":1611071265127.778,"packetsReceived":21362,"packetsLost":0}},{"from":"Anshu_715feb1f-a25a-4ae3-8c2f-68f8feb07cd2","to":"Siddharth_ba7206ef-7ec3-499a-bbac-c8f45a91e32b","Audio":{"timestamp":1611071270127.857,"packetsReceived":14914,"packetsLost":0},"Type":"inbound-rtp","Video":{"timestamp":1611071270127.857,"packetsReceived":22506,"packetsLost":0}},{"from":"Anshu_715feb1f-a25a-4ae3-8c2f-68f8feb07cd2","to":"Siddharth_ba7206ef-7ec3-499a-bbac-c8f45a91e32b","Audio":{"timestamp":1611071270127.857,"packetsReceived":14914,"packetsLost":0},"Type":"inbound-rtp","Video":{"timestamp":1611071270127.857,"packetsReceived":22506,"packetsLost":0}},{"from":"Anshu_715feb1f-a25a-4ae3-8c2f-68f8feb07cd2","to":"Siddharth_ba7206ef-7ec3-499a-bbac-c8f45a91e32b","Audio":{"timestamp":1611071275127.685,"packetsReceived":15165,"packetsLost":0},"Type":"inbound-rtp","Video":{"timestamp":1611071275127.685,"packetsReceived":23579,"packetsLost":0}},{"from":"Anshu_715feb1f-a25a-4ae3-8c2f-68f8feb07cd2","to":"Siddharth_ba7206ef-7ec3-499a-bbac-c8f45a91e32b","Audio":{"timestamp":1611071275127.685,"packetsReceived":15165,"packetsLost":0},"Type":"inbound-rtp","Video":{"timestamp":1611071275127.685,"packetsReceived":23579,"packetsLost":0}},{"from":"Anshu_715feb1f-a25a-4ae3-8c2f-68f8feb07cd2","to":"Siddharth_ba7206ef-7ec3-499a-bbac-c8f45a91e32b","Audio":{"timestamp":1611071280127.776,"packetsReceived":15414,"packetsLost":0},"Type":"inbound-rtp","Video":{"timestamp":1611071280127.776,"packetsReceived":24646,"packetsLost":0}},{"from":"Anshu_715feb1f-a25a-4ae3-8c2f-68f8feb07cd2","to":"Siddharth_ba7206ef-7ec3-499a-bbac-c8f45a91e32b","Audio":{"timestamp":1611071280127.776,"packetsReceived":15414,"packetsLost":0},"Type":"inbound-rtp","Video":{"timestamp":1611071280127.776,"packetsReceived":24646,"packetsLost":0}},{"from":"Anshu_715feb1f-a25a-4ae3-8c2f-68f8feb07cd2","to":"Siddharth_ba7206ef-7ec3-499a-bbac-c8f45a91e32b","Audio":{"timestamp":1611071285127.801,"packetsReceived":15664,"packetsLost":0},"Type":"inbound-rtp","Video":{"timestamp":1611071285127.801,"packetsReceived":25739,"packetsLost":0}},{"from":"Anshu_715feb1f-a25a-4ae3-8c2f-68f8feb07cd2","to":"Siddharth_ba7206ef-7ec3-499a-bbac-c8f45a91e32b","Audio":{"timestamp":1611071285127.801,"packetsReceived":15664,"packetsLost":0},"Type":"inbound-rtp","Video":{"timestamp":1611071285127.801,"packetsReceived":25739,"packetsLost":0}},{"from":"Anshu_715feb1f-a25a-4ae3-8c2f-68f8feb07cd2","to":"Siddharth_ba7206ef-7ec3-499a-bbac-c8f45a91e32b","Audio":{"timestamp":1611071290130.294,"packetsReceived":15915,"packetsLost":0},"Type":"inbound-rtp","Video":{"timestamp":1611071290130.294,"packetsReceived":26841,"packetsLost":0}},{"from":"Anshu_715feb1f-a25a-4ae3-8c2f-68f8feb07cd2","to":"Siddharth_ba7206ef-7ec3-499a-bbac-c8f45a91e32b","Audio":{"timestamp":1611071290130.294,"packetsReceived":15915,"packetsLost":0},"Type":"inbound-rtp","Video":{"timestamp":1611071290130.294,"packetsReceived":26841,"packetsLost":0}},{"from":"Anshu_715feb1f-a25a-4ae3-8c2f-68f8feb07cd2","to":"Siddharth_ba7206ef-7ec3-499a-bbac-c8f45a91e32b","Audio":{"timestamp":1611071295128.137,"packetsReceived":16164,"packetsLost":0},"Type":"inbound-rtp","Video":{"timestamp":1611071295128.137,"packetsReceived":27863,"packetsLost":0}},{"from":"Anshu_715feb1f-a25a-4ae3-8c2f-68f8feb07cd2","to":"Siddharth_ba7206ef-7ec3-499a-bbac-c8f45a91e32b","Audio":{"timestamp":1611071295128.137,"packetsReceived":16164,"packetsLost":0},"Type":"inbound-rtp","Video":{"timestamp":1611071295128.137,"packetsReceived":27863,"packetsLost":0}},{"from":"Anshu_715feb1f-a25a-4ae3-8c2f-68f8feb07cd2","to":"Siddharth_ba7206ef-7ec3-499a-bbac-c8f45a91e32b","Audio":{"timestamp":1611071300127.668,"packetsReceived":16414,"packetsLost":0},"Type":"inbound-rtp","Video":{"timestamp":1611071300127.668,"packetsReceived":29147,"packetsLost":0}},{"from":"Anshu_715feb1f-a25a-4ae3-8c2f-68f8feb07cd2","to":"Siddharth_ba7206ef-7ec3-499a-bbac-c8f45a91e32b","Audio":{"timestamp":1611071300127.668,"packetsReceived":16414,"packetsLost":0},"Type":"inbound-rtp","Video":{"timestamp":1611071300127.668,"packetsReceived":29147,"packetsLost":0}},{"from":"Anshu_715feb1f-a25a-4ae3-8c2f-68f8feb07cd2","to":"Siddharth_ba7206ef-7ec3-499a-bbac-c8f45a91e32b","Audio":{"timestamp":1611071305127.705,"packetsReceived":16665,"packetsLost":0},"Type":"inbound-rtp","Video":{"timestamp":1611071305127.705,"packetsReceived":30476,"packetsLost":0}},{"from":"Anshu_715feb1f-a25a-4ae3-8c2f-68f8feb07cd2","to":"Siddharth_ba7206ef-7ec3-499a-bbac-c8f45a91e32b","Audio":{"timestamp":1611071305127.705,"packetsReceived":16665,"packetsLost":0},"Type":"inbound-rtp","Video":{"timestamp":1611071305127.705,"packetsReceived":30476,"packetsLost":0}},{"from":"Anshu_715feb1f-a25a-4ae3-8c2f-68f8feb07cd2","to":"Siddharth_ba7206ef-7ec3-499a-bbac-c8f45a91e32b","Audio":{"timestamp":1611071310127.709,"packetsReceived":16915,"packetsLost":0},"Type":"inbound-rtp","Video":{"timestamp":1611071310127.709,"packetsReceived":31873,"packetsLost":0}},{"from":"Anshu_715feb1f-a25a-4ae3-8c2f-68f8feb07cd2","to":"Siddharth_ba7206ef-7ec3-499a-bbac-c8f45a91e32b","Audio":{"timestamp":1611071310127.709,"packetsReceived":16915,"packetsLost":0},"Type":"inbound-rtp","Video":{"timestamp":1611071310127.709,"packetsReceived":31873,"packetsLost":0}},{"from":"Anshu_715feb1f-a25a-4ae3-8c2f-68f8feb07cd2","to":"Siddharth_ba7206ef-7ec3-499a-bbac-c8f45a91e32b","Audio":{"timestamp":1611071315128.503,"packetsReceived":17164,"packetsLost":0},"Type":"inbound-rtp","Video":{"timestamp":1611071315128.503,"packetsReceived":33245,"packetsLost":0}},{"from":"Anshu_715feb1f-a25a-4ae3-8c2f-68f8feb07cd2","to":"Siddharth_ba7206ef-7ec3-499a-bbac-c8f45a91e32b","Audio":{"timestamp":1611071315128.503,"packetsReceived":17164,"packetsLost":0},"Type":"inbound-rtp","Video":{"timestamp":1611071315128.503,"packetsReceived":33245,"packetsLost":0}},{"from":"Anshu_715feb1f-a25a-4ae3-8c2f-68f8feb07cd2","to":"Siddharth_ba7206ef-7ec3-499a-bbac-c8f45a91e32b","Audio":{"timestamp":1611071320129.274,"packetsReceived":17415,"packetsLost":0},"Type":"inbound-rtp","Video":{"timestamp":1611071320129.274,"packetsReceived":34624,"packetsLost":0}},{"from":"Anshu_715feb1f-a25a-4ae3-8c2f-68f8feb07cd2","to":"Siddharth_ba7206ef-7ec3-499a-bbac-c8f45a91e32b","Audio":{"timestamp":1611071320129.274,"packetsReceived":17415,"packetsLost":0},"Type":"inbound-rtp","Video":{"timestamp":1611071320129.274,"packetsReceived":34624,"packetsLost":0}},{"from":"Anshu_715feb1f-a25a-4ae3-8c2f-68f8feb07cd2","to":"Siddharth_ba7206ef-7ec3-499a-bbac-c8f45a91e32b","Audio":{"timestamp":1611071325127.692,"packetsReceived":17665,"packetsLost":0},"Type":"inbound-rtp","Video":{"timestamp":1611071325127.692,"packetsReceived":35926,"packetsLost":0}},{"from":"Anshu_715feb1f-a25a-4ae3-8c2f-68f8feb07cd2","to":"Siddharth_ba7206ef-7ec3-499a-bbac-c8f45a91e32b","Audio":{"timestamp":1611071325127.692,"packetsReceived":17665,"packetsLost":0},"Type":"inbound-rtp","Video":{"timestamp":1611071325127.692,"packetsReceived":35926,"packetsLost":0}},{"from":"Anshu_715feb1f-a25a-4ae3-8c2f-68f8feb07cd2","to":"Siddharth_ba7206ef-7ec3-499a-bbac-c8f45a91e32b","Audio":{"timestamp":1611071330128.057,"packetsReceived":17915,"packetsLost":0},"Type":"inbound-rtp","Video":{"timestamp":1611071330128.057,"packetsReceived":36791,"packetsLost":0}},{"from":"Anshu_715feb1f-a25a-4ae3-8c2f-68f8feb07cd2","to":"Siddharth_ba7206ef-7ec3-499a-bbac-c8f45a91e32b","Audio":{"timestamp":1611071330128.057,"packetsReceived":17915,"packetsLost":0},"Type":"inbound-rtp","Video":{"timestamp":1611071330128.057,"packetsReceived":36791,"packetsLost":0}},{"from":"Anshu_715feb1f-a25a-4ae3-8c2f-68f8feb07cd2","to":"Siddharth_ba7206ef-7ec3-499a-bbac-c8f45a91e32b","Audio":{"timestamp":1611071335128.347,"packetsReceived":18165,"packetsLost":0},"Type":"inbound-rtp","Video":{"timestamp":1611071335128.347,"packetsReceived":37589,"packetsLost":0}},{"from":"Anshu_715feb1f-a25a-4ae3-8c2f-68f8feb07cd2","to":"Siddharth_ba7206ef-7ec3-499a-bbac-c8f45a91e32b","Audio":{"timestamp":1611071335128.347,"packetsReceived":18165,"packetsLost":0},"Type":"inbound-rtp","Video":{"timestamp":1611071335128.347,"packetsReceived":37589,"packetsLost":0}},{"from":"Anshu_715feb1f-a25a-4ae3-8c2f-68f8feb07cd2","to":"Siddharth_ba7206ef-7ec3-499a-bbac-c8f45a91e32b","Audio":{"timestamp":1611071340127.699,"packetsReceived":18414,"packetsLost":0},"Type":"inbound-rtp","Video":{"timestamp":1611071340127.699,"packetsReceived":38255,"packetsLost":0}},{"from":"Anshu_715feb1f-a25a-4ae3-8c2f-68f8feb07cd2","to":"Siddharth_ba7206ef-7ec3-499a-bbac-c8f45a91e32b","Audio":{"timestamp":1611071340127.699,"packetsReceived":18414,"packetsLost":0},"Type":"inbound-rtp","Video":{"timestamp":1611071340127.699,"packetsReceived":38255,"packetsLost":0}},{"from":"Anshu_715feb1f-a25a-4ae3-8c2f-68f8feb07cd2","to":"Siddharth_ba7206ef-7ec3-499a-bbac-c8f45a91e32b","Audio":{"timestamp":1611071345127.726,"packetsReceived":18664,"packetsLost":0},"Type":"inbound-rtp","Video":{"timestamp":1611071345127.726,"packetsReceived":38354,"packetsLost":0}},{"from":"Anshu_715feb1f-a25a-4ae3-8c2f-68f8feb07cd2","to":"Siddharth_ba7206ef-7ec3-499a-bbac-c8f45a91e32b","Audio":{"timestamp":1611071345127.726,"packetsReceived":18664,"packetsLost":0},"Type":"inbound-rtp","Video":{"timestamp":1611071345127.726,"packetsReceived":38354,"packetsLost":0}},{"from":"Anshu_715feb1f-a25a-4ae3-8c2f-68f8feb07cd2","to":"Siddharth_ba7206ef-7ec3-499a-bbac-c8f45a91e32b","Audio":{"timestamp":1611071350127.735,"packetsReceived":18915,"packetsLost":0},"Type":"inbound-rtp","Video":{"timestamp":1611071350127.735,"packetsReceived":38384,"packetsLost":0}},{"from":"Anshu_715feb1f-a25a-4ae3-8c2f-68f8feb07cd2","to":"Siddharth_ba7206ef-7ec3-499a-bbac-c8f45a91e32b","Audio":{"timestamp":1611071350127.735,"packetsReceived":18915,"packetsLost":0},"Type":"inbound-rtp","Video":{"timestamp":1611071350127.735,"packetsReceived":38384,"packetsLost":0}},{"from":"Anshu_715feb1f-a25a-4ae3-8c2f-68f8feb07cd2","to":"Siddharth_ba7206ef-7ec3-499a-bbac-c8f45a91e32b","Audio":{"timestamp":1611071355127.735,"packetsReceived":19164,"packetsLost":0},"Type":"inbound-rtp","Video":{"timestamp":1611071355127.735,"packetsReceived":38411,"packetsLost":0}},{"from":"Anshu_715feb1f-a25a-4ae3-8c2f-68f8feb07cd2","to":"Siddharth_ba7206ef-7ec3-499a-bbac-c8f45a91e32b","Audio":{"timestamp":1611071355127.735,"packetsReceived":19164,"packetsLost":0},"Type":"inbound-rtp","Video":{"timestamp":1611071355127.735,"packetsReceived":38411,"packetsLost":0}},{"from":"Anshu_715feb1f-a25a-4ae3-8c2f-68f8feb07cd2","to":"Siddharth_ba7206ef-7ec3-499a-bbac-c8f45a91e32b","Audio":{"timestamp":1611071360127.758,"packetsReceived":19414,"packetsLost":0},"Type":"inbound-rtp","Video":{"timestamp":1611071360127.758,"packetsReceived":38429,"packetsLost":0}},{"from":"Anshu_715feb1f-a25a-4ae3-8c2f-68f8feb07cd2","to":"Siddharth_ba7206ef-7ec3-499a-bbac-c8f45a91e32b","Audio":{"timestamp":1611071360127.758,"packetsReceived":19414,"packetsLost":0},"Type":"inbound-rtp","Video":{"timestamp":1611071360127.758,"packetsReceived":38429,"packetsLost":0}},{"from":"Anshu_715feb1f-a25a-4ae3-8c2f-68f8feb07cd2","to":"Siddharth_ba7206ef-7ec3-499a-bbac-c8f45a91e32b","Audio":{"timestamp":1611071365127.685,"packetsReceived":19665,"packetsLost":0},"Type":"inbound-rtp","Video":{"timestamp":1611071365127.685,"packetsReceived":38449,"packetsLost":0}},{"from":"Anshu_715feb1f-a25a-4ae3-8c2f-68f8feb07cd2","to":"Siddharth_ba7206ef-7ec3-499a-bbac-c8f45a91e32b","Audio":{"timestamp":1611071365127.685,"packetsReceived":19665,"packetsLost":0},"Type":"inbound-rtp","Video":{"timestamp":1611071365127.685,"packetsReceived":38449,"packetsLost":0}},{"from":"Anshu_715feb1f-a25a-4ae3-8c2f-68f8feb07cd2","to":"Siddharth_ba7206ef-7ec3-499a-bbac-c8f45a91e32b","Audio":{"timestamp":1611071370127.733,"packetsReceived":19914,"packetsLost":0},"Type":"inbound-rtp","Video":{"timestamp":1611071370127.733,"packetsReceived":38470,"packetsLost":0}},{"from":"Anshu_715feb1f-a25a-4ae3-8c2f-68f8feb07cd2","to":"Siddharth_ba7206ef-7ec3-499a-bbac-c8f45a91e32b","Audio":{"timestamp":1611071370127.733,"packetsReceived":19914,"packetsLost":0},"Type":"inbound-rtp","Video":{"timestamp":1611071370127.733,"packetsReceived":38470,"packetsLost":0}},{"from":"Anshu_715feb1f-a25a-4ae3-8c2f-68f8feb07cd2","to":"Siddharth_ba7206ef-7ec3-499a-bbac-c8f45a91e32b","Audio":{"timestamp":1611071375127.725,"packetsReceived":20165,"packetsLost":0},"Type":"inbound-rtp","Video":{"timestamp":1611071375127.725,"packetsReceived":38608,"packetsLost":0}},{"from":"Anshu_715feb1f-a25a-4ae3-8c2f-68f8feb07cd2","to":"Siddharth_ba7206ef-7ec3-499a-bbac-c8f45a91e32b","Audio":{"timestamp":1611071375127.725,"packetsReceived":20165,"packetsLost":0},"Type":"inbound-rtp","Video":{"timestamp":1611071375127.725,"packetsReceived":38608,"packetsLost":0}},{"from":"Anshu_715feb1f-a25a-4ae3-8c2f-68f8feb07cd2","to":"Siddharth_ba7206ef-7ec3-499a-bbac-c8f45a91e32b","Audio":{"timestamp":1611071380127.751,"packetsReceived":20415,"packetsLost":0},"Type":"inbound-rtp","Video":{"timestamp":1611071380127.751,"packetsReceived":38776,"packetsLost":0}},{"from":"Anshu_715feb1f-a25a-4ae3-8c2f-68f8feb07cd2","to":"Siddharth_ba7206ef-7ec3-499a-bbac-c8f45a91e32b","Audio":{"timestamp":1611071380127.751,"packetsReceived":20415,"packetsLost":0},"Type":"inbound-rtp","Video":{"timestamp":1611071380127.751,"packetsReceived":38776,"packetsLost":0}},{"from":"Anshu_715feb1f-a25a-4ae3-8c2f-68f8feb07cd2","to":"Siddharth_ba7206ef-7ec3-499a-bbac-c8f45a91e32b","Audio":{"timestamp":1611071385127.722,"packetsReceived":20665,"packetsLost":0},"Type":"inbound-rtp","Video":{"timestamp":1611071385127.722,"packetsReceived":38839,"packetsLost":0}},{"from":"Anshu_715feb1f-a25a-4ae3-8c2f-68f8feb07cd2","to":"Siddharth_ba7206ef-7ec3-499a-bbac-c8f45a91e32b","Audio":{"timestamp":1611071385127.722,"packetsReceived":20665,"packetsLost":0},"Type":"inbound-rtp","Video":{"timestamp":1611071385127.722,"packetsReceived":38839,"packetsLost":0}},{"from":"Anshu_715feb1f-a25a-4ae3-8c2f-68f8feb07cd2","to":"Siddharth_ba7206ef-7ec3-499a-bbac-c8f45a91e32b","Audio":{"timestamp":1611071390127.773,"packetsReceived":20915,"packetsLost":0},"Type":"inbound-rtp","Video":{"timestamp":1611071390127.773,"packetsReceived":38884,"packetsLost":0}},{"from":"Anshu_715feb1f-a25a-4ae3-8c2f-68f8feb07cd2","to":"Siddharth_ba7206ef-7ec3-499a-bbac-c8f45a91e32b","Audio":{"timestamp":1611071390127.773,"packetsReceived":20915,"packetsLost":0},"Type":"inbound-rtp","Video":{"timestamp":1611071390127.773,"packetsReceived":38884,"packetsLost":0}},{"from":"Anshu_715feb1f-a25a-4ae3-8c2f-68f8feb07cd2","to":"Siddharth_ba7206ef-7ec3-499a-bbac-c8f45a91e32b","Audio":{"timestamp":1611071395127.721,"packetsReceived":21165,"packetsLost":0},"Type":"inbound-rtp","Video":{"timestamp":1611071395127.721,"packetsReceived":38929,"packetsLost":0}},{"from":"Anshu_715feb1f-a25a-4ae3-8c2f-68f8feb07cd2","to":"Siddharth_ba7206ef-7ec3-499a-bbac-c8f45a91e32b","Audio":{"timestamp":1611071395127.721,"packetsReceived":21165,"packetsLost":0},"Type":"inbound-rtp","Video":{"timestamp":1611071395127.721,"packetsReceived":38929,"packetsLost":0}},{"from":"Anshu_715feb1f-a25a-4ae3-8c2f-68f8feb07cd2","to":"Siddharth_ba7206ef-7ec3-499a-bbac-c8f45a91e32b","Audio":{"timestamp":1611071400127.742,"packetsReceived":21415,"packetsLost":0},"Type":"inbound-rtp","Video":{"timestamp":1611071400127.742,"packetsReceived":38975,"packetsLost":0}},{"from":"Anshu_715feb1f-a25a-4ae3-8c2f-68f8feb07cd2","to":"Siddharth_ba7206ef-7ec3-499a-bbac-c8f45a91e32b","Audio":{"timestamp":1611071400127.742,"packetsReceived":21415,"packetsLost":0},"Type":"inbound-rtp","Video":{"timestamp":1611071400127.742,"packetsReceived":38975,"packetsLost":0}},{"from":"Anshu_715feb1f-a25a-4ae3-8c2f-68f8feb07cd2","to":"Siddharth_ba7206ef-7ec3-499a-bbac-c8f45a91e32b","Audio":{"timestamp":1611071405127.669,"packetsReceived":21665,"packetsLost":0},"Type":"inbound-rtp","Video":{"timestamp":1611071405127.669,"packetsReceived":39012,"packetsLost":0}},{"from":"Anshu_715feb1f-a25a-4ae3-8c2f-68f8feb07cd2","to":"Siddharth_ba7206ef-7ec3-499a-bbac-c8f45a91e32b","Audio":{"timestamp":1611071405127.669,"packetsReceived":21665,"packetsLost":0},"Type":"inbound-rtp","Video":{"timestamp":1611071405127.669,"packetsReceived":39012,"packetsLost":0}},{"from":"Anshu_715feb1f-a25a-4ae3-8c2f-68f8feb07cd2","to":"Siddharth_ba7206ef-7ec3-499a-bbac-c8f45a91e32b","Audio":{"timestamp":1611071410127.717,"packetsReceived":21915,"packetsLost":0},"Type":"inbound-rtp","Video":{"timestamp":1611071410127.717,"packetsReceived":39067,"packetsLost":0}},{"from":"Anshu_715feb1f-a25a-4ae3-8c2f-68f8feb07cd2","to":"Siddharth_ba7206ef-7ec3-499a-bbac-c8f45a91e32b","Audio":{"timestamp":1611071410127.717,"packetsReceived":21915,"packetsLost":0},"Type":"inbound-rtp","Video":{"timestamp":1611071410127.717,"packetsReceived":39067,"packetsLost":0}},{"from":"Anshu_715feb1f-a25a-4ae3-8c2f-68f8feb07cd2","to":"Siddharth_ba7206ef-7ec3-499a-bbac-c8f45a91e32b","Audio":{"timestamp":1611071415127.699,"packetsReceived":22165,"packetsLost":0},"Type":"inbound-rtp","Video":{"timestamp":1611071415127.699,"packetsReceived":39115,"packetsLost":0}},{"from":"Anshu_715feb1f-a25a-4ae3-8c2f-68f8feb07cd2","to":"Siddharth_ba7206ef-7ec3-499a-bbac-c8f45a91e32b","Audio":{"timestamp":1611071415127.699,"packetsReceived":22165,"packetsLost":0},"Type":"inbound-rtp","Video":{"timestamp":1611071415127.699,"packetsReceived":39115,"packetsLost":0}},{"from":"Anshu_715feb1f-a25a-4ae3-8c2f-68f8feb07cd2","to":"Siddharth_ba7206ef-7ec3-499a-bbac-c8f45a91e32b","Audio":{"timestamp":1611071420127.733,"packetsReceived":22415,"packetsLost":0},"Type":"inbound-rtp","Video":{"timestamp":1611071420127.733,"packetsReceived":39151,"packetsLost":0}},{"from":"Anshu_715feb1f-a25a-4ae3-8c2f-68f8feb07cd2","to":"Siddharth_ba7206ef-7ec3-499a-bbac-c8f45a91e32b","Audio":{"timestamp":1611071420127.733,"packetsReceived":22415,"packetsLost":0},"Type":"inbound-rtp","Video":{"timestamp":1611071420127.733,"packetsReceived":39151,"packetsLost":0}},{"from":"Anshu_715feb1f-a25a-4ae3-8c2f-68f8feb07cd2","to":"Siddharth_ba7206ef-7ec3-499a-bbac-c8f45a91e32b","Audio":{"timestamp":1611071425127.651,"packetsReceived":22664,"packetsLost":0},"Type":"inbound-rtp","Video":{"timestamp":1611071425127.651,"packetsReceived":39196,"packetsLost":0}},{"from":"Anshu_715feb1f-a25a-4ae3-8c2f-68f8feb07cd2","to":"Siddharth_ba7206ef-7ec3-499a-bbac-c8f45a91e32b","Audio":{"timestamp":1611071425127.651,"packetsReceived":22664,"packetsLost":0},"Type":"inbound-rtp","Video":{"timestamp":1611071425127.651,"packetsReceived":39196,"packetsLost":0}},{"from":"Anshu_715feb1f-a25a-4ae3-8c2f-68f8feb07cd2","to":"Siddharth_ba7206ef-7ec3-499a-bbac-c8f45a91e32b","Audio":{"timestamp":1611071430127.721,"packetsReceived":22914,"packetsLost":0},"Type":"inbound-rtp","Video":{"timestamp":1611071430127.721,"packetsReceived":39241,"packetsLost":0}},{"from":"Anshu_715feb1f-a25a-4ae3-8c2f-68f8feb07cd2","to":"Siddharth_ba7206ef-7ec3-499a-bbac-c8f45a91e32b","Audio":{"timestamp":1611071430127.721,"packetsReceived":22914,"packetsLost":0},"Type":"inbound-rtp","Video":{"timestamp":1611071430127.721,"packetsReceived":39241,"packetsLost":0}},{"from":"Anshu_715feb1f-a25a-4ae3-8c2f-68f8feb07cd2","to":"Siddharth_ba7206ef-7ec3-499a-bbac-c8f45a91e32b","Audio":{"timestamp":1611071435127.706,"packetsReceived":23165,"packetsLost":0},"Type":"inbound-rtp","Video":{"timestamp":1611071435127.706,"packetsReceived":39277,"packetsLost":0}},{"from":"Anshu_715feb1f-a25a-4ae3-8c2f-68f8feb07cd2","to":"Siddharth_ba7206ef-7ec3-499a-bbac-c8f45a91e32b","Audio":{"timestamp":1611071435127.706,"packetsReceived":23165,"packetsLost":0},"Type":"inbound-rtp","Video":{"timestamp":1611071435127.706,"packetsReceived":39277,"packetsLost":0}},{"from":"Anshu_715feb1f-a25a-4ae3-8c2f-68f8feb07cd2","to":"Siddharth_ba7206ef-7ec3-499a-bbac-c8f45a91e32b","Audio":{"timestamp":1611071440127.719,"packetsReceived":23415,"packetsLost":0},"Type":"inbound-rtp","Video":{"timestamp":1611071440127.719,"packetsReceived":39322,"packetsLost":0}},{"from":"Anshu_715feb1f-a25a-4ae3-8c2f-68f8feb07cd2","to":"Siddharth_ba7206ef-7ec3-499a-bbac-c8f45a91e32b","Audio":{"timestamp":1611071440127.719,"packetsReceived":23415,"packetsLost":0},"Type":"inbound-rtp","Video":{"timestamp":1611071440127.719,"packetsReceived":39322,"packetsLost":0}},{"from":"Anshu_715feb1f-a25a-4ae3-8c2f-68f8feb07cd2","to":"Siddharth_ba7206ef-7ec3-499a-bbac-c8f45a91e32b","Audio":{"timestamp":1611071445127.773,"packetsReceived":23664,"packetsLost":0},"Type":"inbound-rtp","Video":{"timestamp":1611071445127.773,"packetsReceived":39367,"packetsLost":0}},{"from":"Anshu_715feb1f-a25a-4ae3-8c2f-68f8feb07cd2","to":"Siddharth_ba7206ef-7ec3-499a-bbac-c8f45a91e32b","Audio":{"timestamp":1611071445127.773,"packetsReceived":23664,"packetsLost":0},"Type":"inbound-rtp","Video":{"timestamp":1611071445127.773,"packetsReceived":39367,"packetsLost":0}},{"from":"Anshu_715feb1f-a25a-4ae3-8c2f-68f8feb07cd2","to":"Siddharth_ba7206ef-7ec3-499a-bbac-c8f45a91e32b","Audio":{"timestamp":1611071450127.741,"packetsReceived":23915,"packetsLost":0},"Type":"inbound-rtp","Video":{"timestamp":1611071450127.741,"packetsReceived":39403,"packetsLost":0}},{"from":"Anshu_715feb1f-a25a-4ae3-8c2f-68f8feb07cd2","to":"Siddharth_ba7206ef-7ec3-499a-bbac-c8f45a91e32b","Audio":{"timestamp":1611071450127.741,"packetsReceived":23915,"packetsLost":0},"Type":"inbound-rtp","Video":{"timestamp":1611071450127.741,"packetsReceived":39403,"packetsLost":0}},{"from":"Anshu_715feb1f-a25a-4ae3-8c2f-68f8feb07cd2","to":"Siddharth_ba7206ef-7ec3-499a-bbac-c8f45a91e32b","Audio":{"timestamp":1611071455127.726,"packetsReceived":24165,"packetsLost":0},"Type":"inbound-rtp","Video":{"timestamp":1611071455127.726,"packetsReceived":39448,"packetsLost":0}},{"from":"Anshu_715feb1f-a25a-4ae3-8c2f-68f8feb07cd2","to":"Siddharth_ba7206ef-7ec3-499a-bbac-c8f45a91e32b","Audio":{"timestamp":1611071455127.726,"packetsReceived":24165,"packetsLost":0},"Type":"inbound-rtp","Video":{"timestamp":1611071455127.726,"packetsReceived":39448,"packetsLost":0}},{"from":"Anshu_715feb1f-a25a-4ae3-8c2f-68f8feb07cd2","to":"Siddharth_ba7206ef-7ec3-499a-bbac-c8f45a91e32b","Audio":{"timestamp":1611071460128.677,"packetsReceived":24414,"packetsLost":0},"Type":"inbound-rtp","Video":{"timestamp":1611071460128.677,"packetsReceived":39493,"packetsLost":0}},{"from":"Anshu_715feb1f-a25a-4ae3-8c2f-68f8feb07cd2","to":"Siddharth_ba7206ef-7ec3-499a-bbac-c8f45a91e32b","Audio":{"timestamp":1611071460128.677,"packetsReceived":24414,"packetsLost":0},"Type":"inbound-rtp","Video":{"timestamp":1611071460128.677,"packetsReceived":39493,"packetsLost":0}},{"from":"Anshu_715feb1f-a25a-4ae3-8c2f-68f8feb07cd2","to":"Siddharth_ba7206ef-7ec3-499a-bbac-c8f45a91e32b","Audio":{"timestamp":1611071465127.821,"packetsReceived":24665,"packetsLost":0},"Type":"inbound-rtp","Video":{"timestamp":1611071465127.821,"packetsReceived":39529,"packetsLost":0}},{"from":"Anshu_715feb1f-a25a-4ae3-8c2f-68f8feb07cd2","to":"Siddharth_ba7206ef-7ec3-499a-bbac-c8f45a91e32b","Audio":{"timestamp":1611071465127.821,"packetsReceived":24665,"packetsLost":0},"Type":"inbound-rtp","Video":{"timestamp":1611071465127.821,"packetsReceived":39529,"packetsLost":0}},{"from":"Anshu_715feb1f-a25a-4ae3-8c2f-68f8feb07cd2","to":"Siddharth_ba7206ef-7ec3-499a-bbac-c8f45a91e32b","Audio":{"timestamp":1611071470128.756,"packetsReceived":24914,"packetsLost":0},"Type":"inbound-rtp","Video":{"timestamp":1611071470128.756,"packetsReceived":39574,"packetsLost":0}},{"from":"Anshu_715feb1f-a25a-4ae3-8c2f-68f8feb07cd2","to":"Siddharth_ba7206ef-7ec3-499a-bbac-c8f45a91e32b","Audio":{"timestamp":1611071470128.756,"packetsReceived":24914,"packetsLost":0},"Type":"inbound-rtp","Video":{"timestamp":1611071470128.756,"packetsReceived":39574,"packetsLost":0}},{"from":"Anshu_715feb1f-a25a-4ae3-8c2f-68f8feb07cd2","to":"Siddharth_ba7206ef-7ec3-499a-bbac-c8f45a91e32b","Audio":{"timestamp":1611071475066.173,"packetsReceived":25161,"packetsLost":0},"Type":"inbound-rtp","Video":{"timestamp":1611071475066.173,"packetsReceived":39619,"packetsLost":0}},{"from":"Anshu_715feb1f-a25a-4ae3-8c2f-68f8feb07cd2","to":"Siddharth_ba7206ef-7ec3-499a-bbac-c8f45a91e32b","Audio":{"timestamp":1611071475066.173,"packetsReceived":25161,"packetsLost":0},"Type":"inbound-rtp","Video":{"timestamp":1611071475066.173,"packetsReceived":39619,"packetsLost":0}}]}