[{"timestamp":1611070971041,"log":{"from":"server","to":"Siddharth_ba7206ef-7ec3-499a-bbac-c8f45a91e32b","context":"PARENT","data":"{\"peer\":\"Anshu_715feb1f-a25a-4ae3-8c2f-68f8feb07cd2\"}"}},{"timestamp":1611070971041,"log":"Parent : Anshu_715feb1f-a25a-4ae3-8c2f-68f8feb07cd2"},{"timestamp":1611070971528,"log":{"from":"Anshu_715feb1f-a25a-4ae3-8c2f-68f8feb07cd2","to":"Siddharth_ba7206ef-7ec3-499a-bbac-c8f45a91e32b","context":"CONNECT_ACK","data":"{\"roomID\":\"123456\"}"}},{"timestamp":1611070971528,"log":"Connection ACK from parent : Anshu_715feb1f-a25a-4ae3-8c2f-68f8feb07cd2"},{"timestamp":1611070971539,"log":"received sdp from peer : Anshu_715feb1f-a25a-4ae3-8c2f-68f8feb07cd2"},{"timestamp":1611070971543,"log":"received ice from peer : Anshu_715feb1f-a25a-4ae3-8c2f-68f8feb07cd2"},{"timestamp":1611070971553,"log":"received ice from peer : Anshu_715feb1f-a25a-4ae3-8c2f-68f8feb07cd2"},{"timestamp":1611070971555,"log":"remote stream received"},{"timestamp":1611070971556,"log":{}},{"timestamp":1611070971556,"log":"remote stream received"},{"timestamp":1611070971556,"log":{}},{"timestamp":1611070971568,"log":"created description for peer : Anshu_715feb1f-a25a-4ae3-8c2f-68f8feb07cd2"},{"timestamp":1611070971573,"log":"received ice from peer : Anshu_715feb1f-a25a-4ae3-8c2f-68f8feb07cd2"},{"timestamp":1611070971579,"log":"received ice from peer : Anshu_715feb1f-a25a-4ae3-8c2f-68f8feb07cd2"},{"timestamp":1611070971580,"log":"connection with peer Anshu_715feb1f-a25a-4ae3-8c2f-68f8feb07cd2 checking"},{"timestamp":1611070971580,"log":"ice: Siddharth_ba7206ef-7ec3-499a-bbac-c8f45a91e32b to Anshu_715feb1f-a25a-4ae3-8c2f-68f8feb07cd2"},{"timestamp":1611070971581,"log":"connection with peer Anshu_715feb1f-a25a-4ae3-8c2f-68f8feb07cd2 connected"},{"timestamp":1611070971581,"log":"ice: Siddharth_ba7206ef-7ec3-499a-bbac-c8f45a91e32b to Anshu_715feb1f-a25a-4ae3-8c2f-68f8feb07cd2"}]