[{"timestamp":1611069818861,"log":{"from":"server","to":"Ansh_a78d7f79-ead8-4eaf-9ca9-afc7c8d8706d","context":"PARENT","data":"{\"peer\":\"Ashmesh_6994197c-862c-4ffd-871b-82ae2d48b813\"}"}},{"timestamp":1611069818861,"log":"Parent : Ashmesh_6994197c-862c-4ffd-871b-82ae2d48b813"},{"timestamp":1611069819355,"log":{"from":"Ashmesh_6994197c-862c-4ffd-871b-82ae2d48b813","to":"Ansh_a78d7f79-ead8-4eaf-9ca9-afc7c8d8706d","context":"CONNECT_ACK","data":"{\"roomID\":\"123456\"}"}},{"timestamp":1611069819355,"log":"Connection ACK from parent : Ashmesh_6994197c-862c-4ffd-871b-82ae2d48b813"},{"timestamp":1611069819363,"log":"received sdp from peer : Ashmesh_6994197c-862c-4ffd-871b-82ae2d48b813"},{"timestamp":1611069819366,"log":"received ice from peer : Ashmesh_6994197c-862c-4ffd-871b-82ae2d48b813"},{"timestamp":1611069819368,"log":"received ice from peer : Ashmesh_6994197c-862c-4ffd-871b-82ae2d48b813"},{"timestamp":1611069819369,"log":"remote stream received"},{"timestamp":1611069819369,"log":{}},{"timestamp":1611069819369,"log":"remote stream received"},{"timestamp":1611069819370,"log":{}},{"timestamp":1611069819409,"log":"created description for peer : Ashmesh_6994197c-862c-4ffd-871b-82ae2d48b813"},{"timestamp":1611069819448,"log":"connection with peer Ashmesh_6994197c-862c-4ffd-871b-82ae2d48b813 checking"},{"timestamp":1611069819449,"log":"ice: Ansh_a78d7f79-ead8-4eaf-9ca9-afc7c8d8706d to Ashmesh_6994197c-862c-4ffd-871b-82ae2d48b813"},{"timestamp":1611069819450,"log":"connection with peer Ashmesh_6994197c-862c-4ffd-871b-82ae2d48b813 connected"},{"timestamp":1611069819450,"log":"ice: Ansh_a78d7f79-ead8-4eaf-9ca9-afc7c8d8706d to Ashmesh_6994197c-862c-4ffd-871b-82ae2d48b813"},{"timestamp":1611069819603,"log":"received ice from peer : Ashmesh_6994197c-862c-4ffd-871b-82ae2d48b813"},{"timestamp":1611069819604,"log":"received ice from peer : Ashmesh_6994197c-862c-4ffd-871b-82ae2d48b813"},{"timestamp":1611070240895,"log":{"from":"Shreyas_c82ad4b7-4ba3-4a29-989c-ed0396c86f52","to":"Ansh_a78d7f79-ead8-4eaf-9ca9-afc7c8d8706d","context":"CONNECT","data":"{\"roomID\":\"123456\"}"}},{"timestamp":1611070240895,"log":"Connect request from Child : Shreyas_c82ad4b7-4ba3-4a29-989c-ed0396c86f52"},{"timestamp":1611070240899,"log":"adding tracks"},{"timestamp":1611070240901,"log":"call inititated: Ansh_a78d7f79-ead8-4eaf-9ca9-afc7c8d8706d to Shreyas_c82ad4b7-4ba3-4a29-989c-ed0396c86f52"},{"timestamp":1611070240904,"log":"created description for peer : Shreyas_c82ad4b7-4ba3-4a29-989c-ed0396c86f52"},{"timestamp":1611070240909,"log":"ice: Ansh_a78d7f79-ead8-4eaf-9ca9-afc7c8d8706d to Shreyas_c82ad4b7-4ba3-4a29-989c-ed0396c86f52"},{"timestamp":1611070240909,"log":"ice: Ansh_a78d7f79-ead8-4eaf-9ca9-afc7c8d8706d to Shreyas_c82ad4b7-4ba3-4a29-989c-ed0396c86f52"},{"timestamp":1611070240941,"log":"ice: Ansh_a78d7f79-ead8-4eaf-9ca9-afc7c8d8706d to Shreyas_c82ad4b7-4ba3-4a29-989c-ed0396c86f52"},{"timestamp":1611070240945,"log":"ice: Ansh_a78d7f79-ead8-4eaf-9ca9-afc7c8d8706d to Shreyas_c82ad4b7-4ba3-4a29-989c-ed0396c86f52"},{"timestamp":1611070241175,"log":"connection with peer Shreyas_c82ad4b7-4ba3-4a29-989c-ed0396c86f52 checking"},{"timestamp":1611070241410,"log":"received sdp from peer : Shreyas_c82ad4b7-4ba3-4a29-989c-ed0396c86f52"},{"timestamp":1611070241417,"log":"ice: Ansh_a78d7f79-ead8-4eaf-9ca9-afc7c8d8706d to Shreyas_c82ad4b7-4ba3-4a29-989c-ed0396c86f52"},{"timestamp":1611070241417,"log":"connection with peer Shreyas_c82ad4b7-4ba3-4a29-989c-ed0396c86f52 connected"},{"timestamp":1611070241451,"log":"received ice from peer : Shreyas_c82ad4b7-4ba3-4a29-989c-ed0396c86f52"},{"timestamp":1611070257056,"log":{"from":"Lohit_3f6823ee-41c1-437f-92ca-1aad5dfa09ad","to":"Ansh_a78d7f79-ead8-4eaf-9ca9-afc7c8d8706d","context":"CONNECT","data":"{\"roomID\":\"123456\"}"}},{"timestamp":1611070257056,"log":"Connect request from Child : Lohit_3f6823ee-41c1-437f-92ca-1aad5dfa09ad"},{"timestamp":1611070257059,"log":"adding tracks"},{"timestamp":1611070257061,"log":"call inititated: Ansh_a78d7f79-ead8-4eaf-9ca9-afc7c8d8706d to Lohit_3f6823ee-41c1-437f-92ca-1aad5dfa09ad"},{"timestamp":1611070257065,"log":"created description for peer : Lohit_3f6823ee-41c1-437f-92ca-1aad5dfa09ad"},{"timestamp":1611070257070,"log":"ice: Ansh_a78d7f79-ead8-4eaf-9ca9-afc7c8d8706d to Lohit_3f6823ee-41c1-437f-92ca-1aad5dfa09ad"},{"timestamp":1611070257071,"log":"ice: Ansh_a78d7f79-ead8-4eaf-9ca9-afc7c8d8706d to Lohit_3f6823ee-41c1-437f-92ca-1aad5dfa09ad"},{"timestamp":1611070257102,"log":"ice: Ansh_a78d7f79-ead8-4eaf-9ca9-afc7c8d8706d to Lohit_3f6823ee-41c1-437f-92ca-1aad5dfa09ad"},{"timestamp":1611070257103,"log":"ice: Ansh_a78d7f79-ead8-4eaf-9ca9-afc7c8d8706d to Lohit_3f6823ee-41c1-437f-92ca-1aad5dfa09ad"},{"timestamp":1611070257384,"log":"connection with peer Lohit_3f6823ee-41c1-437f-92ca-1aad5dfa09ad checking"},{"timestamp":1611070257629,"log":"received sdp from peer : Lohit_3f6823ee-41c1-437f-92ca-1aad5dfa09ad"},{"timestamp":1611070257634,"log":"received ice from peer : Lohit_3f6823ee-41c1-437f-92ca-1aad5dfa09ad"},{"timestamp":1611070257641,"log":"connection with peer Lohit_3f6823ee-41c1-437f-92ca-1aad5dfa09ad connected"},{"timestamp":1611070257641,"log":"ice: Ansh_a78d7f79-ead8-4eaf-9ca9-afc7c8d8706d to Lohit_3f6823ee-41c1-437f-92ca-1aad5dfa09ad"}]