[{"joining_timestamp":1611072315561,"available_slots":4},{"media_timestamp":1611072317292},{"timestamp":1611072545041,"Type":"child_added","available_slots":3,"child_id":"Lohit_b1a3f8d6-3d0f-4b2e-993c-23d36c1e08f6"},{"timestamp":1611072558930,"Type":"child_added","available_slots":2,"child_id":"Shivank_4c0cec62-9140-48f7-aca3-674e03d54149"},{"timestamp":1611072564586,"Type":"child_added","available_slots":1,"child_id":"Avatansh_45135761-fc77-4220-bfd8-1309a3d2cf7e"},{"timestamp":1611072574326,"Type":"child_added","available_slots":0,"child_id":"Siddharth_707e94f9-bf5a-4bec-9d30-8bf6219a6084"}]