[{"timestamp":1611072316670,"log":{"from":"server","to":"Ansh_7d76d88f-3f4d-4420-a512-a5cc2f44d116","context":"PARENT","data":"{\"peer\":\"Chinmay_a321d479-46a9-45d4-987f-455eb2d3321f\"}"}},{"timestamp":1611072316670,"log":"Parent : Chinmay_a321d479-46a9-45d4-987f-455eb2d3321f"},{"timestamp":1611072317242,"log":{"from":"Chinmay_a321d479-46a9-45d4-987f-455eb2d3321f","to":"Ansh_7d76d88f-3f4d-4420-a512-a5cc2f44d116","context":"CONNECT_ACK","data":"{\"roomID\":\"123456\"}"}},{"timestamp":1611072317242,"log":"Connection ACK from parent : Chinmay_a321d479-46a9-45d4-987f-455eb2d3321f"},{"timestamp":1611072317278,"log":"received sdp from peer : Chinmay_a321d479-46a9-45d4-987f-455eb2d3321f"},{"timestamp":1611072317284,"log":"received ice from peer : Chinmay_a321d479-46a9-45d4-987f-455eb2d3321f"},{"timestamp":1611072317290,"log":"received ice from peer : Chinmay_a321d479-46a9-45d4-987f-455eb2d3321f"},{"timestamp":1611072317290,"log":"received ice from peer : Chinmay_a321d479-46a9-45d4-987f-455eb2d3321f"},{"timestamp":1611072317292,"log":"remote stream received"},{"timestamp":1611072317292,"log":{}},{"timestamp":1611072317292,"log":"remote stream received"},{"timestamp":1611072317292,"log":{}},{"timestamp":1611072317296,"log":"created description for peer : Chinmay_a321d479-46a9-45d4-987f-455eb2d3321f"},{"timestamp":1611072317300,"log":"connection with peer Chinmay_a321d479-46a9-45d4-987f-455eb2d3321f checking"},{"timestamp":1611072317300,"log":"ice: Ansh_7d76d88f-3f4d-4420-a512-a5cc2f44d116 to Chinmay_a321d479-46a9-45d4-987f-455eb2d3321f"},{"timestamp":1611072317301,"log":"connection with peer Chinmay_a321d479-46a9-45d4-987f-455eb2d3321f connected"},{"timestamp":1611072317301,"log":"ice: Ansh_7d76d88f-3f4d-4420-a512-a5cc2f44d116 to Chinmay_a321d479-46a9-45d4-987f-455eb2d3321f"},{"timestamp":1611072317335,"log":"received ice from peer : Chinmay_a321d479-46a9-45d4-987f-455eb2d3321f"},{"timestamp":1611072545041,"log":{"from":"Lohit_b1a3f8d6-3d0f-4b2e-993c-23d36c1e08f6","to":"Ansh_7d76d88f-3f4d-4420-a512-a5cc2f44d116","context":"CONNECT","data":"{\"roomID\":\"123456\"}"}},{"timestamp":1611072545041,"log":"Connect request from Child : Lohit_b1a3f8d6-3d0f-4b2e-993c-23d36c1e08f6"},{"timestamp":1611072545043,"log":"adding tracks"},{"timestamp":1611072545047,"log":"call inititated: Ansh_7d76d88f-3f4d-4420-a512-a5cc2f44d116 to Lohit_b1a3f8d6-3d0f-4b2e-993c-23d36c1e08f6"},{"timestamp":1611072545051,"log":"created description for peer : Lohit_b1a3f8d6-3d0f-4b2e-993c-23d36c1e08f6"},{"timestamp":1611072545057,"log":"ice: Ansh_7d76d88f-3f4d-4420-a512-a5cc2f44d116 to Lohit_b1a3f8d6-3d0f-4b2e-993c-23d36c1e08f6"},{"timestamp":1611072545058,"log":"ice: Ansh_7d76d88f-3f4d-4420-a512-a5cc2f44d116 to Lohit_b1a3f8d6-3d0f-4b2e-993c-23d36c1e08f6"},{"timestamp":1611072545090,"log":"ice: Ansh_7d76d88f-3f4d-4420-a512-a5cc2f44d116 to Lohit_b1a3f8d6-3d0f-4b2e-993c-23d36c1e08f6"},{"timestamp":1611072545093,"log":"ice: Ansh_7d76d88f-3f4d-4420-a512-a5cc2f44d116 to Lohit_b1a3f8d6-3d0f-4b2e-993c-23d36c1e08f6"},{"timestamp":1611072545323,"log":"connection with peer Lohit_b1a3f8d6-3d0f-4b2e-993c-23d36c1e08f6 checking"},{"timestamp":1611072545563,"log":"received sdp from peer : Lohit_b1a3f8d6-3d0f-4b2e-993c-23d36c1e08f6"},{"timestamp":1611072545567,"log":"received ice from peer : Lohit_b1a3f8d6-3d0f-4b2e-993c-23d36c1e08f6"},{"timestamp":1611072545572,"log":"connection with peer Lohit_b1a3f8d6-3d0f-4b2e-993c-23d36c1e08f6 connected"},{"timestamp":1611072545573,"log":"ice: Ansh_7d76d88f-3f4d-4420-a512-a5cc2f44d116 to Lohit_b1a3f8d6-3d0f-4b2e-993c-23d36c1e08f6"},{"timestamp":1611072558930,"log":{"from":"Shivank_4c0cec62-9140-48f7-aca3-674e03d54149","to":"Ansh_7d76d88f-3f4d-4420-a512-a5cc2f44d116","context":"CONNECT","data":"{\"roomID\":\"123456\"}"}},{"timestamp":1611072558930,"log":"Connect request from Child : Shivank_4c0cec62-9140-48f7-aca3-674e03d54149"},{"timestamp":1611072558932,"log":"adding tracks"},{"timestamp":1611072558934,"log":"call inititated: Ansh_7d76d88f-3f4d-4420-a512-a5cc2f44d116 to Shivank_4c0cec62-9140-48f7-aca3-674e03d54149"},{"timestamp":1611072558938,"log":"created description for peer : Shivank_4c0cec62-9140-48f7-aca3-674e03d54149"},{"timestamp":1611072558943,"log":"ice: Ansh_7d76d88f-3f4d-4420-a512-a5cc2f44d116 to Shivank_4c0cec62-9140-48f7-aca3-674e03d54149"},{"timestamp":1611072558944,"log":"ice: Ansh_7d76d88f-3f4d-4420-a512-a5cc2f44d116 to Shivank_4c0cec62-9140-48f7-aca3-674e03d54149"},{"timestamp":1611072558979,"log":"ice: Ansh_7d76d88f-3f4d-4420-a512-a5cc2f44d116 to Shivank_4c0cec62-9140-48f7-aca3-674e03d54149"},{"timestamp":1611072558980,"log":"ice: Ansh_7d76d88f-3f4d-4420-a512-a5cc2f44d116 to Shivank_4c0cec62-9140-48f7-aca3-674e03d54149"},{"timestamp":1611072559215,"log":"connection with peer Shivank_4c0cec62-9140-48f7-aca3-674e03d54149 checking"},{"timestamp":1611072559454,"log":"received sdp from peer : Shivank_4c0cec62-9140-48f7-aca3-674e03d54149"},{"timestamp":1611072559458,"log":"received ice from peer : Shivank_4c0cec62-9140-48f7-aca3-674e03d54149"},{"timestamp":1611072559464,"log":"connection with peer Shivank_4c0cec62-9140-48f7-aca3-674e03d54149 connected"},{"timestamp":1611072559464,"log":"ice: Ansh_7d76d88f-3f4d-4420-a512-a5cc2f44d116 to Shivank_4c0cec62-9140-48f7-aca3-674e03d54149"},{"timestamp":1611072564586,"log":{"from":"Avatansh_45135761-fc77-4220-bfd8-1309a3d2cf7e","to":"Ansh_7d76d88f-3f4d-4420-a512-a5cc2f44d116","context":"CONNECT","data":"{\"roomID\":\"123456\"}"}},{"timestamp":1611072564586,"log":"Connect request from Child : Avatansh_45135761-fc77-4220-bfd8-1309a3d2cf7e"},{"timestamp":1611072564587,"log":"adding tracks"},{"timestamp":1611072564588,"log":"call inititated: Ansh_7d76d88f-3f4d-4420-a512-a5cc2f44d116 to Avatansh_45135761-fc77-4220-bfd8-1309a3d2cf7e"},{"timestamp":1611072564591,"log":"created description for peer : Avatansh_45135761-fc77-4220-bfd8-1309a3d2cf7e"},{"timestamp":1611072564597,"log":"ice: Ansh_7d76d88f-3f4d-4420-a512-a5cc2f44d116 to Avatansh_45135761-fc77-4220-bfd8-1309a3d2cf7e"},{"timestamp":1611072564598,"log":"ice: Ansh_7d76d88f-3f4d-4420-a512-a5cc2f44d116 to Avatansh_45135761-fc77-4220-bfd8-1309a3d2cf7e"},{"timestamp":1611072564631,"log":"ice: Ansh_7d76d88f-3f4d-4420-a512-a5cc2f44d116 to Avatansh_45135761-fc77-4220-bfd8-1309a3d2cf7e"},{"timestamp":1611072564631,"log":"ice: Ansh_7d76d88f-3f4d-4420-a512-a5cc2f44d116 to Avatansh_45135761-fc77-4220-bfd8-1309a3d2cf7e"},{"timestamp":1611072564870,"log":"connection with peer Avatansh_45135761-fc77-4220-bfd8-1309a3d2cf7e checking"},{"timestamp":1611072565117,"log":"received sdp from peer : Avatansh_45135761-fc77-4220-bfd8-1309a3d2cf7e"},{"timestamp":1611072565121,"log":"received ice from peer : Avatansh_45135761-fc77-4220-bfd8-1309a3d2cf7e"},{"timestamp":1611072565125,"log":"ice: Ansh_7d76d88f-3f4d-4420-a512-a5cc2f44d116 to Avatansh_45135761-fc77-4220-bfd8-1309a3d2cf7e"},{"timestamp":1611072565125,"log":"connection with peer Avatansh_45135761-fc77-4220-bfd8-1309a3d2cf7e connected"},{"timestamp":1611072574326,"log":{"from":"Siddharth_707e94f9-bf5a-4bec-9d30-8bf6219a6084","to":"Ansh_7d76d88f-3f4d-4420-a512-a5cc2f44d116","context":"CONNECT","data":"{\"roomID\":\"123456\"}"}},{"timestamp":1611072574326,"log":"Connect request from Child : Siddharth_707e94f9-bf5a-4bec-9d30-8bf6219a6084"},{"timestamp":1611072574328,"log":"adding tracks"},{"timestamp":1611072574330,"log":"call inititated: Ansh_7d76d88f-3f4d-4420-a512-a5cc2f44d116 to Siddharth_707e94f9-bf5a-4bec-9d30-8bf6219a6084"},{"timestamp":1611072574334,"log":"created description for peer : Siddharth_707e94f9-bf5a-4bec-9d30-8bf6219a6084"},{"timestamp":1611072574339,"log":"ice: Ansh_7d76d88f-3f4d-4420-a512-a5cc2f44d116 to Siddharth_707e94f9-bf5a-4bec-9d30-8bf6219a6084"},{"timestamp":1611072574340,"log":"ice: Ansh_7d76d88f-3f4d-4420-a512-a5cc2f44d116 to Siddharth_707e94f9-bf5a-4bec-9d30-8bf6219a6084"},{"timestamp":1611072574373,"log":"ice: Ansh_7d76d88f-3f4d-4420-a512-a5cc2f44d116 to Siddharth_707e94f9-bf5a-4bec-9d30-8bf6219a6084"},{"timestamp":1611072574376,"log":"ice: Ansh_7d76d88f-3f4d-4420-a512-a5cc2f44d116 to Siddharth_707e94f9-bf5a-4bec-9d30-8bf6219a6084"},{"timestamp":1611072574615,"log":"connection with peer Siddharth_707e94f9-bf5a-4bec-9d30-8bf6219a6084 checking"},{"timestamp":1611072574856,"log":"received sdp from peer : Siddharth_707e94f9-bf5a-4bec-9d30-8bf6219a6084"},{"timestamp":1611072574860,"log":"received ice from peer : Siddharth_707e94f9-bf5a-4bec-9d30-8bf6219a6084"},{"timestamp":1611072574863,"log":"connection with peer Siddharth_707e94f9-bf5a-4bec-9d30-8bf6219a6084 connected"},{"timestamp":1611072574863,"log":"ice: Ansh_7d76d88f-3f4d-4420-a512-a5cc2f44d116 to Siddharth_707e94f9-bf5a-4bec-9d30-8bf6219a6084"}]