[{"timestamp":1611070471218,"log":{"from":"server","to":"Sharisth_6fa9cc3f-4b7a-43c3-892d-d8b0638ad0af","context":"PARENT","data":"{\"peer\":\"Rishitha_e6302e1b-3b52-4cbd-8587-66de406d16ff\"}"}},{"timestamp":1611070471218,"log":"Parent : Rishitha_e6302e1b-3b52-4cbd-8587-66de406d16ff"},{"timestamp":1611070471728,"log":{"from":"Rishitha_e6302e1b-3b52-4cbd-8587-66de406d16ff","to":"Sharisth_6fa9cc3f-4b7a-43c3-892d-d8b0638ad0af","context":"CONNECT_ACK","data":"{\"roomID\":\"123456\"}"}},{"timestamp":1611070471728,"log":"Connection ACK from parent : Rishitha_e6302e1b-3b52-4cbd-8587-66de406d16ff"},{"timestamp":1611070471736,"log":"received sdp from peer : Rishitha_e6302e1b-3b52-4cbd-8587-66de406d16ff"},{"timestamp":1611070471740,"log":"received ice from peer : Rishitha_e6302e1b-3b52-4cbd-8587-66de406d16ff"},{"timestamp":1611070471741,"log":"received ice from peer : Rishitha_e6302e1b-3b52-4cbd-8587-66de406d16ff"},{"timestamp":1611070471742,"log":"remote stream received"},{"timestamp":1611070471742,"log":{}},{"timestamp":1611070471742,"log":"remote stream received"},{"timestamp":1611070471743,"log":{}},{"timestamp":1611070471746,"log":"created description for peer : Rishitha_e6302e1b-3b52-4cbd-8587-66de406d16ff"},{"timestamp":1611070471765,"log":"received ice from peer : Rishitha_e6302e1b-3b52-4cbd-8587-66de406d16ff"},{"timestamp":1611070471777,"log":"received ice from peer : Rishitha_e6302e1b-3b52-4cbd-8587-66de406d16ff"},{"timestamp":1611070471778,"log":"connection with peer Rishitha_e6302e1b-3b52-4cbd-8587-66de406d16ff checking"},{"timestamp":1611070471778,"log":"ice: Sharisth_6fa9cc3f-4b7a-43c3-892d-d8b0638ad0af to Rishitha_e6302e1b-3b52-4cbd-8587-66de406d16ff"},{"timestamp":1611070471779,"log":"connection with peer Rishitha_e6302e1b-3b52-4cbd-8587-66de406d16ff connected"},{"timestamp":1611070471779,"log":"ice: Sharisth_6fa9cc3f-4b7a-43c3-892d-d8b0638ad0af to Rishitha_e6302e1b-3b52-4cbd-8587-66de406d16ff"}]