[{"timestamp":1611070607304,"log":{"from":"server","to":"Nidhi_30d9c962-6ef2-4c67-9bab-b67021973a0f","context":"PARENT","data":"{\"peer\":\"Harshit_67054155-1e7f-4075-9d5c-8cef43cb5479\"}"}},{"timestamp":1611070607304,"log":"Parent : Harshit_67054155-1e7f-4075-9d5c-8cef43cb5479"},{"timestamp":1611070607808,"log":{"from":"Harshit_67054155-1e7f-4075-9d5c-8cef43cb5479","to":"Nidhi_30d9c962-6ef2-4c67-9bab-b67021973a0f","context":"CONNECT_ACK","data":"{\"roomID\":\"123456\"}"}},{"timestamp":1611070607808,"log":"Connection ACK from parent : Harshit_67054155-1e7f-4075-9d5c-8cef43cb5479"},{"timestamp":1611070607814,"log":"received sdp from peer : Harshit_67054155-1e7f-4075-9d5c-8cef43cb5479"},{"timestamp":1611070607816,"log":"received ice from peer : Harshit_67054155-1e7f-4075-9d5c-8cef43cb5479"},{"timestamp":1611070607819,"log":"remote stream received"},{"timestamp":1611070607820,"log":{}},{"timestamp":1611070607820,"log":"remote stream received"},{"timestamp":1611070607820,"log":{}},{"timestamp":1611070607821,"log":"received ice from peer : Harshit_67054155-1e7f-4075-9d5c-8cef43cb5479"},{"timestamp":1611070607824,"log":"created description for peer : Harshit_67054155-1e7f-4075-9d5c-8cef43cb5479"},{"timestamp":1611070607830,"log":"connection with peer Harshit_67054155-1e7f-4075-9d5c-8cef43cb5479 checking"},{"timestamp":1611070607832,"log":"ice: Nidhi_30d9c962-6ef2-4c67-9bab-b67021973a0f to Harshit_67054155-1e7f-4075-9d5c-8cef43cb5479"},{"timestamp":1611070607834,"log":"connection with peer Harshit_67054155-1e7f-4075-9d5c-8cef43cb5479 connected"},{"timestamp":1611070607834,"log":"ice: Nidhi_30d9c962-6ef2-4c67-9bab-b67021973a0f to Harshit_67054155-1e7f-4075-9d5c-8cef43cb5479"},{"timestamp":1611070607848,"log":"received ice from peer : Harshit_67054155-1e7f-4075-9d5c-8cef43cb5479"},{"timestamp":1611070607850,"log":"received ice from peer : Harshit_67054155-1e7f-4075-9d5c-8cef43cb5479"}]