{"Jysamrani_4f259002-81e1-43ee-b6ee-738e01617b81":[{"from":"Jysamrani_4f259002-81e1-43ee-b6ee-738e01617b81","to":"Shwetha_0456e67c-43a5-4d6b-b629-b9bcf29c58ab","Audio":{"timestamp":1611072728431,"packetsReceived":151,"packetsLost":0},"Type":"inbound-rtp","Video":{"timestamp":1611072728431,"packetsReceived":0,"packetsLost":0}},{"from":"Jysamrani_4f259002-81e1-43ee-b6ee-738e01617b81","to":"Shwetha_0456e67c-43a5-4d6b-b629-b9bcf29c58ab","Audio":{"timestamp":1611072728431,"packetsReceived":151,"packetsLost":0},"Type":"inbound-rtp","Video":{"timestamp":1611072728431,"packetsReceived":0,"packetsLost":0}},{"from":"Jysamrani_4f259002-81e1-43ee-b6ee-738e01617b81","to":"Shwetha_0456e67c-43a5-4d6b-b629-b9bcf29c58ab","Audio":{"timestamp":1611072733431,"packetsReceived":401,"packetsLost":0},"Type":"inbound-rtp","Video":{"timestamp":1611072733431,"packetsReceived":40,"packetsLost":0}},{"from":"Jysamrani_4f259002-81e1-43ee-b6ee-738e01617b81","to":"Shwetha_0456e67c-43a5-4d6b-b629-b9bcf29c58ab","Audio":{"timestamp":1611072733431,"packetsReceived":401,"packetsLost":0},"Type":"inbound-rtp","Video":{"timestamp":1611072733431,"packetsReceived":40,"packetsLost":0}},{"from":"Jysamrani_4f259002-81e1-43ee-b6ee-738e01617b81","to":"Shwetha_0456e67c-43a5-4d6b-b629-b9bcf29c58ab","Audio":{"timestamp":1611072738431,"packetsReceived":651,"packetsLost":0},"Type":"inbound-rtp","Video":{"timestamp":1611072738431,"packetsReceived":44,"packetsLost":0}},{"from":"Jysamrani_4f259002-81e1-43ee-b6ee-738e01617b81","to":"Shwetha_0456e67c-43a5-4d6b-b629-b9bcf29c58ab","Audio":{"timestamp":1611072738431,"packetsReceived":651,"packetsLost":0},"Type":"inbound-rtp","Video":{"timestamp":1611072738431,"packetsReceived":44,"packetsLost":0}},{"from":"Jysamrani_4f259002-81e1-43ee-b6ee-738e01617b81","to":"Shwetha_0456e67c-43a5-4d6b-b629-b9bcf29c58ab","Audio":{"timestamp":1611072743431,"packetsReceived":901,"packetsLost":0},"Type":"inbound-rtp","Video":{"timestamp":1611072743431,"packetsReceived":49,"packetsLost":0}},{"from":"Jysamrani_4f259002-81e1-43ee-b6ee-738e01617b81","to":"Shwetha_0456e67c-43a5-4d6b-b629-b9bcf29c58ab","Audio":{"timestamp":1611072743431,"packetsReceived":901,"packetsLost":0},"Type":"inbound-rtp","Video":{"timestamp":1611072743431,"packetsReceived":49,"packetsLost":0}},{"from":"Jysamrani_4f259002-81e1-43ee-b6ee-738e01617b81","to":"Shwetha_0456e67c-43a5-4d6b-b629-b9bcf29c58ab","Audio":{"timestamp":1611072748431,"packetsReceived":1151,"packetsLost":0},"Type":"inbound-rtp","Video":{"timestamp":1611072748431,"packetsReceived":54,"packetsLost":0}},{"from":"Jysamrani_4f259002-81e1-43ee-b6ee-738e01617b81","to":"Shwetha_0456e67c-43a5-4d6b-b629-b9bcf29c58ab","Audio":{"timestamp":1611072748431,"packetsReceived":1151,"packetsLost":0},"Type":"inbound-rtp","Video":{"timestamp":1611072748431,"packetsReceived":54,"packetsLost":0}},{"from":"Jysamrani_4f259002-81e1-43ee-b6ee-738e01617b81","to":"Shwetha_0456e67c-43a5-4d6b-b629-b9bcf29c58ab","Audio":{"timestamp":1611072753431,"packetsReceived":1401,"packetsLost":0},"Type":"inbound-rtp","Video":{"timestamp":1611072753431,"packetsReceived":59,"packetsLost":0}},{"from":"Jysamrani_4f259002-81e1-43ee-b6ee-738e01617b81","to":"Shwetha_0456e67c-43a5-4d6b-b629-b9bcf29c58ab","Audio":{"timestamp":1611072753431,"packetsReceived":1401,"packetsLost":0},"Type":"inbound-rtp","Video":{"timestamp":1611072753431,"packetsReceived":59,"packetsLost":0}},{"from":"Jysamrani_4f259002-81e1-43ee-b6ee-738e01617b81","to":"Shwetha_0456e67c-43a5-4d6b-b629-b9bcf29c58ab","Audio":{"timestamp":1611072758431,"packetsReceived":1651,"packetsLost":0},"Type":"inbound-rtp","Video":{"timestamp":1611072758431,"packetsReceived":103,"packetsLost":0}},{"from":"Jysamrani_4f259002-81e1-43ee-b6ee-738e01617b81","to":"Shwetha_0456e67c-43a5-4d6b-b629-b9bcf29c58ab","Audio":{"timestamp":1611072758431,"packetsReceived":1651,"packetsLost":0},"Type":"inbound-rtp","Video":{"timestamp":1611072758431,"packetsReceived":103,"packetsLost":0}},{"from":"Jysamrani_4f259002-81e1-43ee-b6ee-738e01617b81","to":"Shwetha_0456e67c-43a5-4d6b-b629-b9bcf29c58ab","Audio":{"timestamp":1611072763432,"packetsReceived":1901,"packetsLost":0},"Type":"inbound-rtp","Video":{"timestamp":1611072763432,"packetsReceived":115,"packetsLost":0}},{"from":"Jysamrani_4f259002-81e1-43ee-b6ee-738e01617b81","to":"Shwetha_0456e67c-43a5-4d6b-b629-b9bcf29c58ab","Audio":{"timestamp":1611072763432,"packetsReceived":1901,"packetsLost":0},"Type":"inbound-rtp","Video":{"timestamp":1611072763432,"packetsReceived":115,"packetsLost":0}},{"from":"Jysamrani_4f259002-81e1-43ee-b6ee-738e01617b81","to":"Shwetha_0456e67c-43a5-4d6b-b629-b9bcf29c58ab","Audio":{"timestamp":1611072768432,"packetsReceived":2151,"packetsLost":0},"Type":"inbound-rtp","Video":{"timestamp":1611072768432,"packetsReceived":120,"packetsLost":0}},{"from":"Jysamrani_4f259002-81e1-43ee-b6ee-738e01617b81","to":"Shwetha_0456e67c-43a5-4d6b-b629-b9bcf29c58ab","Audio":{"timestamp":1611072768432,"packetsReceived":2151,"packetsLost":0},"Type":"inbound-rtp","Video":{"timestamp":1611072768432,"packetsReceived":120,"packetsLost":0}},{"from":"Jysamrani_4f259002-81e1-43ee-b6ee-738e01617b81","to":"Shwetha_0456e67c-43a5-4d6b-b629-b9bcf29c58ab","Audio":{"timestamp":1611072773432,"packetsReceived":2402,"packetsLost":0},"Type":"inbound-rtp","Video":{"timestamp":1611072773432,"packetsReceived":124,"packetsLost":0}},{"from":"Jysamrani_4f259002-81e1-43ee-b6ee-738e01617b81","to":"Shwetha_0456e67c-43a5-4d6b-b629-b9bcf29c58ab","Audio":{"timestamp":1611072773432,"packetsReceived":2402,"packetsLost":0},"Type":"inbound-rtp","Video":{"timestamp":1611072773432,"packetsReceived":124,"packetsLost":0}},{"from":"Jysamrani_4f259002-81e1-43ee-b6ee-738e01617b81","to":"Shwetha_0456e67c-43a5-4d6b-b629-b9bcf29c58ab","Audio":{"timestamp":1611072778432,"packetsReceived":2651,"packetsLost":0},"Type":"inbound-rtp","Video":{"timestamp":1611072778432,"packetsReceived":129,"packetsLost":0}},{"from":"Jysamrani_4f259002-81e1-43ee-b6ee-738e01617b81","to":"Shwetha_0456e67c-43a5-4d6b-b629-b9bcf29c58ab","Audio":{"timestamp":1611072778432,"packetsReceived":2651,"packetsLost":0},"Type":"inbound-rtp","Video":{"timestamp":1611072778432,"packetsReceived":129,"packetsLost":0}},{"from":"Jysamrani_4f259002-81e1-43ee-b6ee-738e01617b81","to":"Shwetha_0456e67c-43a5-4d6b-b629-b9bcf29c58ab","Audio":{"timestamp":1611072783432,"packetsReceived":2901,"packetsLost":0},"Type":"inbound-rtp","Video":{"timestamp":1611072783432,"packetsReceived":134,"packetsLost":0}},{"from":"Jysamrani_4f259002-81e1-43ee-b6ee-738e01617b81","to":"Shwetha_0456e67c-43a5-4d6b-b629-b9bcf29c58ab","Audio":{"timestamp":1611072783432,"packetsReceived":2901,"packetsLost":0},"Type":"inbound-rtp","Video":{"timestamp":1611072783432,"packetsReceived":134,"packetsLost":0}},{"from":"Jysamrani_4f259002-81e1-43ee-b6ee-738e01617b81","to":"Shwetha_0456e67c-43a5-4d6b-b629-b9bcf29c58ab","Audio":{"timestamp":1611072788432,"packetsReceived":3151,"packetsLost":0},"Type":"inbound-rtp","Video":{"timestamp":1611072788432,"packetsReceived":138,"packetsLost":0}},{"from":"Jysamrani_4f259002-81e1-43ee-b6ee-738e01617b81","to":"Shwetha_0456e67c-43a5-4d6b-b629-b9bcf29c58ab","Audio":{"timestamp":1611072788432,"packetsReceived":3151,"packetsLost":0},"Type":"inbound-rtp","Video":{"timestamp":1611072788432,"packetsReceived":138,"packetsLost":0}},{"from":"Jysamrani_4f259002-81e1-43ee-b6ee-738e01617b81","to":"Shwetha_0456e67c-43a5-4d6b-b629-b9bcf29c58ab","Audio":{"timestamp":1611072793432,"packetsReceived":3401,"packetsLost":0},"Type":"inbound-rtp","Video":{"timestamp":1611072793432,"packetsReceived":143,"packetsLost":0}},{"from":"Jysamrani_4f259002-81e1-43ee-b6ee-738e01617b81","to":"Shwetha_0456e67c-43a5-4d6b-b629-b9bcf29c58ab","Audio":{"timestamp":1611072793432,"packetsReceived":3401,"packetsLost":0},"Type":"inbound-rtp","Video":{"timestamp":1611072793432,"packetsReceived":143,"packetsLost":0}},{"from":"Jysamrani_4f259002-81e1-43ee-b6ee-738e01617b81","to":"Shwetha_0456e67c-43a5-4d6b-b629-b9bcf29c58ab","Audio":{"timestamp":1611072798433,"packetsReceived":3651,"packetsLost":0},"Type":"inbound-rtp","Video":{"timestamp":1611072798433,"packetsReceived":205,"packetsLost":0}},{"from":"Jysamrani_4f259002-81e1-43ee-b6ee-738e01617b81","to":"Shwetha_0456e67c-43a5-4d6b-b629-b9bcf29c58ab","Audio":{"timestamp":1611072798433,"packetsReceived":3651,"packetsLost":0},"Type":"inbound-rtp","Video":{"timestamp":1611072798433,"packetsReceived":205,"packetsLost":0}},{"from":"Jysamrani_4f259002-81e1-43ee-b6ee-738e01617b81","to":"Shwetha_0456e67c-43a5-4d6b-b629-b9bcf29c58ab","Audio":{"timestamp":1611072803433,"packetsReceived":3901,"packetsLost":0},"Type":"inbound-rtp","Video":{"timestamp":1611072803433,"packetsReceived":209,"packetsLost":0}},{"from":"Jysamrani_4f259002-81e1-43ee-b6ee-738e01617b81","to":"Shwetha_0456e67c-43a5-4d6b-b629-b9bcf29c58ab","Audio":{"timestamp":1611072803433,"packetsReceived":3901,"packetsLost":0},"Type":"inbound-rtp","Video":{"timestamp":1611072803433,"packetsReceived":209,"packetsLost":0}},{"from":"Jysamrani_4f259002-81e1-43ee-b6ee-738e01617b81","to":"Shwetha_0456e67c-43a5-4d6b-b629-b9bcf29c58ab","Audio":{"timestamp":1611072808432,"packetsReceived":4151,"packetsLost":0},"Type":"inbound-rtp","Video":{"timestamp":1611072808432,"packetsReceived":214,"packetsLost":0}},{"from":"Jysamrani_4f259002-81e1-43ee-b6ee-738e01617b81","to":"Shwetha_0456e67c-43a5-4d6b-b629-b9bcf29c58ab","Audio":{"timestamp":1611072808432,"packetsReceived":4151,"packetsLost":0},"Type":"inbound-rtp","Video":{"timestamp":1611072808432,"packetsReceived":214,"packetsLost":0}},{"from":"Jysamrani_4f259002-81e1-43ee-b6ee-738e01617b81","to":"Shwetha_0456e67c-43a5-4d6b-b629-b9bcf29c58ab","Audio":{"timestamp":1611072813433,"packetsReceived":4401,"packetsLost":0},"Type":"inbound-rtp","Video":{"timestamp":1611072813433,"packetsReceived":219,"packetsLost":0}},{"from":"Jysamrani_4f259002-81e1-43ee-b6ee-738e01617b81","to":"Shwetha_0456e67c-43a5-4d6b-b629-b9bcf29c58ab","Audio":{"timestamp":1611072813433,"packetsReceived":4401,"packetsLost":0},"Type":"inbound-rtp","Video":{"timestamp":1611072813433,"packetsReceived":219,"packetsLost":0}},{"from":"Jysamrani_4f259002-81e1-43ee-b6ee-738e01617b81","to":"Shwetha_0456e67c-43a5-4d6b-b629-b9bcf29c58ab","Audio":{"timestamp":1611072818433,"packetsReceived":4651,"packetsLost":0},"Type":"inbound-rtp","Video":{"timestamp":1611072818433,"packetsReceived":223,"packetsLost":0}},{"from":"Jysamrani_4f259002-81e1-43ee-b6ee-738e01617b81","to":"Shwetha_0456e67c-43a5-4d6b-b629-b9bcf29c58ab","Audio":{"timestamp":1611072818433,"packetsReceived":4651,"packetsLost":0},"Type":"inbound-rtp","Video":{"timestamp":1611072818433,"packetsReceived":223,"packetsLost":0}},{"from":"Jysamrani_4f259002-81e1-43ee-b6ee-738e01617b81","to":"Shwetha_0456e67c-43a5-4d6b-b629-b9bcf29c58ab","Audio":{"timestamp":1611072823433,"packetsReceived":4901,"packetsLost":0},"Type":"inbound-rtp","Video":{"timestamp":1611072823433,"packetsReceived":228,"packetsLost":0}},{"from":"Jysamrani_4f259002-81e1-43ee-b6ee-738e01617b81","to":"Shwetha_0456e67c-43a5-4d6b-b629-b9bcf29c58ab","Audio":{"timestamp":1611072823433,"packetsReceived":4901,"packetsLost":0},"Type":"inbound-rtp","Video":{"timestamp":1611072823433,"packetsReceived":228,"packetsLost":0}},{"from":"Jysamrani_4f259002-81e1-43ee-b6ee-738e01617b81","to":"Shwetha_0456e67c-43a5-4d6b-b629-b9bcf29c58ab","Audio":{"timestamp":1611072828433,"packetsReceived":5152,"packetsLost":0},"Type":"inbound-rtp","Video":{"timestamp":1611072828433,"packetsReceived":233,"packetsLost":0}},{"from":"Jysamrani_4f259002-81e1-43ee-b6ee-738e01617b81","to":"Shwetha_0456e67c-43a5-4d6b-b629-b9bcf29c58ab","Audio":{"timestamp":1611072828433,"packetsReceived":5152,"packetsLost":0},"Type":"inbound-rtp","Video":{"timestamp":1611072828433,"packetsReceived":233,"packetsLost":0}},{"from":"Jysamrani_4f259002-81e1-43ee-b6ee-738e01617b81","to":"Shwetha_0456e67c-43a5-4d6b-b629-b9bcf29c58ab","Audio":{"timestamp":1611072833434,"packetsReceived":5401,"packetsLost":0},"Type":"inbound-rtp","Video":{"timestamp":1611072833434,"packetsReceived":237,"packetsLost":0}},{"from":"Jysamrani_4f259002-81e1-43ee-b6ee-738e01617b81","to":"Shwetha_0456e67c-43a5-4d6b-b629-b9bcf29c58ab","Audio":{"timestamp":1611072833434,"packetsReceived":5401,"packetsLost":0},"Type":"inbound-rtp","Video":{"timestamp":1611072833434,"packetsReceived":237,"packetsLost":0}},{"from":"Jysamrani_4f259002-81e1-43ee-b6ee-738e01617b81","to":"Shwetha_0456e67c-43a5-4d6b-b629-b9bcf29c58ab","Audio":{"timestamp":1611072838434,"packetsReceived":5651,"packetsLost":0},"Type":"inbound-rtp","Video":{"timestamp":1611072838434,"packetsReceived":242,"packetsLost":0}},{"from":"Jysamrani_4f259002-81e1-43ee-b6ee-738e01617b81","to":"Shwetha_0456e67c-43a5-4d6b-b629-b9bcf29c58ab","Audio":{"timestamp":1611072838434,"packetsReceived":5651,"packetsLost":0},"Type":"inbound-rtp","Video":{"timestamp":1611072838434,"packetsReceived":242,"packetsLost":0}},{"from":"Jysamrani_4f259002-81e1-43ee-b6ee-738e01617b81","to":"Shwetha_0456e67c-43a5-4d6b-b629-b9bcf29c58ab","Audio":{"timestamp":1611072843433,"packetsReceived":5902,"packetsLost":0},"Type":"inbound-rtp","Video":{"timestamp":1611072843433,"packetsReceived":247,"packetsLost":0}},{"from":"Jysamrani_4f259002-81e1-43ee-b6ee-738e01617b81","to":"Shwetha_0456e67c-43a5-4d6b-b629-b9bcf29c58ab","Audio":{"timestamp":1611072843433,"packetsReceived":5902,"packetsLost":0},"Type":"inbound-rtp","Video":{"timestamp":1611072843433,"packetsReceived":247,"packetsLost":0}},{"from":"Jysamrani_4f259002-81e1-43ee-b6ee-738e01617b81","to":"Shwetha_0456e67c-43a5-4d6b-b629-b9bcf29c58ab","Audio":{"timestamp":1611072848434,"packetsReceived":6151,"packetsLost":0},"Type":"inbound-rtp","Video":{"timestamp":1611072848434,"packetsReceived":251,"packetsLost":0}},{"from":"Jysamrani_4f259002-81e1-43ee-b6ee-738e01617b81","to":"Shwetha_0456e67c-43a5-4d6b-b629-b9bcf29c58ab","Audio":{"timestamp":1611072848434,"packetsReceived":6151,"packetsLost":0},"Type":"inbound-rtp","Video":{"timestamp":1611072848434,"packetsReceived":251,"packetsLost":0}},{"from":"Jysamrani_4f259002-81e1-43ee-b6ee-738e01617b81","to":"Shwetha_0456e67c-43a5-4d6b-b629-b9bcf29c58ab","Audio":{"timestamp":1611072853434,"packetsReceived":6401,"packetsLost":0},"Type":"inbound-rtp","Video":{"timestamp":1611072853434,"packetsReceived":256,"packetsLost":0}},{"from":"Jysamrani_4f259002-81e1-43ee-b6ee-738e01617b81","to":"Shwetha_0456e67c-43a5-4d6b-b629-b9bcf29c58ab","Audio":{"timestamp":1611072853434,"packetsReceived":6401,"packetsLost":0},"Type":"inbound-rtp","Video":{"timestamp":1611072853434,"packetsReceived":256,"packetsLost":0}},{"from":"Jysamrani_4f259002-81e1-43ee-b6ee-738e01617b81","to":"Shwetha_0456e67c-43a5-4d6b-b629-b9bcf29c58ab","Audio":{"timestamp":1611072858434,"packetsReceived":6652,"packetsLost":0},"Type":"inbound-rtp","Video":{"timestamp":1611072858434,"packetsReceived":280,"packetsLost":0}},{"from":"Jysamrani_4f259002-81e1-43ee-b6ee-738e01617b81","to":"Shwetha_0456e67c-43a5-4d6b-b629-b9bcf29c58ab","Audio":{"timestamp":1611072858434,"packetsReceived":6652,"packetsLost":0},"Type":"inbound-rtp","Video":{"timestamp":1611072858434,"packetsReceived":280,"packetsLost":0}},{"from":"Jysamrani_4f259002-81e1-43ee-b6ee-738e01617b81","to":"Shwetha_0456e67c-43a5-4d6b-b629-b9bcf29c58ab","Audio":{"timestamp":1611072863434,"packetsReceived":6902,"packetsLost":0},"Type":"inbound-rtp","Video":{"timestamp":1611072863434,"packetsReceived":373,"packetsLost":0}},{"from":"Jysamrani_4f259002-81e1-43ee-b6ee-738e01617b81","to":"Shwetha_0456e67c-43a5-4d6b-b629-b9bcf29c58ab","Audio":{"timestamp":1611072863434,"packetsReceived":6902,"packetsLost":0},"Type":"inbound-rtp","Video":{"timestamp":1611072863434,"packetsReceived":373,"packetsLost":0}},{"from":"Jysamrani_4f259002-81e1-43ee-b6ee-738e01617b81","to":"Shwetha_0456e67c-43a5-4d6b-b629-b9bcf29c58ab","Audio":{"timestamp":1611072868435,"packetsReceived":7151,"packetsLost":0},"Type":"inbound-rtp","Video":{"timestamp":1611072868435,"packetsReceived":388,"packetsLost":0}},{"from":"Jysamrani_4f259002-81e1-43ee-b6ee-738e01617b81","to":"Shwetha_0456e67c-43a5-4d6b-b629-b9bcf29c58ab","Audio":{"timestamp":1611072868435,"packetsReceived":7151,"packetsLost":0},"Type":"inbound-rtp","Video":{"timestamp":1611072868435,"packetsReceived":388,"packetsLost":0}},{"from":"Jysamrani_4f259002-81e1-43ee-b6ee-738e01617b81","to":"Shwetha_0456e67c-43a5-4d6b-b629-b9bcf29c58ab","Audio":{"timestamp":1611072873435,"packetsReceived":7402,"packetsLost":0},"Type":"inbound-rtp","Video":{"timestamp":1611072873435,"packetsReceived":403,"packetsLost":0}},{"from":"Jysamrani_4f259002-81e1-43ee-b6ee-738e01617b81","to":"Shwetha_0456e67c-43a5-4d6b-b629-b9bcf29c58ab","Audio":{"timestamp":1611072873435,"packetsReceived":7402,"packetsLost":0},"Type":"inbound-rtp","Video":{"timestamp":1611072873435,"packetsReceived":403,"packetsLost":0}},{"from":"Jysamrani_4f259002-81e1-43ee-b6ee-738e01617b81","to":"Shwetha_0456e67c-43a5-4d6b-b629-b9bcf29c58ab","Audio":{"timestamp":1611072878434,"packetsReceived":7651,"packetsLost":0},"Type":"inbound-rtp","Video":{"timestamp":1611072878434,"packetsReceived":418,"packetsLost":0}},{"from":"Jysamrani_4f259002-81e1-43ee-b6ee-738e01617b81","to":"Shwetha_0456e67c-43a5-4d6b-b629-b9bcf29c58ab","Audio":{"timestamp":1611072878434,"packetsReceived":7651,"packetsLost":0},"Type":"inbound-rtp","Video":{"timestamp":1611072878434,"packetsReceived":418,"packetsLost":0}},{"from":"Jysamrani_4f259002-81e1-43ee-b6ee-738e01617b81","to":"Shwetha_0456e67c-43a5-4d6b-b629-b9bcf29c58ab","Audio":{"timestamp":1611072883435,"packetsReceived":7901,"packetsLost":0},"Type":"inbound-rtp","Video":{"timestamp":1611072883435,"packetsReceived":430,"packetsLost":0}},{"from":"Jysamrani_4f259002-81e1-43ee-b6ee-738e01617b81","to":"Shwetha_0456e67c-43a5-4d6b-b629-b9bcf29c58ab","Audio":{"timestamp":1611072883435,"packetsReceived":7901,"packetsLost":0},"Type":"inbound-rtp","Video":{"timestamp":1611072883435,"packetsReceived":430,"packetsLost":0}},{"from":"Jysamrani_4f259002-81e1-43ee-b6ee-738e01617b81","to":"Shwetha_0456e67c-43a5-4d6b-b629-b9bcf29c58ab","Audio":{"timestamp":1611072888435,"packetsReceived":8151,"packetsLost":0},"Type":"inbound-rtp","Video":{"timestamp":1611072888435,"packetsReceived":445,"packetsLost":0}},{"from":"Jysamrani_4f259002-81e1-43ee-b6ee-738e01617b81","to":"Shwetha_0456e67c-43a5-4d6b-b629-b9bcf29c58ab","Audio":{"timestamp":1611072888435,"packetsReceived":8151,"packetsLost":0},"Type":"inbound-rtp","Video":{"timestamp":1611072888435,"packetsReceived":445,"packetsLost":0}},{"from":"Jysamrani_4f259002-81e1-43ee-b6ee-738e01617b81","to":"Shwetha_0456e67c-43a5-4d6b-b629-b9bcf29c58ab","Audio":{"timestamp":1611072893435,"packetsReceived":8401,"packetsLost":0},"Type":"inbound-rtp","Video":{"timestamp":1611072893435,"packetsReceived":460,"packetsLost":0}},{"from":"Jysamrani_4f259002-81e1-43ee-b6ee-738e01617b81","to":"Shwetha_0456e67c-43a5-4d6b-b629-b9bcf29c58ab","Audio":{"timestamp":1611072893435,"packetsReceived":8401,"packetsLost":0},"Type":"inbound-rtp","Video":{"timestamp":1611072893435,"packetsReceived":460,"packetsLost":0}},{"from":"Jysamrani_4f259002-81e1-43ee-b6ee-738e01617b81","to":"Shwetha_0456e67c-43a5-4d6b-b629-b9bcf29c58ab","Audio":{"timestamp":1611072898435,"packetsReceived":8651,"packetsLost":0},"Type":"inbound-rtp","Video":{"timestamp":1611072898435,"packetsReceived":472,"packetsLost":0}},{"from":"Jysamrani_4f259002-81e1-43ee-b6ee-738e01617b81","to":"Shwetha_0456e67c-43a5-4d6b-b629-b9bcf29c58ab","Audio":{"timestamp":1611072898435,"packetsReceived":8651,"packetsLost":0},"Type":"inbound-rtp","Video":{"timestamp":1611072898435,"packetsReceived":472,"packetsLost":0}},{"from":"Jysamrani_4f259002-81e1-43ee-b6ee-738e01617b81","to":"Shwetha_0456e67c-43a5-4d6b-b629-b9bcf29c58ab","Audio":{"timestamp":1611072903436,"packetsReceived":8902,"packetsLost":0},"Type":"inbound-rtp","Video":{"timestamp":1611072903436,"packetsReceived":487,"packetsLost":0}},{"from":"Jysamrani_4f259002-81e1-43ee-b6ee-738e01617b81","to":"Shwetha_0456e67c-43a5-4d6b-b629-b9bcf29c58ab","Audio":{"timestamp":1611072903436,"packetsReceived":8902,"packetsLost":0},"Type":"inbound-rtp","Video":{"timestamp":1611072903436,"packetsReceived":487,"packetsLost":0}},{"from":"Jysamrani_4f259002-81e1-43ee-b6ee-738e01617b81","to":"Shwetha_0456e67c-43a5-4d6b-b629-b9bcf29c58ab","Audio":{"timestamp":1611072908435,"packetsReceived":9152,"packetsLost":0},"Type":"inbound-rtp","Video":{"timestamp":1611072908435,"packetsReceived":502,"packetsLost":0}},{"from":"Jysamrani_4f259002-81e1-43ee-b6ee-738e01617b81","to":"Shwetha_0456e67c-43a5-4d6b-b629-b9bcf29c58ab","Audio":{"timestamp":1611072908435,"packetsReceived":9152,"packetsLost":0},"Type":"inbound-rtp","Video":{"timestamp":1611072908435,"packetsReceived":502,"packetsLost":0}},{"from":"Jysamrani_4f259002-81e1-43ee-b6ee-738e01617b81","to":"Shwetha_0456e67c-43a5-4d6b-b629-b9bcf29c58ab","Audio":{"timestamp":1611072913435,"packetsReceived":9401,"packetsLost":0},"Type":"inbound-rtp","Video":{"timestamp":1611072913435,"packetsReceived":596,"packetsLost":0}},{"from":"Jysamrani_4f259002-81e1-43ee-b6ee-738e01617b81","to":"Shwetha_0456e67c-43a5-4d6b-b629-b9bcf29c58ab","Audio":{"timestamp":1611072913435,"packetsReceived":9401,"packetsLost":0},"Type":"inbound-rtp","Video":{"timestamp":1611072913435,"packetsReceived":596,"packetsLost":0}},{"from":"Jysamrani_4f259002-81e1-43ee-b6ee-738e01617b81","to":"Shwetha_0456e67c-43a5-4d6b-b629-b9bcf29c58ab","Audio":{"timestamp":1611072918436,"packetsReceived":9651,"packetsLost":0},"Type":"inbound-rtp","Video":{"timestamp":1611072918436,"packetsReceived":615,"packetsLost":0}},{"from":"Jysamrani_4f259002-81e1-43ee-b6ee-738e01617b81","to":"Shwetha_0456e67c-43a5-4d6b-b629-b9bcf29c58ab","Audio":{"timestamp":1611072918436,"packetsReceived":9651,"packetsLost":0},"Type":"inbound-rtp","Video":{"timestamp":1611072918436,"packetsReceived":615,"packetsLost":0}},{"from":"Jysamrani_4f259002-81e1-43ee-b6ee-738e01617b81","to":"Shwetha_0456e67c-43a5-4d6b-b629-b9bcf29c58ab","Audio":{"timestamp":1611072923436,"packetsReceived":9901,"packetsLost":0},"Type":"inbound-rtp","Video":{"timestamp":1611072923436,"packetsReceived":630,"packetsLost":0}},{"from":"Jysamrani_4f259002-81e1-43ee-b6ee-738e01617b81","to":"Shwetha_0456e67c-43a5-4d6b-b629-b9bcf29c58ab","Audio":{"timestamp":1611072923436,"packetsReceived":9901,"packetsLost":0},"Type":"inbound-rtp","Video":{"timestamp":1611072923436,"packetsReceived":630,"packetsLost":0}},{"from":"Jysamrani_4f259002-81e1-43ee-b6ee-738e01617b81","to":"Shwetha_0456e67c-43a5-4d6b-b629-b9bcf29c58ab","Audio":{"timestamp":1611072928436,"packetsReceived":10151,"packetsLost":0},"Type":"inbound-rtp","Video":{"timestamp":1611072928436,"packetsReceived":642,"packetsLost":0}},{"from":"Jysamrani_4f259002-81e1-43ee-b6ee-738e01617b81","to":"Shwetha_0456e67c-43a5-4d6b-b629-b9bcf29c58ab","Audio":{"timestamp":1611072928436,"packetsReceived":10151,"packetsLost":0},"Type":"inbound-rtp","Video":{"timestamp":1611072928436,"packetsReceived":642,"packetsLost":0}},{"from":"Jysamrani_4f259002-81e1-43ee-b6ee-738e01617b81","to":"Shwetha_0456e67c-43a5-4d6b-b629-b9bcf29c58ab","Audio":{"timestamp":1611072933436,"packetsReceived":10402,"packetsLost":0},"Type":"inbound-rtp","Video":{"timestamp":1611072933436,"packetsReceived":657,"packetsLost":0}},{"from":"Jysamrani_4f259002-81e1-43ee-b6ee-738e01617b81","to":"Shwetha_0456e67c-43a5-4d6b-b629-b9bcf29c58ab","Audio":{"timestamp":1611072933436,"packetsReceived":10402,"packetsLost":0},"Type":"inbound-rtp","Video":{"timestamp":1611072933436,"packetsReceived":657,"packetsLost":0}},{"from":"Jysamrani_4f259002-81e1-43ee-b6ee-738e01617b81","to":"Shwetha_0456e67c-43a5-4d6b-b629-b9bcf29c58ab","Audio":{"timestamp":1611072938437,"packetsReceived":10651,"packetsLost":0},"Type":"inbound-rtp","Video":{"timestamp":1611072938437,"packetsReceived":672,"packetsLost":0}},{"from":"Jysamrani_4f259002-81e1-43ee-b6ee-738e01617b81","to":"Shwetha_0456e67c-43a5-4d6b-b629-b9bcf29c58ab","Audio":{"timestamp":1611072938437,"packetsReceived":10651,"packetsLost":0},"Type":"inbound-rtp","Video":{"timestamp":1611072938437,"packetsReceived":672,"packetsLost":0}},{"from":"Jysamrani_4f259002-81e1-43ee-b6ee-738e01617b81","to":"Shwetha_0456e67c-43a5-4d6b-b629-b9bcf29c58ab","Audio":{"timestamp":1611072943436,"packetsReceived":10901,"packetsLost":0},"Type":"inbound-rtp","Video":{"timestamp":1611072943436,"packetsReceived":684,"packetsLost":0}},{"from":"Jysamrani_4f259002-81e1-43ee-b6ee-738e01617b81","to":"Shwetha_0456e67c-43a5-4d6b-b629-b9bcf29c58ab","Audio":{"timestamp":1611072943436,"packetsReceived":10901,"packetsLost":0},"Type":"inbound-rtp","Video":{"timestamp":1611072943436,"packetsReceived":684,"packetsLost":0}},{"from":"Jysamrani_4f259002-81e1-43ee-b6ee-738e01617b81","to":"Shwetha_0456e67c-43a5-4d6b-b629-b9bcf29c58ab","Audio":{"timestamp":1611072948436,"packetsReceived":11151,"packetsLost":0},"Type":"inbound-rtp","Video":{"timestamp":1611072948436,"packetsReceived":699,"packetsLost":0}},{"from":"Jysamrani_4f259002-81e1-43ee-b6ee-738e01617b81","to":"Shwetha_0456e67c-43a5-4d6b-b629-b9bcf29c58ab","Audio":{"timestamp":1611072948436,"packetsReceived":11151,"packetsLost":0},"Type":"inbound-rtp","Video":{"timestamp":1611072948436,"packetsReceived":699,"packetsLost":0}},{"from":"Jysamrani_4f259002-81e1-43ee-b6ee-738e01617b81","to":"Shwetha_0456e67c-43a5-4d6b-b629-b9bcf29c58ab","Audio":{"timestamp":1611072953437,"packetsReceived":11402,"packetsLost":0},"Type":"inbound-rtp","Video":{"timestamp":1611072953437,"packetsReceived":714,"packetsLost":0}},{"from":"Jysamrani_4f259002-81e1-43ee-b6ee-738e01617b81","to":"Shwetha_0456e67c-43a5-4d6b-b629-b9bcf29c58ab","Audio":{"timestamp":1611072953437,"packetsReceived":11402,"packetsLost":0},"Type":"inbound-rtp","Video":{"timestamp":1611072953437,"packetsReceived":714,"packetsLost":0}},{"from":"Jysamrani_4f259002-81e1-43ee-b6ee-738e01617b81","to":"Shwetha_0456e67c-43a5-4d6b-b629-b9bcf29c58ab","Audio":{"timestamp":1611072958437,"packetsReceived":11651,"packetsLost":0},"Type":"inbound-rtp","Video":{"timestamp":1611072958437,"packetsReceived":726,"packetsLost":0}},{"from":"Jysamrani_4f259002-81e1-43ee-b6ee-738e01617b81","to":"Shwetha_0456e67c-43a5-4d6b-b629-b9bcf29c58ab","Audio":{"timestamp":1611072958437,"packetsReceived":11651,"packetsLost":0},"Type":"inbound-rtp","Video":{"timestamp":1611072958437,"packetsReceived":726,"packetsLost":0}},{"from":"Jysamrani_4f259002-81e1-43ee-b6ee-738e01617b81","to":"Shwetha_0456e67c-43a5-4d6b-b629-b9bcf29c58ab","Audio":{"timestamp":1611072963437,"packetsReceived":11902,"packetsLost":0},"Type":"inbound-rtp","Video":{"timestamp":1611072963437,"packetsReceived":741,"packetsLost":0}},{"from":"Jysamrani_4f259002-81e1-43ee-b6ee-738e01617b81","to":"Shwetha_0456e67c-43a5-4d6b-b629-b9bcf29c58ab","Audio":{"timestamp":1611072963437,"packetsReceived":11902,"packetsLost":0},"Type":"inbound-rtp","Video":{"timestamp":1611072963437,"packetsReceived":741,"packetsLost":0}},{"from":"Jysamrani_4f259002-81e1-43ee-b6ee-738e01617b81","to":"Shwetha_0456e67c-43a5-4d6b-b629-b9bcf29c58ab","Audio":{"timestamp":1611072968437,"packetsReceived":12151,"packetsLost":0},"Type":"inbound-rtp","Video":{"timestamp":1611072968437,"packetsReceived":756,"packetsLost":0}},{"from":"Jysamrani_4f259002-81e1-43ee-b6ee-738e01617b81","to":"Shwetha_0456e67c-43a5-4d6b-b629-b9bcf29c58ab","Audio":{"timestamp":1611072968437,"packetsReceived":12151,"packetsLost":0},"Type":"inbound-rtp","Video":{"timestamp":1611072968437,"packetsReceived":756,"packetsLost":0}},{"from":"Jysamrani_4f259002-81e1-43ee-b6ee-738e01617b81","to":"Shwetha_0456e67c-43a5-4d6b-b629-b9bcf29c58ab","Audio":{"timestamp":1611072973437,"packetsReceived":12401,"packetsLost":0},"Type":"inbound-rtp","Video":{"timestamp":1611072973437,"packetsReceived":766,"packetsLost":0}},{"from":"Jysamrani_4f259002-81e1-43ee-b6ee-738e01617b81","to":"Shwetha_0456e67c-43a5-4d6b-b629-b9bcf29c58ab","Audio":{"timestamp":1611072973437,"packetsReceived":12401,"packetsLost":0},"Type":"inbound-rtp","Video":{"timestamp":1611072973437,"packetsReceived":766,"packetsLost":0}},{"from":"Jysamrani_4f259002-81e1-43ee-b6ee-738e01617b81","to":"Shwetha_0456e67c-43a5-4d6b-b629-b9bcf29c58ab","Audio":{"timestamp":1611072978437,"packetsReceived":12652,"packetsLost":0},"Type":"inbound-rtp","Video":{"timestamp":1611072978437,"packetsReceived":780,"packetsLost":0}},{"from":"Jysamrani_4f259002-81e1-43ee-b6ee-738e01617b81","to":"Shwetha_0456e67c-43a5-4d6b-b629-b9bcf29c58ab","Audio":{"timestamp":1611072978437,"packetsReceived":12652,"packetsLost":0},"Type":"inbound-rtp","Video":{"timestamp":1611072978437,"packetsReceived":780,"packetsLost":0}},{"from":"Jysamrani_4f259002-81e1-43ee-b6ee-738e01617b81","to":"Shwetha_0456e67c-43a5-4d6b-b629-b9bcf29c58ab","Audio":{"timestamp":1611072983437,"packetsReceived":12902,"packetsLost":0},"Type":"inbound-rtp","Video":{"timestamp":1611072983437,"packetsReceived":795,"packetsLost":0}},{"from":"Jysamrani_4f259002-81e1-43ee-b6ee-738e01617b81","to":"Shwetha_0456e67c-43a5-4d6b-b629-b9bcf29c58ab","Audio":{"timestamp":1611072983437,"packetsReceived":12902,"packetsLost":0},"Type":"inbound-rtp","Video":{"timestamp":1611072983437,"packetsReceived":795,"packetsLost":0}},{"from":"Jysamrani_4f259002-81e1-43ee-b6ee-738e01617b81","to":"Shwetha_0456e67c-43a5-4d6b-b629-b9bcf29c58ab","Audio":{"timestamp":1611072988438,"packetsReceived":13151,"packetsLost":0},"Type":"inbound-rtp","Video":{"timestamp":1611072988438,"packetsReceived":807,"packetsLost":0}},{"from":"Jysamrani_4f259002-81e1-43ee-b6ee-738e01617b81","to":"Shwetha_0456e67c-43a5-4d6b-b629-b9bcf29c58ab","Audio":{"timestamp":1611072988438,"packetsReceived":13151,"packetsLost":0},"Type":"inbound-rtp","Video":{"timestamp":1611072988438,"packetsReceived":807,"packetsLost":0}},{"from":"Jysamrani_4f259002-81e1-43ee-b6ee-738e01617b81","to":"Shwetha_0456e67c-43a5-4d6b-b629-b9bcf29c58ab","Audio":{"timestamp":1611072993438,"packetsReceived":13401,"packetsLost":0},"Type":"inbound-rtp","Video":{"timestamp":1611072993438,"packetsReceived":821,"packetsLost":0}},{"from":"Jysamrani_4f259002-81e1-43ee-b6ee-738e01617b81","to":"Shwetha_0456e67c-43a5-4d6b-b629-b9bcf29c58ab","Audio":{"timestamp":1611072993438,"packetsReceived":13401,"packetsLost":0},"Type":"inbound-rtp","Video":{"timestamp":1611072993438,"packetsReceived":821,"packetsLost":0}},{"from":"Jysamrani_4f259002-81e1-43ee-b6ee-738e01617b81","to":"Shwetha_0456e67c-43a5-4d6b-b629-b9bcf29c58ab","Audio":{"timestamp":1611072998438,"packetsReceived":13652,"packetsLost":0},"Type":"inbound-rtp","Video":{"timestamp":1611072998438,"packetsReceived":834,"packetsLost":0}},{"from":"Jysamrani_4f259002-81e1-43ee-b6ee-738e01617b81","to":"Shwetha_0456e67c-43a5-4d6b-b629-b9bcf29c58ab","Audio":{"timestamp":1611072998438,"packetsReceived":13652,"packetsLost":0},"Type":"inbound-rtp","Video":{"timestamp":1611072998438,"packetsReceived":834,"packetsLost":0}},{"from":"Jysamrani_4f259002-81e1-43ee-b6ee-738e01617b81","to":"Shwetha_0456e67c-43a5-4d6b-b629-b9bcf29c58ab","Audio":{"timestamp":1611073003437,"packetsReceived":13901,"packetsLost":0},"Type":"inbound-rtp","Video":{"timestamp":1611073003437,"packetsReceived":845,"packetsLost":0}},{"from":"Jysamrani_4f259002-81e1-43ee-b6ee-738e01617b81","to":"Shwetha_0456e67c-43a5-4d6b-b629-b9bcf29c58ab","Audio":{"timestamp":1611073003437,"packetsReceived":13901,"packetsLost":0},"Type":"inbound-rtp","Video":{"timestamp":1611073003437,"packetsReceived":845,"packetsLost":0}},{"from":"Jysamrani_4f259002-81e1-43ee-b6ee-738e01617b81","to":"Shwetha_0456e67c-43a5-4d6b-b629-b9bcf29c58ab","Audio":{"timestamp":1611073008438,"packetsReceived":14152,"packetsLost":0},"Type":"inbound-rtp","Video":{"timestamp":1611073008438,"packetsReceived":860,"packetsLost":0}},{"from":"Jysamrani_4f259002-81e1-43ee-b6ee-738e01617b81","to":"Shwetha_0456e67c-43a5-4d6b-b629-b9bcf29c58ab","Audio":{"timestamp":1611073008438,"packetsReceived":14152,"packetsLost":0},"Type":"inbound-rtp","Video":{"timestamp":1611073008438,"packetsReceived":860,"packetsLost":0}},{"from":"Jysamrani_4f259002-81e1-43ee-b6ee-738e01617b81","to":"Shwetha_0456e67c-43a5-4d6b-b629-b9bcf29c58ab","Audio":{"timestamp":1611073013438,"packetsReceived":14401,"packetsLost":0},"Type":"inbound-rtp","Video":{"timestamp":1611073013438,"packetsReceived":874,"packetsLost":0}},{"from":"Jysamrani_4f259002-81e1-43ee-b6ee-738e01617b81","to":"Shwetha_0456e67c-43a5-4d6b-b629-b9bcf29c58ab","Audio":{"timestamp":1611073013438,"packetsReceived":14401,"packetsLost":0},"Type":"inbound-rtp","Video":{"timestamp":1611073013438,"packetsReceived":874,"packetsLost":0}},{"from":"Jysamrani_4f259002-81e1-43ee-b6ee-738e01617b81","to":"Shwetha_0456e67c-43a5-4d6b-b629-b9bcf29c58ab","Audio":{"timestamp":1611073018438,"packetsReceived":14651,"packetsLost":0},"Type":"inbound-rtp","Video":{"timestamp":1611073018438,"packetsReceived":884,"packetsLost":0}},{"from":"Jysamrani_4f259002-81e1-43ee-b6ee-738e01617b81","to":"Shwetha_0456e67c-43a5-4d6b-b629-b9bcf29c58ab","Audio":{"timestamp":1611073018438,"packetsReceived":14651,"packetsLost":0},"Type":"inbound-rtp","Video":{"timestamp":1611073018438,"packetsReceived":884,"packetsLost":0}},{"from":"Jysamrani_4f259002-81e1-43ee-b6ee-738e01617b81","to":"Shwetha_0456e67c-43a5-4d6b-b629-b9bcf29c58ab","Audio":{"timestamp":1611073023439,"packetsReceived":14902,"packetsLost":0},"Type":"inbound-rtp","Video":{"timestamp":1611073023439,"packetsReceived":897,"packetsLost":0}},{"from":"Jysamrani_4f259002-81e1-43ee-b6ee-738e01617b81","to":"Shwetha_0456e67c-43a5-4d6b-b629-b9bcf29c58ab","Audio":{"timestamp":1611073023439,"packetsReceived":14902,"packetsLost":0},"Type":"inbound-rtp","Video":{"timestamp":1611073023439,"packetsReceived":897,"packetsLost":0}},{"from":"Jysamrani_4f259002-81e1-43ee-b6ee-738e01617b81","to":"Shwetha_0456e67c-43a5-4d6b-b629-b9bcf29c58ab","Audio":{"timestamp":1611073028439,"packetsReceived":15152,"packetsLost":0},"Type":"inbound-rtp","Video":{"timestamp":1611073028439,"packetsReceived":912,"packetsLost":0}},{"from":"Jysamrani_4f259002-81e1-43ee-b6ee-738e01617b81","to":"Shwetha_0456e67c-43a5-4d6b-b629-b9bcf29c58ab","Audio":{"timestamp":1611073028439,"packetsReceived":15152,"packetsLost":0},"Type":"inbound-rtp","Video":{"timestamp":1611073028439,"packetsReceived":912,"packetsLost":0}},{"from":"Jysamrani_4f259002-81e1-43ee-b6ee-738e01617b81","to":"Shwetha_0456e67c-43a5-4d6b-b629-b9bcf29c58ab","Audio":{"timestamp":1611073033439,"packetsReceived":15401,"packetsLost":0},"Type":"inbound-rtp","Video":{"timestamp":1611073033439,"packetsReceived":924,"packetsLost":0}},{"from":"Jysamrani_4f259002-81e1-43ee-b6ee-738e01617b81","to":"Shwetha_0456e67c-43a5-4d6b-b629-b9bcf29c58ab","Audio":{"timestamp":1611073033439,"packetsReceived":15401,"packetsLost":0},"Type":"inbound-rtp","Video":{"timestamp":1611073033439,"packetsReceived":924,"packetsLost":0}},{"from":"Jysamrani_4f259002-81e1-43ee-b6ee-738e01617b81","to":"Shwetha_0456e67c-43a5-4d6b-b629-b9bcf29c58ab","Audio":{"timestamp":1611073038438,"packetsReceived":15651,"packetsLost":0},"Type":"inbound-rtp","Video":{"timestamp":1611073038438,"packetsReceived":938,"packetsLost":0}},{"from":"Jysamrani_4f259002-81e1-43ee-b6ee-738e01617b81","to":"Shwetha_0456e67c-43a5-4d6b-b629-b9bcf29c58ab","Audio":{"timestamp":1611073038438,"packetsReceived":15651,"packetsLost":0},"Type":"inbound-rtp","Video":{"timestamp":1611073038438,"packetsReceived":938,"packetsLost":0}},{"from":"Jysamrani_4f259002-81e1-43ee-b6ee-738e01617b81","to":"Shwetha_0456e67c-43a5-4d6b-b629-b9bcf29c58ab","Audio":{"timestamp":1611073043439,"packetsReceived":15902,"packetsLost":0},"Type":"inbound-rtp","Video":{"timestamp":1611073043439,"packetsReceived":950,"packetsLost":0}},{"from":"Jysamrani_4f259002-81e1-43ee-b6ee-738e01617b81","to":"Shwetha_0456e67c-43a5-4d6b-b629-b9bcf29c58ab","Audio":{"timestamp":1611073043439,"packetsReceived":15902,"packetsLost":0},"Type":"inbound-rtp","Video":{"timestamp":1611073043439,"packetsReceived":950,"packetsLost":0}},{"from":"Jysamrani_4f259002-81e1-43ee-b6ee-738e01617b81","to":"Shwetha_0456e67c-43a5-4d6b-b629-b9bcf29c58ab","Audio":{"timestamp":1611073048439,"packetsReceived":16151,"packetsLost":0},"Type":"inbound-rtp","Video":{"timestamp":1611073048439,"packetsReceived":965,"packetsLost":0}},{"from":"Jysamrani_4f259002-81e1-43ee-b6ee-738e01617b81","to":"Shwetha_0456e67c-43a5-4d6b-b629-b9bcf29c58ab","Audio":{"timestamp":1611073048439,"packetsReceived":16151,"packetsLost":0},"Type":"inbound-rtp","Video":{"timestamp":1611073048439,"packetsReceived":965,"packetsLost":0}},{"from":"Jysamrani_4f259002-81e1-43ee-b6ee-738e01617b81","to":"Shwetha_0456e67c-43a5-4d6b-b629-b9bcf29c58ab","Audio":{"timestamp":1611073053439,"packetsReceived":16402,"packetsLost":0},"Type":"inbound-rtp","Video":{"timestamp":1611073053439,"packetsReceived":977,"packetsLost":0}},{"from":"Jysamrani_4f259002-81e1-43ee-b6ee-738e01617b81","to":"Shwetha_0456e67c-43a5-4d6b-b629-b9bcf29c58ab","Audio":{"timestamp":1611073053439,"packetsReceived":16402,"packetsLost":0},"Type":"inbound-rtp","Video":{"timestamp":1611073053439,"packetsReceived":977,"packetsLost":0}},{"from":"Jysamrani_4f259002-81e1-43ee-b6ee-738e01617b81","to":"Shwetha_0456e67c-43a5-4d6b-b629-b9bcf29c58ab","Audio":{"timestamp":1611073058440,"packetsReceived":16651,"packetsLost":0},"Type":"inbound-rtp","Video":{"timestamp":1611073058440,"packetsReceived":992,"packetsLost":0}},{"from":"Jysamrani_4f259002-81e1-43ee-b6ee-738e01617b81","to":"Shwetha_0456e67c-43a5-4d6b-b629-b9bcf29c58ab","Audio":{"timestamp":1611073058440,"packetsReceived":16651,"packetsLost":0},"Type":"inbound-rtp","Video":{"timestamp":1611073058440,"packetsReceived":992,"packetsLost":0}},{"from":"Jysamrani_4f259002-81e1-43ee-b6ee-738e01617b81","to":"Shwetha_0456e67c-43a5-4d6b-b629-b9bcf29c58ab","Audio":{"timestamp":1611073063440,"packetsReceived":16901,"packetsLost":0},"Type":"inbound-rtp","Video":{"timestamp":1611073063440,"packetsReceived":1004,"packetsLost":0}},{"from":"Jysamrani_4f259002-81e1-43ee-b6ee-738e01617b81","to":"Shwetha_0456e67c-43a5-4d6b-b629-b9bcf29c58ab","Audio":{"timestamp":1611073063440,"packetsReceived":16901,"packetsLost":0},"Type":"inbound-rtp","Video":{"timestamp":1611073063440,"packetsReceived":1004,"packetsLost":0}},{"from":"Jysamrani_4f259002-81e1-43ee-b6ee-738e01617b81","to":"Shwetha_0456e67c-43a5-4d6b-b629-b9bcf29c58ab","Audio":{"timestamp":1611073068440,"packetsReceived":17151,"packetsLost":0},"Type":"inbound-rtp","Video":{"timestamp":1611073068440,"packetsReceived":1016,"packetsLost":0}},{"from":"Jysamrani_4f259002-81e1-43ee-b6ee-738e01617b81","to":"Shwetha_0456e67c-43a5-4d6b-b629-b9bcf29c58ab","Audio":{"timestamp":1611073068440,"packetsReceived":17151,"packetsLost":0},"Type":"inbound-rtp","Video":{"timestamp":1611073068440,"packetsReceived":1016,"packetsLost":0}},{"from":"Jysamrani_4f259002-81e1-43ee-b6ee-738e01617b81","to":"Shwetha_0456e67c-43a5-4d6b-b629-b9bcf29c58ab","Audio":{"timestamp":1611073073439,"packetsReceived":17402,"packetsLost":0},"Type":"inbound-rtp","Video":{"timestamp":1611073073439,"packetsReceived":1031,"packetsLost":0}},{"from":"Jysamrani_4f259002-81e1-43ee-b6ee-738e01617b81","to":"Shwetha_0456e67c-43a5-4d6b-b629-b9bcf29c58ab","Audio":{"timestamp":1611073073439,"packetsReceived":17402,"packetsLost":0},"Type":"inbound-rtp","Video":{"timestamp":1611073073439,"packetsReceived":1031,"packetsLost":0}},{"from":"Jysamrani_4f259002-81e1-43ee-b6ee-738e01617b81","to":"Shwetha_0456e67c-43a5-4d6b-b629-b9bcf29c58ab","Audio":{"timestamp":1611073078440,"packetsReceived":17651,"packetsLost":0},"Type":"inbound-rtp","Video":{"timestamp":1611073078440,"packetsReceived":1045,"packetsLost":0}},{"from":"Jysamrani_4f259002-81e1-43ee-b6ee-738e01617b81","to":"Shwetha_0456e67c-43a5-4d6b-b629-b9bcf29c58ab","Audio":{"timestamp":1611073078440,"packetsReceived":17651,"packetsLost":0},"Type":"inbound-rtp","Video":{"timestamp":1611073078440,"packetsReceived":1045,"packetsLost":0}},{"from":"Jysamrani_4f259002-81e1-43ee-b6ee-738e01617b81","to":"Shwetha_0456e67c-43a5-4d6b-b629-b9bcf29c58ab","Audio":{"timestamp":1611073083440,"packetsReceived":17902,"packetsLost":0},"Type":"inbound-rtp","Video":{"timestamp":1611073083440,"packetsReceived":1056,"packetsLost":0}},{"from":"Jysamrani_4f259002-81e1-43ee-b6ee-738e01617b81","to":"Shwetha_0456e67c-43a5-4d6b-b629-b9bcf29c58ab","Audio":{"timestamp":1611073083440,"packetsReceived":17902,"packetsLost":0},"Type":"inbound-rtp","Video":{"timestamp":1611073083440,"packetsReceived":1056,"packetsLost":0}},{"from":"Jysamrani_4f259002-81e1-43ee-b6ee-738e01617b81","to":"Shwetha_0456e67c-43a5-4d6b-b629-b9bcf29c58ab","Audio":{"timestamp":1611073088440,"packetsReceived":18151,"packetsLost":0},"Type":"inbound-rtp","Video":{"timestamp":1611073088440,"packetsReceived":1070,"packetsLost":0}},{"from":"Jysamrani_4f259002-81e1-43ee-b6ee-738e01617b81","to":"Shwetha_0456e67c-43a5-4d6b-b629-b9bcf29c58ab","Audio":{"timestamp":1611073088440,"packetsReceived":18151,"packetsLost":0},"Type":"inbound-rtp","Video":{"timestamp":1611073088440,"packetsReceived":1070,"packetsLost":0}},{"from":"Jysamrani_4f259002-81e1-43ee-b6ee-738e01617b81","to":"Shwetha_0456e67c-43a5-4d6b-b629-b9bcf29c58ab","Audio":{"timestamp":1611073093441,"packetsReceived":18401,"packetsLost":0},"Type":"inbound-rtp","Video":{"timestamp":1611073093441,"packetsReceived":1085,"packetsLost":0}},{"from":"Jysamrani_4f259002-81e1-43ee-b6ee-738e01617b81","to":"Shwetha_0456e67c-43a5-4d6b-b629-b9bcf29c58ab","Audio":{"timestamp":1611073093441,"packetsReceived":18401,"packetsLost":0},"Type":"inbound-rtp","Video":{"timestamp":1611073093441,"packetsReceived":1085,"packetsLost":0}},{"from":"Jysamrani_4f259002-81e1-43ee-b6ee-738e01617b81","to":"Shwetha_0456e67c-43a5-4d6b-b629-b9bcf29c58ab","Audio":{"timestamp":1611073098441,"packetsReceived":18652,"packetsLost":0},"Type":"inbound-rtp","Video":{"timestamp":1611073098441,"packetsReceived":1097,"packetsLost":0}},{"from":"Jysamrani_4f259002-81e1-43ee-b6ee-738e01617b81","to":"Shwetha_0456e67c-43a5-4d6b-b629-b9bcf29c58ab","Audio":{"timestamp":1611073098441,"packetsReceived":18652,"packetsLost":0},"Type":"inbound-rtp","Video":{"timestamp":1611073098441,"packetsReceived":1097,"packetsLost":0}},{"from":"Jysamrani_4f259002-81e1-43ee-b6ee-738e01617b81","to":"Shwetha_0456e67c-43a5-4d6b-b629-b9bcf29c58ab","Audio":{"timestamp":1611073103441,"packetsReceived":18902,"packetsLost":0},"Type":"inbound-rtp","Video":{"timestamp":1611073103441,"packetsReceived":1109,"packetsLost":0}},{"from":"Jysamrani_4f259002-81e1-43ee-b6ee-738e01617b81","to":"Shwetha_0456e67c-43a5-4d6b-b629-b9bcf29c58ab","Audio":{"timestamp":1611073103441,"packetsReceived":18902,"packetsLost":0},"Type":"inbound-rtp","Video":{"timestamp":1611073103441,"packetsReceived":1109,"packetsLost":0}},{"from":"Jysamrani_4f259002-81e1-43ee-b6ee-738e01617b81","to":"Shwetha_0456e67c-43a5-4d6b-b629-b9bcf29c58ab","Audio":{"timestamp":1611073108440,"packetsReceived":19151,"packetsLost":0},"Type":"inbound-rtp","Video":{"timestamp":1611073108440,"packetsReceived":1123,"packetsLost":0}},{"from":"Jysamrani_4f259002-81e1-43ee-b6ee-738e01617b81","to":"Shwetha_0456e67c-43a5-4d6b-b629-b9bcf29c58ab","Audio":{"timestamp":1611073108440,"packetsReceived":19151,"packetsLost":0},"Type":"inbound-rtp","Video":{"timestamp":1611073108440,"packetsReceived":1123,"packetsLost":0}},{"from":"Jysamrani_4f259002-81e1-43ee-b6ee-738e01617b81","to":"Shwetha_0456e67c-43a5-4d6b-b629-b9bcf29c58ab","Audio":{"timestamp":1611073113441,"packetsReceived":19402,"packetsLost":0},"Type":"inbound-rtp","Video":{"timestamp":1611073113441,"packetsReceived":1135,"packetsLost":0}},{"from":"Jysamrani_4f259002-81e1-43ee-b6ee-738e01617b81","to":"Shwetha_0456e67c-43a5-4d6b-b629-b9bcf29c58ab","Audio":{"timestamp":1611073113441,"packetsReceived":19402,"packetsLost":0},"Type":"inbound-rtp","Video":{"timestamp":1611073113441,"packetsReceived":1135,"packetsLost":0}},{"from":"Jysamrani_4f259002-81e1-43ee-b6ee-738e01617b81","to":"Shwetha_0456e67c-43a5-4d6b-b629-b9bcf29c58ab","Audio":{"timestamp":1611073118441,"packetsReceived":19652,"packetsLost":0},"Type":"inbound-rtp","Video":{"timestamp":1611073118441,"packetsReceived":1150,"packetsLost":0}},{"from":"Jysamrani_4f259002-81e1-43ee-b6ee-738e01617b81","to":"Shwetha_0456e67c-43a5-4d6b-b629-b9bcf29c58ab","Audio":{"timestamp":1611073118441,"packetsReceived":19652,"packetsLost":0},"Type":"inbound-rtp","Video":{"timestamp":1611073118441,"packetsReceived":1150,"packetsLost":0}},{"from":"Jysamrani_4f259002-81e1-43ee-b6ee-738e01617b81","to":"Shwetha_0456e67c-43a5-4d6b-b629-b9bcf29c58ab","Audio":{"timestamp":1611073123441,"packetsReceived":19901,"packetsLost":0},"Type":"inbound-rtp","Video":{"timestamp":1611073123441,"packetsReceived":1272,"packetsLost":0}},{"from":"Jysamrani_4f259002-81e1-43ee-b6ee-738e01617b81","to":"Shwetha_0456e67c-43a5-4d6b-b629-b9bcf29c58ab","Audio":{"timestamp":1611073123441,"packetsReceived":19901,"packetsLost":0},"Type":"inbound-rtp","Video":{"timestamp":1611073123441,"packetsReceived":1272,"packetsLost":0}},{"from":"Jysamrani_4f259002-81e1-43ee-b6ee-738e01617b81","to":"Shwetha_0456e67c-43a5-4d6b-b629-b9bcf29c58ab","Audio":{"timestamp":1611073128442,"packetsReceived":20152,"packetsLost":0},"Type":"inbound-rtp","Video":{"timestamp":1611073128442,"packetsReceived":1305,"packetsLost":0}},{"from":"Jysamrani_4f259002-81e1-43ee-b6ee-738e01617b81","to":"Shwetha_0456e67c-43a5-4d6b-b629-b9bcf29c58ab","Audio":{"timestamp":1611073128442,"packetsReceived":20152,"packetsLost":0},"Type":"inbound-rtp","Video":{"timestamp":1611073128442,"packetsReceived":1305,"packetsLost":0}},{"from":"Jysamrani_4f259002-81e1-43ee-b6ee-738e01617b81","to":"Shwetha_0456e67c-43a5-4d6b-b629-b9bcf29c58ab","Audio":{"timestamp":1611073133442,"packetsReceived":20401,"packetsLost":0},"Type":"inbound-rtp","Video":{"timestamp":1611073133442,"packetsReceived":1327,"packetsLost":0}},{"from":"Jysamrani_4f259002-81e1-43ee-b6ee-738e01617b81","to":"Shwetha_0456e67c-43a5-4d6b-b629-b9bcf29c58ab","Audio":{"timestamp":1611073133442,"packetsReceived":20401,"packetsLost":0},"Type":"inbound-rtp","Video":{"timestamp":1611073133442,"packetsReceived":1327,"packetsLost":0}},{"from":"Jysamrani_4f259002-81e1-43ee-b6ee-738e01617b81","to":"Shwetha_0456e67c-43a5-4d6b-b629-b9bcf29c58ab","Audio":{"timestamp":1611073138441,"packetsReceived":20651,"packetsLost":0},"Type":"inbound-rtp","Video":{"timestamp":1611073138441,"packetsReceived":1347,"packetsLost":0}},{"from":"Jysamrani_4f259002-81e1-43ee-b6ee-738e01617b81","to":"Shwetha_0456e67c-43a5-4d6b-b629-b9bcf29c58ab","Audio":{"timestamp":1611073138441,"packetsReceived":20651,"packetsLost":0},"Type":"inbound-rtp","Video":{"timestamp":1611073138441,"packetsReceived":1347,"packetsLost":0}},{"from":"Jysamrani_4f259002-81e1-43ee-b6ee-738e01617b81","to":"Shwetha_0456e67c-43a5-4d6b-b629-b9bcf29c58ab","Audio":{"timestamp":1611073143441,"packetsReceived":20901,"packetsLost":0},"Type":"inbound-rtp","Video":{"timestamp":1611073143441,"packetsReceived":1380,"packetsLost":0}},{"from":"Jysamrani_4f259002-81e1-43ee-b6ee-738e01617b81","to":"Shwetha_0456e67c-43a5-4d6b-b629-b9bcf29c58ab","Audio":{"timestamp":1611073143441,"packetsReceived":20901,"packetsLost":0},"Type":"inbound-rtp","Video":{"timestamp":1611073143441,"packetsReceived":1380,"packetsLost":0}},{"from":"Jysamrani_4f259002-81e1-43ee-b6ee-738e01617b81","to":"Shwetha_0456e67c-43a5-4d6b-b629-b9bcf29c58ab","Audio":{"timestamp":1611073148442,"packetsReceived":21152,"packetsLost":0},"Type":"inbound-rtp","Video":{"timestamp":1611073148442,"packetsReceived":1511,"packetsLost":0}},{"from":"Jysamrani_4f259002-81e1-43ee-b6ee-738e01617b81","to":"Shwetha_0456e67c-43a5-4d6b-b629-b9bcf29c58ab","Audio":{"timestamp":1611073148442,"packetsReceived":21152,"packetsLost":0},"Type":"inbound-rtp","Video":{"timestamp":1611073148442,"packetsReceived":1511,"packetsLost":0}},{"from":"Jysamrani_4f259002-81e1-43ee-b6ee-738e01617b81","to":"Shwetha_0456e67c-43a5-4d6b-b629-b9bcf29c58ab","Audio":{"timestamp":1611073153442,"packetsReceived":21401,"packetsLost":0},"Type":"inbound-rtp","Video":{"timestamp":1611073153442,"packetsReceived":1985,"packetsLost":0}},{"from":"Jysamrani_4f259002-81e1-43ee-b6ee-738e01617b81","to":"Shwetha_0456e67c-43a5-4d6b-b629-b9bcf29c58ab","Audio":{"timestamp":1611073153442,"packetsReceived":21401,"packetsLost":0},"Type":"inbound-rtp","Video":{"timestamp":1611073153442,"packetsReceived":1985,"packetsLost":0}},{"from":"Jysamrani_4f259002-81e1-43ee-b6ee-738e01617b81","to":"Shwetha_0456e67c-43a5-4d6b-b629-b9bcf29c58ab","Audio":{"timestamp":1611073158442,"packetsReceived":21652,"packetsLost":0},"Type":"inbound-rtp","Video":{"timestamp":1611073158442,"packetsReceived":2454,"packetsLost":0}},{"from":"Jysamrani_4f259002-81e1-43ee-b6ee-738e01617b81","to":"Shwetha_0456e67c-43a5-4d6b-b629-b9bcf29c58ab","Audio":{"timestamp":1611073158442,"packetsReceived":21652,"packetsLost":0},"Type":"inbound-rtp","Video":{"timestamp":1611073158442,"packetsReceived":2454,"packetsLost":0}},{"from":"Jysamrani_4f259002-81e1-43ee-b6ee-738e01617b81","to":"Shwetha_0456e67c-43a5-4d6b-b629-b9bcf29c58ab","Audio":{"timestamp":1611073163443,"packetsReceived":21902,"packetsLost":0},"Type":"inbound-rtp","Video":{"timestamp":1611073163443,"packetsReceived":2819,"packetsLost":0}},{"from":"Jysamrani_4f259002-81e1-43ee-b6ee-738e01617b81","to":"Shwetha_0456e67c-43a5-4d6b-b629-b9bcf29c58ab","Audio":{"timestamp":1611073163443,"packetsReceived":21902,"packetsLost":0},"Type":"inbound-rtp","Video":{"timestamp":1611073163443,"packetsReceived":2819,"packetsLost":0}},{"from":"Jysamrani_4f259002-81e1-43ee-b6ee-738e01617b81","to":"Shwetha_0456e67c-43a5-4d6b-b629-b9bcf29c58ab","Audio":{"timestamp":1611073168443,"packetsReceived":22151,"packetsLost":0},"Type":"inbound-rtp","Video":{"timestamp":1611073168443,"packetsReceived":3119,"packetsLost":0}},{"from":"Jysamrani_4f259002-81e1-43ee-b6ee-738e01617b81","to":"Shwetha_0456e67c-43a5-4d6b-b629-b9bcf29c58ab","Audio":{"timestamp":1611073168443,"packetsReceived":22151,"packetsLost":0},"Type":"inbound-rtp","Video":{"timestamp":1611073168443,"packetsReceived":3119,"packetsLost":0}},{"from":"Jysamrani_4f259002-81e1-43ee-b6ee-738e01617b81","to":"Shwetha_0456e67c-43a5-4d6b-b629-b9bcf29c58ab","Audio":{"timestamp":1611073173442,"packetsReceived":22402,"packetsLost":0},"Type":"inbound-rtp","Video":{"timestamp":1611073173442,"packetsReceived":3434,"packetsLost":0}},{"from":"Jysamrani_4f259002-81e1-43ee-b6ee-738e01617b81","to":"Shwetha_0456e67c-43a5-4d6b-b629-b9bcf29c58ab","Audio":{"timestamp":1611073173442,"packetsReceived":22402,"packetsLost":0},"Type":"inbound-rtp","Video":{"timestamp":1611073173442,"packetsReceived":3434,"packetsLost":0}},{"from":"Jysamrani_4f259002-81e1-43ee-b6ee-738e01617b81","to":"Shwetha_0456e67c-43a5-4d6b-b629-b9bcf29c58ab","Audio":{"timestamp":1611073178442,"packetsReceived":22652,"packetsLost":0},"Type":"inbound-rtp","Video":{"timestamp":1611073178442,"packetsReceived":3910,"packetsLost":0}},{"from":"Jysamrani_4f259002-81e1-43ee-b6ee-738e01617b81","to":"Shwetha_0456e67c-43a5-4d6b-b629-b9bcf29c58ab","Audio":{"timestamp":1611073178442,"packetsReceived":22652,"packetsLost":0},"Type":"inbound-rtp","Video":{"timestamp":1611073178442,"packetsReceived":3910,"packetsLost":0}},{"from":"Jysamrani_4f259002-81e1-43ee-b6ee-738e01617b81","to":"Shwetha_0456e67c-43a5-4d6b-b629-b9bcf29c58ab","Audio":{"timestamp":1611073183443,"packetsReceived":22901,"packetsLost":0},"Type":"inbound-rtp","Video":{"timestamp":1611073183443,"packetsReceived":4359,"packetsLost":0}},{"from":"Jysamrani_4f259002-81e1-43ee-b6ee-738e01617b81","to":"Shwetha_0456e67c-43a5-4d6b-b629-b9bcf29c58ab","Audio":{"timestamp":1611073183443,"packetsReceived":22901,"packetsLost":0},"Type":"inbound-rtp","Video":{"timestamp":1611073183443,"packetsReceived":4359,"packetsLost":0}},{"from":"Jysamrani_4f259002-81e1-43ee-b6ee-738e01617b81","to":"Shwetha_0456e67c-43a5-4d6b-b629-b9bcf29c58ab","Audio":{"timestamp":1611073188443,"packetsReceived":23152,"packetsLost":0},"Type":"inbound-rtp","Video":{"timestamp":1611073188443,"packetsReceived":4884,"packetsLost":0}},{"from":"Jysamrani_4f259002-81e1-43ee-b6ee-738e01617b81","to":"Shwetha_0456e67c-43a5-4d6b-b629-b9bcf29c58ab","Audio":{"timestamp":1611073188443,"packetsReceived":23152,"packetsLost":0},"Type":"inbound-rtp","Video":{"timestamp":1611073188443,"packetsReceived":4884,"packetsLost":0}},{"from":"Jysamrani_4f259002-81e1-43ee-b6ee-738e01617b81","to":"Shwetha_0456e67c-43a5-4d6b-b629-b9bcf29c58ab","Audio":{"timestamp":1611073193443,"packetsReceived":23402,"packetsLost":0},"Type":"inbound-rtp","Video":{"timestamp":1611073193443,"packetsReceived":5539,"packetsLost":0}},{"from":"Jysamrani_4f259002-81e1-43ee-b6ee-738e01617b81","to":"Shwetha_0456e67c-43a5-4d6b-b629-b9bcf29c58ab","Audio":{"timestamp":1611073193443,"packetsReceived":23402,"packetsLost":0},"Type":"inbound-rtp","Video":{"timestamp":1611073193443,"packetsReceived":5539,"packetsLost":0}},{"from":"Jysamrani_4f259002-81e1-43ee-b6ee-738e01617b81","to":"Shwetha_0456e67c-43a5-4d6b-b629-b9bcf29c58ab","Audio":{"timestamp":1611073198444,"packetsReceived":23652,"packetsLost":0},"Type":"inbound-rtp","Video":{"timestamp":1611073198444,"packetsReceived":6436,"packetsLost":0}},{"from":"Jysamrani_4f259002-81e1-43ee-b6ee-738e01617b81","to":"Shwetha_0456e67c-43a5-4d6b-b629-b9bcf29c58ab","Audio":{"timestamp":1611073198444,"packetsReceived":23652,"packetsLost":0},"Type":"inbound-rtp","Video":{"timestamp":1611073198444,"packetsReceived":6436,"packetsLost":0}},{"from":"Jysamrani_4f259002-81e1-43ee-b6ee-738e01617b81","to":"Shwetha_0456e67c-43a5-4d6b-b629-b9bcf29c58ab","Audio":{"timestamp":1611073203444,"packetsReceived":23902,"packetsLost":0},"Type":"inbound-rtp","Video":{"timestamp":1611073203444,"packetsReceived":7438,"packetsLost":0}},{"from":"Jysamrani_4f259002-81e1-43ee-b6ee-738e01617b81","to":"Shwetha_0456e67c-43a5-4d6b-b629-b9bcf29c58ab","Audio":{"timestamp":1611073203444,"packetsReceived":23902,"packetsLost":0},"Type":"inbound-rtp","Video":{"timestamp":1611073203444,"packetsReceived":7438,"packetsLost":0}},{"from":"Jysamrani_4f259002-81e1-43ee-b6ee-738e01617b81","to":"Shwetha_0456e67c-43a5-4d6b-b629-b9bcf29c58ab","Audio":{"timestamp":1611073208443,"packetsReceived":24151,"packetsLost":0},"Type":"inbound-rtp","Video":{"timestamp":1611073208443,"packetsReceived":8543,"packetsLost":0}},{"from":"Jysamrani_4f259002-81e1-43ee-b6ee-738e01617b81","to":"Shwetha_0456e67c-43a5-4d6b-b629-b9bcf29c58ab","Audio":{"timestamp":1611073208443,"packetsReceived":24151,"packetsLost":0},"Type":"inbound-rtp","Video":{"timestamp":1611073208443,"packetsReceived":8543,"packetsLost":0}},{"from":"Jysamrani_4f259002-81e1-43ee-b6ee-738e01617b81","to":"Shwetha_0456e67c-43a5-4d6b-b629-b9bcf29c58ab","Audio":{"timestamp":1611073213443,"packetsReceived":24402,"packetsLost":0},"Type":"inbound-rtp","Video":{"timestamp":1611073213443,"packetsReceived":9902,"packetsLost":0}},{"from":"Jysamrani_4f259002-81e1-43ee-b6ee-738e01617b81","to":"Shwetha_0456e67c-43a5-4d6b-b629-b9bcf29c58ab","Audio":{"timestamp":1611073213443,"packetsReceived":24402,"packetsLost":0},"Type":"inbound-rtp","Video":{"timestamp":1611073213443,"packetsReceived":9902,"packetsLost":0}},{"from":"Jysamrani_4f259002-81e1-43ee-b6ee-738e01617b81","to":"Shwetha_0456e67c-43a5-4d6b-b629-b9bcf29c58ab","Audio":{"timestamp":1611073218444,"packetsReceived":24652,"packetsLost":0},"Type":"inbound-rtp","Video":{"timestamp":1611073218444,"packetsReceived":11179,"packetsLost":0}},{"from":"Jysamrani_4f259002-81e1-43ee-b6ee-738e01617b81","to":"Shwetha_0456e67c-43a5-4d6b-b629-b9bcf29c58ab","Audio":{"timestamp":1611073218444,"packetsReceived":24652,"packetsLost":0},"Type":"inbound-rtp","Video":{"timestamp":1611073218444,"packetsReceived":11179,"packetsLost":0}},{"from":"Jysamrani_4f259002-81e1-43ee-b6ee-738e01617b81","to":"Shwetha_0456e67c-43a5-4d6b-b629-b9bcf29c58ab","Audio":{"timestamp":1611073223444,"packetsReceived":24902,"packetsLost":0},"Type":"inbound-rtp","Video":{"timestamp":1611073223444,"packetsReceived":12491,"packetsLost":0}},{"from":"Jysamrani_4f259002-81e1-43ee-b6ee-738e01617b81","to":"Shwetha_0456e67c-43a5-4d6b-b629-b9bcf29c58ab","Audio":{"timestamp":1611073223444,"packetsReceived":24902,"packetsLost":0},"Type":"inbound-rtp","Video":{"timestamp":1611073223444,"packetsReceived":12491,"packetsLost":0}},{"from":"Jysamrani_4f259002-81e1-43ee-b6ee-738e01617b81","to":"Shwetha_0456e67c-43a5-4d6b-b629-b9bcf29c58ab","Audio":{"timestamp":1611073228444,"packetsReceived":25152,"packetsLost":0},"Type":"inbound-rtp","Video":{"timestamp":1611073228444,"packetsReceived":14187,"packetsLost":0}},{"from":"Jysamrani_4f259002-81e1-43ee-b6ee-738e01617b81","to":"Shwetha_0456e67c-43a5-4d6b-b629-b9bcf29c58ab","Audio":{"timestamp":1611073228444,"packetsReceived":25152,"packetsLost":0},"Type":"inbound-rtp","Video":{"timestamp":1611073228444,"packetsReceived":14187,"packetsLost":0}},{"from":"Jysamrani_4f259002-81e1-43ee-b6ee-738e01617b81","to":"Shwetha_0456e67c-43a5-4d6b-b629-b9bcf29c58ab","Audio":{"timestamp":1611073233445,"packetsReceived":25402,"packetsLost":0},"Type":"inbound-rtp","Video":{"timestamp":1611073233445,"packetsReceived":15116,"packetsLost":0}},{"from":"Jysamrani_4f259002-81e1-43ee-b6ee-738e01617b81","to":"Shwetha_0456e67c-43a5-4d6b-b629-b9bcf29c58ab","Audio":{"timestamp":1611073233445,"packetsReceived":25402,"packetsLost":0},"Type":"inbound-rtp","Video":{"timestamp":1611073233445,"packetsReceived":15116,"packetsLost":0}},{"from":"Jysamrani_4f259002-81e1-43ee-b6ee-738e01617b81","to":"Shwetha_0456e67c-43a5-4d6b-b629-b9bcf29c58ab","Audio":{"timestamp":1611073238444,"packetsReceived":25652,"packetsLost":0},"Type":"inbound-rtp","Video":{"timestamp":1611073238444,"packetsReceived":16041,"packetsLost":0}},{"from":"Jysamrani_4f259002-81e1-43ee-b6ee-738e01617b81","to":"Shwetha_0456e67c-43a5-4d6b-b629-b9bcf29c58ab","Audio":{"timestamp":1611073238444,"packetsReceived":25652,"packetsLost":0},"Type":"inbound-rtp","Video":{"timestamp":1611073238444,"packetsReceived":16041,"packetsLost":0}},{"from":"Jysamrani_4f259002-81e1-43ee-b6ee-738e01617b81","to":"Shwetha_0456e67c-43a5-4d6b-b629-b9bcf29c58ab","Audio":{"timestamp":1611073244420,"packetsReceived":25950,"packetsLost":0},"Type":"inbound-rtp","Video":{"timestamp":1611073244420,"packetsReceived":16498,"packetsLost":0}},{"from":"Jysamrani_4f259002-81e1-43ee-b6ee-738e01617b81","to":"Shwetha_0456e67c-43a5-4d6b-b629-b9bcf29c58ab","Audio":{"timestamp":1611073244420,"packetsReceived":25950,"packetsLost":0},"Type":"inbound-rtp","Video":{"timestamp":1611073244420,"packetsReceived":16498,"packetsLost":0}},{"from":"Jysamrani_4f259002-81e1-43ee-b6ee-738e01617b81","to":"Shwetha_0456e67c-43a5-4d6b-b629-b9bcf29c58ab","Audio":{"timestamp":1611073248444,"packetsReceived":26152,"packetsLost":0},"Type":"inbound-rtp","Video":{"timestamp":1611073248444,"packetsReceived":16863,"packetsLost":0}},{"from":"Jysamrani_4f259002-81e1-43ee-b6ee-738e01617b81","to":"Shwetha_0456e67c-43a5-4d6b-b629-b9bcf29c58ab","Audio":{"timestamp":1611073248444,"packetsReceived":26152,"packetsLost":0},"Type":"inbound-rtp","Video":{"timestamp":1611073248444,"packetsReceived":16863,"packetsLost":0}},{"from":"Jysamrani_4f259002-81e1-43ee-b6ee-738e01617b81","to":"Shwetha_0456e67c-43a5-4d6b-b629-b9bcf29c58ab","Audio":{"timestamp":1611073253445,"packetsReceived":26402,"packetsLost":0},"Type":"inbound-rtp","Video":{"timestamp":1611073253445,"packetsReceived":17285,"packetsLost":0}},{"from":"Jysamrani_4f259002-81e1-43ee-b6ee-738e01617b81","to":"Shwetha_0456e67c-43a5-4d6b-b629-b9bcf29c58ab","Audio":{"timestamp":1611073253445,"packetsReceived":26402,"packetsLost":0},"Type":"inbound-rtp","Video":{"timestamp":1611073253445,"packetsReceived":17285,"packetsLost":0}},{"from":"Jysamrani_4f259002-81e1-43ee-b6ee-738e01617b81","to":"Shwetha_0456e67c-43a5-4d6b-b629-b9bcf29c58ab","Audio":{"timestamp":1611073258445,"packetsReceived":26651,"packetsLost":0},"Type":"inbound-rtp","Video":{"timestamp":1611073258445,"packetsReceived":17786,"packetsLost":0}},{"from":"Jysamrani_4f259002-81e1-43ee-b6ee-738e01617b81","to":"Shwetha_0456e67c-43a5-4d6b-b629-b9bcf29c58ab","Audio":{"timestamp":1611073258445,"packetsReceived":26651,"packetsLost":0},"Type":"inbound-rtp","Video":{"timestamp":1611073258445,"packetsReceived":17786,"packetsLost":0}},{"from":"Jysamrani_4f259002-81e1-43ee-b6ee-738e01617b81","to":"Shwetha_0456e67c-43a5-4d6b-b629-b9bcf29c58ab","Audio":{"timestamp":1611073263445,"packetsReceived":26902,"packetsLost":0},"Type":"inbound-rtp","Video":{"timestamp":1611073263445,"packetsReceived":18323,"packetsLost":0}},{"from":"Jysamrani_4f259002-81e1-43ee-b6ee-738e01617b81","to":"Shwetha_0456e67c-43a5-4d6b-b629-b9bcf29c58ab","Audio":{"timestamp":1611073263445,"packetsReceived":26902,"packetsLost":0},"Type":"inbound-rtp","Video":{"timestamp":1611073263445,"packetsReceived":18323,"packetsLost":0}},{"from":"Jysamrani_4f259002-81e1-43ee-b6ee-738e01617b81","to":"Shwetha_0456e67c-43a5-4d6b-b629-b9bcf29c58ab","Audio":{"timestamp":1611073268446,"packetsReceived":27152,"packetsLost":0},"Type":"inbound-rtp","Video":{"timestamp":1611073268446,"packetsReceived":18948,"packetsLost":0}},{"from":"Jysamrani_4f259002-81e1-43ee-b6ee-738e01617b81","to":"Shwetha_0456e67c-43a5-4d6b-b629-b9bcf29c58ab","Audio":{"timestamp":1611073268446,"packetsReceived":27152,"packetsLost":0},"Type":"inbound-rtp","Video":{"timestamp":1611073268446,"packetsReceived":18948,"packetsLost":0}},{"from":"Jysamrani_4f259002-81e1-43ee-b6ee-738e01617b81","to":"Shwetha_0456e67c-43a5-4d6b-b629-b9bcf29c58ab","Audio":{"timestamp":1611073273445,"packetsReceived":27401,"packetsLost":0},"Type":"inbound-rtp","Video":{"timestamp":1611073273445,"packetsReceived":19804,"packetsLost":0}},{"from":"Jysamrani_4f259002-81e1-43ee-b6ee-738e01617b81","to":"Shwetha_0456e67c-43a5-4d6b-b629-b9bcf29c58ab","Audio":{"timestamp":1611073273445,"packetsReceived":27401,"packetsLost":0},"Type":"inbound-rtp","Video":{"timestamp":1611073273445,"packetsReceived":19804,"packetsLost":0}},{"from":"Jysamrani_4f259002-81e1-43ee-b6ee-738e01617b81","to":"Shwetha_0456e67c-43a5-4d6b-b629-b9bcf29c58ab","Audio":{"timestamp":1611073278445,"packetsReceived":27652,"packetsLost":0},"Type":"inbound-rtp","Video":{"timestamp":1611073278445,"packetsReceived":20594,"packetsLost":0}},{"from":"Jysamrani_4f259002-81e1-43ee-b6ee-738e01617b81","to":"Shwetha_0456e67c-43a5-4d6b-b629-b9bcf29c58ab","Audio":{"timestamp":1611073278445,"packetsReceived":27652,"packetsLost":0},"Type":"inbound-rtp","Video":{"timestamp":1611073278445,"packetsReceived":20594,"packetsLost":0}},{"from":"Jysamrani_4f259002-81e1-43ee-b6ee-738e01617b81","to":"Shwetha_0456e67c-43a5-4d6b-b629-b9bcf29c58ab","Audio":{"timestamp":1611073283445,"packetsReceived":27902,"packetsLost":0},"Type":"inbound-rtp","Video":{"timestamp":1611073283445,"packetsReceived":21644,"packetsLost":0}},{"from":"Jysamrani_4f259002-81e1-43ee-b6ee-738e01617b81","to":"Shwetha_0456e67c-43a5-4d6b-b629-b9bcf29c58ab","Audio":{"timestamp":1611073283445,"packetsReceived":27902,"packetsLost":0},"Type":"inbound-rtp","Video":{"timestamp":1611073283445,"packetsReceived":21644,"packetsLost":0}},{"from":"Jysamrani_4f259002-81e1-43ee-b6ee-738e01617b81","to":"Shwetha_0456e67c-43a5-4d6b-b629-b9bcf29c58ab","Audio":{"timestamp":1611073288446,"packetsReceived":28152,"packetsLost":0},"Type":"inbound-rtp","Video":{"timestamp":1611073288446,"packetsReceived":22407,"packetsLost":0}},{"from":"Jysamrani_4f259002-81e1-43ee-b6ee-738e01617b81","to":"Shwetha_0456e67c-43a5-4d6b-b629-b9bcf29c58ab","Audio":{"timestamp":1611073288446,"packetsReceived":28152,"packetsLost":0},"Type":"inbound-rtp","Video":{"timestamp":1611073288446,"packetsReceived":22407,"packetsLost":0}},{"from":"Jysamrani_4f259002-81e1-43ee-b6ee-738e01617b81","to":"Shwetha_0456e67c-43a5-4d6b-b629-b9bcf29c58ab","Audio":{"timestamp":1611073293446,"packetsReceived":28402,"packetsLost":0},"Type":"inbound-rtp","Video":{"timestamp":1611073293446,"packetsReceived":23181,"packetsLost":0}},{"from":"Jysamrani_4f259002-81e1-43ee-b6ee-738e01617b81","to":"Shwetha_0456e67c-43a5-4d6b-b629-b9bcf29c58ab","Audio":{"timestamp":1611073293446,"packetsReceived":28402,"packetsLost":0},"Type":"inbound-rtp","Video":{"timestamp":1611073293446,"packetsReceived":23181,"packetsLost":0}},{"from":"Jysamrani_4f259002-81e1-43ee-b6ee-738e01617b81","to":"Shwetha_0456e67c-43a5-4d6b-b629-b9bcf29c58ab","Audio":{"timestamp":1611073298446,"packetsReceived":28652,"packetsLost":0},"Type":"inbound-rtp","Video":{"timestamp":1611073298446,"packetsReceived":24196,"packetsLost":0}},{"from":"Jysamrani_4f259002-81e1-43ee-b6ee-738e01617b81","to":"Shwetha_0456e67c-43a5-4d6b-b629-b9bcf29c58ab","Audio":{"timestamp":1611073298446,"packetsReceived":28652,"packetsLost":0},"Type":"inbound-rtp","Video":{"timestamp":1611073298446,"packetsReceived":24196,"packetsLost":0}},{"from":"Jysamrani_4f259002-81e1-43ee-b6ee-738e01617b81","to":"Shwetha_0456e67c-43a5-4d6b-b629-b9bcf29c58ab","Audio":{"timestamp":1611073303446,"packetsReceived":28902,"packetsLost":0},"Type":"inbound-rtp","Video":{"timestamp":1611073303446,"packetsReceived":24911,"packetsLost":0}},{"from":"Jysamrani_4f259002-81e1-43ee-b6ee-738e01617b81","to":"Shwetha_0456e67c-43a5-4d6b-b629-b9bcf29c58ab","Audio":{"timestamp":1611073303446,"packetsReceived":28902,"packetsLost":0},"Type":"inbound-rtp","Video":{"timestamp":1611073303446,"packetsReceived":24911,"packetsLost":0}},{"from":"Jysamrani_4f259002-81e1-43ee-b6ee-738e01617b81","to":"Shwetha_0456e67c-43a5-4d6b-b629-b9bcf29c58ab","Audio":{"timestamp":1611073308446,"packetsReceived":29152,"packetsLost":0},"Type":"inbound-rtp","Video":{"timestamp":1611073308446,"packetsReceived":25577,"packetsLost":0}},{"from":"Jysamrani_4f259002-81e1-43ee-b6ee-738e01617b81","to":"Shwetha_0456e67c-43a5-4d6b-b629-b9bcf29c58ab","Audio":{"timestamp":1611073308446,"packetsReceived":29152,"packetsLost":0},"Type":"inbound-rtp","Video":{"timestamp":1611073308446,"packetsReceived":25577,"packetsLost":0}},{"from":"Jysamrani_4f259002-81e1-43ee-b6ee-738e01617b81","to":"Shwetha_0456e67c-43a5-4d6b-b629-b9bcf29c58ab","Audio":{"timestamp":1611073313446,"packetsReceived":29402,"packetsLost":0},"Type":"inbound-rtp","Video":{"timestamp":1611073313446,"packetsReceived":26136,"packetsLost":0}},{"from":"Jysamrani_4f259002-81e1-43ee-b6ee-738e01617b81","to":"Shwetha_0456e67c-43a5-4d6b-b629-b9bcf29c58ab","Audio":{"timestamp":1611073313446,"packetsReceived":29402,"packetsLost":0},"Type":"inbound-rtp","Video":{"timestamp":1611073313446,"packetsReceived":26136,"packetsLost":0}},{"from":"Jysamrani_4f259002-81e1-43ee-b6ee-738e01617b81","to":"Shwetha_0456e67c-43a5-4d6b-b629-b9bcf29c58ab","Audio":{"timestamp":1611073318446,"packetsReceived":29652,"packetsLost":0},"Type":"inbound-rtp","Video":{"timestamp":1611073318446,"packetsReceived":26907,"packetsLost":0}},{"from":"Jysamrani_4f259002-81e1-43ee-b6ee-738e01617b81","to":"Shwetha_0456e67c-43a5-4d6b-b629-b9bcf29c58ab","Audio":{"timestamp":1611073318446,"packetsReceived":29652,"packetsLost":0},"Type":"inbound-rtp","Video":{"timestamp":1611073318446,"packetsReceived":26907,"packetsLost":0}},{"from":"Jysamrani_4f259002-81e1-43ee-b6ee-738e01617b81","to":"Shwetha_0456e67c-43a5-4d6b-b629-b9bcf29c58ab","Audio":{"timestamp":1611073323447,"packetsReceived":29902,"packetsLost":0},"Type":"inbound-rtp","Video":{"timestamp":1611073323447,"packetsReceived":27795,"packetsLost":0}},{"from":"Jysamrani_4f259002-81e1-43ee-b6ee-738e01617b81","to":"Shwetha_0456e67c-43a5-4d6b-b629-b9bcf29c58ab","Audio":{"timestamp":1611073323447,"packetsReceived":29902,"packetsLost":0},"Type":"inbound-rtp","Video":{"timestamp":1611073323447,"packetsReceived":27795,"packetsLost":0}},{"from":"Jysamrani_4f259002-81e1-43ee-b6ee-738e01617b81","to":"Shwetha_0456e67c-43a5-4d6b-b629-b9bcf29c58ab","Audio":{"timestamp":1611073328447,"packetsReceived":30152,"packetsLost":0},"Type":"inbound-rtp","Video":{"timestamp":1611073328447,"packetsReceived":27915,"packetsLost":0}},{"from":"Jysamrani_4f259002-81e1-43ee-b6ee-738e01617b81","to":"Shwetha_0456e67c-43a5-4d6b-b629-b9bcf29c58ab","Audio":{"timestamp":1611073328447,"packetsReceived":30152,"packetsLost":0},"Type":"inbound-rtp","Video":{"timestamp":1611073328447,"packetsReceived":27915,"packetsLost":0}},{"from":"Jysamrani_4f259002-81e1-43ee-b6ee-738e01617b81","to":"Shwetha_0456e67c-43a5-4d6b-b629-b9bcf29c58ab","Audio":{"timestamp":1611073333447,"packetsReceived":30402,"packetsLost":0},"Type":"inbound-rtp","Video":{"timestamp":1611073333447,"packetsReceived":28066,"packetsLost":0}},{"from":"Jysamrani_4f259002-81e1-43ee-b6ee-738e01617b81","to":"Shwetha_0456e67c-43a5-4d6b-b629-b9bcf29c58ab","Audio":{"timestamp":1611073333447,"packetsReceived":30402,"packetsLost":0},"Type":"inbound-rtp","Video":{"timestamp":1611073333447,"packetsReceived":28066,"packetsLost":0}},{"from":"Jysamrani_4f259002-81e1-43ee-b6ee-738e01617b81","to":"Shwetha_0456e67c-43a5-4d6b-b629-b9bcf29c58ab","Audio":{"timestamp":1611073338447,"packetsReceived":30652,"packetsLost":0},"Type":"inbound-rtp","Video":{"timestamp":1611073338447,"packetsReceived":28281,"packetsLost":0}},{"from":"Jysamrani_4f259002-81e1-43ee-b6ee-738e01617b81","to":"Shwetha_0456e67c-43a5-4d6b-b629-b9bcf29c58ab","Audio":{"timestamp":1611073338447,"packetsReceived":30652,"packetsLost":0},"Type":"inbound-rtp","Video":{"timestamp":1611073338447,"packetsReceived":28281,"packetsLost":0}},{"from":"Jysamrani_4f259002-81e1-43ee-b6ee-738e01617b81","to":"Shwetha_0456e67c-43a5-4d6b-b629-b9bcf29c58ab","Audio":{"timestamp":1611073343447,"packetsReceived":30902,"packetsLost":0},"Type":"inbound-rtp","Video":{"timestamp":1611073343447,"packetsReceived":28464,"packetsLost":0}},{"from":"Jysamrani_4f259002-81e1-43ee-b6ee-738e01617b81","to":"Shwetha_0456e67c-43a5-4d6b-b629-b9bcf29c58ab","Audio":{"timestamp":1611073343447,"packetsReceived":30902,"packetsLost":0},"Type":"inbound-rtp","Video":{"timestamp":1611073343447,"packetsReceived":28464,"packetsLost":0}},{"from":"Jysamrani_4f259002-81e1-43ee-b6ee-738e01617b81","to":"Shwetha_0456e67c-43a5-4d6b-b629-b9bcf29c58ab","Audio":{"timestamp":1611073348447,"packetsReceived":31151,"packetsLost":0},"Type":"inbound-rtp","Video":{"timestamp":1611073348447,"packetsReceived":28490,"packetsLost":0}},{"from":"Jysamrani_4f259002-81e1-43ee-b6ee-738e01617b81","to":"Shwetha_0456e67c-43a5-4d6b-b629-b9bcf29c58ab","Audio":{"timestamp":1611073348447,"packetsReceived":31151,"packetsLost":0},"Type":"inbound-rtp","Video":{"timestamp":1611073348447,"packetsReceived":28490,"packetsLost":0}},{"from":"Jysamrani_4f259002-81e1-43ee-b6ee-738e01617b81","to":"Shwetha_0456e67c-43a5-4d6b-b629-b9bcf29c58ab","Audio":{"timestamp":1611073353447,"packetsReceived":31402,"packetsLost":0},"Type":"inbound-rtp","Video":{"timestamp":1611073353447,"packetsReceived":28506,"packetsLost":0}},{"from":"Jysamrani_4f259002-81e1-43ee-b6ee-738e01617b81","to":"Shwetha_0456e67c-43a5-4d6b-b629-b9bcf29c58ab","Audio":{"timestamp":1611073353447,"packetsReceived":31402,"packetsLost":0},"Type":"inbound-rtp","Video":{"timestamp":1611073353447,"packetsReceived":28506,"packetsLost":0}},{"from":"Jysamrani_4f259002-81e1-43ee-b6ee-738e01617b81","to":"Shwetha_0456e67c-43a5-4d6b-b629-b9bcf29c58ab","Audio":{"timestamp":1611073358448,"packetsReceived":31652,"packetsLost":0},"Type":"inbound-rtp","Video":{"timestamp":1611073358448,"packetsReceived":28526,"packetsLost":0}},{"from":"Jysamrani_4f259002-81e1-43ee-b6ee-738e01617b81","to":"Shwetha_0456e67c-43a5-4d6b-b629-b9bcf29c58ab","Audio":{"timestamp":1611073358448,"packetsReceived":31652,"packetsLost":0},"Type":"inbound-rtp","Video":{"timestamp":1611073358448,"packetsReceived":28526,"packetsLost":0}},{"from":"Jysamrani_4f259002-81e1-43ee-b6ee-738e01617b81","to":"Shwetha_0456e67c-43a5-4d6b-b629-b9bcf29c58ab","Audio":{"timestamp":1611073363448,"packetsReceived":31902,"packetsLost":0},"Type":"inbound-rtp","Video":{"timestamp":1611073363448,"packetsReceived":28546,"packetsLost":0}},{"from":"Jysamrani_4f259002-81e1-43ee-b6ee-738e01617b81","to":"Shwetha_0456e67c-43a5-4d6b-b629-b9bcf29c58ab","Audio":{"timestamp":1611073363448,"packetsReceived":31902,"packetsLost":0},"Type":"inbound-rtp","Video":{"timestamp":1611073363448,"packetsReceived":28546,"packetsLost":0}},{"from":"Jysamrani_4f259002-81e1-43ee-b6ee-738e01617b81","to":"Shwetha_0456e67c-43a5-4d6b-b629-b9bcf29c58ab","Audio":{"timestamp":1611073368447,"packetsReceived":32151,"packetsLost":0},"Type":"inbound-rtp","Video":{"timestamp":1611073368447,"packetsReceived":28562,"packetsLost":0}},{"from":"Jysamrani_4f259002-81e1-43ee-b6ee-738e01617b81","to":"Shwetha_0456e67c-43a5-4d6b-b629-b9bcf29c58ab","Audio":{"timestamp":1611073368447,"packetsReceived":32151,"packetsLost":0},"Type":"inbound-rtp","Video":{"timestamp":1611073368447,"packetsReceived":28562,"packetsLost":0}},{"from":"Jysamrani_4f259002-81e1-43ee-b6ee-738e01617b81","to":"Shwetha_0456e67c-43a5-4d6b-b629-b9bcf29c58ab","Audio":{"timestamp":1611073373448,"packetsReceived":32402,"packetsLost":0},"Type":"inbound-rtp","Video":{"timestamp":1611073373448,"packetsReceived":28583,"packetsLost":0}},{"from":"Jysamrani_4f259002-81e1-43ee-b6ee-738e01617b81","to":"Shwetha_0456e67c-43a5-4d6b-b629-b9bcf29c58ab","Audio":{"timestamp":1611073373448,"packetsReceived":32402,"packetsLost":0},"Type":"inbound-rtp","Video":{"timestamp":1611073373448,"packetsReceived":28583,"packetsLost":0}},{"from":"Jysamrani_4f259002-81e1-43ee-b6ee-738e01617b81","to":"Shwetha_0456e67c-43a5-4d6b-b629-b9bcf29c58ab","Audio":{"timestamp":1611073378448,"packetsReceived":32652,"packetsLost":0},"Type":"inbound-rtp","Video":{"timestamp":1611073378448,"packetsReceived":28606,"packetsLost":0}},{"from":"Jysamrani_4f259002-81e1-43ee-b6ee-738e01617b81","to":"Shwetha_0456e67c-43a5-4d6b-b629-b9bcf29c58ab","Audio":{"timestamp":1611073378448,"packetsReceived":32652,"packetsLost":0},"Type":"inbound-rtp","Video":{"timestamp":1611073378448,"packetsReceived":28606,"packetsLost":0}},{"from":"Jysamrani_4f259002-81e1-43ee-b6ee-738e01617b81","to":"Shwetha_0456e67c-43a5-4d6b-b629-b9bcf29c58ab","Audio":{"timestamp":1611073383448,"packetsReceived":32902,"packetsLost":0},"Type":"inbound-rtp","Video":{"timestamp":1611073383448,"packetsReceived":28626,"packetsLost":0}},{"from":"Jysamrani_4f259002-81e1-43ee-b6ee-738e01617b81","to":"Shwetha_0456e67c-43a5-4d6b-b629-b9bcf29c58ab","Audio":{"timestamp":1611073383448,"packetsReceived":32902,"packetsLost":0},"Type":"inbound-rtp","Video":{"timestamp":1611073383448,"packetsReceived":28626,"packetsLost":0}},{"from":"Jysamrani_4f259002-81e1-43ee-b6ee-738e01617b81","to":"Shwetha_0456e67c-43a5-4d6b-b629-b9bcf29c58ab","Audio":{"timestamp":1611073388448,"packetsReceived":33152,"packetsLost":0},"Type":"inbound-rtp","Video":{"timestamp":1611073388448,"packetsReceived":28642,"packetsLost":0}},{"from":"Jysamrani_4f259002-81e1-43ee-b6ee-738e01617b81","to":"Shwetha_0456e67c-43a5-4d6b-b629-b9bcf29c58ab","Audio":{"timestamp":1611073388448,"packetsReceived":33152,"packetsLost":0},"Type":"inbound-rtp","Video":{"timestamp":1611073388448,"packetsReceived":28642,"packetsLost":0}},{"from":"Jysamrani_4f259002-81e1-43ee-b6ee-738e01617b81","to":"Shwetha_0456e67c-43a5-4d6b-b629-b9bcf29c58ab","Audio":{"timestamp":1611073393449,"packetsReceived":33402,"packetsLost":0},"Type":"inbound-rtp","Video":{"timestamp":1611073393449,"packetsReceived":28662,"packetsLost":0}},{"from":"Jysamrani_4f259002-81e1-43ee-b6ee-738e01617b81","to":"Shwetha_0456e67c-43a5-4d6b-b629-b9bcf29c58ab","Audio":{"timestamp":1611073393449,"packetsReceived":33402,"packetsLost":0},"Type":"inbound-rtp","Video":{"timestamp":1611073393449,"packetsReceived":28662,"packetsLost":0}},{"from":"Jysamrani_4f259002-81e1-43ee-b6ee-738e01617b81","to":"Shwetha_0456e67c-43a5-4d6b-b629-b9bcf29c58ab","Audio":{"timestamp":1611073398449,"packetsReceived":33652,"packetsLost":0},"Type":"inbound-rtp","Video":{"timestamp":1611073398449,"packetsReceived":28682,"packetsLost":0}},{"from":"Jysamrani_4f259002-81e1-43ee-b6ee-738e01617b81","to":"Shwetha_0456e67c-43a5-4d6b-b629-b9bcf29c58ab","Audio":{"timestamp":1611073398449,"packetsReceived":33652,"packetsLost":0},"Type":"inbound-rtp","Video":{"timestamp":1611073398449,"packetsReceived":28682,"packetsLost":0}},{"from":"Jysamrani_4f259002-81e1-43ee-b6ee-738e01617b81","to":"Shwetha_0456e67c-43a5-4d6b-b629-b9bcf29c58ab","Audio":{"timestamp":1611073403448,"packetsReceived":33902,"packetsLost":0},"Type":"inbound-rtp","Video":{"timestamp":1611073403448,"packetsReceived":28698,"packetsLost":0}},{"from":"Jysamrani_4f259002-81e1-43ee-b6ee-738e01617b81","to":"Shwetha_0456e67c-43a5-4d6b-b629-b9bcf29c58ab","Audio":{"timestamp":1611073403448,"packetsReceived":33902,"packetsLost":0},"Type":"inbound-rtp","Video":{"timestamp":1611073403448,"packetsReceived":28698,"packetsLost":0}},{"from":"Jysamrani_4f259002-81e1-43ee-b6ee-738e01617b81","to":"Shwetha_0456e67c-43a5-4d6b-b629-b9bcf29c58ab","Audio":{"timestamp":1611073408449,"packetsReceived":34152,"packetsLost":0},"Type":"inbound-rtp","Video":{"timestamp":1611073408449,"packetsReceived":28718,"packetsLost":0}},{"from":"Jysamrani_4f259002-81e1-43ee-b6ee-738e01617b81","to":"Shwetha_0456e67c-43a5-4d6b-b629-b9bcf29c58ab","Audio":{"timestamp":1611073408449,"packetsReceived":34152,"packetsLost":0},"Type":"inbound-rtp","Video":{"timestamp":1611073408449,"packetsReceived":28718,"packetsLost":0}},{"from":"Jysamrani_4f259002-81e1-43ee-b6ee-738e01617b81","to":"Shwetha_0456e67c-43a5-4d6b-b629-b9bcf29c58ab","Audio":{"timestamp":1611073413449,"packetsReceived":34402,"packetsLost":0},"Type":"inbound-rtp","Video":{"timestamp":1611073413449,"packetsReceived":28738,"packetsLost":0}},{"from":"Jysamrani_4f259002-81e1-43ee-b6ee-738e01617b81","to":"Shwetha_0456e67c-43a5-4d6b-b629-b9bcf29c58ab","Audio":{"timestamp":1611073413449,"packetsReceived":34402,"packetsLost":0},"Type":"inbound-rtp","Video":{"timestamp":1611073413449,"packetsReceived":28738,"packetsLost":0}},{"from":"Jysamrani_4f259002-81e1-43ee-b6ee-738e01617b81","to":"Shwetha_0456e67c-43a5-4d6b-b629-b9bcf29c58ab","Audio":{"timestamp":1611073418449,"packetsReceived":34652,"packetsLost":0},"Type":"inbound-rtp","Video":{"timestamp":1611073418449,"packetsReceived":28754,"packetsLost":0}},{"from":"Jysamrani_4f259002-81e1-43ee-b6ee-738e01617b81","to":"Shwetha_0456e67c-43a5-4d6b-b629-b9bcf29c58ab","Audio":{"timestamp":1611073418449,"packetsReceived":34652,"packetsLost":0},"Type":"inbound-rtp","Video":{"timestamp":1611073418449,"packetsReceived":28754,"packetsLost":0}},{"from":"Jysamrani_4f259002-81e1-43ee-b6ee-738e01617b81","to":"Shwetha_0456e67c-43a5-4d6b-b629-b9bcf29c58ab","Audio":{"timestamp":1611073423449,"packetsReceived":34902,"packetsLost":0},"Type":"inbound-rtp","Video":{"timestamp":1611073423449,"packetsReceived":28774,"packetsLost":0}},{"from":"Jysamrani_4f259002-81e1-43ee-b6ee-738e01617b81","to":"Shwetha_0456e67c-43a5-4d6b-b629-b9bcf29c58ab","Audio":{"timestamp":1611073423449,"packetsReceived":34902,"packetsLost":0},"Type":"inbound-rtp","Video":{"timestamp":1611073423449,"packetsReceived":28774,"packetsLost":0}},{"from":"Jysamrani_4f259002-81e1-43ee-b6ee-738e01617b81","to":"Shwetha_0456e67c-43a5-4d6b-b629-b9bcf29c58ab","Audio":{"timestamp":1611073428450,"packetsReceived":35152,"packetsLost":0},"Type":"inbound-rtp","Video":{"timestamp":1611073428450,"packetsReceived":28794,"packetsLost":0}},{"from":"Jysamrani_4f259002-81e1-43ee-b6ee-738e01617b81","to":"Shwetha_0456e67c-43a5-4d6b-b629-b9bcf29c58ab","Audio":{"timestamp":1611073428450,"packetsReceived":35152,"packetsLost":0},"Type":"inbound-rtp","Video":{"timestamp":1611073428450,"packetsReceived":28794,"packetsLost":0}},{"from":"Jysamrani_4f259002-81e1-43ee-b6ee-738e01617b81","to":"Shwetha_0456e67c-43a5-4d6b-b629-b9bcf29c58ab","Audio":{"timestamp":1611073433450,"packetsReceived":35402,"packetsLost":0},"Type":"inbound-rtp","Video":{"timestamp":1611073433450,"packetsReceived":28810,"packetsLost":0}},{"from":"Jysamrani_4f259002-81e1-43ee-b6ee-738e01617b81","to":"Shwetha_0456e67c-43a5-4d6b-b629-b9bcf29c58ab","Audio":{"timestamp":1611073433450,"packetsReceived":35402,"packetsLost":0},"Type":"inbound-rtp","Video":{"timestamp":1611073433450,"packetsReceived":28810,"packetsLost":0}},{"from":"Jysamrani_4f259002-81e1-43ee-b6ee-738e01617b81","to":"Shwetha_0456e67c-43a5-4d6b-b629-b9bcf29c58ab","Audio":{"timestamp":1611073438449,"packetsReceived":35652,"packetsLost":0},"Type":"inbound-rtp","Video":{"timestamp":1611073438449,"packetsReceived":28830,"packetsLost":0}},{"from":"Jysamrani_4f259002-81e1-43ee-b6ee-738e01617b81","to":"Shwetha_0456e67c-43a5-4d6b-b629-b9bcf29c58ab","Audio":{"timestamp":1611073438449,"packetsReceived":35652,"packetsLost":0},"Type":"inbound-rtp","Video":{"timestamp":1611073438449,"packetsReceived":28830,"packetsLost":0}},{"from":"Jysamrani_4f259002-81e1-43ee-b6ee-738e01617b81","to":"Shwetha_0456e67c-43a5-4d6b-b629-b9bcf29c58ab","Audio":{"timestamp":1611073443450,"packetsReceived":35902,"packetsLost":0},"Type":"inbound-rtp","Video":{"timestamp":1611073443450,"packetsReceived":28850,"packetsLost":0}},{"from":"Jysamrani_4f259002-81e1-43ee-b6ee-738e01617b81","to":"Shwetha_0456e67c-43a5-4d6b-b629-b9bcf29c58ab","Audio":{"timestamp":1611073443450,"packetsReceived":35902,"packetsLost":0},"Type":"inbound-rtp","Video":{"timestamp":1611073443450,"packetsReceived":28850,"packetsLost":0}},{"from":"Jysamrani_4f259002-81e1-43ee-b6ee-738e01617b81","to":"Shwetha_0456e67c-43a5-4d6b-b629-b9bcf29c58ab","Audio":{"timestamp":1611073448450,"packetsReceived":36152,"packetsLost":0},"Type":"inbound-rtp","Video":{"timestamp":1611073448450,"packetsReceived":28866,"packetsLost":0}},{"from":"Jysamrani_4f259002-81e1-43ee-b6ee-738e01617b81","to":"Shwetha_0456e67c-43a5-4d6b-b629-b9bcf29c58ab","Audio":{"timestamp":1611073448450,"packetsReceived":36152,"packetsLost":0},"Type":"inbound-rtp","Video":{"timestamp":1611073448450,"packetsReceived":28866,"packetsLost":0}},{"from":"Jysamrani_4f259002-81e1-43ee-b6ee-738e01617b81","to":"Shwetha_0456e67c-43a5-4d6b-b629-b9bcf29c58ab","Audio":{"timestamp":1611073453450,"packetsReceived":36402,"packetsLost":0},"Type":"inbound-rtp","Video":{"timestamp":1611073453450,"packetsReceived":28886,"packetsLost":0}},{"from":"Jysamrani_4f259002-81e1-43ee-b6ee-738e01617b81","to":"Shwetha_0456e67c-43a5-4d6b-b629-b9bcf29c58ab","Audio":{"timestamp":1611073453450,"packetsReceived":36402,"packetsLost":0},"Type":"inbound-rtp","Video":{"timestamp":1611073453450,"packetsReceived":28886,"packetsLost":0}},{"from":"Jysamrani_4f259002-81e1-43ee-b6ee-738e01617b81","to":"Shwetha_0456e67c-43a5-4d6b-b629-b9bcf29c58ab","Audio":{"timestamp":1611073458450,"packetsReceived":36652,"packetsLost":0},"Type":"inbound-rtp","Video":{"timestamp":1611073458450,"packetsReceived":28906,"packetsLost":0}},{"from":"Jysamrani_4f259002-81e1-43ee-b6ee-738e01617b81","to":"Shwetha_0456e67c-43a5-4d6b-b629-b9bcf29c58ab","Audio":{"timestamp":1611073458450,"packetsReceived":36652,"packetsLost":0},"Type":"inbound-rtp","Video":{"timestamp":1611073458450,"packetsReceived":28906,"packetsLost":0}},{"from":"Jysamrani_4f259002-81e1-43ee-b6ee-738e01617b81","to":"Shwetha_0456e67c-43a5-4d6b-b629-b9bcf29c58ab","Audio":{"timestamp":1611073463451,"packetsReceived":36902,"packetsLost":0},"Type":"inbound-rtp","Video":{"timestamp":1611073463451,"packetsReceived":28922,"packetsLost":0}},{"from":"Jysamrani_4f259002-81e1-43ee-b6ee-738e01617b81","to":"Shwetha_0456e67c-43a5-4d6b-b629-b9bcf29c58ab","Audio":{"timestamp":1611073463451,"packetsReceived":36902,"packetsLost":0},"Type":"inbound-rtp","Video":{"timestamp":1611073463451,"packetsReceived":28922,"packetsLost":0}},{"from":"Jysamrani_4f259002-81e1-43ee-b6ee-738e01617b81","to":"Shwetha_0456e67c-43a5-4d6b-b629-b9bcf29c58ab","Audio":{"timestamp":1611073468450,"packetsReceived":37152,"packetsLost":0},"Type":"inbound-rtp","Video":{"timestamp":1611073468450,"packetsReceived":28942,"packetsLost":0}},{"from":"Jysamrani_4f259002-81e1-43ee-b6ee-738e01617b81","to":"Shwetha_0456e67c-43a5-4d6b-b629-b9bcf29c58ab","Audio":{"timestamp":1611073468450,"packetsReceived":37152,"packetsLost":0},"Type":"inbound-rtp","Video":{"timestamp":1611073468450,"packetsReceived":28942,"packetsLost":0}},{"from":"Jysamrani_4f259002-81e1-43ee-b6ee-738e01617b81","to":"Shwetha_0456e67c-43a5-4d6b-b629-b9bcf29c58ab","Audio":{"timestamp":1611073473450,"packetsReceived":37402,"packetsLost":0},"Type":"inbound-rtp","Video":{"timestamp":1611073473450,"packetsReceived":28962,"packetsLost":0}},{"from":"Jysamrani_4f259002-81e1-43ee-b6ee-738e01617b81","to":"Shwetha_0456e67c-43a5-4d6b-b629-b9bcf29c58ab","Audio":{"timestamp":1611073473450,"packetsReceived":37402,"packetsLost":0},"Type":"inbound-rtp","Video":{"timestamp":1611073473450,"packetsReceived":28962,"packetsLost":0}},{"from":"Jysamrani_4f259002-81e1-43ee-b6ee-738e01617b81","to":"Shwetha_0456e67c-43a5-4d6b-b629-b9bcf29c58ab","Audio":{"timestamp":1611073478451,"packetsReceived":37652,"packetsLost":0},"Type":"inbound-rtp","Video":{"timestamp":1611073478451,"packetsReceived":28978,"packetsLost":0}},{"from":"Jysamrani_4f259002-81e1-43ee-b6ee-738e01617b81","to":"Shwetha_0456e67c-43a5-4d6b-b629-b9bcf29c58ab","Audio":{"timestamp":1611073478451,"packetsReceived":37652,"packetsLost":0},"Type":"inbound-rtp","Video":{"timestamp":1611073478451,"packetsReceived":28978,"packetsLost":0}},{"from":"Jysamrani_4f259002-81e1-43ee-b6ee-738e01617b81","to":"Shwetha_0456e67c-43a5-4d6b-b629-b9bcf29c58ab","Audio":{"timestamp":1611073483451,"packetsReceived":37902,"packetsLost":0},"Type":"inbound-rtp","Video":{"timestamp":1611073483451,"packetsReceived":28998,"packetsLost":0}},{"from":"Jysamrani_4f259002-81e1-43ee-b6ee-738e01617b81","to":"Shwetha_0456e67c-43a5-4d6b-b629-b9bcf29c58ab","Audio":{"timestamp":1611073483451,"packetsReceived":37902,"packetsLost":0},"Type":"inbound-rtp","Video":{"timestamp":1611073483451,"packetsReceived":28998,"packetsLost":0}},{"from":"Jysamrani_4f259002-81e1-43ee-b6ee-738e01617b81","to":"Shwetha_0456e67c-43a5-4d6b-b629-b9bcf29c58ab","Audio":{"timestamp":1611073488451,"packetsReceived":38152,"packetsLost":0},"Type":"inbound-rtp","Video":{"timestamp":1611073488451,"packetsReceived":29018,"packetsLost":0}},{"from":"Jysamrani_4f259002-81e1-43ee-b6ee-738e01617b81","to":"Shwetha_0456e67c-43a5-4d6b-b629-b9bcf29c58ab","Audio":{"timestamp":1611073488451,"packetsReceived":38152,"packetsLost":0},"Type":"inbound-rtp","Video":{"timestamp":1611073488451,"packetsReceived":29018,"packetsLost":0}},{"from":"Jysamrani_4f259002-81e1-43ee-b6ee-738e01617b81","to":"Shwetha_0456e67c-43a5-4d6b-b629-b9bcf29c58ab","Audio":{"timestamp":1611073493451,"packetsReceived":38402,"packetsLost":0},"Type":"inbound-rtp","Video":{"timestamp":1611073493451,"packetsReceived":29165,"packetsLost":0}},{"from":"Jysamrani_4f259002-81e1-43ee-b6ee-738e01617b81","to":"Shwetha_0456e67c-43a5-4d6b-b629-b9bcf29c58ab","Audio":{"timestamp":1611073493451,"packetsReceived":38402,"packetsLost":0},"Type":"inbound-rtp","Video":{"timestamp":1611073493451,"packetsReceived":29165,"packetsLost":0}},{"from":"Jysamrani_4f259002-81e1-43ee-b6ee-738e01617b81","to":"Shwetha_0456e67c-43a5-4d6b-b629-b9bcf29c58ab","Audio":{"timestamp":1611073498452,"packetsReceived":38652,"packetsLost":0},"Type":"inbound-rtp","Video":{"timestamp":1611073498452,"packetsReceived":29284,"packetsLost":0}},{"from":"Jysamrani_4f259002-81e1-43ee-b6ee-738e01617b81","to":"Shwetha_0456e67c-43a5-4d6b-b629-b9bcf29c58ab","Audio":{"timestamp":1611073498452,"packetsReceived":38652,"packetsLost":0},"Type":"inbound-rtp","Video":{"timestamp":1611073498452,"packetsReceived":29284,"packetsLost":0}},{"from":"Jysamrani_4f259002-81e1-43ee-b6ee-738e01617b81","to":"Shwetha_0456e67c-43a5-4d6b-b629-b9bcf29c58ab","Audio":{"timestamp":1611073503451,"packetsReceived":38902,"packetsLost":0},"Type":"inbound-rtp","Video":{"timestamp":1611073503451,"packetsReceived":29322,"packetsLost":0}},{"from":"Jysamrani_4f259002-81e1-43ee-b6ee-738e01617b81","to":"Shwetha_0456e67c-43a5-4d6b-b629-b9bcf29c58ab","Audio":{"timestamp":1611073503451,"packetsReceived":38902,"packetsLost":0},"Type":"inbound-rtp","Video":{"timestamp":1611073503451,"packetsReceived":29322,"packetsLost":0}},{"from":"Jysamrani_4f259002-81e1-43ee-b6ee-738e01617b81","to":"Shwetha_0456e67c-43a5-4d6b-b629-b9bcf29c58ab","Audio":{"timestamp":1611073508451,"packetsReceived":39152,"packetsLost":0},"Type":"inbound-rtp","Video":{"timestamp":1611073508451,"packetsReceived":29414,"packetsLost":0}},{"from":"Jysamrani_4f259002-81e1-43ee-b6ee-738e01617b81","to":"Shwetha_0456e67c-43a5-4d6b-b629-b9bcf29c58ab","Audio":{"timestamp":1611073508451,"packetsReceived":39152,"packetsLost":0},"Type":"inbound-rtp","Video":{"timestamp":1611073508451,"packetsReceived":29414,"packetsLost":0}},{"from":"Jysamrani_4f259002-81e1-43ee-b6ee-738e01617b81","to":"Shwetha_0456e67c-43a5-4d6b-b629-b9bcf29c58ab","Audio":{"timestamp":1611073513452,"packetsReceived":39402,"packetsLost":0},"Type":"inbound-rtp","Video":{"timestamp":1611073513452,"packetsReceived":29610,"packetsLost":0}},{"from":"Jysamrani_4f259002-81e1-43ee-b6ee-738e01617b81","to":"Shwetha_0456e67c-43a5-4d6b-b629-b9bcf29c58ab","Audio":{"timestamp":1611073513452,"packetsReceived":39402,"packetsLost":0},"Type":"inbound-rtp","Video":{"timestamp":1611073513452,"packetsReceived":29610,"packetsLost":0}},{"from":"Jysamrani_4f259002-81e1-43ee-b6ee-738e01617b81","to":"Shwetha_0456e67c-43a5-4d6b-b629-b9bcf29c58ab","Audio":{"timestamp":1611073518452,"packetsReceived":39652,"packetsLost":0},"Type":"inbound-rtp","Video":{"timestamp":1611073518452,"packetsReceived":29672,"packetsLost":0}},{"from":"Jysamrani_4f259002-81e1-43ee-b6ee-738e01617b81","to":"Shwetha_0456e67c-43a5-4d6b-b629-b9bcf29c58ab","Audio":{"timestamp":1611073518452,"packetsReceived":39652,"packetsLost":0},"Type":"inbound-rtp","Video":{"timestamp":1611073518452,"packetsReceived":29672,"packetsLost":0}},{"from":"Jysamrani_4f259002-81e1-43ee-b6ee-738e01617b81","to":"Shwetha_0456e67c-43a5-4d6b-b629-b9bcf29c58ab","Audio":{"timestamp":1611073523452,"packetsReceived":39901,"packetsLost":0},"Type":"inbound-rtp","Video":{"timestamp":1611073523452,"packetsReceived":29753,"packetsLost":0}},{"from":"Jysamrani_4f259002-81e1-43ee-b6ee-738e01617b81","to":"Shwetha_0456e67c-43a5-4d6b-b629-b9bcf29c58ab","Audio":{"timestamp":1611073523452,"packetsReceived":39901,"packetsLost":0},"Type":"inbound-rtp","Video":{"timestamp":1611073523452,"packetsReceived":29753,"packetsLost":0}},{"from":"Jysamrani_4f259002-81e1-43ee-b6ee-738e01617b81","to":"Shwetha_0456e67c-43a5-4d6b-b629-b9bcf29c58ab","Audio":{"timestamp":1611073528452,"packetsReceived":40152,"packetsLost":0},"Type":"inbound-rtp","Video":{"timestamp":1611073528452,"packetsReceived":29864,"packetsLost":0}},{"from":"Jysamrani_4f259002-81e1-43ee-b6ee-738e01617b81","to":"Shwetha_0456e67c-43a5-4d6b-b629-b9bcf29c58ab","Audio":{"timestamp":1611073528452,"packetsReceived":40152,"packetsLost":0},"Type":"inbound-rtp","Video":{"timestamp":1611073528452,"packetsReceived":29864,"packetsLost":0}},{"from":"Jysamrani_4f259002-81e1-43ee-b6ee-738e01617b81","to":"Shwetha_0456e67c-43a5-4d6b-b629-b9bcf29c58ab","Audio":{"timestamp":1611073533453,"packetsReceived":40402,"packetsLost":0},"Type":"inbound-rtp","Video":{"timestamp":1611073533453,"packetsReceived":29972,"packetsLost":0}},{"from":"Jysamrani_4f259002-81e1-43ee-b6ee-738e01617b81","to":"Shwetha_0456e67c-43a5-4d6b-b629-b9bcf29c58ab","Audio":{"timestamp":1611073533453,"packetsReceived":40402,"packetsLost":0},"Type":"inbound-rtp","Video":{"timestamp":1611073533453,"packetsReceived":29972,"packetsLost":0}},{"from":"Jysamrani_4f259002-81e1-43ee-b6ee-738e01617b81","to":"Shwetha_0456e67c-43a5-4d6b-b629-b9bcf29c58ab","Audio":{"timestamp":1611073538452,"packetsReceived":40652,"packetsLost":0},"Type":"inbound-rtp","Video":{"timestamp":1611073538452,"packetsReceived":30075,"packetsLost":0}},{"from":"Jysamrani_4f259002-81e1-43ee-b6ee-738e01617b81","to":"Shwetha_0456e67c-43a5-4d6b-b629-b9bcf29c58ab","Audio":{"timestamp":1611073538452,"packetsReceived":40652,"packetsLost":0},"Type":"inbound-rtp","Video":{"timestamp":1611073538452,"packetsReceived":30075,"packetsLost":0}},{"from":"Jysamrani_4f259002-81e1-43ee-b6ee-738e01617b81","to":"Shwetha_0456e67c-43a5-4d6b-b629-b9bcf29c58ab","Audio":{"timestamp":1611073543452,"packetsReceived":40902,"packetsLost":0},"Type":"inbound-rtp","Video":{"timestamp":1611073543452,"packetsReceived":30223,"packetsLost":0}},{"from":"Jysamrani_4f259002-81e1-43ee-b6ee-738e01617b81","to":"Shwetha_0456e67c-43a5-4d6b-b629-b9bcf29c58ab","Audio":{"timestamp":1611073543452,"packetsReceived":40902,"packetsLost":0},"Type":"inbound-rtp","Video":{"timestamp":1611073543452,"packetsReceived":30223,"packetsLost":0}},{"from":"Jysamrani_4f259002-81e1-43ee-b6ee-738e01617b81","to":"Shwetha_0456e67c-43a5-4d6b-b629-b9bcf29c58ab","Audio":{"timestamp":1611073548453,"packetsReceived":41152,"packetsLost":0},"Type":"inbound-rtp","Video":{"timestamp":1611073548453,"packetsReceived":30237,"packetsLost":0}},{"from":"Jysamrani_4f259002-81e1-43ee-b6ee-738e01617b81","to":"Shwetha_0456e67c-43a5-4d6b-b629-b9bcf29c58ab","Audio":{"timestamp":1611073548453,"packetsReceived":41152,"packetsLost":0},"Type":"inbound-rtp","Video":{"timestamp":1611073548453,"packetsReceived":30237,"packetsLost":0}},{"from":"Jysamrani_4f259002-81e1-43ee-b6ee-738e01617b81","to":"Shwetha_0456e67c-43a5-4d6b-b629-b9bcf29c58ab","Audio":{"timestamp":1611073554417,"packetsReceived":41450,"packetsLost":0},"Type":"inbound-rtp","Video":{"timestamp":1611073554417,"packetsReceived":30247,"packetsLost":0}},{"from":"Jysamrani_4f259002-81e1-43ee-b6ee-738e01617b81","to":"Shwetha_0456e67c-43a5-4d6b-b629-b9bcf29c58ab","Audio":{"timestamp":1611073554417,"packetsReceived":41450,"packetsLost":0},"Type":"inbound-rtp","Video":{"timestamp":1611073554417,"packetsReceived":30247,"packetsLost":0}},{"from":"Jysamrani_4f259002-81e1-43ee-b6ee-738e01617b81","to":"Shwetha_0456e67c-43a5-4d6b-b629-b9bcf29c58ab","Audio":{"timestamp":1611073559371,"packetsReceived":41698,"packetsLost":0},"Type":"inbound-rtp","Video":{"timestamp":1611073559371,"packetsReceived":30257,"packetsLost":0}},{"from":"Jysamrani_4f259002-81e1-43ee-b6ee-738e01617b81","to":"Shwetha_0456e67c-43a5-4d6b-b629-b9bcf29c58ab","Audio":{"timestamp":1611073559371,"packetsReceived":41698,"packetsLost":0},"Type":"inbound-rtp","Video":{"timestamp":1611073559371,"packetsReceived":30257,"packetsLost":0}}]}