[{"timestamp":1611072724376,"log":{"from":"server","to":"Shwetha_0456e67c-43a5-4d6b-b629-b9bcf29c58ab","context":"PARENT","data":"{\"peer\":\"Jysamrani_4f259002-81e1-43ee-b6ee-738e01617b81\"}"}},{"timestamp":1611072724376,"log":"Parent : Jysamrani_4f259002-81e1-43ee-b6ee-738e01617b81"},{"timestamp":1611072724871,"log":{"from":"Jysamrani_4f259002-81e1-43ee-b6ee-738e01617b81","to":"Shwetha_0456e67c-43a5-4d6b-b629-b9bcf29c58ab","context":"CONNECT_ACK","data":"{\"roomID\":\"123456\"}"}},{"timestamp":1611072724871,"log":"Connection ACK from parent : Jysamrani_4f259002-81e1-43ee-b6ee-738e01617b81"},{"timestamp":1611072724875,"log":"received sdp from peer : Jysamrani_4f259002-81e1-43ee-b6ee-738e01617b81"},{"timestamp":1611072724881,"log":"received ice from peer : Jysamrani_4f259002-81e1-43ee-b6ee-738e01617b81"},{"timestamp":1611072724891,"log":"remote stream received"},{"timestamp":1611072724892,"log":{}},{"timestamp":1611072724892,"log":"remote stream received"},{"timestamp":1611072724892,"log":{}},{"timestamp":1611072724895,"log":"received ice from peer : Jysamrani_4f259002-81e1-43ee-b6ee-738e01617b81"},{"timestamp":1611072724904,"log":"created description for peer : Jysamrani_4f259002-81e1-43ee-b6ee-738e01617b81"},{"timestamp":1611072724909,"log":"received ice from peer : Jysamrani_4f259002-81e1-43ee-b6ee-738e01617b81"},{"timestamp":1611072724919,"log":"received ice from peer : Jysamrani_4f259002-81e1-43ee-b6ee-738e01617b81"},{"timestamp":1611072724923,"log":"connection with peer Jysamrani_4f259002-81e1-43ee-b6ee-738e01617b81 checking"},{"timestamp":1611072724926,"log":"ice: Shwetha_0456e67c-43a5-4d6b-b629-b9bcf29c58ab to Jysamrani_4f259002-81e1-43ee-b6ee-738e01617b81"},{"timestamp":1611072724926,"log":"connection with peer Jysamrani_4f259002-81e1-43ee-b6ee-738e01617b81 connected"},{"timestamp":1611072724926,"log":"ice: Shwetha_0456e67c-43a5-4d6b-b629-b9bcf29c58ab to Jysamrani_4f259002-81e1-43ee-b6ee-738e01617b81"}]