[{"timestamp":1611070272478,"log":{"from":"server","to":"Himanshu_61dcbcd1-0d53-4403-b808-473cc08bf876","context":"PARENT","data":"{\"peer\":\"Sankalp_2c655368-f2a5-443c-ac07-76ae3909c22b\"}"}},{"timestamp":1611070272478,"log":"Parent : Sankalp_2c655368-f2a5-443c-ac07-76ae3909c22b"},{"timestamp":1611070272992,"log":{"from":"Sankalp_2c655368-f2a5-443c-ac07-76ae3909c22b","to":"Himanshu_61dcbcd1-0d53-4403-b808-473cc08bf876","context":"CONNECT_ACK","data":"{\"roomID\":\"123456\"}"}},{"timestamp":1611070272992,"log":"Connection ACK from parent : Sankalp_2c655368-f2a5-443c-ac07-76ae3909c22b"},{"timestamp":1611070273015,"log":"received sdp from peer : Sankalp_2c655368-f2a5-443c-ac07-76ae3909c22b"},{"timestamp":1611070273020,"log":"received ice from peer : Sankalp_2c655368-f2a5-443c-ac07-76ae3909c22b"},{"timestamp":1611070273023,"log":"remote stream received"},{"timestamp":1611070273024,"log":{}},{"timestamp":1611070273024,"log":"remote stream received"},{"timestamp":1611070273025,"log":{}},{"timestamp":1611070273025,"log":"received ice from peer : Sankalp_2c655368-f2a5-443c-ac07-76ae3909c22b"},{"timestamp":1611070273032,"log":"created description for peer : Sankalp_2c655368-f2a5-443c-ac07-76ae3909c22b"},{"timestamp":1611070273065,"log":"received ice from peer : Sankalp_2c655368-f2a5-443c-ac07-76ae3909c22b"},{"timestamp":1611070273078,"log":"received ice from peer : Sankalp_2c655368-f2a5-443c-ac07-76ae3909c22b"},{"timestamp":1611070273078,"log":"connection with peer Sankalp_2c655368-f2a5-443c-ac07-76ae3909c22b checking"},{"timestamp":1611070273079,"log":"ice: Himanshu_61dcbcd1-0d53-4403-b808-473cc08bf876 to Sankalp_2c655368-f2a5-443c-ac07-76ae3909c22b"},{"timestamp":1611070273116,"log":"ice: Himanshu_61dcbcd1-0d53-4403-b808-473cc08bf876 to Sankalp_2c655368-f2a5-443c-ac07-76ae3909c22b"},{"timestamp":1611070273370,"log":"ice: Himanshu_61dcbcd1-0d53-4403-b808-473cc08bf876 to Sankalp_2c655368-f2a5-443c-ac07-76ae3909c22b"},{"timestamp":1611070273370,"log":"connection with peer Sankalp_2c655368-f2a5-443c-ac07-76ae3909c22b connected"}]