[{"timestamp":1611070513193,"log":{"from":"server","to":"Pravin_1125b25e-e0f7-45a9-ac8f-f0c530be33ad","context":"PARENT","data":"{\"peer\":\"Raghvendra_e02e1519-673c-4235-86a6-35d7418746ca\"}"}},{"timestamp":1611070513194,"log":"Parent : Raghvendra_e02e1519-673c-4235-86a6-35d7418746ca"},{"timestamp":1611070513733,"log":{"from":"Raghvendra_e02e1519-673c-4235-86a6-35d7418746ca","to":"Pravin_1125b25e-e0f7-45a9-ac8f-f0c530be33ad","context":"CONNECT_ACK","data":"{\"roomID\":\"123456\"}"}},{"timestamp":1611070513733,"log":"Connection ACK from parent : Raghvendra_e02e1519-673c-4235-86a6-35d7418746ca"},{"timestamp":1611070513740,"log":"received sdp from peer : Raghvendra_e02e1519-673c-4235-86a6-35d7418746ca"},{"timestamp":1611070513743,"log":"received ice from peer : Raghvendra_e02e1519-673c-4235-86a6-35d7418746ca"},{"timestamp":1611070513745,"log":"received ice from peer : Raghvendra_e02e1519-673c-4235-86a6-35d7418746ca"},{"timestamp":1611070513746,"log":"remote stream received"},{"timestamp":1611070513746,"log":{}},{"timestamp":1611070513746,"log":"remote stream received"},{"timestamp":1611070513746,"log":{}},{"timestamp":1611070513750,"log":"created description for peer : Raghvendra_e02e1519-673c-4235-86a6-35d7418746ca"},{"timestamp":1611070513775,"log":"received ice from peer : Raghvendra_e02e1519-673c-4235-86a6-35d7418746ca"},{"timestamp":1611070513787,"log":"received ice from peer : Raghvendra_e02e1519-673c-4235-86a6-35d7418746ca"},{"timestamp":1611070513789,"log":"ice: Pravin_1125b25e-e0f7-45a9-ac8f-f0c530be33ad to Raghvendra_e02e1519-673c-4235-86a6-35d7418746ca"},{"timestamp":1611070513789,"log":"connection with peer Raghvendra_e02e1519-673c-4235-86a6-35d7418746ca connected"},{"timestamp":1611070513790,"log":"ice: Pravin_1125b25e-e0f7-45a9-ac8f-f0c530be33ad to Raghvendra_e02e1519-673c-4235-86a6-35d7418746ca"}]