{"ChinmaySahoo_eedc6722-1252-4ec7-86d5-54c965df35c5":[{"from":"ChinmaySahoo_eedc6722-1252-4ec7-86d5-54c965df35c5","to":"Srindhi_37f08dfa-728d-473f-a0f9-61fe16d475ce","Audio":{"timestamp":1611072612373.292,"packetsReceived":158,"packetsLost":0},"Type":"inbound-rtp","Video":{"timestamp":1611072612373.292,"packetsReceived":0,"packetsLost":0}},{"from":"ChinmaySahoo_eedc6722-1252-4ec7-86d5-54c965df35c5","to":"Srindhi_37f08dfa-728d-473f-a0f9-61fe16d475ce","Audio":{"timestamp":1611072612373.292,"packetsReceived":158,"packetsLost":0},"Type":"inbound-rtp","Video":{"timestamp":1611072612373.292,"packetsReceived":0,"packetsLost":0}},{"from":"ChinmaySahoo_eedc6722-1252-4ec7-86d5-54c965df35c5","to":"Srindhi_37f08dfa-728d-473f-a0f9-61fe16d475ce","Audio":{"timestamp":1611072617371.527,"packetsReceived":407,"packetsLost":0},"Type":"inbound-rtp","Video":{"timestamp":1611072617371.527,"packetsReceived":40,"packetsLost":0}},{"from":"ChinmaySahoo_eedc6722-1252-4ec7-86d5-54c965df35c5","to":"Srindhi_37f08dfa-728d-473f-a0f9-61fe16d475ce","Audio":{"timestamp":1611072617371.527,"packetsReceived":407,"packetsLost":0},"Type":"inbound-rtp","Video":{"timestamp":1611072617371.527,"packetsReceived":40,"packetsLost":0}},{"from":"ChinmaySahoo_eedc6722-1252-4ec7-86d5-54c965df35c5","to":"Srindhi_37f08dfa-728d-473f-a0f9-61fe16d475ce","Audio":{"timestamp":1611072622371.517,"packetsReceived":658,"packetsLost":0},"Type":"inbound-rtp","Video":{"timestamp":1611072622371.517,"packetsReceived":45,"packetsLost":0}},{"from":"ChinmaySahoo_eedc6722-1252-4ec7-86d5-54c965df35c5","to":"Srindhi_37f08dfa-728d-473f-a0f9-61fe16d475ce","Audio":{"timestamp":1611072622371.517,"packetsReceived":658,"packetsLost":0},"Type":"inbound-rtp","Video":{"timestamp":1611072622371.517,"packetsReceived":45,"packetsLost":0}},{"from":"ChinmaySahoo_eedc6722-1252-4ec7-86d5-54c965df35c5","to":"Srindhi_37f08dfa-728d-473f-a0f9-61fe16d475ce","Audio":{"timestamp":1611072627371.486,"packetsReceived":907,"packetsLost":0},"Type":"inbound-rtp","Video":{"timestamp":1611072627371.486,"packetsReceived":49,"packetsLost":0}},{"from":"ChinmaySahoo_eedc6722-1252-4ec7-86d5-54c965df35c5","to":"Srindhi_37f08dfa-728d-473f-a0f9-61fe16d475ce","Audio":{"timestamp":1611072627371.486,"packetsReceived":907,"packetsLost":0},"Type":"inbound-rtp","Video":{"timestamp":1611072627371.486,"packetsReceived":49,"packetsLost":0}},{"from":"ChinmaySahoo_eedc6722-1252-4ec7-86d5-54c965df35c5","to":"Srindhi_37f08dfa-728d-473f-a0f9-61fe16d475ce","Audio":{"timestamp":1611072632371.689,"packetsReceived":1158,"packetsLost":0},"Type":"inbound-rtp","Video":{"timestamp":1611072632371.689,"packetsReceived":54,"packetsLost":0}},{"from":"ChinmaySahoo_eedc6722-1252-4ec7-86d5-54c965df35c5","to":"Srindhi_37f08dfa-728d-473f-a0f9-61fe16d475ce","Audio":{"timestamp":1611072632371.689,"packetsReceived":1158,"packetsLost":0},"Type":"inbound-rtp","Video":{"timestamp":1611072632371.689,"packetsReceived":54,"packetsLost":0}},{"from":"ChinmaySahoo_eedc6722-1252-4ec7-86d5-54c965df35c5","to":"Srindhi_37f08dfa-728d-473f-a0f9-61fe16d475ce","Audio":{"timestamp":1611072637657.847,"packetsReceived":1422,"packetsLost":0},"Type":"inbound-rtp","Video":{"timestamp":1611072637657.847,"packetsReceived":59,"packetsLost":0}},{"from":"ChinmaySahoo_eedc6722-1252-4ec7-86d5-54c965df35c5","to":"Srindhi_37f08dfa-728d-473f-a0f9-61fe16d475ce","Audio":{"timestamp":1611072637657.847,"packetsReceived":1422,"packetsLost":0},"Type":"inbound-rtp","Video":{"timestamp":1611072637657.847,"packetsReceived":59,"packetsLost":0}},{"from":"ChinmaySahoo_eedc6722-1252-4ec7-86d5-54c965df35c5","to":"Srindhi_37f08dfa-728d-473f-a0f9-61fe16d475ce","Audio":{"timestamp":1611072642657.82,"packetsReceived":1672,"packetsLost":0},"Type":"inbound-rtp","Video":{"timestamp":1611072642657.82,"packetsReceived":64,"packetsLost":0}},{"from":"ChinmaySahoo_eedc6722-1252-4ec7-86d5-54c965df35c5","to":"Srindhi_37f08dfa-728d-473f-a0f9-61fe16d475ce","Audio":{"timestamp":1611072642657.82,"packetsReceived":1672,"packetsLost":0},"Type":"inbound-rtp","Video":{"timestamp":1611072642657.82,"packetsReceived":64,"packetsLost":0}},{"from":"ChinmaySahoo_eedc6722-1252-4ec7-86d5-54c965df35c5","to":"Srindhi_37f08dfa-728d-473f-a0f9-61fe16d475ce","Audio":{"timestamp":1611072647657.844,"packetsReceived":1922,"packetsLost":0},"Type":"inbound-rtp","Video":{"timestamp":1611072647657.844,"packetsReceived":68,"packetsLost":0}},{"from":"ChinmaySahoo_eedc6722-1252-4ec7-86d5-54c965df35c5","to":"Srindhi_37f08dfa-728d-473f-a0f9-61fe16d475ce","Audio":{"timestamp":1611072647657.844,"packetsReceived":1922,"packetsLost":0},"Type":"inbound-rtp","Video":{"timestamp":1611072647657.844,"packetsReceived":68,"packetsLost":0}},{"from":"ChinmaySahoo_eedc6722-1252-4ec7-86d5-54c965df35c5","to":"Srindhi_37f08dfa-728d-473f-a0f9-61fe16d475ce","Audio":{"timestamp":1611072652657.845,"packetsReceived":2172,"packetsLost":0},"Type":"inbound-rtp","Video":{"timestamp":1611072652657.845,"packetsReceived":73,"packetsLost":0}},{"from":"ChinmaySahoo_eedc6722-1252-4ec7-86d5-54c965df35c5","to":"Srindhi_37f08dfa-728d-473f-a0f9-61fe16d475ce","Audio":{"timestamp":1611072652657.845,"packetsReceived":2172,"packetsLost":0},"Type":"inbound-rtp","Video":{"timestamp":1611072652657.845,"packetsReceived":73,"packetsLost":0}},{"from":"ChinmaySahoo_eedc6722-1252-4ec7-86d5-54c965df35c5","to":"Srindhi_37f08dfa-728d-473f-a0f9-61fe16d475ce","Audio":{"timestamp":1611072657657.831,"packetsReceived":2422,"packetsLost":0},"Type":"inbound-rtp","Video":{"timestamp":1611072657657.831,"packetsReceived":78,"packetsLost":0}},{"from":"ChinmaySahoo_eedc6722-1252-4ec7-86d5-54c965df35c5","to":"Srindhi_37f08dfa-728d-473f-a0f9-61fe16d475ce","Audio":{"timestamp":1611072657657.831,"packetsReceived":2422,"packetsLost":0},"Type":"inbound-rtp","Video":{"timestamp":1611072657657.831,"packetsReceived":78,"packetsLost":0}},{"from":"ChinmaySahoo_eedc6722-1252-4ec7-86d5-54c965df35c5","to":"Srindhi_37f08dfa-728d-473f-a0f9-61fe16d475ce","Audio":{"timestamp":1611072662657.872,"packetsReceived":2672,"packetsLost":0},"Type":"inbound-rtp","Video":{"timestamp":1611072662657.872,"packetsReceived":82,"packetsLost":0}},{"from":"ChinmaySahoo_eedc6722-1252-4ec7-86d5-54c965df35c5","to":"Srindhi_37f08dfa-728d-473f-a0f9-61fe16d475ce","Audio":{"timestamp":1611072662657.872,"packetsReceived":2672,"packetsLost":0},"Type":"inbound-rtp","Video":{"timestamp":1611072662657.872,"packetsReceived":82,"packetsLost":0}},{"from":"ChinmaySahoo_eedc6722-1252-4ec7-86d5-54c965df35c5","to":"Srindhi_37f08dfa-728d-473f-a0f9-61fe16d475ce","Audio":{"timestamp":1611072667657.893,"packetsReceived":2922,"packetsLost":0},"Type":"inbound-rtp","Video":{"timestamp":1611072667657.893,"packetsReceived":87,"packetsLost":0}},{"from":"ChinmaySahoo_eedc6722-1252-4ec7-86d5-54c965df35c5","to":"Srindhi_37f08dfa-728d-473f-a0f9-61fe16d475ce","Audio":{"timestamp":1611072667657.893,"packetsReceived":2922,"packetsLost":0},"Type":"inbound-rtp","Video":{"timestamp":1611072667657.893,"packetsReceived":87,"packetsLost":0}},{"from":"ChinmaySahoo_eedc6722-1252-4ec7-86d5-54c965df35c5","to":"Srindhi_37f08dfa-728d-473f-a0f9-61fe16d475ce","Audio":{"timestamp":1611072672657.83,"packetsReceived":3172,"packetsLost":0},"Type":"inbound-rtp","Video":{"timestamp":1611072672657.83,"packetsReceived":92,"packetsLost":0}},{"from":"ChinmaySahoo_eedc6722-1252-4ec7-86d5-54c965df35c5","to":"Srindhi_37f08dfa-728d-473f-a0f9-61fe16d475ce","Audio":{"timestamp":1611072672657.83,"packetsReceived":3172,"packetsLost":0},"Type":"inbound-rtp","Video":{"timestamp":1611072672657.83,"packetsReceived":92,"packetsLost":0}},{"from":"ChinmaySahoo_eedc6722-1252-4ec7-86d5-54c965df35c5","to":"Srindhi_37f08dfa-728d-473f-a0f9-61fe16d475ce","Audio":{"timestamp":1611072677657.856,"packetsReceived":3422,"packetsLost":0},"Type":"inbound-rtp","Video":{"timestamp":1611072677657.856,"packetsReceived":96,"packetsLost":0}},{"from":"ChinmaySahoo_eedc6722-1252-4ec7-86d5-54c965df35c5","to":"Srindhi_37f08dfa-728d-473f-a0f9-61fe16d475ce","Audio":{"timestamp":1611072677657.856,"packetsReceived":3422,"packetsLost":0},"Type":"inbound-rtp","Video":{"timestamp":1611072677657.856,"packetsReceived":96,"packetsLost":0}},{"from":"ChinmaySahoo_eedc6722-1252-4ec7-86d5-54c965df35c5","to":"Srindhi_37f08dfa-728d-473f-a0f9-61fe16d475ce","Audio":{"timestamp":1611072682657.885,"packetsReceived":3672,"packetsLost":0},"Type":"inbound-rtp","Video":{"timestamp":1611072682657.885,"packetsReceived":162,"packetsLost":0}},{"from":"ChinmaySahoo_eedc6722-1252-4ec7-86d5-54c965df35c5","to":"Srindhi_37f08dfa-728d-473f-a0f9-61fe16d475ce","Audio":{"timestamp":1611072682657.885,"packetsReceived":3672,"packetsLost":0},"Type":"inbound-rtp","Video":{"timestamp":1611072682657.885,"packetsReceived":162,"packetsLost":0}},{"from":"ChinmaySahoo_eedc6722-1252-4ec7-86d5-54c965df35c5","to":"Srindhi_37f08dfa-728d-473f-a0f9-61fe16d475ce","Audio":{"timestamp":1611072687657.83,"packetsReceived":3922,"packetsLost":0},"Type":"inbound-rtp","Video":{"timestamp":1611072687657.83,"packetsReceived":167,"packetsLost":0}},{"from":"ChinmaySahoo_eedc6722-1252-4ec7-86d5-54c965df35c5","to":"Srindhi_37f08dfa-728d-473f-a0f9-61fe16d475ce","Audio":{"timestamp":1611072687657.83,"packetsReceived":3922,"packetsLost":0},"Type":"inbound-rtp","Video":{"timestamp":1611072687657.83,"packetsReceived":167,"packetsLost":0}},{"from":"ChinmaySahoo_eedc6722-1252-4ec7-86d5-54c965df35c5","to":"Srindhi_37f08dfa-728d-473f-a0f9-61fe16d475ce","Audio":{"timestamp":1611072692657.832,"packetsReceived":4172,"packetsLost":0},"Type":"inbound-rtp","Video":{"timestamp":1611072692657.832,"packetsReceived":171,"packetsLost":0}},{"from":"ChinmaySahoo_eedc6722-1252-4ec7-86d5-54c965df35c5","to":"Srindhi_37f08dfa-728d-473f-a0f9-61fe16d475ce","Audio":{"timestamp":1611072692657.832,"packetsReceived":4172,"packetsLost":0},"Type":"inbound-rtp","Video":{"timestamp":1611072692657.832,"packetsReceived":171,"packetsLost":0}},{"from":"ChinmaySahoo_eedc6722-1252-4ec7-86d5-54c965df35c5","to":"Srindhi_37f08dfa-728d-473f-a0f9-61fe16d475ce","Audio":{"timestamp":1611072697657.89,"packetsReceived":4422,"packetsLost":0},"Type":"inbound-rtp","Video":{"timestamp":1611072697657.89,"packetsReceived":176,"packetsLost":0}},{"from":"ChinmaySahoo_eedc6722-1252-4ec7-86d5-54c965df35c5","to":"Srindhi_37f08dfa-728d-473f-a0f9-61fe16d475ce","Audio":{"timestamp":1611072697657.89,"packetsReceived":4422,"packetsLost":0},"Type":"inbound-rtp","Video":{"timestamp":1611072697657.89,"packetsReceived":176,"packetsLost":0}},{"from":"ChinmaySahoo_eedc6722-1252-4ec7-86d5-54c965df35c5","to":"Srindhi_37f08dfa-728d-473f-a0f9-61fe16d475ce","Audio":{"timestamp":1611072702657.846,"packetsReceived":4672,"packetsLost":0},"Type":"inbound-rtp","Video":{"timestamp":1611072702657.846,"packetsReceived":181,"packetsLost":0}},{"from":"ChinmaySahoo_eedc6722-1252-4ec7-86d5-54c965df35c5","to":"Srindhi_37f08dfa-728d-473f-a0f9-61fe16d475ce","Audio":{"timestamp":1611072702657.846,"packetsReceived":4672,"packetsLost":0},"Type":"inbound-rtp","Video":{"timestamp":1611072702657.846,"packetsReceived":181,"packetsLost":0}},{"from":"ChinmaySahoo_eedc6722-1252-4ec7-86d5-54c965df35c5","to":"Srindhi_37f08dfa-728d-473f-a0f9-61fe16d475ce","Audio":{"timestamp":1611072707657.838,"packetsReceived":4922,"packetsLost":0},"Type":"inbound-rtp","Video":{"timestamp":1611072707657.838,"packetsReceived":186,"packetsLost":0}},{"from":"ChinmaySahoo_eedc6722-1252-4ec7-86d5-54c965df35c5","to":"Srindhi_37f08dfa-728d-473f-a0f9-61fe16d475ce","Audio":{"timestamp":1611072707657.838,"packetsReceived":4922,"packetsLost":0},"Type":"inbound-rtp","Video":{"timestamp":1611072707657.838,"packetsReceived":186,"packetsLost":0}},{"from":"ChinmaySahoo_eedc6722-1252-4ec7-86d5-54c965df35c5","to":"Srindhi_37f08dfa-728d-473f-a0f9-61fe16d475ce","Audio":{"timestamp":1611072712657.834,"packetsReceived":5172,"packetsLost":0},"Type":"inbound-rtp","Video":{"timestamp":1611072712657.834,"packetsReceived":190,"packetsLost":0}},{"from":"ChinmaySahoo_eedc6722-1252-4ec7-86d5-54c965df35c5","to":"Srindhi_37f08dfa-728d-473f-a0f9-61fe16d475ce","Audio":{"timestamp":1611072712657.834,"packetsReceived":5172,"packetsLost":0},"Type":"inbound-rtp","Video":{"timestamp":1611072712657.834,"packetsReceived":190,"packetsLost":0}},{"from":"ChinmaySahoo_eedc6722-1252-4ec7-86d5-54c965df35c5","to":"Srindhi_37f08dfa-728d-473f-a0f9-61fe16d475ce","Audio":{"timestamp":1611072717657.877,"packetsReceived":5422,"packetsLost":0},"Type":"inbound-rtp","Video":{"timestamp":1611072717657.877,"packetsReceived":198,"packetsLost":0}},{"from":"ChinmaySahoo_eedc6722-1252-4ec7-86d5-54c965df35c5","to":"Srindhi_37f08dfa-728d-473f-a0f9-61fe16d475ce","Audio":{"timestamp":1611072717657.877,"packetsReceived":5422,"packetsLost":0},"Type":"inbound-rtp","Video":{"timestamp":1611072717657.877,"packetsReceived":198,"packetsLost":0}},{"from":"ChinmaySahoo_eedc6722-1252-4ec7-86d5-54c965df35c5","to":"Srindhi_37f08dfa-728d-473f-a0f9-61fe16d475ce","Audio":{"timestamp":1611072722657.838,"packetsReceived":5672,"packetsLost":0},"Type":"inbound-rtp","Video":{"timestamp":1611072722657.838,"packetsReceived":203,"packetsLost":0}},{"from":"ChinmaySahoo_eedc6722-1252-4ec7-86d5-54c965df35c5","to":"Srindhi_37f08dfa-728d-473f-a0f9-61fe16d475ce","Audio":{"timestamp":1611072722657.838,"packetsReceived":5672,"packetsLost":0},"Type":"inbound-rtp","Video":{"timestamp":1611072722657.838,"packetsReceived":203,"packetsLost":0}},{"from":"ChinmaySahoo_eedc6722-1252-4ec7-86d5-54c965df35c5","to":"Srindhi_37f08dfa-728d-473f-a0f9-61fe16d475ce","Audio":{"timestamp":1611072727657.856,"packetsReceived":5922,"packetsLost":0},"Type":"inbound-rtp","Video":{"timestamp":1611072727657.856,"packetsReceived":207,"packetsLost":0}},{"from":"ChinmaySahoo_eedc6722-1252-4ec7-86d5-54c965df35c5","to":"Srindhi_37f08dfa-728d-473f-a0f9-61fe16d475ce","Audio":{"timestamp":1611072727657.856,"packetsReceived":5922,"packetsLost":0},"Type":"inbound-rtp","Video":{"timestamp":1611072727657.856,"packetsReceived":207,"packetsLost":0}},{"from":"ChinmaySahoo_eedc6722-1252-4ec7-86d5-54c965df35c5","to":"Srindhi_37f08dfa-728d-473f-a0f9-61fe16d475ce","Audio":{"timestamp":1611072732657.883,"packetsReceived":6172,"packetsLost":0},"Type":"inbound-rtp","Video":{"timestamp":1611072732657.883,"packetsReceived":256,"packetsLost":0}},{"from":"ChinmaySahoo_eedc6722-1252-4ec7-86d5-54c965df35c5","to":"Srindhi_37f08dfa-728d-473f-a0f9-61fe16d475ce","Audio":{"timestamp":1611072732657.883,"packetsReceived":6172,"packetsLost":0},"Type":"inbound-rtp","Video":{"timestamp":1611072732657.883,"packetsReceived":256,"packetsLost":0}},{"from":"ChinmaySahoo_eedc6722-1252-4ec7-86d5-54c965df35c5","to":"Srindhi_37f08dfa-728d-473f-a0f9-61fe16d475ce","Audio":{"timestamp":1611072737657.866,"packetsReceived":6422,"packetsLost":0},"Type":"inbound-rtp","Video":{"timestamp":1611072737657.866,"packetsReceived":263,"packetsLost":0}},{"from":"ChinmaySahoo_eedc6722-1252-4ec7-86d5-54c965df35c5","to":"Srindhi_37f08dfa-728d-473f-a0f9-61fe16d475ce","Audio":{"timestamp":1611072737657.866,"packetsReceived":6422,"packetsLost":0},"Type":"inbound-rtp","Video":{"timestamp":1611072737657.866,"packetsReceived":263,"packetsLost":0}},{"from":"ChinmaySahoo_eedc6722-1252-4ec7-86d5-54c965df35c5","to":"Srindhi_37f08dfa-728d-473f-a0f9-61fe16d475ce","Audio":{"timestamp":1611072742657.812,"packetsReceived":6672,"packetsLost":0},"Type":"inbound-rtp","Video":{"timestamp":1611072742657.812,"packetsReceived":285,"packetsLost":0}},{"from":"ChinmaySahoo_eedc6722-1252-4ec7-86d5-54c965df35c5","to":"Srindhi_37f08dfa-728d-473f-a0f9-61fe16d475ce","Audio":{"timestamp":1611072742657.812,"packetsReceived":6672,"packetsLost":0},"Type":"inbound-rtp","Video":{"timestamp":1611072742657.812,"packetsReceived":285,"packetsLost":0}},{"from":"ChinmaySahoo_eedc6722-1252-4ec7-86d5-54c965df35c5","to":"Srindhi_37f08dfa-728d-473f-a0f9-61fe16d475ce","Audio":{"timestamp":1611072747657.852,"packetsReceived":6922,"packetsLost":0},"Type":"inbound-rtp","Video":{"timestamp":1611072747657.852,"packetsReceived":332,"packetsLost":0}},{"from":"ChinmaySahoo_eedc6722-1252-4ec7-86d5-54c965df35c5","to":"Srindhi_37f08dfa-728d-473f-a0f9-61fe16d475ce","Audio":{"timestamp":1611072747657.852,"packetsReceived":6922,"packetsLost":0},"Type":"inbound-rtp","Video":{"timestamp":1611072747657.852,"packetsReceived":332,"packetsLost":0}},{"from":"ChinmaySahoo_eedc6722-1252-4ec7-86d5-54c965df35c5","to":"Srindhi_37f08dfa-728d-473f-a0f9-61fe16d475ce","Audio":{"timestamp":1611072752657.85,"packetsReceived":7172,"packetsLost":0},"Type":"inbound-rtp","Video":{"timestamp":1611072752657.85,"packetsReceived":337,"packetsLost":0}},{"from":"ChinmaySahoo_eedc6722-1252-4ec7-86d5-54c965df35c5","to":"Srindhi_37f08dfa-728d-473f-a0f9-61fe16d475ce","Audio":{"timestamp":1611072752657.85,"packetsReceived":7172,"packetsLost":0},"Type":"inbound-rtp","Video":{"timestamp":1611072752657.85,"packetsReceived":337,"packetsLost":0}},{"from":"ChinmaySahoo_eedc6722-1252-4ec7-86d5-54c965df35c5","to":"Srindhi_37f08dfa-728d-473f-a0f9-61fe16d475ce","Audio":{"timestamp":1611072757657.865,"packetsReceived":7422,"packetsLost":0},"Type":"inbound-rtp","Video":{"timestamp":1611072757657.865,"packetsReceived":341,"packetsLost":0}},{"from":"ChinmaySahoo_eedc6722-1252-4ec7-86d5-54c965df35c5","to":"Srindhi_37f08dfa-728d-473f-a0f9-61fe16d475ce","Audio":{"timestamp":1611072757657.865,"packetsReceived":7422,"packetsLost":0},"Type":"inbound-rtp","Video":{"timestamp":1611072757657.865,"packetsReceived":341,"packetsLost":0}},{"from":"ChinmaySahoo_eedc6722-1252-4ec7-86d5-54c965df35c5","to":"Srindhi_37f08dfa-728d-473f-a0f9-61fe16d475ce","Audio":{"timestamp":1611072762657.891,"packetsReceived":7672,"packetsLost":0},"Type":"inbound-rtp","Video":{"timestamp":1611072762657.891,"packetsReceived":346,"packetsLost":0}},{"from":"ChinmaySahoo_eedc6722-1252-4ec7-86d5-54c965df35c5","to":"Srindhi_37f08dfa-728d-473f-a0f9-61fe16d475ce","Audio":{"timestamp":1611072762657.891,"packetsReceived":7672,"packetsLost":0},"Type":"inbound-rtp","Video":{"timestamp":1611072762657.891,"packetsReceived":346,"packetsLost":0}},{"from":"ChinmaySahoo_eedc6722-1252-4ec7-86d5-54c965df35c5","to":"Srindhi_37f08dfa-728d-473f-a0f9-61fe16d475ce","Audio":{"timestamp":1611072767657.848,"packetsReceived":7922,"packetsLost":0},"Type":"inbound-rtp","Video":{"timestamp":1611072767657.848,"packetsReceived":351,"packetsLost":0}},{"from":"ChinmaySahoo_eedc6722-1252-4ec7-86d5-54c965df35c5","to":"Srindhi_37f08dfa-728d-473f-a0f9-61fe16d475ce","Audio":{"timestamp":1611072767657.848,"packetsReceived":7922,"packetsLost":0},"Type":"inbound-rtp","Video":{"timestamp":1611072767657.848,"packetsReceived":351,"packetsLost":0}},{"from":"ChinmaySahoo_eedc6722-1252-4ec7-86d5-54c965df35c5","to":"Srindhi_37f08dfa-728d-473f-a0f9-61fe16d475ce","Audio":{"timestamp":1611072772657.855,"packetsReceived":8172,"packetsLost":0},"Type":"inbound-rtp","Video":{"timestamp":1611072772657.855,"packetsReceived":355,"packetsLost":0}},{"from":"ChinmaySahoo_eedc6722-1252-4ec7-86d5-54c965df35c5","to":"Srindhi_37f08dfa-728d-473f-a0f9-61fe16d475ce","Audio":{"timestamp":1611072772657.855,"packetsReceived":8172,"packetsLost":0},"Type":"inbound-rtp","Video":{"timestamp":1611072772657.855,"packetsReceived":355,"packetsLost":0}},{"from":"ChinmaySahoo_eedc6722-1252-4ec7-86d5-54c965df35c5","to":"Srindhi_37f08dfa-728d-473f-a0f9-61fe16d475ce","Audio":{"timestamp":1611072777657.888,"packetsReceived":8422,"packetsLost":0},"Type":"inbound-rtp","Video":{"timestamp":1611072777657.888,"packetsReceived":360,"packetsLost":0}},{"from":"ChinmaySahoo_eedc6722-1252-4ec7-86d5-54c965df35c5","to":"Srindhi_37f08dfa-728d-473f-a0f9-61fe16d475ce","Audio":{"timestamp":1611072777657.888,"packetsReceived":8422,"packetsLost":0},"Type":"inbound-rtp","Video":{"timestamp":1611072777657.888,"packetsReceived":360,"packetsLost":0}},{"from":"ChinmaySahoo_eedc6722-1252-4ec7-86d5-54c965df35c5","to":"Srindhi_37f08dfa-728d-473f-a0f9-61fe16d475ce","Audio":{"timestamp":1611072782657.842,"packetsReceived":8672,"packetsLost":0},"Type":"inbound-rtp","Video":{"timestamp":1611072782657.842,"packetsReceived":365,"packetsLost":0}},{"from":"ChinmaySahoo_eedc6722-1252-4ec7-86d5-54c965df35c5","to":"Srindhi_37f08dfa-728d-473f-a0f9-61fe16d475ce","Audio":{"timestamp":1611072782657.842,"packetsReceived":8672,"packetsLost":0},"Type":"inbound-rtp","Video":{"timestamp":1611072782657.842,"packetsReceived":365,"packetsLost":0}},{"from":"ChinmaySahoo_eedc6722-1252-4ec7-86d5-54c965df35c5","to":"Srindhi_37f08dfa-728d-473f-a0f9-61fe16d475ce","Audio":{"timestamp":1611072787657.886,"packetsReceived":8922,"packetsLost":0},"Type":"inbound-rtp","Video":{"timestamp":1611072787657.886,"packetsReceived":369,"packetsLost":0}},{"from":"ChinmaySahoo_eedc6722-1252-4ec7-86d5-54c965df35c5","to":"Srindhi_37f08dfa-728d-473f-a0f9-61fe16d475ce","Audio":{"timestamp":1611072787657.886,"packetsReceived":8922,"packetsLost":0},"Type":"inbound-rtp","Video":{"timestamp":1611072787657.886,"packetsReceived":369,"packetsLost":0}},{"from":"ChinmaySahoo_eedc6722-1252-4ec7-86d5-54c965df35c5","to":"Srindhi_37f08dfa-728d-473f-a0f9-61fe16d475ce","Audio":{"timestamp":1611072792657.9,"packetsReceived":9172,"packetsLost":0},"Type":"inbound-rtp","Video":{"timestamp":1611072792657.9,"packetsReceived":374,"packetsLost":0}},{"from":"ChinmaySahoo_eedc6722-1252-4ec7-86d5-54c965df35c5","to":"Srindhi_37f08dfa-728d-473f-a0f9-61fe16d475ce","Audio":{"timestamp":1611072792657.9,"packetsReceived":9172,"packetsLost":0},"Type":"inbound-rtp","Video":{"timestamp":1611072792657.9,"packetsReceived":374,"packetsLost":0}},{"from":"ChinmaySahoo_eedc6722-1252-4ec7-86d5-54c965df35c5","to":"Srindhi_37f08dfa-728d-473f-a0f9-61fe16d475ce","Audio":{"timestamp":1611072797657.865,"packetsReceived":9421,"packetsLost":0},"Type":"inbound-rtp","Video":{"timestamp":1611072797657.865,"packetsReceived":379,"packetsLost":0}},{"from":"ChinmaySahoo_eedc6722-1252-4ec7-86d5-54c965df35c5","to":"Srindhi_37f08dfa-728d-473f-a0f9-61fe16d475ce","Audio":{"timestamp":1611072797657.865,"packetsReceived":9421,"packetsLost":0},"Type":"inbound-rtp","Video":{"timestamp":1611072797657.865,"packetsReceived":379,"packetsLost":0}},{"from":"ChinmaySahoo_eedc6722-1252-4ec7-86d5-54c965df35c5","to":"Srindhi_37f08dfa-728d-473f-a0f9-61fe16d475ce","Audio":{"timestamp":1611072802657.876,"packetsReceived":9672,"packetsLost":0},"Type":"inbound-rtp","Video":{"timestamp":1611072802657.876,"packetsReceived":383,"packetsLost":0}},{"from":"ChinmaySahoo_eedc6722-1252-4ec7-86d5-54c965df35c5","to":"Srindhi_37f08dfa-728d-473f-a0f9-61fe16d475ce","Audio":{"timestamp":1611072802657.876,"packetsReceived":9672,"packetsLost":0},"Type":"inbound-rtp","Video":{"timestamp":1611072802657.876,"packetsReceived":383,"packetsLost":0}},{"from":"ChinmaySahoo_eedc6722-1252-4ec7-86d5-54c965df35c5","to":"Srindhi_37f08dfa-728d-473f-a0f9-61fe16d475ce","Audio":{"timestamp":1611072807657.843,"packetsReceived":9922,"packetsLost":0},"Type":"inbound-rtp","Video":{"timestamp":1611072807657.843,"packetsReceived":474,"packetsLost":0}},{"from":"ChinmaySahoo_eedc6722-1252-4ec7-86d5-54c965df35c5","to":"Srindhi_37f08dfa-728d-473f-a0f9-61fe16d475ce","Audio":{"timestamp":1611072807657.843,"packetsReceived":9922,"packetsLost":0},"Type":"inbound-rtp","Video":{"timestamp":1611072807657.843,"packetsReceived":474,"packetsLost":0}},{"from":"ChinmaySahoo_eedc6722-1252-4ec7-86d5-54c965df35c5","to":"Srindhi_37f08dfa-728d-473f-a0f9-61fe16d475ce","Audio":{"timestamp":1611072812657.847,"packetsReceived":10172,"packetsLost":0},"Type":"inbound-rtp","Video":{"timestamp":1611072812657.847,"packetsReceived":515,"packetsLost":0}},{"from":"ChinmaySahoo_eedc6722-1252-4ec7-86d5-54c965df35c5","to":"Srindhi_37f08dfa-728d-473f-a0f9-61fe16d475ce","Audio":{"timestamp":1611072812657.847,"packetsReceived":10172,"packetsLost":0},"Type":"inbound-rtp","Video":{"timestamp":1611072812657.847,"packetsReceived":515,"packetsLost":0}},{"from":"ChinmaySahoo_eedc6722-1252-4ec7-86d5-54c965df35c5","to":"Srindhi_37f08dfa-728d-473f-a0f9-61fe16d475ce","Audio":{"timestamp":1611072817657.76,"packetsReceived":10422,"packetsLost":0},"Type":"inbound-rtp","Video":{"timestamp":1611072817657.76,"packetsReceived":527,"packetsLost":0}},{"from":"ChinmaySahoo_eedc6722-1252-4ec7-86d5-54c965df35c5","to":"Srindhi_37f08dfa-728d-473f-a0f9-61fe16d475ce","Audio":{"timestamp":1611072817657.76,"packetsReceived":10422,"packetsLost":0},"Type":"inbound-rtp","Video":{"timestamp":1611072817657.76,"packetsReceived":527,"packetsLost":0}},{"from":"ChinmaySahoo_eedc6722-1252-4ec7-86d5-54c965df35c5","to":"Srindhi_37f08dfa-728d-473f-a0f9-61fe16d475ce","Audio":{"timestamp":1611072822657.845,"packetsReceived":10672,"packetsLost":0},"Type":"inbound-rtp","Video":{"timestamp":1611072822657.845,"packetsReceived":542,"packetsLost":0}},{"from":"ChinmaySahoo_eedc6722-1252-4ec7-86d5-54c965df35c5","to":"Srindhi_37f08dfa-728d-473f-a0f9-61fe16d475ce","Audio":{"timestamp":1611072822657.845,"packetsReceived":10672,"packetsLost":0},"Type":"inbound-rtp","Video":{"timestamp":1611072822657.845,"packetsReceived":542,"packetsLost":0}},{"from":"ChinmaySahoo_eedc6722-1252-4ec7-86d5-54c965df35c5","to":"Srindhi_37f08dfa-728d-473f-a0f9-61fe16d475ce","Audio":{"timestamp":1611072827657.847,"packetsReceived":10921,"packetsLost":0},"Type":"inbound-rtp","Video":{"timestamp":1611072827657.847,"packetsReceived":557,"packetsLost":0}},{"from":"ChinmaySahoo_eedc6722-1252-4ec7-86d5-54c965df35c5","to":"Srindhi_37f08dfa-728d-473f-a0f9-61fe16d475ce","Audio":{"timestamp":1611072827657.847,"packetsReceived":10921,"packetsLost":0},"Type":"inbound-rtp","Video":{"timestamp":1611072827657.847,"packetsReceived":557,"packetsLost":0}},{"from":"ChinmaySahoo_eedc6722-1252-4ec7-86d5-54c965df35c5","to":"Srindhi_37f08dfa-728d-473f-a0f9-61fe16d475ce","Audio":{"timestamp":1611072832657.828,"packetsReceived":11172,"packetsLost":0},"Type":"inbound-rtp","Video":{"timestamp":1611072832657.828,"packetsReceived":569,"packetsLost":0}},{"from":"ChinmaySahoo_eedc6722-1252-4ec7-86d5-54c965df35c5","to":"Srindhi_37f08dfa-728d-473f-a0f9-61fe16d475ce","Audio":{"timestamp":1611072832657.828,"packetsReceived":11172,"packetsLost":0},"Type":"inbound-rtp","Video":{"timestamp":1611072832657.828,"packetsReceived":569,"packetsLost":0}},{"from":"ChinmaySahoo_eedc6722-1252-4ec7-86d5-54c965df35c5","to":"Srindhi_37f08dfa-728d-473f-a0f9-61fe16d475ce","Audio":{"timestamp":1611072837657.886,"packetsReceived":11422,"packetsLost":0},"Type":"inbound-rtp","Video":{"timestamp":1611072837657.886,"packetsReceived":584,"packetsLost":0}},{"from":"ChinmaySahoo_eedc6722-1252-4ec7-86d5-54c965df35c5","to":"Srindhi_37f08dfa-728d-473f-a0f9-61fe16d475ce","Audio":{"timestamp":1611072837657.886,"packetsReceived":11422,"packetsLost":0},"Type":"inbound-rtp","Video":{"timestamp":1611072837657.886,"packetsReceived":584,"packetsLost":0}},{"from":"ChinmaySahoo_eedc6722-1252-4ec7-86d5-54c965df35c5","to":"Srindhi_37f08dfa-728d-473f-a0f9-61fe16d475ce","Audio":{"timestamp":1611072842657.898,"packetsReceived":11672,"packetsLost":0},"Type":"inbound-rtp","Video":{"timestamp":1611072842657.898,"packetsReceived":599,"packetsLost":0}},{"from":"ChinmaySahoo_eedc6722-1252-4ec7-86d5-54c965df35c5","to":"Srindhi_37f08dfa-728d-473f-a0f9-61fe16d475ce","Audio":{"timestamp":1611072842657.898,"packetsReceived":11672,"packetsLost":0},"Type":"inbound-rtp","Video":{"timestamp":1611072842657.898,"packetsReceived":599,"packetsLost":0}},{"from":"ChinmaySahoo_eedc6722-1252-4ec7-86d5-54c965df35c5","to":"Srindhi_37f08dfa-728d-473f-a0f9-61fe16d475ce","Audio":{"timestamp":1611072847657.854,"packetsReceived":11922,"packetsLost":0},"Type":"inbound-rtp","Video":{"timestamp":1611072847657.854,"packetsReceived":616,"packetsLost":0}},{"from":"ChinmaySahoo_eedc6722-1252-4ec7-86d5-54c965df35c5","to":"Srindhi_37f08dfa-728d-473f-a0f9-61fe16d475ce","Audio":{"timestamp":1611072847657.854,"packetsReceived":11922,"packetsLost":0},"Type":"inbound-rtp","Video":{"timestamp":1611072847657.854,"packetsReceived":616,"packetsLost":0}},{"from":"ChinmaySahoo_eedc6722-1252-4ec7-86d5-54c965df35c5","to":"Srindhi_37f08dfa-728d-473f-a0f9-61fe16d475ce","Audio":{"timestamp":1611072852657.907,"packetsReceived":12171,"packetsLost":0},"Type":"inbound-rtp","Video":{"timestamp":1611072852657.907,"packetsReceived":628,"packetsLost":0}},{"from":"ChinmaySahoo_eedc6722-1252-4ec7-86d5-54c965df35c5","to":"Srindhi_37f08dfa-728d-473f-a0f9-61fe16d475ce","Audio":{"timestamp":1611072852657.907,"packetsReceived":12171,"packetsLost":0},"Type":"inbound-rtp","Video":{"timestamp":1611072852657.907,"packetsReceived":628,"packetsLost":0}},{"from":"ChinmaySahoo_eedc6722-1252-4ec7-86d5-54c965df35c5","to":"Srindhi_37f08dfa-728d-473f-a0f9-61fe16d475ce","Audio":{"timestamp":1611072857657.871,"packetsReceived":12422,"packetsLost":0},"Type":"inbound-rtp","Video":{"timestamp":1611072857657.871,"packetsReceived":643,"packetsLost":0}},{"from":"ChinmaySahoo_eedc6722-1252-4ec7-86d5-54c965df35c5","to":"Srindhi_37f08dfa-728d-473f-a0f9-61fe16d475ce","Audio":{"timestamp":1611072857657.871,"packetsReceived":12422,"packetsLost":0},"Type":"inbound-rtp","Video":{"timestamp":1611072857657.871,"packetsReceived":643,"packetsLost":0}},{"from":"ChinmaySahoo_eedc6722-1252-4ec7-86d5-54c965df35c5","to":"Srindhi_37f08dfa-728d-473f-a0f9-61fe16d475ce","Audio":{"timestamp":1611072862657.838,"packetsReceived":12672,"packetsLost":0},"Type":"inbound-rtp","Video":{"timestamp":1611072862657.838,"packetsReceived":658,"packetsLost":0}},{"from":"ChinmaySahoo_eedc6722-1252-4ec7-86d5-54c965df35c5","to":"Srindhi_37f08dfa-728d-473f-a0f9-61fe16d475ce","Audio":{"timestamp":1611072862657.838,"packetsReceived":12672,"packetsLost":0},"Type":"inbound-rtp","Video":{"timestamp":1611072862657.838,"packetsReceived":658,"packetsLost":0}},{"from":"ChinmaySahoo_eedc6722-1252-4ec7-86d5-54c965df35c5","to":"Srindhi_37f08dfa-728d-473f-a0f9-61fe16d475ce","Audio":{"timestamp":1611072867657.784,"packetsReceived":12922,"packetsLost":0},"Type":"inbound-rtp","Video":{"timestamp":1611072867657.784,"packetsReceived":670,"packetsLost":0}},{"from":"ChinmaySahoo_eedc6722-1252-4ec7-86d5-54c965df35c5","to":"Srindhi_37f08dfa-728d-473f-a0f9-61fe16d475ce","Audio":{"timestamp":1611072867657.784,"packetsReceived":12922,"packetsLost":0},"Type":"inbound-rtp","Video":{"timestamp":1611072867657.784,"packetsReceived":670,"packetsLost":0}},{"from":"ChinmaySahoo_eedc6722-1252-4ec7-86d5-54c965df35c5","to":"Srindhi_37f08dfa-728d-473f-a0f9-61fe16d475ce","Audio":{"timestamp":1611072872657.861,"packetsReceived":13172,"packetsLost":0},"Type":"inbound-rtp","Video":{"timestamp":1611072872657.861,"packetsReceived":767,"packetsLost":0}},{"from":"ChinmaySahoo_eedc6722-1252-4ec7-86d5-54c965df35c5","to":"Srindhi_37f08dfa-728d-473f-a0f9-61fe16d475ce","Audio":{"timestamp":1611072872657.861,"packetsReceived":13172,"packetsLost":0},"Type":"inbound-rtp","Video":{"timestamp":1611072872657.861,"packetsReceived":767,"packetsLost":0}},{"from":"ChinmaySahoo_eedc6722-1252-4ec7-86d5-54c965df35c5","to":"Srindhi_37f08dfa-728d-473f-a0f9-61fe16d475ce","Audio":{"timestamp":1611072877657.893,"packetsReceived":13422,"packetsLost":0},"Type":"inbound-rtp","Video":{"timestamp":1611072877657.893,"packetsReceived":782,"packetsLost":0}},{"from":"ChinmaySahoo_eedc6722-1252-4ec7-86d5-54c965df35c5","to":"Srindhi_37f08dfa-728d-473f-a0f9-61fe16d475ce","Audio":{"timestamp":1611072877657.893,"packetsReceived":13422,"packetsLost":0},"Type":"inbound-rtp","Video":{"timestamp":1611072877657.893,"packetsReceived":782,"packetsLost":0}},{"from":"ChinmaySahoo_eedc6722-1252-4ec7-86d5-54c965df35c5","to":"Srindhi_37f08dfa-728d-473f-a0f9-61fe16d475ce","Audio":{"timestamp":1611072882657.89,"packetsReceived":13672,"packetsLost":0},"Type":"inbound-rtp","Video":{"timestamp":1611072882657.89,"packetsReceived":794,"packetsLost":0}},{"from":"ChinmaySahoo_eedc6722-1252-4ec7-86d5-54c965df35c5","to":"Srindhi_37f08dfa-728d-473f-a0f9-61fe16d475ce","Audio":{"timestamp":1611072882657.89,"packetsReceived":13672,"packetsLost":0},"Type":"inbound-rtp","Video":{"timestamp":1611072882657.89,"packetsReceived":794,"packetsLost":0}},{"from":"ChinmaySahoo_eedc6722-1252-4ec7-86d5-54c965df35c5","to":"Srindhi_37f08dfa-728d-473f-a0f9-61fe16d475ce","Audio":{"timestamp":1611072887657.84,"packetsReceived":13921,"packetsLost":0},"Type":"inbound-rtp","Video":{"timestamp":1611072887657.84,"packetsReceived":809,"packetsLost":0}},{"from":"ChinmaySahoo_eedc6722-1252-4ec7-86d5-54c965df35c5","to":"Srindhi_37f08dfa-728d-473f-a0f9-61fe16d475ce","Audio":{"timestamp":1611072887657.84,"packetsReceived":13921,"packetsLost":0},"Type":"inbound-rtp","Video":{"timestamp":1611072887657.84,"packetsReceived":809,"packetsLost":0}},{"from":"ChinmaySahoo_eedc6722-1252-4ec7-86d5-54c965df35c5","to":"Srindhi_37f08dfa-728d-473f-a0f9-61fe16d475ce","Audio":{"timestamp":1611072892657.873,"packetsReceived":14172,"packetsLost":0},"Type":"inbound-rtp","Video":{"timestamp":1611072892657.873,"packetsReceived":823,"packetsLost":0}},{"from":"ChinmaySahoo_eedc6722-1252-4ec7-86d5-54c965df35c5","to":"Srindhi_37f08dfa-728d-473f-a0f9-61fe16d475ce","Audio":{"timestamp":1611072892657.873,"packetsReceived":14172,"packetsLost":0},"Type":"inbound-rtp","Video":{"timestamp":1611072892657.873,"packetsReceived":823,"packetsLost":0}},{"from":"ChinmaySahoo_eedc6722-1252-4ec7-86d5-54c965df35c5","to":"Srindhi_37f08dfa-728d-473f-a0f9-61fe16d475ce","Audio":{"timestamp":1611072897657.852,"packetsReceived":14422,"packetsLost":0},"Type":"inbound-rtp","Video":{"timestamp":1611072897657.852,"packetsReceived":835,"packetsLost":0}},{"from":"ChinmaySahoo_eedc6722-1252-4ec7-86d5-54c965df35c5","to":"Srindhi_37f08dfa-728d-473f-a0f9-61fe16d475ce","Audio":{"timestamp":1611072897657.852,"packetsReceived":14422,"packetsLost":0},"Type":"inbound-rtp","Video":{"timestamp":1611072897657.852,"packetsReceived":835,"packetsLost":0}},{"from":"ChinmaySahoo_eedc6722-1252-4ec7-86d5-54c965df35c5","to":"Srindhi_37f08dfa-728d-473f-a0f9-61fe16d475ce","Audio":{"timestamp":1611072902657.848,"packetsReceived":14671,"packetsLost":0},"Type":"inbound-rtp","Video":{"timestamp":1611072902657.848,"packetsReceived":850,"packetsLost":0}},{"from":"ChinmaySahoo_eedc6722-1252-4ec7-86d5-54c965df35c5","to":"Srindhi_37f08dfa-728d-473f-a0f9-61fe16d475ce","Audio":{"timestamp":1611072902657.848,"packetsReceived":14671,"packetsLost":0},"Type":"inbound-rtp","Video":{"timestamp":1611072902657.848,"packetsReceived":850,"packetsLost":0}},{"from":"ChinmaySahoo_eedc6722-1252-4ec7-86d5-54c965df35c5","to":"Srindhi_37f08dfa-728d-473f-a0f9-61fe16d475ce","Audio":{"timestamp":1611072907657.862,"packetsReceived":14922,"packetsLost":0},"Type":"inbound-rtp","Video":{"timestamp":1611072907657.862,"packetsReceived":865,"packetsLost":0}},{"from":"ChinmaySahoo_eedc6722-1252-4ec7-86d5-54c965df35c5","to":"Srindhi_37f08dfa-728d-473f-a0f9-61fe16d475ce","Audio":{"timestamp":1611072907657.862,"packetsReceived":14922,"packetsLost":0},"Type":"inbound-rtp","Video":{"timestamp":1611072907657.862,"packetsReceived":865,"packetsLost":0}},{"from":"ChinmaySahoo_eedc6722-1252-4ec7-86d5-54c965df35c5","to":"Srindhi_37f08dfa-728d-473f-a0f9-61fe16d475ce","Audio":{"timestamp":1611072912657.832,"packetsReceived":15172,"packetsLost":0},"Type":"inbound-rtp","Video":{"timestamp":1611072912657.832,"packetsReceived":876,"packetsLost":0}},{"from":"ChinmaySahoo_eedc6722-1252-4ec7-86d5-54c965df35c5","to":"Srindhi_37f08dfa-728d-473f-a0f9-61fe16d475ce","Audio":{"timestamp":1611072912657.832,"packetsReceived":15172,"packetsLost":0},"Type":"inbound-rtp","Video":{"timestamp":1611072912657.832,"packetsReceived":876,"packetsLost":0}},{"from":"ChinmaySahoo_eedc6722-1252-4ec7-86d5-54c965df35c5","to":"Srindhi_37f08dfa-728d-473f-a0f9-61fe16d475ce","Audio":{"timestamp":1611072917657.886,"packetsReceived":15421,"packetsLost":0},"Type":"inbound-rtp","Video":{"timestamp":1611072917657.886,"packetsReceived":891,"packetsLost":0}},{"from":"ChinmaySahoo_eedc6722-1252-4ec7-86d5-54c965df35c5","to":"Srindhi_37f08dfa-728d-473f-a0f9-61fe16d475ce","Audio":{"timestamp":1611072917657.886,"packetsReceived":15421,"packetsLost":0},"Type":"inbound-rtp","Video":{"timestamp":1611072917657.886,"packetsReceived":891,"packetsLost":0}},{"from":"ChinmaySahoo_eedc6722-1252-4ec7-86d5-54c965df35c5","to":"Srindhi_37f08dfa-728d-473f-a0f9-61fe16d475ce","Audio":{"timestamp":1611072922657.983,"packetsReceived":15672,"packetsLost":0},"Type":"inbound-rtp","Video":{"timestamp":1611072922657.983,"packetsReceived":906,"packetsLost":0}},{"from":"ChinmaySahoo_eedc6722-1252-4ec7-86d5-54c965df35c5","to":"Srindhi_37f08dfa-728d-473f-a0f9-61fe16d475ce","Audio":{"timestamp":1611072922657.983,"packetsReceived":15672,"packetsLost":0},"Type":"inbound-rtp","Video":{"timestamp":1611072922657.983,"packetsReceived":906,"packetsLost":0}},{"from":"ChinmaySahoo_eedc6722-1252-4ec7-86d5-54c965df35c5","to":"Srindhi_37f08dfa-728d-473f-a0f9-61fe16d475ce","Audio":{"timestamp":1611072927657.863,"packetsReceived":15922,"packetsLost":0},"Type":"inbound-rtp","Video":{"timestamp":1611072927657.863,"packetsReceived":918,"packetsLost":0}},{"from":"ChinmaySahoo_eedc6722-1252-4ec7-86d5-54c965df35c5","to":"Srindhi_37f08dfa-728d-473f-a0f9-61fe16d475ce","Audio":{"timestamp":1611072927657.863,"packetsReceived":15922,"packetsLost":0},"Type":"inbound-rtp","Video":{"timestamp":1611072927657.863,"packetsReceived":918,"packetsLost":0}},{"from":"ChinmaySahoo_eedc6722-1252-4ec7-86d5-54c965df35c5","to":"Srindhi_37f08dfa-728d-473f-a0f9-61fe16d475ce","Audio":{"timestamp":1611072932657.906,"packetsReceived":16171,"packetsLost":0},"Type":"inbound-rtp","Video":{"timestamp":1611072932657.906,"packetsReceived":930,"packetsLost":0}},{"from":"ChinmaySahoo_eedc6722-1252-4ec7-86d5-54c965df35c5","to":"Srindhi_37f08dfa-728d-473f-a0f9-61fe16d475ce","Audio":{"timestamp":1611072932657.906,"packetsReceived":16171,"packetsLost":0},"Type":"inbound-rtp","Video":{"timestamp":1611072932657.906,"packetsReceived":930,"packetsLost":0}},{"from":"ChinmaySahoo_eedc6722-1252-4ec7-86d5-54c965df35c5","to":"Srindhi_37f08dfa-728d-473f-a0f9-61fe16d475ce","Audio":{"timestamp":1611072937657.893,"packetsReceived":16422,"packetsLost":0},"Type":"inbound-rtp","Video":{"timestamp":1611072937657.893,"packetsReceived":945,"packetsLost":0}},{"from":"ChinmaySahoo_eedc6722-1252-4ec7-86d5-54c965df35c5","to":"Srindhi_37f08dfa-728d-473f-a0f9-61fe16d475ce","Audio":{"timestamp":1611072937657.893,"packetsReceived":16422,"packetsLost":0},"Type":"inbound-rtp","Video":{"timestamp":1611072937657.893,"packetsReceived":945,"packetsLost":0}},{"from":"ChinmaySahoo_eedc6722-1252-4ec7-86d5-54c965df35c5","to":"Srindhi_37f08dfa-728d-473f-a0f9-61fe16d475ce","Audio":{"timestamp":1611072942657.737,"packetsReceived":16672,"packetsLost":0},"Type":"inbound-rtp","Video":{"timestamp":1611072942657.737,"packetsReceived":957,"packetsLost":0}},{"from":"ChinmaySahoo_eedc6722-1252-4ec7-86d5-54c965df35c5","to":"Srindhi_37f08dfa-728d-473f-a0f9-61fe16d475ce","Audio":{"timestamp":1611072942657.737,"packetsReceived":16672,"packetsLost":0},"Type":"inbound-rtp","Video":{"timestamp":1611072942657.737,"packetsReceived":957,"packetsLost":0}},{"from":"ChinmaySahoo_eedc6722-1252-4ec7-86d5-54c965df35c5","to":"Srindhi_37f08dfa-728d-473f-a0f9-61fe16d475ce","Audio":{"timestamp":1611072947657.879,"packetsReceived":16921,"packetsLost":0},"Type":"inbound-rtp","Video":{"timestamp":1611072947657.879,"packetsReceived":972,"packetsLost":0}},{"from":"ChinmaySahoo_eedc6722-1252-4ec7-86d5-54c965df35c5","to":"Srindhi_37f08dfa-728d-473f-a0f9-61fe16d475ce","Audio":{"timestamp":1611072947657.879,"packetsReceived":16921,"packetsLost":0},"Type":"inbound-rtp","Video":{"timestamp":1611072947657.879,"packetsReceived":972,"packetsLost":0}},{"from":"ChinmaySahoo_eedc6722-1252-4ec7-86d5-54c965df35c5","to":"Srindhi_37f08dfa-728d-473f-a0f9-61fe16d475ce","Audio":{"timestamp":1611072952657.887,"packetsReceived":17172,"packetsLost":0},"Type":"inbound-rtp","Video":{"timestamp":1611072952657.887,"packetsReceived":986,"packetsLost":0}},{"from":"ChinmaySahoo_eedc6722-1252-4ec7-86d5-54c965df35c5","to":"Srindhi_37f08dfa-728d-473f-a0f9-61fe16d475ce","Audio":{"timestamp":1611072952657.887,"packetsReceived":17172,"packetsLost":0},"Type":"inbound-rtp","Video":{"timestamp":1611072952657.887,"packetsReceived":986,"packetsLost":0}},{"from":"ChinmaySahoo_eedc6722-1252-4ec7-86d5-54c965df35c5","to":"Srindhi_37f08dfa-728d-473f-a0f9-61fe16d475ce","Audio":{"timestamp":1611072957657.81,"packetsReceived":17422,"packetsLost":0},"Type":"inbound-rtp","Video":{"timestamp":1611072957657.81,"packetsReceived":995,"packetsLost":0}},{"from":"ChinmaySahoo_eedc6722-1252-4ec7-86d5-54c965df35c5","to":"Srindhi_37f08dfa-728d-473f-a0f9-61fe16d475ce","Audio":{"timestamp":1611072957657.81,"packetsReceived":17422,"packetsLost":0},"Type":"inbound-rtp","Video":{"timestamp":1611072957657.81,"packetsReceived":995,"packetsLost":0}},{"from":"ChinmaySahoo_eedc6722-1252-4ec7-86d5-54c965df35c5","to":"Srindhi_37f08dfa-728d-473f-a0f9-61fe16d475ce","Audio":{"timestamp":1611072962657.912,"packetsReceived":17671,"packetsLost":0},"Type":"inbound-rtp","Video":{"timestamp":1611072962657.912,"packetsReceived":1007,"packetsLost":0}},{"from":"ChinmaySahoo_eedc6722-1252-4ec7-86d5-54c965df35c5","to":"Srindhi_37f08dfa-728d-473f-a0f9-61fe16d475ce","Audio":{"timestamp":1611072962657.912,"packetsReceived":17671,"packetsLost":0},"Type":"inbound-rtp","Video":{"timestamp":1611072962657.912,"packetsReceived":1007,"packetsLost":0}},{"from":"ChinmaySahoo_eedc6722-1252-4ec7-86d5-54c965df35c5","to":"Srindhi_37f08dfa-728d-473f-a0f9-61fe16d475ce","Audio":{"timestamp":1611072967657.899,"packetsReceived":17922,"packetsLost":0},"Type":"inbound-rtp","Video":{"timestamp":1611072967657.899,"packetsReceived":1022,"packetsLost":0}},{"from":"ChinmaySahoo_eedc6722-1252-4ec7-86d5-54c965df35c5","to":"Srindhi_37f08dfa-728d-473f-a0f9-61fe16d475ce","Audio":{"timestamp":1611072967657.899,"packetsReceived":17922,"packetsLost":0},"Type":"inbound-rtp","Video":{"timestamp":1611072967657.899,"packetsReceived":1022,"packetsLost":0}},{"from":"ChinmaySahoo_eedc6722-1252-4ec7-86d5-54c965df35c5","to":"Srindhi_37f08dfa-728d-473f-a0f9-61fe16d475ce","Audio":{"timestamp":1611072972657.844,"packetsReceived":18172,"packetsLost":0},"Type":"inbound-rtp","Video":{"timestamp":1611072972657.844,"packetsReceived":1035,"packetsLost":0}},{"from":"ChinmaySahoo_eedc6722-1252-4ec7-86d5-54c965df35c5","to":"Srindhi_37f08dfa-728d-473f-a0f9-61fe16d475ce","Audio":{"timestamp":1611072972657.844,"packetsReceived":18172,"packetsLost":0},"Type":"inbound-rtp","Video":{"timestamp":1611072972657.844,"packetsReceived":1035,"packetsLost":0}},{"from":"ChinmaySahoo_eedc6722-1252-4ec7-86d5-54c965df35c5","to":"Srindhi_37f08dfa-728d-473f-a0f9-61fe16d475ce","Audio":{"timestamp":1611072977657.834,"packetsReceived":18421,"packetsLost":0},"Type":"inbound-rtp","Video":{"timestamp":1611072977657.834,"packetsReceived":1043,"packetsLost":0}},{"from":"ChinmaySahoo_eedc6722-1252-4ec7-86d5-54c965df35c5","to":"Srindhi_37f08dfa-728d-473f-a0f9-61fe16d475ce","Audio":{"timestamp":1611072977657.834,"packetsReceived":18421,"packetsLost":0},"Type":"inbound-rtp","Video":{"timestamp":1611072977657.834,"packetsReceived":1043,"packetsLost":0}},{"from":"ChinmaySahoo_eedc6722-1252-4ec7-86d5-54c965df35c5","to":"Srindhi_37f08dfa-728d-473f-a0f9-61fe16d475ce","Audio":{"timestamp":1611072982657.799,"packetsReceived":18672,"packetsLost":0},"Type":"inbound-rtp","Video":{"timestamp":1611072982657.799,"packetsReceived":1056,"packetsLost":0}},{"from":"ChinmaySahoo_eedc6722-1252-4ec7-86d5-54c965df35c5","to":"Srindhi_37f08dfa-728d-473f-a0f9-61fe16d475ce","Audio":{"timestamp":1611072982657.799,"packetsReceived":18672,"packetsLost":0},"Type":"inbound-rtp","Video":{"timestamp":1611072982657.799,"packetsReceived":1056,"packetsLost":0}},{"from":"ChinmaySahoo_eedc6722-1252-4ec7-86d5-54c965df35c5","to":"Srindhi_37f08dfa-728d-473f-a0f9-61fe16d475ce","Audio":{"timestamp":1611072987657.783,"packetsReceived":18922,"packetsLost":0},"Type":"inbound-rtp","Video":{"timestamp":1611072987657.783,"packetsReceived":1071,"packetsLost":0}},{"from":"ChinmaySahoo_eedc6722-1252-4ec7-86d5-54c965df35c5","to":"Srindhi_37f08dfa-728d-473f-a0f9-61fe16d475ce","Audio":{"timestamp":1611072987657.783,"packetsReceived":18922,"packetsLost":0},"Type":"inbound-rtp","Video":{"timestamp":1611072987657.783,"packetsReceived":1071,"packetsLost":0}},{"from":"ChinmaySahoo_eedc6722-1252-4ec7-86d5-54c965df35c5","to":"Srindhi_37f08dfa-728d-473f-a0f9-61fe16d475ce","Audio":{"timestamp":1611072992658.034,"packetsReceived":19171,"packetsLost":0},"Type":"inbound-rtp","Video":{"timestamp":1611072992658.034,"packetsReceived":1082,"packetsLost":0}},{"from":"ChinmaySahoo_eedc6722-1252-4ec7-86d5-54c965df35c5","to":"Srindhi_37f08dfa-728d-473f-a0f9-61fe16d475ce","Audio":{"timestamp":1611072992658.034,"packetsReceived":19171,"packetsLost":0},"Type":"inbound-rtp","Video":{"timestamp":1611072992658.034,"packetsReceived":1082,"packetsLost":0}},{"from":"ChinmaySahoo_eedc6722-1252-4ec7-86d5-54c965df35c5","to":"Srindhi_37f08dfa-728d-473f-a0f9-61fe16d475ce","Audio":{"timestamp":1611072997657.804,"packetsReceived":19422,"packetsLost":0},"Type":"inbound-rtp","Video":{"timestamp":1611072997657.804,"packetsReceived":1092,"packetsLost":0}},{"from":"ChinmaySahoo_eedc6722-1252-4ec7-86d5-54c965df35c5","to":"Srindhi_37f08dfa-728d-473f-a0f9-61fe16d475ce","Audio":{"timestamp":1611072997657.804,"packetsReceived":19422,"packetsLost":0},"Type":"inbound-rtp","Video":{"timestamp":1611072997657.804,"packetsReceived":1092,"packetsLost":0}},{"from":"ChinmaySahoo_eedc6722-1252-4ec7-86d5-54c965df35c5","to":"Srindhi_37f08dfa-728d-473f-a0f9-61fe16d475ce","Audio":{"timestamp":1611073002657.893,"packetsReceived":19672,"packetsLost":0},"Type":"inbound-rtp","Video":{"timestamp":1611073002657.893,"packetsReceived":1104,"packetsLost":0}},{"from":"ChinmaySahoo_eedc6722-1252-4ec7-86d5-54c965df35c5","to":"Srindhi_37f08dfa-728d-473f-a0f9-61fe16d475ce","Audio":{"timestamp":1611073002657.893,"packetsReceived":19672,"packetsLost":0},"Type":"inbound-rtp","Video":{"timestamp":1611073002657.893,"packetsReceived":1104,"packetsLost":0}},{"from":"ChinmaySahoo_eedc6722-1252-4ec7-86d5-54c965df35c5","to":"Srindhi_37f08dfa-728d-473f-a0f9-61fe16d475ce","Audio":{"timestamp":1611073007658.043,"packetsReceived":19921,"packetsLost":0},"Type":"inbound-rtp","Video":{"timestamp":1611073007658.043,"packetsReceived":1115,"packetsLost":0}},{"from":"ChinmaySahoo_eedc6722-1252-4ec7-86d5-54c965df35c5","to":"Srindhi_37f08dfa-728d-473f-a0f9-61fe16d475ce","Audio":{"timestamp":1611073007658.043,"packetsReceived":19921,"packetsLost":0},"Type":"inbound-rtp","Video":{"timestamp":1611073007658.043,"packetsReceived":1115,"packetsLost":0}},{"from":"ChinmaySahoo_eedc6722-1252-4ec7-86d5-54c965df35c5","to":"Srindhi_37f08dfa-728d-473f-a0f9-61fe16d475ce","Audio":{"timestamp":1611073012657.851,"packetsReceived":20172,"packetsLost":0},"Type":"inbound-rtp","Video":{"timestamp":1611073012657.851,"packetsReceived":1130,"packetsLost":0}},{"from":"ChinmaySahoo_eedc6722-1252-4ec7-86d5-54c965df35c5","to":"Srindhi_37f08dfa-728d-473f-a0f9-61fe16d475ce","Audio":{"timestamp":1611073012657.851,"packetsReceived":20172,"packetsLost":0},"Type":"inbound-rtp","Video":{"timestamp":1611073012657.851,"packetsReceived":1130,"packetsLost":0}},{"from":"ChinmaySahoo_eedc6722-1252-4ec7-86d5-54c965df35c5","to":"Srindhi_37f08dfa-728d-473f-a0f9-61fe16d475ce","Audio":{"timestamp":1611073017657.862,"packetsReceived":20422,"packetsLost":0},"Type":"inbound-rtp","Video":{"timestamp":1611073017657.862,"packetsReceived":1140,"packetsLost":0}},{"from":"ChinmaySahoo_eedc6722-1252-4ec7-86d5-54c965df35c5","to":"Srindhi_37f08dfa-728d-473f-a0f9-61fe16d475ce","Audio":{"timestamp":1611073017657.862,"packetsReceived":20422,"packetsLost":0},"Type":"inbound-rtp","Video":{"timestamp":1611073017657.862,"packetsReceived":1140,"packetsLost":0}},{"from":"ChinmaySahoo_eedc6722-1252-4ec7-86d5-54c965df35c5","to":"Srindhi_37f08dfa-728d-473f-a0f9-61fe16d475ce","Audio":{"timestamp":1611073022657.815,"packetsReceived":20672,"packetsLost":0},"Type":"inbound-rtp","Video":{"timestamp":1611073022657.815,"packetsReceived":1148,"packetsLost":0}},{"from":"ChinmaySahoo_eedc6722-1252-4ec7-86d5-54c965df35c5","to":"Srindhi_37f08dfa-728d-473f-a0f9-61fe16d475ce","Audio":{"timestamp":1611073022657.815,"packetsReceived":20672,"packetsLost":0},"Type":"inbound-rtp","Video":{"timestamp":1611073022657.815,"packetsReceived":1148,"packetsLost":0}},{"from":"ChinmaySahoo_eedc6722-1252-4ec7-86d5-54c965df35c5","to":"Srindhi_37f08dfa-728d-473f-a0f9-61fe16d475ce","Audio":{"timestamp":1611073027657.867,"packetsReceived":20922,"packetsLost":0},"Type":"inbound-rtp","Video":{"timestamp":1611073027657.867,"packetsReceived":1163,"packetsLost":0}},{"from":"ChinmaySahoo_eedc6722-1252-4ec7-86d5-54c965df35c5","to":"Srindhi_37f08dfa-728d-473f-a0f9-61fe16d475ce","Audio":{"timestamp":1611073027657.867,"packetsReceived":20922,"packetsLost":0},"Type":"inbound-rtp","Video":{"timestamp":1611073027657.867,"packetsReceived":1163,"packetsLost":0}},{"from":"ChinmaySahoo_eedc6722-1252-4ec7-86d5-54c965df35c5","to":"Srindhi_37f08dfa-728d-473f-a0f9-61fe16d475ce","Audio":{"timestamp":1611073032657.895,"packetsReceived":21171,"packetsLost":0},"Type":"inbound-rtp","Video":{"timestamp":1611073032657.895,"packetsReceived":1177,"packetsLost":0}},{"from":"ChinmaySahoo_eedc6722-1252-4ec7-86d5-54c965df35c5","to":"Srindhi_37f08dfa-728d-473f-a0f9-61fe16d475ce","Audio":{"timestamp":1611073032657.895,"packetsReceived":21171,"packetsLost":0},"Type":"inbound-rtp","Video":{"timestamp":1611073032657.895,"packetsReceived":1177,"packetsLost":0}},{"from":"ChinmaySahoo_eedc6722-1252-4ec7-86d5-54c965df35c5","to":"Srindhi_37f08dfa-728d-473f-a0f9-61fe16d475ce","Audio":{"timestamp":1611073037657.918,"packetsReceived":21422,"packetsLost":0},"Type":"inbound-rtp","Video":{"timestamp":1611073037657.918,"packetsReceived":1185,"packetsLost":0}},{"from":"ChinmaySahoo_eedc6722-1252-4ec7-86d5-54c965df35c5","to":"Srindhi_37f08dfa-728d-473f-a0f9-61fe16d475ce","Audio":{"timestamp":1611073037657.918,"packetsReceived":21422,"packetsLost":0},"Type":"inbound-rtp","Video":{"timestamp":1611073037657.918,"packetsReceived":1185,"packetsLost":0}},{"from":"ChinmaySahoo_eedc6722-1252-4ec7-86d5-54c965df35c5","to":"Srindhi_37f08dfa-728d-473f-a0f9-61fe16d475ce","Audio":{"timestamp":1611073042657.843,"packetsReceived":21672,"packetsLost":0},"Type":"inbound-rtp","Video":{"timestamp":1611073042657.843,"packetsReceived":1195,"packetsLost":0}},{"from":"ChinmaySahoo_eedc6722-1252-4ec7-86d5-54c965df35c5","to":"Srindhi_37f08dfa-728d-473f-a0f9-61fe16d475ce","Audio":{"timestamp":1611073042657.843,"packetsReceived":21672,"packetsLost":0},"Type":"inbound-rtp","Video":{"timestamp":1611073042657.843,"packetsReceived":1195,"packetsLost":0}},{"from":"ChinmaySahoo_eedc6722-1252-4ec7-86d5-54c965df35c5","to":"Srindhi_37f08dfa-728d-473f-a0f9-61fe16d475ce","Audio":{"timestamp":1611073047657.837,"packetsReceived":21921,"packetsLost":0},"Type":"inbound-rtp","Video":{"timestamp":1611073047657.837,"packetsReceived":1205,"packetsLost":0}},{"from":"ChinmaySahoo_eedc6722-1252-4ec7-86d5-54c965df35c5","to":"Srindhi_37f08dfa-728d-473f-a0f9-61fe16d475ce","Audio":{"timestamp":1611073047657.837,"packetsReceived":21921,"packetsLost":0},"Type":"inbound-rtp","Video":{"timestamp":1611073047657.837,"packetsReceived":1205,"packetsLost":0}},{"from":"ChinmaySahoo_eedc6722-1252-4ec7-86d5-54c965df35c5","to":"Srindhi_37f08dfa-728d-473f-a0f9-61fe16d475ce","Audio":{"timestamp":1611073052657.898,"packetsReceived":22171,"packetsLost":0},"Type":"inbound-rtp","Video":{"timestamp":1611073052657.898,"packetsReceived":1215,"packetsLost":0}},{"from":"ChinmaySahoo_eedc6722-1252-4ec7-86d5-54c965df35c5","to":"Srindhi_37f08dfa-728d-473f-a0f9-61fe16d475ce","Audio":{"timestamp":1611073052657.898,"packetsReceived":22171,"packetsLost":0},"Type":"inbound-rtp","Video":{"timestamp":1611073052657.898,"packetsReceived":1215,"packetsLost":0}},{"from":"ChinmaySahoo_eedc6722-1252-4ec7-86d5-54c965df35c5","to":"Srindhi_37f08dfa-728d-473f-a0f9-61fe16d475ce","Audio":{"timestamp":1611073057657.894,"packetsReceived":22421,"packetsLost":0},"Type":"inbound-rtp","Video":{"timestamp":1611073057657.894,"packetsReceived":1228,"packetsLost":0}},{"from":"ChinmaySahoo_eedc6722-1252-4ec7-86d5-54c965df35c5","to":"Srindhi_37f08dfa-728d-473f-a0f9-61fe16d475ce","Audio":{"timestamp":1611073057657.894,"packetsReceived":22421,"packetsLost":0},"Type":"inbound-rtp","Video":{"timestamp":1611073057657.894,"packetsReceived":1228,"packetsLost":0}},{"from":"ChinmaySahoo_eedc6722-1252-4ec7-86d5-54c965df35c5","to":"Srindhi_37f08dfa-728d-473f-a0f9-61fe16d475ce","Audio":{"timestamp":1611073062657.837,"packetsReceived":22672,"packetsLost":0},"Type":"inbound-rtp","Video":{"timestamp":1611073062657.837,"packetsReceived":1238,"packetsLost":0}},{"from":"ChinmaySahoo_eedc6722-1252-4ec7-86d5-54c965df35c5","to":"Srindhi_37f08dfa-728d-473f-a0f9-61fe16d475ce","Audio":{"timestamp":1611073062657.837,"packetsReceived":22672,"packetsLost":0},"Type":"inbound-rtp","Video":{"timestamp":1611073062657.837,"packetsReceived":1238,"packetsLost":0}},{"from":"ChinmaySahoo_eedc6722-1252-4ec7-86d5-54c965df35c5","to":"Srindhi_37f08dfa-728d-473f-a0f9-61fe16d475ce","Audio":{"timestamp":1611073067657.869,"packetsReceived":22921,"packetsLost":0},"Type":"inbound-rtp","Video":{"timestamp":1611073067657.869,"packetsReceived":1248,"packetsLost":0}},{"from":"ChinmaySahoo_eedc6722-1252-4ec7-86d5-54c965df35c5","to":"Srindhi_37f08dfa-728d-473f-a0f9-61fe16d475ce","Audio":{"timestamp":1611073067657.869,"packetsReceived":22921,"packetsLost":0},"Type":"inbound-rtp","Video":{"timestamp":1611073067657.869,"packetsReceived":1248,"packetsLost":0}},{"from":"ChinmaySahoo_eedc6722-1252-4ec7-86d5-54c965df35c5","to":"Srindhi_37f08dfa-728d-473f-a0f9-61fe16d475ce","Audio":{"timestamp":1611073072657.857,"packetsReceived":23172,"packetsLost":0},"Type":"inbound-rtp","Video":{"timestamp":1611073072657.857,"packetsReceived":1263,"packetsLost":0}},{"from":"ChinmaySahoo_eedc6722-1252-4ec7-86d5-54c965df35c5","to":"Srindhi_37f08dfa-728d-473f-a0f9-61fe16d475ce","Audio":{"timestamp":1611073072657.857,"packetsReceived":23172,"packetsLost":0},"Type":"inbound-rtp","Video":{"timestamp":1611073072657.857,"packetsReceived":1263,"packetsLost":0}},{"from":"ChinmaySahoo_eedc6722-1252-4ec7-86d5-54c965df35c5","to":"Srindhi_37f08dfa-728d-473f-a0f9-61fe16d475ce","Audio":{"timestamp":1611073077657.864,"packetsReceived":23421,"packetsLost":0},"Type":"inbound-rtp","Video":{"timestamp":1611073077657.864,"packetsReceived":1277,"packetsLost":0}},{"from":"ChinmaySahoo_eedc6722-1252-4ec7-86d5-54c965df35c5","to":"Srindhi_37f08dfa-728d-473f-a0f9-61fe16d475ce","Audio":{"timestamp":1611073077657.864,"packetsReceived":23421,"packetsLost":0},"Type":"inbound-rtp","Video":{"timestamp":1611073077657.864,"packetsReceived":1277,"packetsLost":0}},{"from":"ChinmaySahoo_eedc6722-1252-4ec7-86d5-54c965df35c5","to":"Srindhi_37f08dfa-728d-473f-a0f9-61fe16d475ce","Audio":{"timestamp":1611073082657.855,"packetsReceived":23671,"packetsLost":0},"Type":"inbound-rtp","Video":{"timestamp":1611073082657.855,"packetsReceived":1285,"packetsLost":0}},{"from":"ChinmaySahoo_eedc6722-1252-4ec7-86d5-54c965df35c5","to":"Srindhi_37f08dfa-728d-473f-a0f9-61fe16d475ce","Audio":{"timestamp":1611073082657.855,"packetsReceived":23671,"packetsLost":0},"Type":"inbound-rtp","Video":{"timestamp":1611073082657.855,"packetsReceived":1285,"packetsLost":0}},{"from":"ChinmaySahoo_eedc6722-1252-4ec7-86d5-54c965df35c5","to":"Srindhi_37f08dfa-728d-473f-a0f9-61fe16d475ce","Audio":{"timestamp":1611073087657.942,"packetsReceived":23922,"packetsLost":0},"Type":"inbound-rtp","Video":{"timestamp":1611073087657.942,"packetsReceived":1295,"packetsLost":0}},{"from":"ChinmaySahoo_eedc6722-1252-4ec7-86d5-54c965df35c5","to":"Srindhi_37f08dfa-728d-473f-a0f9-61fe16d475ce","Audio":{"timestamp":1611073087657.942,"packetsReceived":23922,"packetsLost":0},"Type":"inbound-rtp","Video":{"timestamp":1611073087657.942,"packetsReceived":1295,"packetsLost":0}},{"from":"ChinmaySahoo_eedc6722-1252-4ec7-86d5-54c965df35c5","to":"Srindhi_37f08dfa-728d-473f-a0f9-61fe16d475ce","Audio":{"timestamp":1611073092657.839,"packetsReceived":24171,"packetsLost":0},"Type":"inbound-rtp","Video":{"timestamp":1611073092657.839,"packetsReceived":1309,"packetsLost":0}},{"from":"ChinmaySahoo_eedc6722-1252-4ec7-86d5-54c965df35c5","to":"Srindhi_37f08dfa-728d-473f-a0f9-61fe16d475ce","Audio":{"timestamp":1611073092657.839,"packetsReceived":24171,"packetsLost":0},"Type":"inbound-rtp","Video":{"timestamp":1611073092657.839,"packetsReceived":1309,"packetsLost":0}},{"from":"ChinmaySahoo_eedc6722-1252-4ec7-86d5-54c965df35c5","to":"Srindhi_37f08dfa-728d-473f-a0f9-61fe16d475ce","Audio":{"timestamp":1611073097657.864,"packetsReceived":24421,"packetsLost":0},"Type":"inbound-rtp","Video":{"timestamp":1611073097657.864,"packetsReceived":1320,"packetsLost":0}},{"from":"ChinmaySahoo_eedc6722-1252-4ec7-86d5-54c965df35c5","to":"Srindhi_37f08dfa-728d-473f-a0f9-61fe16d475ce","Audio":{"timestamp":1611073097657.864,"packetsReceived":24421,"packetsLost":0},"Type":"inbound-rtp","Video":{"timestamp":1611073097657.864,"packetsReceived":1320,"packetsLost":0}},{"from":"ChinmaySahoo_eedc6722-1252-4ec7-86d5-54c965df35c5","to":"Srindhi_37f08dfa-728d-473f-a0f9-61fe16d475ce","Audio":{"timestamp":1611073102657.878,"packetsReceived":24672,"packetsLost":0},"Type":"inbound-rtp","Video":{"timestamp":1611073102657.878,"packetsReceived":1331,"packetsLost":0}},{"from":"ChinmaySahoo_eedc6722-1252-4ec7-86d5-54c965df35c5","to":"Srindhi_37f08dfa-728d-473f-a0f9-61fe16d475ce","Audio":{"timestamp":1611073102657.878,"packetsReceived":24672,"packetsLost":0},"Type":"inbound-rtp","Video":{"timestamp":1611073102657.878,"packetsReceived":1331,"packetsLost":0}},{"from":"ChinmaySahoo_eedc6722-1252-4ec7-86d5-54c965df35c5","to":"Srindhi_37f08dfa-728d-473f-a0f9-61fe16d475ce","Audio":{"timestamp":1611073107657.863,"packetsReceived":24921,"packetsLost":0},"Type":"inbound-rtp","Video":{"timestamp":1611073107657.863,"packetsReceived":1341,"packetsLost":0}},{"from":"ChinmaySahoo_eedc6722-1252-4ec7-86d5-54c965df35c5","to":"Srindhi_37f08dfa-728d-473f-a0f9-61fe16d475ce","Audio":{"timestamp":1611073107657.863,"packetsReceived":24921,"packetsLost":0},"Type":"inbound-rtp","Video":{"timestamp":1611073107657.863,"packetsReceived":1341,"packetsLost":0}},{"from":"ChinmaySahoo_eedc6722-1252-4ec7-86d5-54c965df35c5","to":"Srindhi_37f08dfa-728d-473f-a0f9-61fe16d475ce","Audio":{"timestamp":1611073112657.948,"packetsReceived":25171,"packetsLost":0},"Type":"inbound-rtp","Video":{"timestamp":1611073112657.948,"packetsReceived":1353,"packetsLost":0}},{"from":"ChinmaySahoo_eedc6722-1252-4ec7-86d5-54c965df35c5","to":"Srindhi_37f08dfa-728d-473f-a0f9-61fe16d475ce","Audio":{"timestamp":1611073112657.948,"packetsReceived":25171,"packetsLost":0},"Type":"inbound-rtp","Video":{"timestamp":1611073112657.948,"packetsReceived":1353,"packetsLost":0}},{"from":"ChinmaySahoo_eedc6722-1252-4ec7-86d5-54c965df35c5","to":"Srindhi_37f08dfa-728d-473f-a0f9-61fe16d475ce","Audio":{"timestamp":1611073117657.881,"packetsReceived":25422,"packetsLost":0},"Type":"inbound-rtp","Video":{"timestamp":1611073117657.881,"packetsReceived":1368,"packetsLost":0}},{"from":"ChinmaySahoo_eedc6722-1252-4ec7-86d5-54c965df35c5","to":"Srindhi_37f08dfa-728d-473f-a0f9-61fe16d475ce","Audio":{"timestamp":1611073117657.881,"packetsReceived":25422,"packetsLost":0},"Type":"inbound-rtp","Video":{"timestamp":1611073117657.881,"packetsReceived":1368,"packetsLost":0}},{"from":"ChinmaySahoo_eedc6722-1252-4ec7-86d5-54c965df35c5","to":"Srindhi_37f08dfa-728d-473f-a0f9-61fe16d475ce","Audio":{"timestamp":1611073122657.883,"packetsReceived":25671,"packetsLost":0},"Type":"inbound-rtp","Video":{"timestamp":1611073122657.883,"packetsReceived":1380,"packetsLost":0}},{"from":"ChinmaySahoo_eedc6722-1252-4ec7-86d5-54c965df35c5","to":"Srindhi_37f08dfa-728d-473f-a0f9-61fe16d475ce","Audio":{"timestamp":1611073122657.883,"packetsReceived":25671,"packetsLost":0},"Type":"inbound-rtp","Video":{"timestamp":1611073122657.883,"packetsReceived":1380,"packetsLost":0}},{"from":"ChinmaySahoo_eedc6722-1252-4ec7-86d5-54c965df35c5","to":"Srindhi_37f08dfa-728d-473f-a0f9-61fe16d475ce","Audio":{"timestamp":1611073127657.877,"packetsReceived":25921,"packetsLost":0},"Type":"inbound-rtp","Video":{"timestamp":1611073127657.877,"packetsReceived":1390,"packetsLost":0}},{"from":"ChinmaySahoo_eedc6722-1252-4ec7-86d5-54c965df35c5","to":"Srindhi_37f08dfa-728d-473f-a0f9-61fe16d475ce","Audio":{"timestamp":1611073127657.877,"packetsReceived":25921,"packetsLost":0},"Type":"inbound-rtp","Video":{"timestamp":1611073127657.877,"packetsReceived":1390,"packetsLost":0}},{"from":"ChinmaySahoo_eedc6722-1252-4ec7-86d5-54c965df35c5","to":"Srindhi_37f08dfa-728d-473f-a0f9-61fe16d475ce","Audio":{"timestamp":1611073132657.818,"packetsReceived":26172,"packetsLost":0},"Type":"inbound-rtp","Video":{"timestamp":1611073132657.818,"packetsReceived":1399,"packetsLost":0}},{"from":"ChinmaySahoo_eedc6722-1252-4ec7-86d5-54c965df35c5","to":"Srindhi_37f08dfa-728d-473f-a0f9-61fe16d475ce","Audio":{"timestamp":1611073132657.818,"packetsReceived":26172,"packetsLost":0},"Type":"inbound-rtp","Video":{"timestamp":1611073132657.818,"packetsReceived":1399,"packetsLost":0}},{"from":"ChinmaySahoo_eedc6722-1252-4ec7-86d5-54c965df35c5","to":"Srindhi_37f08dfa-728d-473f-a0f9-61fe16d475ce","Audio":{"timestamp":1611073137657.843,"packetsReceived":26421,"packetsLost":0},"Type":"inbound-rtp","Video":{"timestamp":1611073137657.843,"packetsReceived":1412,"packetsLost":0}},{"from":"ChinmaySahoo_eedc6722-1252-4ec7-86d5-54c965df35c5","to":"Srindhi_37f08dfa-728d-473f-a0f9-61fe16d475ce","Audio":{"timestamp":1611073137657.843,"packetsReceived":26421,"packetsLost":0},"Type":"inbound-rtp","Video":{"timestamp":1611073137657.843,"packetsReceived":1412,"packetsLost":0}},{"from":"ChinmaySahoo_eedc6722-1252-4ec7-86d5-54c965df35c5","to":"Srindhi_37f08dfa-728d-473f-a0f9-61fe16d475ce","Audio":{"timestamp":1611073142657.875,"packetsReceived":26671,"packetsLost":0},"Type":"inbound-rtp","Video":{"timestamp":1611073142657.875,"packetsReceived":1444,"packetsLost":0}},{"from":"ChinmaySahoo_eedc6722-1252-4ec7-86d5-54c965df35c5","to":"Srindhi_37f08dfa-728d-473f-a0f9-61fe16d475ce","Audio":{"timestamp":1611073142657.875,"packetsReceived":26671,"packetsLost":0},"Type":"inbound-rtp","Video":{"timestamp":1611073142657.875,"packetsReceived":1444,"packetsLost":0}},{"from":"ChinmaySahoo_eedc6722-1252-4ec7-86d5-54c965df35c5","to":"Srindhi_37f08dfa-728d-473f-a0f9-61fe16d475ce","Audio":{"timestamp":1611073147657.841,"packetsReceived":26922,"packetsLost":0},"Type":"inbound-rtp","Video":{"timestamp":1611073147657.841,"packetsReceived":1522,"packetsLost":0}},{"from":"ChinmaySahoo_eedc6722-1252-4ec7-86d5-54c965df35c5","to":"Srindhi_37f08dfa-728d-473f-a0f9-61fe16d475ce","Audio":{"timestamp":1611073147657.841,"packetsReceived":26922,"packetsLost":0},"Type":"inbound-rtp","Video":{"timestamp":1611073147657.841,"packetsReceived":1522,"packetsLost":0}},{"from":"ChinmaySahoo_eedc6722-1252-4ec7-86d5-54c965df35c5","to":"Srindhi_37f08dfa-728d-473f-a0f9-61fe16d475ce","Audio":{"timestamp":1611073152657.873,"packetsReceived":27171,"packetsLost":0},"Type":"inbound-rtp","Video":{"timestamp":1611073152657.873,"packetsReceived":1813,"packetsLost":0}},{"from":"ChinmaySahoo_eedc6722-1252-4ec7-86d5-54c965df35c5","to":"Srindhi_37f08dfa-728d-473f-a0f9-61fe16d475ce","Audio":{"timestamp":1611073152657.873,"packetsReceived":27171,"packetsLost":0},"Type":"inbound-rtp","Video":{"timestamp":1611073152657.873,"packetsReceived":1813,"packetsLost":0}},{"from":"ChinmaySahoo_eedc6722-1252-4ec7-86d5-54c965df35c5","to":"Srindhi_37f08dfa-728d-473f-a0f9-61fe16d475ce","Audio":{"timestamp":1611073157657.88,"packetsReceived":27421,"packetsLost":0},"Type":"inbound-rtp","Video":{"timestamp":1611073157657.88,"packetsReceived":2074,"packetsLost":0}},{"from":"ChinmaySahoo_eedc6722-1252-4ec7-86d5-54c965df35c5","to":"Srindhi_37f08dfa-728d-473f-a0f9-61fe16d475ce","Audio":{"timestamp":1611073157657.88,"packetsReceived":27421,"packetsLost":0},"Type":"inbound-rtp","Video":{"timestamp":1611073157657.88,"packetsReceived":2074,"packetsLost":0}},{"from":"ChinmaySahoo_eedc6722-1252-4ec7-86d5-54c965df35c5","to":"Srindhi_37f08dfa-728d-473f-a0f9-61fe16d475ce","Audio":{"timestamp":1611073162657.877,"packetsReceived":27671,"packetsLost":0},"Type":"inbound-rtp","Video":{"timestamp":1611073162657.877,"packetsReceived":2240,"packetsLost":0}},{"from":"ChinmaySahoo_eedc6722-1252-4ec7-86d5-54c965df35c5","to":"Srindhi_37f08dfa-728d-473f-a0f9-61fe16d475ce","Audio":{"timestamp":1611073162657.877,"packetsReceived":27671,"packetsLost":0},"Type":"inbound-rtp","Video":{"timestamp":1611073162657.877,"packetsReceived":2240,"packetsLost":0}},{"from":"ChinmaySahoo_eedc6722-1252-4ec7-86d5-54c965df35c5","to":"Srindhi_37f08dfa-728d-473f-a0f9-61fe16d475ce","Audio":{"timestamp":1611073167657.823,"packetsReceived":27922,"packetsLost":0},"Type":"inbound-rtp","Video":{"timestamp":1611073167657.823,"packetsReceived":2390,"packetsLost":0}},{"from":"ChinmaySahoo_eedc6722-1252-4ec7-86d5-54c965df35c5","to":"Srindhi_37f08dfa-728d-473f-a0f9-61fe16d475ce","Audio":{"timestamp":1611073167657.823,"packetsReceived":27922,"packetsLost":0},"Type":"inbound-rtp","Video":{"timestamp":1611073167657.823,"packetsReceived":2390,"packetsLost":0}},{"from":"ChinmaySahoo_eedc6722-1252-4ec7-86d5-54c965df35c5","to":"Srindhi_37f08dfa-728d-473f-a0f9-61fe16d475ce","Audio":{"timestamp":1611073172657.845,"packetsReceived":28171,"packetsLost":0},"Type":"inbound-rtp","Video":{"timestamp":1611073172657.845,"packetsReceived":2538,"packetsLost":0}},{"from":"ChinmaySahoo_eedc6722-1252-4ec7-86d5-54c965df35c5","to":"Srindhi_37f08dfa-728d-473f-a0f9-61fe16d475ce","Audio":{"timestamp":1611073172657.845,"packetsReceived":28171,"packetsLost":0},"Type":"inbound-rtp","Video":{"timestamp":1611073172657.845,"packetsReceived":2538,"packetsLost":0}},{"from":"ChinmaySahoo_eedc6722-1252-4ec7-86d5-54c965df35c5","to":"Srindhi_37f08dfa-728d-473f-a0f9-61fe16d475ce","Audio":{"timestamp":1611073177657.858,"packetsReceived":28422,"packetsLost":0},"Type":"inbound-rtp","Video":{"timestamp":1611073177657.858,"packetsReceived":2809,"packetsLost":0}},{"from":"ChinmaySahoo_eedc6722-1252-4ec7-86d5-54c965df35c5","to":"Srindhi_37f08dfa-728d-473f-a0f9-61fe16d475ce","Audio":{"timestamp":1611073177657.858,"packetsReceived":28422,"packetsLost":0},"Type":"inbound-rtp","Video":{"timestamp":1611073177657.858,"packetsReceived":2809,"packetsLost":0}},{"from":"ChinmaySahoo_eedc6722-1252-4ec7-86d5-54c965df35c5","to":"Srindhi_37f08dfa-728d-473f-a0f9-61fe16d475ce","Audio":{"timestamp":1611073182657.836,"packetsReceived":28672,"packetsLost":0},"Type":"inbound-rtp","Video":{"timestamp":1611073182657.836,"packetsReceived":3060,"packetsLost":0}},{"from":"ChinmaySahoo_eedc6722-1252-4ec7-86d5-54c965df35c5","to":"Srindhi_37f08dfa-728d-473f-a0f9-61fe16d475ce","Audio":{"timestamp":1611073182657.836,"packetsReceived":28672,"packetsLost":0},"Type":"inbound-rtp","Video":{"timestamp":1611073182657.836,"packetsReceived":3060,"packetsLost":0}},{"from":"ChinmaySahoo_eedc6722-1252-4ec7-86d5-54c965df35c5","to":"Srindhi_37f08dfa-728d-473f-a0f9-61fe16d475ce","Audio":{"timestamp":1611073187657.733,"packetsReceived":28921,"packetsLost":0},"Type":"inbound-rtp","Video":{"timestamp":1611073187657.733,"packetsReceived":3419,"packetsLost":0}},{"from":"ChinmaySahoo_eedc6722-1252-4ec7-86d5-54c965df35c5","to":"Srindhi_37f08dfa-728d-473f-a0f9-61fe16d475ce","Audio":{"timestamp":1611073187657.733,"packetsReceived":28921,"packetsLost":0},"Type":"inbound-rtp","Video":{"timestamp":1611073187657.733,"packetsReceived":3419,"packetsLost":0}},{"from":"ChinmaySahoo_eedc6722-1252-4ec7-86d5-54c965df35c5","to":"Srindhi_37f08dfa-728d-473f-a0f9-61fe16d475ce","Audio":{"timestamp":1611073192657.818,"packetsReceived":29172,"packetsLost":0},"Type":"inbound-rtp","Video":{"timestamp":1611073192657.818,"packetsReceived":3848,"packetsLost":0}},{"from":"ChinmaySahoo_eedc6722-1252-4ec7-86d5-54c965df35c5","to":"Srindhi_37f08dfa-728d-473f-a0f9-61fe16d475ce","Audio":{"timestamp":1611073192657.818,"packetsReceived":29172,"packetsLost":0},"Type":"inbound-rtp","Video":{"timestamp":1611073192657.818,"packetsReceived":3848,"packetsLost":0}},{"from":"ChinmaySahoo_eedc6722-1252-4ec7-86d5-54c965df35c5","to":"Srindhi_37f08dfa-728d-473f-a0f9-61fe16d475ce","Audio":{"timestamp":1611073197657.805,"packetsReceived":29422,"packetsLost":0},"Type":"inbound-rtp","Video":{"timestamp":1611073197657.805,"packetsReceived":4391,"packetsLost":0}},{"from":"ChinmaySahoo_eedc6722-1252-4ec7-86d5-54c965df35c5","to":"Srindhi_37f08dfa-728d-473f-a0f9-61fe16d475ce","Audio":{"timestamp":1611073197657.805,"packetsReceived":29422,"packetsLost":0},"Type":"inbound-rtp","Video":{"timestamp":1611073197657.805,"packetsReceived":4391,"packetsLost":0}},{"from":"ChinmaySahoo_eedc6722-1252-4ec7-86d5-54c965df35c5","to":"Srindhi_37f08dfa-728d-473f-a0f9-61fe16d475ce","Audio":{"timestamp":1611073202657.906,"packetsReceived":29671,"packetsLost":0},"Type":"inbound-rtp","Video":{"timestamp":1611073202657.906,"packetsReceived":4824,"packetsLost":0}},{"from":"ChinmaySahoo_eedc6722-1252-4ec7-86d5-54c965df35c5","to":"Srindhi_37f08dfa-728d-473f-a0f9-61fe16d475ce","Audio":{"timestamp":1611073202657.906,"packetsReceived":29671,"packetsLost":0},"Type":"inbound-rtp","Video":{"timestamp":1611073202657.906,"packetsReceived":4824,"packetsLost":0}},{"from":"ChinmaySahoo_eedc6722-1252-4ec7-86d5-54c965df35c5","to":"Srindhi_37f08dfa-728d-473f-a0f9-61fe16d475ce","Audio":{"timestamp":1611073207657.752,"packetsReceived":29922,"packetsLost":0},"Type":"inbound-rtp","Video":{"timestamp":1611073207657.752,"packetsReceived":5237,"packetsLost":0}},{"from":"ChinmaySahoo_eedc6722-1252-4ec7-86d5-54c965df35c5","to":"Srindhi_37f08dfa-728d-473f-a0f9-61fe16d475ce","Audio":{"timestamp":1611073207657.752,"packetsReceived":29922,"packetsLost":0},"Type":"inbound-rtp","Video":{"timestamp":1611073207657.752,"packetsReceived":5237,"packetsLost":0}},{"from":"ChinmaySahoo_eedc6722-1252-4ec7-86d5-54c965df35c5","to":"Srindhi_37f08dfa-728d-473f-a0f9-61fe16d475ce","Audio":{"timestamp":1611073212657.867,"packetsReceived":30172,"packetsLost":0},"Type":"inbound-rtp","Video":{"timestamp":1611073212657.867,"packetsReceived":5869,"packetsLost":0}},{"from":"ChinmaySahoo_eedc6722-1252-4ec7-86d5-54c965df35c5","to":"Srindhi_37f08dfa-728d-473f-a0f9-61fe16d475ce","Audio":{"timestamp":1611073212657.867,"packetsReceived":30172,"packetsLost":0},"Type":"inbound-rtp","Video":{"timestamp":1611073212657.867,"packetsReceived":5869,"packetsLost":0}},{"from":"ChinmaySahoo_eedc6722-1252-4ec7-86d5-54c965df35c5","to":"Srindhi_37f08dfa-728d-473f-a0f9-61fe16d475ce","Audio":{"timestamp":1611073217657.809,"packetsReceived":30421,"packetsLost":0},"Type":"inbound-rtp","Video":{"timestamp":1611073217657.809,"packetsReceived":6512,"packetsLost":0}},{"from":"ChinmaySahoo_eedc6722-1252-4ec7-86d5-54c965df35c5","to":"Srindhi_37f08dfa-728d-473f-a0f9-61fe16d475ce","Audio":{"timestamp":1611073217657.809,"packetsReceived":30421,"packetsLost":0},"Type":"inbound-rtp","Video":{"timestamp":1611073217657.809,"packetsReceived":6512,"packetsLost":0}},{"from":"ChinmaySahoo_eedc6722-1252-4ec7-86d5-54c965df35c5","to":"Srindhi_37f08dfa-728d-473f-a0f9-61fe16d475ce","Audio":{"timestamp":1611073222657.828,"packetsReceived":30672,"packetsLost":0},"Type":"inbound-rtp","Video":{"timestamp":1611073222657.828,"packetsReceived":7426,"packetsLost":0}},{"from":"ChinmaySahoo_eedc6722-1252-4ec7-86d5-54c965df35c5","to":"Srindhi_37f08dfa-728d-473f-a0f9-61fe16d475ce","Audio":{"timestamp":1611073222657.828,"packetsReceived":30672,"packetsLost":0},"Type":"inbound-rtp","Video":{"timestamp":1611073222657.828,"packetsReceived":7426,"packetsLost":0}},{"from":"ChinmaySahoo_eedc6722-1252-4ec7-86d5-54c965df35c5","to":"Srindhi_37f08dfa-728d-473f-a0f9-61fe16d475ce","Audio":{"timestamp":1611073227661.759,"packetsReceived":30922,"packetsLost":0},"Type":"inbound-rtp","Video":{"timestamp":1611073227661.759,"packetsReceived":8189,"packetsLost":0}},{"from":"ChinmaySahoo_eedc6722-1252-4ec7-86d5-54c965df35c5","to":"Srindhi_37f08dfa-728d-473f-a0f9-61fe16d475ce","Audio":{"timestamp":1611073227661.759,"packetsReceived":30922,"packetsLost":0},"Type":"inbound-rtp","Video":{"timestamp":1611073227661.759,"packetsReceived":8189,"packetsLost":0}},{"from":"ChinmaySahoo_eedc6722-1252-4ec7-86d5-54c965df35c5","to":"Srindhi_37f08dfa-728d-473f-a0f9-61fe16d475ce","Audio":{"timestamp":1611073232657.853,"packetsReceived":31171,"packetsLost":0},"Type":"inbound-rtp","Video":{"timestamp":1611073232657.853,"packetsReceived":8551,"packetsLost":0}},{"from":"ChinmaySahoo_eedc6722-1252-4ec7-86d5-54c965df35c5","to":"Srindhi_37f08dfa-728d-473f-a0f9-61fe16d475ce","Audio":{"timestamp":1611073232657.853,"packetsReceived":31171,"packetsLost":0},"Type":"inbound-rtp","Video":{"timestamp":1611073232657.853,"packetsReceived":8551,"packetsLost":0}},{"from":"ChinmaySahoo_eedc6722-1252-4ec7-86d5-54c965df35c5","to":"Srindhi_37f08dfa-728d-473f-a0f9-61fe16d475ce","Audio":{"timestamp":1611073237657.828,"packetsReceived":31422,"packetsLost":0},"Type":"inbound-rtp","Video":{"timestamp":1611073237657.828,"packetsReceived":9007,"packetsLost":0}},{"from":"ChinmaySahoo_eedc6722-1252-4ec7-86d5-54c965df35c5","to":"Srindhi_37f08dfa-728d-473f-a0f9-61fe16d475ce","Audio":{"timestamp":1611073237657.828,"packetsReceived":31422,"packetsLost":0},"Type":"inbound-rtp","Video":{"timestamp":1611073237657.828,"packetsReceived":9007,"packetsLost":0}},{"from":"ChinmaySahoo_eedc6722-1252-4ec7-86d5-54c965df35c5","to":"Srindhi_37f08dfa-728d-473f-a0f9-61fe16d475ce","Audio":{"timestamp":1611073242657.847,"packetsReceived":31672,"packetsLost":0},"Type":"inbound-rtp","Video":{"timestamp":1611073242657.847,"packetsReceived":9145,"packetsLost":0}},{"from":"ChinmaySahoo_eedc6722-1252-4ec7-86d5-54c965df35c5","to":"Srindhi_37f08dfa-728d-473f-a0f9-61fe16d475ce","Audio":{"timestamp":1611073242657.847,"packetsReceived":31672,"packetsLost":0},"Type":"inbound-rtp","Video":{"timestamp":1611073242657.847,"packetsReceived":9145,"packetsLost":0}},{"from":"ChinmaySahoo_eedc6722-1252-4ec7-86d5-54c965df35c5","to":"Srindhi_37f08dfa-728d-473f-a0f9-61fe16d475ce","Audio":{"timestamp":1611073247658.074,"packetsReceived":31922,"packetsLost":0},"Type":"inbound-rtp","Video":{"timestamp":1611073247658.074,"packetsReceived":9325,"packetsLost":0}},{"from":"ChinmaySahoo_eedc6722-1252-4ec7-86d5-54c965df35c5","to":"Srindhi_37f08dfa-728d-473f-a0f9-61fe16d475ce","Audio":{"timestamp":1611073247658.074,"packetsReceived":31922,"packetsLost":0},"Type":"inbound-rtp","Video":{"timestamp":1611073247658.074,"packetsReceived":9325,"packetsLost":0}},{"from":"ChinmaySahoo_eedc6722-1252-4ec7-86d5-54c965df35c5","to":"Srindhi_37f08dfa-728d-473f-a0f9-61fe16d475ce","Audio":{"timestamp":1611073252657.808,"packetsReceived":32172,"packetsLost":0},"Type":"inbound-rtp","Video":{"timestamp":1611073252657.808,"packetsReceived":9511,"packetsLost":0}},{"from":"ChinmaySahoo_eedc6722-1252-4ec7-86d5-54c965df35c5","to":"Srindhi_37f08dfa-728d-473f-a0f9-61fe16d475ce","Audio":{"timestamp":1611073252657.808,"packetsReceived":32172,"packetsLost":0},"Type":"inbound-rtp","Video":{"timestamp":1611073252657.808,"packetsReceived":9511,"packetsLost":0}},{"from":"ChinmaySahoo_eedc6722-1252-4ec7-86d5-54c965df35c5","to":"Srindhi_37f08dfa-728d-473f-a0f9-61fe16d475ce","Audio":{"timestamp":1611073257657.791,"packetsReceived":32421,"packetsLost":0},"Type":"inbound-rtp","Video":{"timestamp":1611073257657.791,"packetsReceived":9707,"packetsLost":0}},{"from":"ChinmaySahoo_eedc6722-1252-4ec7-86d5-54c965df35c5","to":"Srindhi_37f08dfa-728d-473f-a0f9-61fe16d475ce","Audio":{"timestamp":1611073257657.791,"packetsReceived":32421,"packetsLost":0},"Type":"inbound-rtp","Video":{"timestamp":1611073257657.791,"packetsReceived":9707,"packetsLost":0}},{"from":"ChinmaySahoo_eedc6722-1252-4ec7-86d5-54c965df35c5","to":"Srindhi_37f08dfa-728d-473f-a0f9-61fe16d475ce","Audio":{"timestamp":1611073262657.9,"packetsReceived":32671,"packetsLost":0},"Type":"inbound-rtp","Video":{"timestamp":1611073262657.9,"packetsReceived":9922,"packetsLost":0}},{"from":"ChinmaySahoo_eedc6722-1252-4ec7-86d5-54c965df35c5","to":"Srindhi_37f08dfa-728d-473f-a0f9-61fe16d475ce","Audio":{"timestamp":1611073262657.9,"packetsReceived":32671,"packetsLost":0},"Type":"inbound-rtp","Video":{"timestamp":1611073262657.9,"packetsReceived":9922,"packetsLost":0}},{"from":"ChinmaySahoo_eedc6722-1252-4ec7-86d5-54c965df35c5","to":"Srindhi_37f08dfa-728d-473f-a0f9-61fe16d475ce","Audio":{"timestamp":1611073267657.813,"packetsReceived":32921,"packetsLost":0},"Type":"inbound-rtp","Video":{"timestamp":1611073267657.813,"packetsReceived":10211,"packetsLost":0}},{"from":"ChinmaySahoo_eedc6722-1252-4ec7-86d5-54c965df35c5","to":"Srindhi_37f08dfa-728d-473f-a0f9-61fe16d475ce","Audio":{"timestamp":1611073267657.813,"packetsReceived":32921,"packetsLost":0},"Type":"inbound-rtp","Video":{"timestamp":1611073267657.813,"packetsReceived":10211,"packetsLost":0}},{"from":"ChinmaySahoo_eedc6722-1252-4ec7-86d5-54c965df35c5","to":"Srindhi_37f08dfa-728d-473f-a0f9-61fe16d475ce","Audio":{"timestamp":1611073272657.869,"packetsReceived":33171,"packetsLost":0},"Type":"inbound-rtp","Video":{"timestamp":1611073272657.869,"packetsReceived":10589,"packetsLost":0}},{"from":"ChinmaySahoo_eedc6722-1252-4ec7-86d5-54c965df35c5","to":"Srindhi_37f08dfa-728d-473f-a0f9-61fe16d475ce","Audio":{"timestamp":1611073272657.869,"packetsReceived":33171,"packetsLost":0},"Type":"inbound-rtp","Video":{"timestamp":1611073272657.869,"packetsReceived":10589,"packetsLost":0}},{"from":"ChinmaySahoo_eedc6722-1252-4ec7-86d5-54c965df35c5","to":"Srindhi_37f08dfa-728d-473f-a0f9-61fe16d475ce","Audio":{"timestamp":1611073277657.859,"packetsReceived":33422,"packetsLost":0},"Type":"inbound-rtp","Video":{"timestamp":1611073277657.859,"packetsReceived":10975,"packetsLost":0}},{"from":"ChinmaySahoo_eedc6722-1252-4ec7-86d5-54c965df35c5","to":"Srindhi_37f08dfa-728d-473f-a0f9-61fe16d475ce","Audio":{"timestamp":1611073277657.859,"packetsReceived":33422,"packetsLost":0},"Type":"inbound-rtp","Video":{"timestamp":1611073277657.859,"packetsReceived":10975,"packetsLost":0}},{"from":"ChinmaySahoo_eedc6722-1252-4ec7-86d5-54c965df35c5","to":"Srindhi_37f08dfa-728d-473f-a0f9-61fe16d475ce","Audio":{"timestamp":1611073282657.878,"packetsReceived":33671,"packetsLost":0},"Type":"inbound-rtp","Video":{"timestamp":1611073282657.878,"packetsReceived":11416,"packetsLost":0}},{"from":"ChinmaySahoo_eedc6722-1252-4ec7-86d5-54c965df35c5","to":"Srindhi_37f08dfa-728d-473f-a0f9-61fe16d475ce","Audio":{"timestamp":1611073282657.878,"packetsReceived":33671,"packetsLost":0},"Type":"inbound-rtp","Video":{"timestamp":1611073282657.878,"packetsReceived":11416,"packetsLost":0}},{"from":"ChinmaySahoo_eedc6722-1252-4ec7-86d5-54c965df35c5","to":"Srindhi_37f08dfa-728d-473f-a0f9-61fe16d475ce","Audio":{"timestamp":1611073287657.836,"packetsReceived":33921,"packetsLost":0},"Type":"inbound-rtp","Video":{"timestamp":1611073287657.836,"packetsReceived":11772,"packetsLost":0}},{"from":"ChinmaySahoo_eedc6722-1252-4ec7-86d5-54c965df35c5","to":"Srindhi_37f08dfa-728d-473f-a0f9-61fe16d475ce","Audio":{"timestamp":1611073287657.836,"packetsReceived":33921,"packetsLost":0},"Type":"inbound-rtp","Video":{"timestamp":1611073287657.836,"packetsReceived":11772,"packetsLost":0}},{"from":"ChinmaySahoo_eedc6722-1252-4ec7-86d5-54c965df35c5","to":"Srindhi_37f08dfa-728d-473f-a0f9-61fe16d475ce","Audio":{"timestamp":1611073292657.879,"packetsReceived":34172,"packetsLost":0},"Type":"inbound-rtp","Video":{"timestamp":1611073292657.879,"packetsReceived":12073,"packetsLost":0}},{"from":"ChinmaySahoo_eedc6722-1252-4ec7-86d5-54c965df35c5","to":"Srindhi_37f08dfa-728d-473f-a0f9-61fe16d475ce","Audio":{"timestamp":1611073292657.879,"packetsReceived":34172,"packetsLost":0},"Type":"inbound-rtp","Video":{"timestamp":1611073292657.879,"packetsReceived":12073,"packetsLost":0}},{"from":"ChinmaySahoo_eedc6722-1252-4ec7-86d5-54c965df35c5","to":"Srindhi_37f08dfa-728d-473f-a0f9-61fe16d475ce","Audio":{"timestamp":1611073297657.869,"packetsReceived":34421,"packetsLost":0},"Type":"inbound-rtp","Video":{"timestamp":1611073297657.869,"packetsReceived":12513,"packetsLost":0}},{"from":"ChinmaySahoo_eedc6722-1252-4ec7-86d5-54c965df35c5","to":"Srindhi_37f08dfa-728d-473f-a0f9-61fe16d475ce","Audio":{"timestamp":1611073297657.869,"packetsReceived":34421,"packetsLost":0},"Type":"inbound-rtp","Video":{"timestamp":1611073297657.869,"packetsReceived":12513,"packetsLost":0}},{"from":"ChinmaySahoo_eedc6722-1252-4ec7-86d5-54c965df35c5","to":"Srindhi_37f08dfa-728d-473f-a0f9-61fe16d475ce","Audio":{"timestamp":1611073302657.744,"packetsReceived":34671,"packetsLost":0},"Type":"inbound-rtp","Video":{"timestamp":1611073302657.744,"packetsReceived":12843,"packetsLost":0}},{"from":"ChinmaySahoo_eedc6722-1252-4ec7-86d5-54c965df35c5","to":"Srindhi_37f08dfa-728d-473f-a0f9-61fe16d475ce","Audio":{"timestamp":1611073302657.744,"packetsReceived":34671,"packetsLost":0},"Type":"inbound-rtp","Video":{"timestamp":1611073302657.744,"packetsReceived":12843,"packetsLost":0}},{"from":"ChinmaySahoo_eedc6722-1252-4ec7-86d5-54c965df35c5","to":"Srindhi_37f08dfa-728d-473f-a0f9-61fe16d475ce","Audio":{"timestamp":1611073307371.405,"packetsReceived":34907,"packetsLost":0},"Type":"inbound-rtp","Video":{"timestamp":1611073307371.405,"packetsReceived":13118,"packetsLost":0}},{"from":"ChinmaySahoo_eedc6722-1252-4ec7-86d5-54c965df35c5","to":"Srindhi_37f08dfa-728d-473f-a0f9-61fe16d475ce","Audio":{"timestamp":1611073307371.405,"packetsReceived":34907,"packetsLost":0},"Type":"inbound-rtp","Video":{"timestamp":1611073307371.405,"packetsReceived":13118,"packetsLost":0}},{"from":"ChinmaySahoo_eedc6722-1252-4ec7-86d5-54c965df35c5","to":"Srindhi_37f08dfa-728d-473f-a0f9-61fe16d475ce","Audio":{"timestamp":1611073312371.499,"packetsReceived":35157,"packetsLost":0},"Type":"inbound-rtp","Video":{"timestamp":1611073312371.499,"packetsReceived":13363,"packetsLost":0}},{"from":"ChinmaySahoo_eedc6722-1252-4ec7-86d5-54c965df35c5","to":"Srindhi_37f08dfa-728d-473f-a0f9-61fe16d475ce","Audio":{"timestamp":1611073312371.499,"packetsReceived":35157,"packetsLost":0},"Type":"inbound-rtp","Video":{"timestamp":1611073312371.499,"packetsReceived":13363,"packetsLost":0}},{"from":"ChinmaySahoo_eedc6722-1252-4ec7-86d5-54c965df35c5","to":"Srindhi_37f08dfa-728d-473f-a0f9-61fe16d475ce","Audio":{"timestamp":1611073317371.564,"packetsReceived":35407,"packetsLost":0},"Type":"inbound-rtp","Video":{"timestamp":1611073317371.564,"packetsReceived":13642,"packetsLost":0}},{"from":"ChinmaySahoo_eedc6722-1252-4ec7-86d5-54c965df35c5","to":"Srindhi_37f08dfa-728d-473f-a0f9-61fe16d475ce","Audio":{"timestamp":1611073317371.564,"packetsReceived":35407,"packetsLost":0},"Type":"inbound-rtp","Video":{"timestamp":1611073317371.564,"packetsReceived":13642,"packetsLost":0}},{"from":"ChinmaySahoo_eedc6722-1252-4ec7-86d5-54c965df35c5","to":"Srindhi_37f08dfa-728d-473f-a0f9-61fe16d475ce","Audio":{"timestamp":1611073322371.529,"packetsReceived":35657,"packetsLost":0},"Type":"inbound-rtp","Video":{"timestamp":1611073322371.529,"packetsReceived":13973,"packetsLost":0}},{"from":"ChinmaySahoo_eedc6722-1252-4ec7-86d5-54c965df35c5","to":"Srindhi_37f08dfa-728d-473f-a0f9-61fe16d475ce","Audio":{"timestamp":1611073322371.529,"packetsReceived":35657,"packetsLost":0},"Type":"inbound-rtp","Video":{"timestamp":1611073322371.529,"packetsReceived":13973,"packetsLost":0}},{"from":"ChinmaySahoo_eedc6722-1252-4ec7-86d5-54c965df35c5","to":"Srindhi_37f08dfa-728d-473f-a0f9-61fe16d475ce","Audio":{"timestamp":1611073327371.511,"packetsReceived":35907,"packetsLost":0},"Type":"inbound-rtp","Video":{"timestamp":1611073327371.511,"packetsReceived":14020,"packetsLost":0}},{"from":"ChinmaySahoo_eedc6722-1252-4ec7-86d5-54c965df35c5","to":"Srindhi_37f08dfa-728d-473f-a0f9-61fe16d475ce","Audio":{"timestamp":1611073327371.511,"packetsReceived":35907,"packetsLost":0},"Type":"inbound-rtp","Video":{"timestamp":1611073327371.511,"packetsReceived":14020,"packetsLost":0}},{"from":"ChinmaySahoo_eedc6722-1252-4ec7-86d5-54c965df35c5","to":"Srindhi_37f08dfa-728d-473f-a0f9-61fe16d475ce","Audio":{"timestamp":1611073332374.53,"packetsReceived":36157,"packetsLost":0},"Type":"inbound-rtp","Video":{"timestamp":1611073332374.53,"packetsReceived":14073,"packetsLost":0}},{"from":"ChinmaySahoo_eedc6722-1252-4ec7-86d5-54c965df35c5","to":"Srindhi_37f08dfa-728d-473f-a0f9-61fe16d475ce","Audio":{"timestamp":1611073332374.53,"packetsReceived":36157,"packetsLost":0},"Type":"inbound-rtp","Video":{"timestamp":1611073332374.53,"packetsReceived":14073,"packetsLost":0}},{"from":"ChinmaySahoo_eedc6722-1252-4ec7-86d5-54c965df35c5","to":"Srindhi_37f08dfa-728d-473f-a0f9-61fe16d475ce","Audio":{"timestamp":1611073337371.462,"packetsReceived":36407,"packetsLost":0},"Type":"inbound-rtp","Video":{"timestamp":1611073337371.462,"packetsReceived":14118,"packetsLost":0}},{"from":"ChinmaySahoo_eedc6722-1252-4ec7-86d5-54c965df35c5","to":"Srindhi_37f08dfa-728d-473f-a0f9-61fe16d475ce","Audio":{"timestamp":1611073337371.462,"packetsReceived":36407,"packetsLost":0},"Type":"inbound-rtp","Video":{"timestamp":1611073337371.462,"packetsReceived":14118,"packetsLost":0}},{"from":"ChinmaySahoo_eedc6722-1252-4ec7-86d5-54c965df35c5","to":"Srindhi_37f08dfa-728d-473f-a0f9-61fe16d475ce","Audio":{"timestamp":1611073342371.517,"packetsReceived":36657,"packetsLost":0},"Type":"inbound-rtp","Video":{"timestamp":1611073342371.517,"packetsReceived":14206,"packetsLost":0}},{"from":"ChinmaySahoo_eedc6722-1252-4ec7-86d5-54c965df35c5","to":"Srindhi_37f08dfa-728d-473f-a0f9-61fe16d475ce","Audio":{"timestamp":1611073342371.517,"packetsReceived":36657,"packetsLost":0},"Type":"inbound-rtp","Video":{"timestamp":1611073342371.517,"packetsReceived":14206,"packetsLost":0}},{"from":"ChinmaySahoo_eedc6722-1252-4ec7-86d5-54c965df35c5","to":"Srindhi_37f08dfa-728d-473f-a0f9-61fe16d475ce","Audio":{"timestamp":1611073347371.539,"packetsReceived":36907,"packetsLost":0},"Type":"inbound-rtp","Video":{"timestamp":1611073347371.539,"packetsReceived":14216,"packetsLost":0}},{"from":"ChinmaySahoo_eedc6722-1252-4ec7-86d5-54c965df35c5","to":"Srindhi_37f08dfa-728d-473f-a0f9-61fe16d475ce","Audio":{"timestamp":1611073347371.539,"packetsReceived":36907,"packetsLost":0},"Type":"inbound-rtp","Video":{"timestamp":1611073347371.539,"packetsReceived":14216,"packetsLost":0}},{"from":"ChinmaySahoo_eedc6722-1252-4ec7-86d5-54c965df35c5","to":"Srindhi_37f08dfa-728d-473f-a0f9-61fe16d475ce","Audio":{"timestamp":1611073352371.472,"packetsReceived":37158,"packetsLost":0},"Type":"inbound-rtp","Video":{"timestamp":1611073352371.472,"packetsReceived":14223,"packetsLost":0}},{"from":"ChinmaySahoo_eedc6722-1252-4ec7-86d5-54c965df35c5","to":"Srindhi_37f08dfa-728d-473f-a0f9-61fe16d475ce","Audio":{"timestamp":1611073352371.472,"packetsReceived":37158,"packetsLost":0},"Type":"inbound-rtp","Video":{"timestamp":1611073352371.472,"packetsReceived":14223,"packetsLost":0}},{"from":"ChinmaySahoo_eedc6722-1252-4ec7-86d5-54c965df35c5","to":"Srindhi_37f08dfa-728d-473f-a0f9-61fe16d475ce","Audio":{"timestamp":1611073357371.5,"packetsReceived":37407,"packetsLost":0},"Type":"inbound-rtp","Video":{"timestamp":1611073357371.5,"packetsReceived":14230,"packetsLost":0}},{"from":"ChinmaySahoo_eedc6722-1252-4ec7-86d5-54c965df35c5","to":"Srindhi_37f08dfa-728d-473f-a0f9-61fe16d475ce","Audio":{"timestamp":1611073357371.5,"packetsReceived":37407,"packetsLost":0},"Type":"inbound-rtp","Video":{"timestamp":1611073357371.5,"packetsReceived":14230,"packetsLost":0}},{"from":"ChinmaySahoo_eedc6722-1252-4ec7-86d5-54c965df35c5","to":"Srindhi_37f08dfa-728d-473f-a0f9-61fe16d475ce","Audio":{"timestamp":1611073362371.448,"packetsReceived":37657,"packetsLost":0},"Type":"inbound-rtp","Video":{"timestamp":1611073362371.448,"packetsReceived":14235,"packetsLost":0}},{"from":"ChinmaySahoo_eedc6722-1252-4ec7-86d5-54c965df35c5","to":"Srindhi_37f08dfa-728d-473f-a0f9-61fe16d475ce","Audio":{"timestamp":1611073362371.448,"packetsReceived":37657,"packetsLost":0},"Type":"inbound-rtp","Video":{"timestamp":1611073362371.448,"packetsReceived":14235,"packetsLost":0}},{"from":"ChinmaySahoo_eedc6722-1252-4ec7-86d5-54c965df35c5","to":"Srindhi_37f08dfa-728d-473f-a0f9-61fe16d475ce","Audio":{"timestamp":1611073367371.442,"packetsReceived":37907,"packetsLost":0},"Type":"inbound-rtp","Video":{"timestamp":1611073367371.442,"packetsReceived":14239,"packetsLost":0}},{"from":"ChinmaySahoo_eedc6722-1252-4ec7-86d5-54c965df35c5","to":"Srindhi_37f08dfa-728d-473f-a0f9-61fe16d475ce","Audio":{"timestamp":1611073367371.442,"packetsReceived":37907,"packetsLost":0},"Type":"inbound-rtp","Video":{"timestamp":1611073367371.442,"packetsReceived":14239,"packetsLost":0}},{"from":"ChinmaySahoo_eedc6722-1252-4ec7-86d5-54c965df35c5","to":"Srindhi_37f08dfa-728d-473f-a0f9-61fe16d475ce","Audio":{"timestamp":1611073372371.481,"packetsReceived":38157,"packetsLost":0},"Type":"inbound-rtp","Video":{"timestamp":1611073372371.481,"packetsReceived":14244,"packetsLost":0}},{"from":"ChinmaySahoo_eedc6722-1252-4ec7-86d5-54c965df35c5","to":"Srindhi_37f08dfa-728d-473f-a0f9-61fe16d475ce","Audio":{"timestamp":1611073372371.481,"packetsReceived":38157,"packetsLost":0},"Type":"inbound-rtp","Video":{"timestamp":1611073372371.481,"packetsReceived":14244,"packetsLost":0}},{"from":"ChinmaySahoo_eedc6722-1252-4ec7-86d5-54c965df35c5","to":"Srindhi_37f08dfa-728d-473f-a0f9-61fe16d475ce","Audio":{"timestamp":1611073377371.515,"packetsReceived":38407,"packetsLost":0},"Type":"inbound-rtp","Video":{"timestamp":1611073377371.515,"packetsReceived":14250,"packetsLost":0}},{"from":"ChinmaySahoo_eedc6722-1252-4ec7-86d5-54c965df35c5","to":"Srindhi_37f08dfa-728d-473f-a0f9-61fe16d475ce","Audio":{"timestamp":1611073377371.515,"packetsReceived":38407,"packetsLost":0},"Type":"inbound-rtp","Video":{"timestamp":1611073377371.515,"packetsReceived":14250,"packetsLost":0}},{"from":"ChinmaySahoo_eedc6722-1252-4ec7-86d5-54c965df35c5","to":"Srindhi_37f08dfa-728d-473f-a0f9-61fe16d475ce","Audio":{"timestamp":1611073382657.824,"packetsReceived":38672,"packetsLost":0},"Type":"inbound-rtp","Video":{"timestamp":1611073382657.824,"packetsReceived":14254,"packetsLost":0}},{"from":"ChinmaySahoo_eedc6722-1252-4ec7-86d5-54c965df35c5","to":"Srindhi_37f08dfa-728d-473f-a0f9-61fe16d475ce","Audio":{"timestamp":1611073382657.824,"packetsReceived":38672,"packetsLost":0},"Type":"inbound-rtp","Video":{"timestamp":1611073382657.824,"packetsReceived":14254,"packetsLost":0}}]}