[{"timestamp":1611072608397,"log":{"from":"server","to":"Srindhi_37f08dfa-728d-473f-a0f9-61fe16d475ce","context":"PARENT","data":"{\"peer\":\"ChinmaySahoo_eedc6722-1252-4ec7-86d5-54c965df35c5\"}"}},{"timestamp":1611072608397,"log":"Parent : ChinmaySahoo_eedc6722-1252-4ec7-86d5-54c965df35c5"},{"timestamp":1611072608900,"log":{"from":"ChinmaySahoo_eedc6722-1252-4ec7-86d5-54c965df35c5","to":"Srindhi_37f08dfa-728d-473f-a0f9-61fe16d475ce","context":"CONNECT_ACK","data":"{\"roomID\":\"123456\"}"}},{"timestamp":1611072608900,"log":"Connection ACK from parent : ChinmaySahoo_eedc6722-1252-4ec7-86d5-54c965df35c5"},{"timestamp":1611072608910,"log":"received sdp from peer : ChinmaySahoo_eedc6722-1252-4ec7-86d5-54c965df35c5"},{"timestamp":1611072608916,"log":"received ice from peer : ChinmaySahoo_eedc6722-1252-4ec7-86d5-54c965df35c5"},{"timestamp":1611072608922,"log":"received ice from peer : ChinmaySahoo_eedc6722-1252-4ec7-86d5-54c965df35c5"},{"timestamp":1611072608924,"log":"remote stream received"},{"timestamp":1611072608925,"log":{}},{"timestamp":1611072608928,"log":"remote stream received"},{"timestamp":1611072608929,"log":{}},{"timestamp":1611072608938,"log":"created description for peer : ChinmaySahoo_eedc6722-1252-4ec7-86d5-54c965df35c5"},{"timestamp":1611072608940,"log":"received ice from peer : ChinmaySahoo_eedc6722-1252-4ec7-86d5-54c965df35c5"},{"timestamp":1611072608947,"log":"received ice from peer : ChinmaySahoo_eedc6722-1252-4ec7-86d5-54c965df35c5"},{"timestamp":1611072608948,"log":"connection with peer ChinmaySahoo_eedc6722-1252-4ec7-86d5-54c965df35c5 checking"},{"timestamp":1611072608949,"log":"ice: Srindhi_37f08dfa-728d-473f-a0f9-61fe16d475ce to ChinmaySahoo_eedc6722-1252-4ec7-86d5-54c965df35c5"},{"timestamp":1611072608951,"log":"connection with peer ChinmaySahoo_eedc6722-1252-4ec7-86d5-54c965df35c5 connected"},{"timestamp":1611072608951,"log":"ice: Srindhi_37f08dfa-728d-473f-a0f9-61fe16d475ce to ChinmaySahoo_eedc6722-1252-4ec7-86d5-54c965df35c5"}]