[{"timestamp":1611071044590,"log":{"from":"server","to":"Prashant_9c11d2d9-a903-46da-a1e7-99697dba07f8","context":"PARENT","data":"{\"peer\":\"Shreyas_c82ad4b7-4ba3-4a29-989c-ed0396c86f52\"}"}},{"timestamp":1611071044590,"log":"Parent : Shreyas_c82ad4b7-4ba3-4a29-989c-ed0396c86f52"},{"timestamp":1611071045092,"log":{"from":"Shreyas_c82ad4b7-4ba3-4a29-989c-ed0396c86f52","to":"Prashant_9c11d2d9-a903-46da-a1e7-99697dba07f8","context":"CONNECT_ACK","data":"{\"roomID\":\"123456\"}"}},{"timestamp":1611071045092,"log":"Connection ACK from parent : Shreyas_c82ad4b7-4ba3-4a29-989c-ed0396c86f52"},{"timestamp":1611071045106,"log":"received sdp from peer : Shreyas_c82ad4b7-4ba3-4a29-989c-ed0396c86f52"},{"timestamp":1611071045108,"log":"received ice from peer : Shreyas_c82ad4b7-4ba3-4a29-989c-ed0396c86f52"},{"timestamp":1611071045110,"log":"received ice from peer : Shreyas_c82ad4b7-4ba3-4a29-989c-ed0396c86f52"},{"timestamp":1611071045111,"log":"remote stream received"},{"timestamp":1611071045112,"log":{}},{"timestamp":1611071045112,"log":"remote stream received"},{"timestamp":1611071045112,"log":{}},{"timestamp":1611071045117,"log":"created description for peer : Shreyas_c82ad4b7-4ba3-4a29-989c-ed0396c86f52"},{"timestamp":1611071045123,"log":"connection with peer Shreyas_c82ad4b7-4ba3-4a29-989c-ed0396c86f52 checking"},{"timestamp":1611071045123,"log":"ice: Prashant_9c11d2d9-a903-46da-a1e7-99697dba07f8 to Shreyas_c82ad4b7-4ba3-4a29-989c-ed0396c86f52"},{"timestamp":1611071045128,"log":"connection with peer Shreyas_c82ad4b7-4ba3-4a29-989c-ed0396c86f52 connected"},{"timestamp":1611071045128,"log":"ice: Prashant_9c11d2d9-a903-46da-a1e7-99697dba07f8 to Shreyas_c82ad4b7-4ba3-4a29-989c-ed0396c86f52"},{"timestamp":1611071045131,"log":"received ice from peer : Shreyas_c82ad4b7-4ba3-4a29-989c-ed0396c86f52"},{"timestamp":1611071045131,"log":"received ice from peer : Shreyas_c82ad4b7-4ba3-4a29-989c-ed0396c86f52"}]