{"Shreyas_c82ad4b7-4ba3-4a29-989c-ed0396c86f52":[{"from":"Shreyas_c82ad4b7-4ba3-4a29-989c-ed0396c86f52","to":"Prashant_9c11d2d9-a903-46da-a1e7-99697dba07f8","Audio":{"timestamp":1611071048571.702,"packetsReceived":159,"packetsLost":0},"Type":"inbound-rtp","Video":{"timestamp":1611071048571.702,"packetsReceived":0,"packetsLost":0}},{"from":"Shreyas_c82ad4b7-4ba3-4a29-989c-ed0396c86f52","to":"Prashant_9c11d2d9-a903-46da-a1e7-99697dba07f8","Audio":{"timestamp":1611071048571.702,"packetsReceived":159,"packetsLost":0},"Type":"inbound-rtp","Video":{"timestamp":1611071048571.702,"packetsReceived":0,"packetsLost":0}},{"from":"Shreyas_c82ad4b7-4ba3-4a29-989c-ed0396c86f52","to":"Prashant_9c11d2d9-a903-46da-a1e7-99697dba07f8","Audio":{"timestamp":1611071053570.527,"packetsReceived":408,"packetsLost":0},"Type":"inbound-rtp","Video":{"timestamp":1611071053570.527,"packetsReceived":6,"packetsLost":0}},{"from":"Shreyas_c82ad4b7-4ba3-4a29-989c-ed0396c86f52","to":"Prashant_9c11d2d9-a903-46da-a1e7-99697dba07f8","Audio":{"timestamp":1611071053570.527,"packetsReceived":408,"packetsLost":0},"Type":"inbound-rtp","Video":{"timestamp":1611071053570.527,"packetsReceived":6,"packetsLost":0}},{"from":"Shreyas_c82ad4b7-4ba3-4a29-989c-ed0396c86f52","to":"Prashant_9c11d2d9-a903-46da-a1e7-99697dba07f8","Audio":{"timestamp":1611071058570.635,"packetsReceived":658,"packetsLost":0},"Type":"inbound-rtp","Video":{"timestamp":1611071058570.635,"packetsReceived":11,"packetsLost":0}},{"from":"Shreyas_c82ad4b7-4ba3-4a29-989c-ed0396c86f52","to":"Prashant_9c11d2d9-a903-46da-a1e7-99697dba07f8","Audio":{"timestamp":1611071058570.635,"packetsReceived":658,"packetsLost":0},"Type":"inbound-rtp","Video":{"timestamp":1611071058570.635,"packetsReceived":11,"packetsLost":0}},{"from":"Shreyas_c82ad4b7-4ba3-4a29-989c-ed0396c86f52","to":"Prashant_9c11d2d9-a903-46da-a1e7-99697dba07f8","Audio":{"timestamp":1611071064165.527,"packetsReceived":938,"packetsLost":0},"Type":"inbound-rtp","Video":{"timestamp":1611071064165.527,"packetsReceived":16,"packetsLost":0}},{"from":"Shreyas_c82ad4b7-4ba3-4a29-989c-ed0396c86f52","to":"Prashant_9c11d2d9-a903-46da-a1e7-99697dba07f8","Audio":{"timestamp":1611071064165.527,"packetsReceived":938,"packetsLost":0},"Type":"inbound-rtp","Video":{"timestamp":1611071064165.527,"packetsReceived":16,"packetsLost":0}},{"from":"Shreyas_c82ad4b7-4ba3-4a29-989c-ed0396c86f52","to":"Prashant_9c11d2d9-a903-46da-a1e7-99697dba07f8","Audio":{"timestamp":1611071069165.69,"packetsReceived":1188,"packetsLost":0},"Type":"inbound-rtp","Video":{"timestamp":1611071069165.69,"packetsReceived":21,"packetsLost":0}},{"from":"Shreyas_c82ad4b7-4ba3-4a29-989c-ed0396c86f52","to":"Prashant_9c11d2d9-a903-46da-a1e7-99697dba07f8","Audio":{"timestamp":1611071069165.69,"packetsReceived":1188,"packetsLost":0},"Type":"inbound-rtp","Video":{"timestamp":1611071069165.69,"packetsReceived":21,"packetsLost":0}},{"from":"Shreyas_c82ad4b7-4ba3-4a29-989c-ed0396c86f52","to":"Prashant_9c11d2d9-a903-46da-a1e7-99697dba07f8","Audio":{"timestamp":1611071074165.633,"packetsReceived":1437,"packetsLost":0},"Type":"inbound-rtp","Video":{"timestamp":1611071074165.633,"packetsReceived":25,"packetsLost":0}},{"from":"Shreyas_c82ad4b7-4ba3-4a29-989c-ed0396c86f52","to":"Prashant_9c11d2d9-a903-46da-a1e7-99697dba07f8","Audio":{"timestamp":1611071074165.633,"packetsReceived":1437,"packetsLost":0},"Type":"inbound-rtp","Video":{"timestamp":1611071074165.633,"packetsReceived":25,"packetsLost":0}},{"from":"Shreyas_c82ad4b7-4ba3-4a29-989c-ed0396c86f52","to":"Prashant_9c11d2d9-a903-46da-a1e7-99697dba07f8","Audio":{"timestamp":1611071078570.528,"packetsReceived":1658,"packetsLost":0},"Type":"inbound-rtp","Video":{"timestamp":1611071078570.528,"packetsReceived":29,"packetsLost":0}},{"from":"Shreyas_c82ad4b7-4ba3-4a29-989c-ed0396c86f52","to":"Prashant_9c11d2d9-a903-46da-a1e7-99697dba07f8","Audio":{"timestamp":1611071078570.528,"packetsReceived":1658,"packetsLost":0},"Type":"inbound-rtp","Video":{"timestamp":1611071078570.528,"packetsReceived":29,"packetsLost":0}},{"from":"Shreyas_c82ad4b7-4ba3-4a29-989c-ed0396c86f52","to":"Prashant_9c11d2d9-a903-46da-a1e7-99697dba07f8","Audio":{"timestamp":1611071083570.541,"packetsReceived":1908,"packetsLost":0},"Type":"inbound-rtp","Video":{"timestamp":1611071083570.541,"packetsReceived":34,"packetsLost":0}},{"from":"Shreyas_c82ad4b7-4ba3-4a29-989c-ed0396c86f52","to":"Prashant_9c11d2d9-a903-46da-a1e7-99697dba07f8","Audio":{"timestamp":1611071083570.541,"packetsReceived":1908,"packetsLost":0},"Type":"inbound-rtp","Video":{"timestamp":1611071083570.541,"packetsReceived":34,"packetsLost":0}},{"from":"Shreyas_c82ad4b7-4ba3-4a29-989c-ed0396c86f52","to":"Prashant_9c11d2d9-a903-46da-a1e7-99697dba07f8","Audio":{"timestamp":1611071088570.552,"packetsReceived":2158,"packetsLost":0},"Type":"inbound-rtp","Video":{"timestamp":1611071088570.552,"packetsReceived":39,"packetsLost":0}},{"from":"Shreyas_c82ad4b7-4ba3-4a29-989c-ed0396c86f52","to":"Prashant_9c11d2d9-a903-46da-a1e7-99697dba07f8","Audio":{"timestamp":1611071088570.552,"packetsReceived":2158,"packetsLost":0},"Type":"inbound-rtp","Video":{"timestamp":1611071088570.552,"packetsReceived":39,"packetsLost":0}},{"from":"Shreyas_c82ad4b7-4ba3-4a29-989c-ed0396c86f52","to":"Prashant_9c11d2d9-a903-46da-a1e7-99697dba07f8","Audio":{"timestamp":1611071093570.494,"packetsReceived":2409,"packetsLost":0},"Type":"inbound-rtp","Video":{"timestamp":1611071093570.494,"packetsReceived":43,"packetsLost":0}},{"from":"Shreyas_c82ad4b7-4ba3-4a29-989c-ed0396c86f52","to":"Prashant_9c11d2d9-a903-46da-a1e7-99697dba07f8","Audio":{"timestamp":1611071093570.494,"packetsReceived":2409,"packetsLost":0},"Type":"inbound-rtp","Video":{"timestamp":1611071093570.494,"packetsReceived":43,"packetsLost":0}},{"from":"Shreyas_c82ad4b7-4ba3-4a29-989c-ed0396c86f52","to":"Prashant_9c11d2d9-a903-46da-a1e7-99697dba07f8","Audio":{"timestamp":1611071098570.546,"packetsReceived":2658,"packetsLost":0},"Type":"inbound-rtp","Video":{"timestamp":1611071098570.546,"packetsReceived":48,"packetsLost":0}},{"from":"Shreyas_c82ad4b7-4ba3-4a29-989c-ed0396c86f52","to":"Prashant_9c11d2d9-a903-46da-a1e7-99697dba07f8","Audio":{"timestamp":1611071098570.546,"packetsReceived":2658,"packetsLost":0},"Type":"inbound-rtp","Video":{"timestamp":1611071098570.546,"packetsReceived":48,"packetsLost":0}},{"from":"Shreyas_c82ad4b7-4ba3-4a29-989c-ed0396c86f52","to":"Prashant_9c11d2d9-a903-46da-a1e7-99697dba07f8","Audio":{"timestamp":1611071103570.531,"packetsReceived":2908,"packetsLost":0},"Type":"inbound-rtp","Video":{"timestamp":1611071103570.531,"packetsReceived":53,"packetsLost":0}},{"from":"Shreyas_c82ad4b7-4ba3-4a29-989c-ed0396c86f52","to":"Prashant_9c11d2d9-a903-46da-a1e7-99697dba07f8","Audio":{"timestamp":1611071103570.531,"packetsReceived":2908,"packetsLost":0},"Type":"inbound-rtp","Video":{"timestamp":1611071103570.531,"packetsReceived":53,"packetsLost":0}},{"from":"Shreyas_c82ad4b7-4ba3-4a29-989c-ed0396c86f52","to":"Prashant_9c11d2d9-a903-46da-a1e7-99697dba07f8","Audio":{"timestamp":1611071108570.679,"packetsReceived":3158,"packetsLost":0},"Type":"inbound-rtp","Video":{"timestamp":1611071108570.679,"packetsReceived":57,"packetsLost":0}},{"from":"Shreyas_c82ad4b7-4ba3-4a29-989c-ed0396c86f52","to":"Prashant_9c11d2d9-a903-46da-a1e7-99697dba07f8","Audio":{"timestamp":1611071108570.679,"packetsReceived":3158,"packetsLost":0},"Type":"inbound-rtp","Video":{"timestamp":1611071108570.679,"packetsReceived":57,"packetsLost":0}},{"from":"Shreyas_c82ad4b7-4ba3-4a29-989c-ed0396c86f52","to":"Prashant_9c11d2d9-a903-46da-a1e7-99697dba07f8","Audio":{"timestamp":1611071113570.526,"packetsReceived":3408,"packetsLost":0},"Type":"inbound-rtp","Video":{"timestamp":1611071113570.526,"packetsReceived":62,"packetsLost":0}},{"from":"Shreyas_c82ad4b7-4ba3-4a29-989c-ed0396c86f52","to":"Prashant_9c11d2d9-a903-46da-a1e7-99697dba07f8","Audio":{"timestamp":1611071113570.526,"packetsReceived":3408,"packetsLost":0},"Type":"inbound-rtp","Video":{"timestamp":1611071113570.526,"packetsReceived":62,"packetsLost":0}},{"from":"Shreyas_c82ad4b7-4ba3-4a29-989c-ed0396c86f52","to":"Prashant_9c11d2d9-a903-46da-a1e7-99697dba07f8","Audio":{"timestamp":1611071118570.505,"packetsReceived":3658,"packetsLost":0},"Type":"inbound-rtp","Video":{"timestamp":1611071118570.505,"packetsReceived":74,"packetsLost":0}},{"from":"Shreyas_c82ad4b7-4ba3-4a29-989c-ed0396c86f52","to":"Prashant_9c11d2d9-a903-46da-a1e7-99697dba07f8","Audio":{"timestamp":1611071118570.505,"packetsReceived":3658,"packetsLost":0},"Type":"inbound-rtp","Video":{"timestamp":1611071118570.505,"packetsReceived":74,"packetsLost":0}},{"from":"Shreyas_c82ad4b7-4ba3-4a29-989c-ed0396c86f52","to":"Prashant_9c11d2d9-a903-46da-a1e7-99697dba07f8","Audio":{"timestamp":1611071123570.511,"packetsReceived":3909,"packetsLost":0},"Type":"inbound-rtp","Video":{"timestamp":1611071123570.511,"packetsReceived":78,"packetsLost":0}},{"from":"Shreyas_c82ad4b7-4ba3-4a29-989c-ed0396c86f52","to":"Prashant_9c11d2d9-a903-46da-a1e7-99697dba07f8","Audio":{"timestamp":1611071123570.511,"packetsReceived":3909,"packetsLost":0},"Type":"inbound-rtp","Video":{"timestamp":1611071123570.511,"packetsReceived":78,"packetsLost":0}},{"from":"Shreyas_c82ad4b7-4ba3-4a29-989c-ed0396c86f52","to":"Prashant_9c11d2d9-a903-46da-a1e7-99697dba07f8","Audio":{"timestamp":1611071128570.615,"packetsReceived":4158,"packetsLost":0},"Type":"inbound-rtp","Video":{"timestamp":1611071128570.615,"packetsReceived":83,"packetsLost":0}},{"from":"Shreyas_c82ad4b7-4ba3-4a29-989c-ed0396c86f52","to":"Prashant_9c11d2d9-a903-46da-a1e7-99697dba07f8","Audio":{"timestamp":1611071128570.615,"packetsReceived":4158,"packetsLost":0},"Type":"inbound-rtp","Video":{"timestamp":1611071128570.615,"packetsReceived":83,"packetsLost":0}},{"from":"Shreyas_c82ad4b7-4ba3-4a29-989c-ed0396c86f52","to":"Prashant_9c11d2d9-a903-46da-a1e7-99697dba07f8","Audio":{"timestamp":1611071134165.993,"packetsReceived":4438,"packetsLost":0},"Type":"inbound-rtp","Video":{"timestamp":1611071134165.993,"packetsReceived":88,"packetsLost":0}},{"from":"Shreyas_c82ad4b7-4ba3-4a29-989c-ed0396c86f52","to":"Prashant_9c11d2d9-a903-46da-a1e7-99697dba07f8","Audio":{"timestamp":1611071134165.993,"packetsReceived":4438,"packetsLost":0},"Type":"inbound-rtp","Video":{"timestamp":1611071134165.993,"packetsReceived":88,"packetsLost":0}},{"from":"Shreyas_c82ad4b7-4ba3-4a29-989c-ed0396c86f52","to":"Prashant_9c11d2d9-a903-46da-a1e7-99697dba07f8","Audio":{"timestamp":1611071139166.071,"packetsReceived":4688,"packetsLost":0},"Type":"inbound-rtp","Video":{"timestamp":1611071139166.071,"packetsReceived":93,"packetsLost":0}},{"from":"Shreyas_c82ad4b7-4ba3-4a29-989c-ed0396c86f52","to":"Prashant_9c11d2d9-a903-46da-a1e7-99697dba07f8","Audio":{"timestamp":1611071139166.071,"packetsReceived":4688,"packetsLost":0},"Type":"inbound-rtp","Video":{"timestamp":1611071139166.071,"packetsReceived":93,"packetsLost":0}},{"from":"Shreyas_c82ad4b7-4ba3-4a29-989c-ed0396c86f52","to":"Prashant_9c11d2d9-a903-46da-a1e7-99697dba07f8","Audio":{"timestamp":1611071144166.028,"packetsReceived":4938,"packetsLost":0},"Type":"inbound-rtp","Video":{"timestamp":1611071144166.028,"packetsReceived":116,"packetsLost":0}},{"from":"Shreyas_c82ad4b7-4ba3-4a29-989c-ed0396c86f52","to":"Prashant_9c11d2d9-a903-46da-a1e7-99697dba07f8","Audio":{"timestamp":1611071144166.028,"packetsReceived":4938,"packetsLost":0},"Type":"inbound-rtp","Video":{"timestamp":1611071144166.028,"packetsReceived":116,"packetsLost":0}},{"from":"Shreyas_c82ad4b7-4ba3-4a29-989c-ed0396c86f52","to":"Prashant_9c11d2d9-a903-46da-a1e7-99697dba07f8","Audio":{"timestamp":1611071148570.657,"packetsReceived":5158,"packetsLost":0},"Type":"inbound-rtp","Video":{"timestamp":1611071148570.657,"packetsReceived":220,"packetsLost":0}},{"from":"Shreyas_c82ad4b7-4ba3-4a29-989c-ed0396c86f52","to":"Prashant_9c11d2d9-a903-46da-a1e7-99697dba07f8","Audio":{"timestamp":1611071148570.657,"packetsReceived":5158,"packetsLost":0},"Type":"inbound-rtp","Video":{"timestamp":1611071148570.657,"packetsReceived":220,"packetsLost":0}},{"from":"Shreyas_c82ad4b7-4ba3-4a29-989c-ed0396c86f52","to":"Prashant_9c11d2d9-a903-46da-a1e7-99697dba07f8","Audio":{"timestamp":1611071153570.755,"packetsReceived":5408,"packetsLost":0},"Type":"inbound-rtp","Video":{"timestamp":1611071153570.755,"packetsReceived":530,"packetsLost":0}},{"from":"Shreyas_c82ad4b7-4ba3-4a29-989c-ed0396c86f52","to":"Prashant_9c11d2d9-a903-46da-a1e7-99697dba07f8","Audio":{"timestamp":1611071153570.755,"packetsReceived":5408,"packetsLost":0},"Type":"inbound-rtp","Video":{"timestamp":1611071153570.755,"packetsReceived":530,"packetsLost":0}},{"from":"Shreyas_c82ad4b7-4ba3-4a29-989c-ed0396c86f52","to":"Prashant_9c11d2d9-a903-46da-a1e7-99697dba07f8","Audio":{"timestamp":1611071158570.57,"packetsReceived":5658,"packetsLost":0},"Type":"inbound-rtp","Video":{"timestamp":1611071158570.57,"packetsReceived":1440,"packetsLost":0}},{"from":"Shreyas_c82ad4b7-4ba3-4a29-989c-ed0396c86f52","to":"Prashant_9c11d2d9-a903-46da-a1e7-99697dba07f8","Audio":{"timestamp":1611071158570.57,"packetsReceived":5658,"packetsLost":0},"Type":"inbound-rtp","Video":{"timestamp":1611071158570.57,"packetsReceived":1440,"packetsLost":0}},{"from":"Shreyas_c82ad4b7-4ba3-4a29-989c-ed0396c86f52","to":"Prashant_9c11d2d9-a903-46da-a1e7-99697dba07f8","Audio":{"timestamp":1611071163570.735,"packetsReceived":5906,"packetsLost":0},"Type":"inbound-rtp","Video":{"timestamp":1611071163570.735,"packetsReceived":1968,"packetsLost":0}},{"from":"Shreyas_c82ad4b7-4ba3-4a29-989c-ed0396c86f52","to":"Prashant_9c11d2d9-a903-46da-a1e7-99697dba07f8","Audio":{"timestamp":1611071163570.735,"packetsReceived":5906,"packetsLost":0},"Type":"inbound-rtp","Video":{"timestamp":1611071163570.735,"packetsReceived":1968,"packetsLost":0}},{"from":"Shreyas_c82ad4b7-4ba3-4a29-989c-ed0396c86f52","to":"Prashant_9c11d2d9-a903-46da-a1e7-99697dba07f8","Audio":{"timestamp":1611071168570.515,"packetsReceived":6158,"packetsLost":0},"Type":"inbound-rtp","Video":{"timestamp":1611071168570.515,"packetsReceived":2512,"packetsLost":0}},{"from":"Shreyas_c82ad4b7-4ba3-4a29-989c-ed0396c86f52","to":"Prashant_9c11d2d9-a903-46da-a1e7-99697dba07f8","Audio":{"timestamp":1611071168570.515,"packetsReceived":6158,"packetsLost":0},"Type":"inbound-rtp","Video":{"timestamp":1611071168570.515,"packetsReceived":2512,"packetsLost":0}},{"from":"Shreyas_c82ad4b7-4ba3-4a29-989c-ed0396c86f52","to":"Prashant_9c11d2d9-a903-46da-a1e7-99697dba07f8","Audio":{"timestamp":1611071173570.731,"packetsReceived":6408,"packetsLost":0},"Type":"inbound-rtp","Video":{"timestamp":1611071173570.731,"packetsReceived":3115,"packetsLost":0}},{"from":"Shreyas_c82ad4b7-4ba3-4a29-989c-ed0396c86f52","to":"Prashant_9c11d2d9-a903-46da-a1e7-99697dba07f8","Audio":{"timestamp":1611071173570.731,"packetsReceived":6408,"packetsLost":0},"Type":"inbound-rtp","Video":{"timestamp":1611071173570.731,"packetsReceived":3115,"packetsLost":0}},{"from":"Shreyas_c82ad4b7-4ba3-4a29-989c-ed0396c86f52","to":"Prashant_9c11d2d9-a903-46da-a1e7-99697dba07f8","Audio":{"timestamp":1611071178570.466,"packetsReceived":6658,"packetsLost":0},"Type":"inbound-rtp","Video":{"timestamp":1611071178570.466,"packetsReceived":3640,"packetsLost":0}},{"from":"Shreyas_c82ad4b7-4ba3-4a29-989c-ed0396c86f52","to":"Prashant_9c11d2d9-a903-46da-a1e7-99697dba07f8","Audio":{"timestamp":1611071178570.466,"packetsReceived":6658,"packetsLost":0},"Type":"inbound-rtp","Video":{"timestamp":1611071178570.466,"packetsReceived":3640,"packetsLost":0}},{"from":"Shreyas_c82ad4b7-4ba3-4a29-989c-ed0396c86f52","to":"Prashant_9c11d2d9-a903-46da-a1e7-99697dba07f8","Audio":{"timestamp":1611071183570.61,"packetsReceived":6908,"packetsLost":0},"Type":"inbound-rtp","Video":{"timestamp":1611071183570.61,"packetsReceived":4306,"packetsLost":0}},{"from":"Shreyas_c82ad4b7-4ba3-4a29-989c-ed0396c86f52","to":"Prashant_9c11d2d9-a903-46da-a1e7-99697dba07f8","Audio":{"timestamp":1611071183570.61,"packetsReceived":6908,"packetsLost":0},"Type":"inbound-rtp","Video":{"timestamp":1611071183570.61,"packetsReceived":4306,"packetsLost":0}},{"from":"Shreyas_c82ad4b7-4ba3-4a29-989c-ed0396c86f52","to":"Prashant_9c11d2d9-a903-46da-a1e7-99697dba07f8","Audio":{"timestamp":1611071188570.638,"packetsReceived":7158,"packetsLost":0},"Type":"inbound-rtp","Video":{"timestamp":1611071188570.638,"packetsReceived":5042,"packetsLost":0}},{"from":"Shreyas_c82ad4b7-4ba3-4a29-989c-ed0396c86f52","to":"Prashant_9c11d2d9-a903-46da-a1e7-99697dba07f8","Audio":{"timestamp":1611071188570.638,"packetsReceived":7158,"packetsLost":0},"Type":"inbound-rtp","Video":{"timestamp":1611071188570.638,"packetsReceived":5042,"packetsLost":0}},{"from":"Shreyas_c82ad4b7-4ba3-4a29-989c-ed0396c86f52","to":"Prashant_9c11d2d9-a903-46da-a1e7-99697dba07f8","Audio":{"timestamp":1611071193570.61,"packetsReceived":7407,"packetsLost":0},"Type":"inbound-rtp","Video":{"timestamp":1611071193570.61,"packetsReceived":5810,"packetsLost":0}},{"from":"Shreyas_c82ad4b7-4ba3-4a29-989c-ed0396c86f52","to":"Prashant_9c11d2d9-a903-46da-a1e7-99697dba07f8","Audio":{"timestamp":1611071193570.61,"packetsReceived":7407,"packetsLost":0},"Type":"inbound-rtp","Video":{"timestamp":1611071193570.61,"packetsReceived":5810,"packetsLost":0}},{"from":"Shreyas_c82ad4b7-4ba3-4a29-989c-ed0396c86f52","to":"Prashant_9c11d2d9-a903-46da-a1e7-99697dba07f8","Audio":{"timestamp":1611071198570.654,"packetsReceived":7658,"packetsLost":0},"Type":"inbound-rtp","Video":{"timestamp":1611071198570.654,"packetsReceived":6792,"packetsLost":0}},{"from":"Shreyas_c82ad4b7-4ba3-4a29-989c-ed0396c86f52","to":"Prashant_9c11d2d9-a903-46da-a1e7-99697dba07f8","Audio":{"timestamp":1611071198570.654,"packetsReceived":7658,"packetsLost":0},"Type":"inbound-rtp","Video":{"timestamp":1611071198570.654,"packetsReceived":6792,"packetsLost":0}},{"from":"Shreyas_c82ad4b7-4ba3-4a29-989c-ed0396c86f52","to":"Prashant_9c11d2d9-a903-46da-a1e7-99697dba07f8","Audio":{"timestamp":1611071203570.632,"packetsReceived":7909,"packetsLost":0},"Type":"inbound-rtp","Video":{"timestamp":1611071203570.632,"packetsReceived":7920,"packetsLost":0}},{"from":"Shreyas_c82ad4b7-4ba3-4a29-989c-ed0396c86f52","to":"Prashant_9c11d2d9-a903-46da-a1e7-99697dba07f8","Audio":{"timestamp":1611071203570.632,"packetsReceived":7909,"packetsLost":0},"Type":"inbound-rtp","Video":{"timestamp":1611071203570.632,"packetsReceived":7920,"packetsLost":0}},{"from":"Shreyas_c82ad4b7-4ba3-4a29-989c-ed0396c86f52","to":"Prashant_9c11d2d9-a903-46da-a1e7-99697dba07f8","Audio":{"timestamp":1611071208570.511,"packetsReceived":8158,"packetsLost":0},"Type":"inbound-rtp","Video":{"timestamp":1611071208570.511,"packetsReceived":9083,"packetsLost":0}},{"from":"Shreyas_c82ad4b7-4ba3-4a29-989c-ed0396c86f52","to":"Prashant_9c11d2d9-a903-46da-a1e7-99697dba07f8","Audio":{"timestamp":1611071208570.511,"packetsReceived":8158,"packetsLost":0},"Type":"inbound-rtp","Video":{"timestamp":1611071208570.511,"packetsReceived":9083,"packetsLost":0}},{"from":"Shreyas_c82ad4b7-4ba3-4a29-989c-ed0396c86f52","to":"Prashant_9c11d2d9-a903-46da-a1e7-99697dba07f8","Audio":{"timestamp":1611071213570.69,"packetsReceived":8409,"packetsLost":0},"Type":"inbound-rtp","Video":{"timestamp":1611071213570.69,"packetsReceived":10346,"packetsLost":0}},{"from":"Shreyas_c82ad4b7-4ba3-4a29-989c-ed0396c86f52","to":"Prashant_9c11d2d9-a903-46da-a1e7-99697dba07f8","Audio":{"timestamp":1611071213570.69,"packetsReceived":8409,"packetsLost":0},"Type":"inbound-rtp","Video":{"timestamp":1611071213570.69,"packetsReceived":10346,"packetsLost":0}},{"from":"Shreyas_c82ad4b7-4ba3-4a29-989c-ed0396c86f52","to":"Prashant_9c11d2d9-a903-46da-a1e7-99697dba07f8","Audio":{"timestamp":1611071218570.448,"packetsReceived":8657,"packetsLost":0},"Type":"inbound-rtp","Video":{"timestamp":1611071218570.448,"packetsReceived":11799,"packetsLost":0}},{"from":"Shreyas_c82ad4b7-4ba3-4a29-989c-ed0396c86f52","to":"Prashant_9c11d2d9-a903-46da-a1e7-99697dba07f8","Audio":{"timestamp":1611071218570.448,"packetsReceived":8657,"packetsLost":0},"Type":"inbound-rtp","Video":{"timestamp":1611071218570.448,"packetsReceived":11799,"packetsLost":0}},{"from":"Shreyas_c82ad4b7-4ba3-4a29-989c-ed0396c86f52","to":"Prashant_9c11d2d9-a903-46da-a1e7-99697dba07f8","Audio":{"timestamp":1611071223570.523,"packetsReceived":8908,"packetsLost":0},"Type":"inbound-rtp","Video":{"timestamp":1611071223570.523,"packetsReceived":13130,"packetsLost":0}},{"from":"Shreyas_c82ad4b7-4ba3-4a29-989c-ed0396c86f52","to":"Prashant_9c11d2d9-a903-46da-a1e7-99697dba07f8","Audio":{"timestamp":1611071223570.523,"packetsReceived":8908,"packetsLost":0},"Type":"inbound-rtp","Video":{"timestamp":1611071223570.523,"packetsReceived":13130,"packetsLost":0}},{"from":"Shreyas_c82ad4b7-4ba3-4a29-989c-ed0396c86f52","to":"Prashant_9c11d2d9-a903-46da-a1e7-99697dba07f8","Audio":{"timestamp":1611071228570.455,"packetsReceived":9156,"packetsLost":0},"Type":"inbound-rtp","Video":{"timestamp":1611071228570.455,"packetsReceived":14353,"packetsLost":0}},{"from":"Shreyas_c82ad4b7-4ba3-4a29-989c-ed0396c86f52","to":"Prashant_9c11d2d9-a903-46da-a1e7-99697dba07f8","Audio":{"timestamp":1611071228570.455,"packetsReceived":9156,"packetsLost":0},"Type":"inbound-rtp","Video":{"timestamp":1611071228570.455,"packetsReceived":14353,"packetsLost":0}},{"from":"Shreyas_c82ad4b7-4ba3-4a29-989c-ed0396c86f52","to":"Prashant_9c11d2d9-a903-46da-a1e7-99697dba07f8","Audio":{"timestamp":1611071233570.56,"packetsReceived":9408,"packetsLost":0},"Type":"inbound-rtp","Video":{"timestamp":1611071233570.56,"packetsReceived":15524,"packetsLost":0}},{"from":"Shreyas_c82ad4b7-4ba3-4a29-989c-ed0396c86f52","to":"Prashant_9c11d2d9-a903-46da-a1e7-99697dba07f8","Audio":{"timestamp":1611071233570.56,"packetsReceived":9408,"packetsLost":0},"Type":"inbound-rtp","Video":{"timestamp":1611071233570.56,"packetsReceived":15524,"packetsLost":0}},{"from":"Shreyas_c82ad4b7-4ba3-4a29-989c-ed0396c86f52","to":"Prashant_9c11d2d9-a903-46da-a1e7-99697dba07f8","Audio":{"timestamp":1611071238570.541,"packetsReceived":9658,"packetsLost":0},"Type":"inbound-rtp","Video":{"timestamp":1611071238570.541,"packetsReceived":16478,"packetsLost":0}},{"from":"Shreyas_c82ad4b7-4ba3-4a29-989c-ed0396c86f52","to":"Prashant_9c11d2d9-a903-46da-a1e7-99697dba07f8","Audio":{"timestamp":1611071238570.541,"packetsReceived":9658,"packetsLost":0},"Type":"inbound-rtp","Video":{"timestamp":1611071238570.541,"packetsReceived":16478,"packetsLost":0}},{"from":"Shreyas_c82ad4b7-4ba3-4a29-989c-ed0396c86f52","to":"Prashant_9c11d2d9-a903-46da-a1e7-99697dba07f8","Audio":{"timestamp":1611071243570.52,"packetsReceived":9908,"packetsLost":0},"Type":"inbound-rtp","Video":{"timestamp":1611071243570.52,"packetsReceived":17361,"packetsLost":0}},{"from":"Shreyas_c82ad4b7-4ba3-4a29-989c-ed0396c86f52","to":"Prashant_9c11d2d9-a903-46da-a1e7-99697dba07f8","Audio":{"timestamp":1611071243570.52,"packetsReceived":9908,"packetsLost":0},"Type":"inbound-rtp","Video":{"timestamp":1611071243570.52,"packetsReceived":17361,"packetsLost":0}},{"from":"Shreyas_c82ad4b7-4ba3-4a29-989c-ed0396c86f52","to":"Prashant_9c11d2d9-a903-46da-a1e7-99697dba07f8","Audio":{"timestamp":1611071248570.508,"packetsReceived":10158,"packetsLost":0},"Type":"inbound-rtp","Video":{"timestamp":1611071248570.508,"packetsReceived":18500,"packetsLost":0}},{"from":"Shreyas_c82ad4b7-4ba3-4a29-989c-ed0396c86f52","to":"Prashant_9c11d2d9-a903-46da-a1e7-99697dba07f8","Audio":{"timestamp":1611071248570.508,"packetsReceived":10158,"packetsLost":0},"Type":"inbound-rtp","Video":{"timestamp":1611071248570.508,"packetsReceived":18500,"packetsLost":0}},{"from":"Shreyas_c82ad4b7-4ba3-4a29-989c-ed0396c86f52","to":"Prashant_9c11d2d9-a903-46da-a1e7-99697dba07f8","Audio":{"timestamp":1611071253570.558,"packetsReceived":10409,"packetsLost":0},"Type":"inbound-rtp","Video":{"timestamp":1611071253570.558,"packetsReceived":19648,"packetsLost":0}},{"from":"Shreyas_c82ad4b7-4ba3-4a29-989c-ed0396c86f52","to":"Prashant_9c11d2d9-a903-46da-a1e7-99697dba07f8","Audio":{"timestamp":1611071253570.558,"packetsReceived":10409,"packetsLost":0},"Type":"inbound-rtp","Video":{"timestamp":1611071253570.558,"packetsReceived":19648,"packetsLost":0}},{"from":"Shreyas_c82ad4b7-4ba3-4a29-989c-ed0396c86f52","to":"Prashant_9c11d2d9-a903-46da-a1e7-99697dba07f8","Audio":{"timestamp":1611071258570.498,"packetsReceived":10658,"packetsLost":0},"Type":"inbound-rtp","Video":{"timestamp":1611071258570.498,"packetsReceived":20696,"packetsLost":0}},{"from":"Shreyas_c82ad4b7-4ba3-4a29-989c-ed0396c86f52","to":"Prashant_9c11d2d9-a903-46da-a1e7-99697dba07f8","Audio":{"timestamp":1611071258570.498,"packetsReceived":10658,"packetsLost":0},"Type":"inbound-rtp","Video":{"timestamp":1611071258570.498,"packetsReceived":20696,"packetsLost":0}},{"from":"Shreyas_c82ad4b7-4ba3-4a29-989c-ed0396c86f52","to":"Prashant_9c11d2d9-a903-46da-a1e7-99697dba07f8","Audio":{"timestamp":1611071263570.486,"packetsReceived":10908,"packetsLost":0},"Type":"inbound-rtp","Video":{"timestamp":1611071263570.486,"packetsReceived":21880,"packetsLost":0}},{"from":"Shreyas_c82ad4b7-4ba3-4a29-989c-ed0396c86f52","to":"Prashant_9c11d2d9-a903-46da-a1e7-99697dba07f8","Audio":{"timestamp":1611071263570.486,"packetsReceived":10908,"packetsLost":0},"Type":"inbound-rtp","Video":{"timestamp":1611071263570.486,"packetsReceived":21880,"packetsLost":0}},{"from":"Shreyas_c82ad4b7-4ba3-4a29-989c-ed0396c86f52","to":"Prashant_9c11d2d9-a903-46da-a1e7-99697dba07f8","Audio":{"timestamp":1611071268570.712,"packetsReceived":11158,"packetsLost":0},"Type":"inbound-rtp","Video":{"timestamp":1611071268570.712,"packetsReceived":22998,"packetsLost":0}},{"from":"Shreyas_c82ad4b7-4ba3-4a29-989c-ed0396c86f52","to":"Prashant_9c11d2d9-a903-46da-a1e7-99697dba07f8","Audio":{"timestamp":1611071268570.712,"packetsReceived":11158,"packetsLost":0},"Type":"inbound-rtp","Video":{"timestamp":1611071268570.712,"packetsReceived":22998,"packetsLost":0}},{"from":"Shreyas_c82ad4b7-4ba3-4a29-989c-ed0396c86f52","to":"Prashant_9c11d2d9-a903-46da-a1e7-99697dba07f8","Audio":{"timestamp":1611071273570.64,"packetsReceived":11406,"packetsLost":0},"Type":"inbound-rtp","Video":{"timestamp":1611071273570.64,"packetsReceived":24108,"packetsLost":0}},{"from":"Shreyas_c82ad4b7-4ba3-4a29-989c-ed0396c86f52","to":"Prashant_9c11d2d9-a903-46da-a1e7-99697dba07f8","Audio":{"timestamp":1611071273570.64,"packetsReceived":11406,"packetsLost":0},"Type":"inbound-rtp","Video":{"timestamp":1611071273570.64,"packetsReceived":24108,"packetsLost":0}},{"from":"Shreyas_c82ad4b7-4ba3-4a29-989c-ed0396c86f52","to":"Prashant_9c11d2d9-a903-46da-a1e7-99697dba07f8","Audio":{"timestamp":1611071278570.722,"packetsReceived":11658,"packetsLost":0},"Type":"inbound-rtp","Video":{"timestamp":1611071278570.722,"packetsReceived":25272,"packetsLost":0}},{"from":"Shreyas_c82ad4b7-4ba3-4a29-989c-ed0396c86f52","to":"Prashant_9c11d2d9-a903-46da-a1e7-99697dba07f8","Audio":{"timestamp":1611071278570.722,"packetsReceived":11658,"packetsLost":0},"Type":"inbound-rtp","Video":{"timestamp":1611071278570.722,"packetsReceived":25272,"packetsLost":0}},{"from":"Shreyas_c82ad4b7-4ba3-4a29-989c-ed0396c86f52","to":"Prashant_9c11d2d9-a903-46da-a1e7-99697dba07f8","Audio":{"timestamp":1611071283570.57,"packetsReceived":11908,"packetsLost":0},"Type":"inbound-rtp","Video":{"timestamp":1611071283570.57,"packetsReceived":26383,"packetsLost":0}},{"from":"Shreyas_c82ad4b7-4ba3-4a29-989c-ed0396c86f52","to":"Prashant_9c11d2d9-a903-46da-a1e7-99697dba07f8","Audio":{"timestamp":1611071283570.57,"packetsReceived":11908,"packetsLost":0},"Type":"inbound-rtp","Video":{"timestamp":1611071283570.57,"packetsReceived":26383,"packetsLost":0}},{"from":"Shreyas_c82ad4b7-4ba3-4a29-989c-ed0396c86f52","to":"Prashant_9c11d2d9-a903-46da-a1e7-99697dba07f8","Audio":{"timestamp":1611071288570.655,"packetsReceived":12157,"packetsLost":0},"Type":"inbound-rtp","Video":{"timestamp":1611071288570.655,"packetsReceived":27518,"packetsLost":0}},{"from":"Shreyas_c82ad4b7-4ba3-4a29-989c-ed0396c86f52","to":"Prashant_9c11d2d9-a903-46da-a1e7-99697dba07f8","Audio":{"timestamp":1611071288570.655,"packetsReceived":12157,"packetsLost":0},"Type":"inbound-rtp","Video":{"timestamp":1611071288570.655,"packetsReceived":27518,"packetsLost":0}},{"from":"Shreyas_c82ad4b7-4ba3-4a29-989c-ed0396c86f52","to":"Prashant_9c11d2d9-a903-46da-a1e7-99697dba07f8","Audio":{"timestamp":1611071293570.483,"packetsReceived":12408,"packetsLost":0},"Type":"inbound-rtp","Video":{"timestamp":1611071293570.483,"packetsReceived":28551,"packetsLost":0}},{"from":"Shreyas_c82ad4b7-4ba3-4a29-989c-ed0396c86f52","to":"Prashant_9c11d2d9-a903-46da-a1e7-99697dba07f8","Audio":{"timestamp":1611071293570.483,"packetsReceived":12408,"packetsLost":0},"Type":"inbound-rtp","Video":{"timestamp":1611071293570.483,"packetsReceived":28551,"packetsLost":0}},{"from":"Shreyas_c82ad4b7-4ba3-4a29-989c-ed0396c86f52","to":"Prashant_9c11d2d9-a903-46da-a1e7-99697dba07f8","Audio":{"timestamp":1611071298570.535,"packetsReceived":12659,"packetsLost":0},"Type":"inbound-rtp","Video":{"timestamp":1611071298570.535,"packetsReceived":30096,"packetsLost":0}},{"from":"Shreyas_c82ad4b7-4ba3-4a29-989c-ed0396c86f52","to":"Prashant_9c11d2d9-a903-46da-a1e7-99697dba07f8","Audio":{"timestamp":1611071298570.535,"packetsReceived":12659,"packetsLost":0},"Type":"inbound-rtp","Video":{"timestamp":1611071298570.535,"packetsReceived":30096,"packetsLost":0}},{"from":"Shreyas_c82ad4b7-4ba3-4a29-989c-ed0396c86f52","to":"Prashant_9c11d2d9-a903-46da-a1e7-99697dba07f8","Audio":{"timestamp":1611071303570.748,"packetsReceived":12908,"packetsLost":0},"Type":"inbound-rtp","Video":{"timestamp":1611071303570.748,"packetsReceived":31506,"packetsLost":0}},{"from":"Shreyas_c82ad4b7-4ba3-4a29-989c-ed0396c86f52","to":"Prashant_9c11d2d9-a903-46da-a1e7-99697dba07f8","Audio":{"timestamp":1611071303570.748,"packetsReceived":12908,"packetsLost":0},"Type":"inbound-rtp","Video":{"timestamp":1611071303570.748,"packetsReceived":31506,"packetsLost":0}},{"from":"Shreyas_c82ad4b7-4ba3-4a29-989c-ed0396c86f52","to":"Prashant_9c11d2d9-a903-46da-a1e7-99697dba07f8","Audio":{"timestamp":1611071308570.461,"packetsReceived":13158,"packetsLost":0},"Type":"inbound-rtp","Video":{"timestamp":1611071308570.461,"packetsReceived":32945,"packetsLost":0}},{"from":"Shreyas_c82ad4b7-4ba3-4a29-989c-ed0396c86f52","to":"Prashant_9c11d2d9-a903-46da-a1e7-99697dba07f8","Audio":{"timestamp":1611071308570.461,"packetsReceived":13158,"packetsLost":0},"Type":"inbound-rtp","Video":{"timestamp":1611071308570.461,"packetsReceived":32945,"packetsLost":0}},{"from":"Shreyas_c82ad4b7-4ba3-4a29-989c-ed0396c86f52","to":"Prashant_9c11d2d9-a903-46da-a1e7-99697dba07f8","Audio":{"timestamp":1611071313570.59,"packetsReceived":13409,"packetsLost":0},"Type":"inbound-rtp","Video":{"timestamp":1611071313570.59,"packetsReceived":34350,"packetsLost":0}},{"from":"Shreyas_c82ad4b7-4ba3-4a29-989c-ed0396c86f52","to":"Prashant_9c11d2d9-a903-46da-a1e7-99697dba07f8","Audio":{"timestamp":1611071313570.59,"packetsReceived":13409,"packetsLost":0},"Type":"inbound-rtp","Video":{"timestamp":1611071313570.59,"packetsReceived":34350,"packetsLost":0}},{"from":"Shreyas_c82ad4b7-4ba3-4a29-989c-ed0396c86f52","to":"Prashant_9c11d2d9-a903-46da-a1e7-99697dba07f8","Audio":{"timestamp":1611071318570.576,"packetsReceived":13658,"packetsLost":0},"Type":"inbound-rtp","Video":{"timestamp":1611071318570.576,"packetsReceived":35808,"packetsLost":0}},{"from":"Shreyas_c82ad4b7-4ba3-4a29-989c-ed0396c86f52","to":"Prashant_9c11d2d9-a903-46da-a1e7-99697dba07f8","Audio":{"timestamp":1611071318570.576,"packetsReceived":13658,"packetsLost":0},"Type":"inbound-rtp","Video":{"timestamp":1611071318570.576,"packetsReceived":35808,"packetsLost":0}},{"from":"Shreyas_c82ad4b7-4ba3-4a29-989c-ed0396c86f52","to":"Prashant_9c11d2d9-a903-46da-a1e7-99697dba07f8","Audio":{"timestamp":1611071323570.542,"packetsReceived":13908,"packetsLost":0},"Type":"inbound-rtp","Video":{"timestamp":1611071323570.542,"packetsReceived":37235,"packetsLost":0}},{"from":"Shreyas_c82ad4b7-4ba3-4a29-989c-ed0396c86f52","to":"Prashant_9c11d2d9-a903-46da-a1e7-99697dba07f8","Audio":{"timestamp":1611071323570.542,"packetsReceived":13908,"packetsLost":0},"Type":"inbound-rtp","Video":{"timestamp":1611071323570.542,"packetsReceived":37235,"packetsLost":0}},{"from":"Shreyas_c82ad4b7-4ba3-4a29-989c-ed0396c86f52","to":"Prashant_9c11d2d9-a903-46da-a1e7-99697dba07f8","Audio":{"timestamp":1611071328570.613,"packetsReceived":14159,"packetsLost":0},"Type":"inbound-rtp","Video":{"timestamp":1611071328570.613,"packetsReceived":38232,"packetsLost":0}},{"from":"Shreyas_c82ad4b7-4ba3-4a29-989c-ed0396c86f52","to":"Prashant_9c11d2d9-a903-46da-a1e7-99697dba07f8","Audio":{"timestamp":1611071328570.613,"packetsReceived":14159,"packetsLost":0},"Type":"inbound-rtp","Video":{"timestamp":1611071328570.613,"packetsReceived":38232,"packetsLost":0}},{"from":"Shreyas_c82ad4b7-4ba3-4a29-989c-ed0396c86f52","to":"Prashant_9c11d2d9-a903-46da-a1e7-99697dba07f8","Audio":{"timestamp":1611071333570.635,"packetsReceived":14408,"packetsLost":0},"Type":"inbound-rtp","Video":{"timestamp":1611071333570.635,"packetsReceived":39006,"packetsLost":0}},{"from":"Shreyas_c82ad4b7-4ba3-4a29-989c-ed0396c86f52","to":"Prashant_9c11d2d9-a903-46da-a1e7-99697dba07f8","Audio":{"timestamp":1611071333570.635,"packetsReceived":14408,"packetsLost":0},"Type":"inbound-rtp","Video":{"timestamp":1611071333570.635,"packetsReceived":39006,"packetsLost":0}},{"from":"Shreyas_c82ad4b7-4ba3-4a29-989c-ed0396c86f52","to":"Prashant_9c11d2d9-a903-46da-a1e7-99697dba07f8","Audio":{"timestamp":1611071338570.619,"packetsReceived":14658,"packetsLost":0},"Type":"inbound-rtp","Video":{"timestamp":1611071338570.619,"packetsReceived":39658,"packetsLost":0}},{"from":"Shreyas_c82ad4b7-4ba3-4a29-989c-ed0396c86f52","to":"Prashant_9c11d2d9-a903-46da-a1e7-99697dba07f8","Audio":{"timestamp":1611071338570.619,"packetsReceived":14658,"packetsLost":0},"Type":"inbound-rtp","Video":{"timestamp":1611071338570.619,"packetsReceived":39658,"packetsLost":0}},{"from":"Shreyas_c82ad4b7-4ba3-4a29-989c-ed0396c86f52","to":"Prashant_9c11d2d9-a903-46da-a1e7-99697dba07f8","Audio":{"timestamp":1611071343570.534,"packetsReceived":14908,"packetsLost":0},"Type":"inbound-rtp","Video":{"timestamp":1611071343570.534,"packetsReceived":39984,"packetsLost":0}},{"from":"Shreyas_c82ad4b7-4ba3-4a29-989c-ed0396c86f52","to":"Prashant_9c11d2d9-a903-46da-a1e7-99697dba07f8","Audio":{"timestamp":1611071343570.534,"packetsReceived":14908,"packetsLost":0},"Type":"inbound-rtp","Video":{"timestamp":1611071343570.534,"packetsReceived":39984,"packetsLost":0}},{"from":"Shreyas_c82ad4b7-4ba3-4a29-989c-ed0396c86f52","to":"Prashant_9c11d2d9-a903-46da-a1e7-99697dba07f8","Audio":{"timestamp":1611071348570.703,"packetsReceived":15158,"packetsLost":0},"Type":"inbound-rtp","Video":{"timestamp":1611071348570.703,"packetsReceived":40009,"packetsLost":0}},{"from":"Shreyas_c82ad4b7-4ba3-4a29-989c-ed0396c86f52","to":"Prashant_9c11d2d9-a903-46da-a1e7-99697dba07f8","Audio":{"timestamp":1611071348570.703,"packetsReceived":15158,"packetsLost":0},"Type":"inbound-rtp","Video":{"timestamp":1611071348570.703,"packetsReceived":40009,"packetsLost":0}},{"from":"Shreyas_c82ad4b7-4ba3-4a29-989c-ed0396c86f52","to":"Prashant_9c11d2d9-a903-46da-a1e7-99697dba07f8","Audio":{"timestamp":1611071353570.755,"packetsReceived":15408,"packetsLost":0},"Type":"inbound-rtp","Video":{"timestamp":1611071353570.755,"packetsReceived":40036,"packetsLost":0}},{"from":"Shreyas_c82ad4b7-4ba3-4a29-989c-ed0396c86f52","to":"Prashant_9c11d2d9-a903-46da-a1e7-99697dba07f8","Audio":{"timestamp":1611071353570.755,"packetsReceived":15408,"packetsLost":0},"Type":"inbound-rtp","Video":{"timestamp":1611071353570.755,"packetsReceived":40036,"packetsLost":0}},{"from":"Shreyas_c82ad4b7-4ba3-4a29-989c-ed0396c86f52","to":"Prashant_9c11d2d9-a903-46da-a1e7-99697dba07f8","Audio":{"timestamp":1611071358570.668,"packetsReceived":15659,"packetsLost":0},"Type":"inbound-rtp","Video":{"timestamp":1611071358570.668,"packetsReceived":40060,"packetsLost":0}},{"from":"Shreyas_c82ad4b7-4ba3-4a29-989c-ed0396c86f52","to":"Prashant_9c11d2d9-a903-46da-a1e7-99697dba07f8","Audio":{"timestamp":1611071358570.668,"packetsReceived":15659,"packetsLost":0},"Type":"inbound-rtp","Video":{"timestamp":1611071358570.668,"packetsReceived":40060,"packetsLost":0}},{"from":"Shreyas_c82ad4b7-4ba3-4a29-989c-ed0396c86f52","to":"Prashant_9c11d2d9-a903-46da-a1e7-99697dba07f8","Audio":{"timestamp":1611071363570.759,"packetsReceived":15908,"packetsLost":0},"Type":"inbound-rtp","Video":{"timestamp":1611071363570.759,"packetsReceived":40080,"packetsLost":0}},{"from":"Shreyas_c82ad4b7-4ba3-4a29-989c-ed0396c86f52","to":"Prashant_9c11d2d9-a903-46da-a1e7-99697dba07f8","Audio":{"timestamp":1611071363570.759,"packetsReceived":15908,"packetsLost":0},"Type":"inbound-rtp","Video":{"timestamp":1611071363570.759,"packetsReceived":40080,"packetsLost":0}},{"from":"Shreyas_c82ad4b7-4ba3-4a29-989c-ed0396c86f52","to":"Prashant_9c11d2d9-a903-46da-a1e7-99697dba07f8","Audio":{"timestamp":1611071368570.732,"packetsReceived":16158,"packetsLost":0},"Type":"inbound-rtp","Video":{"timestamp":1611071368570.732,"packetsReceived":40096,"packetsLost":0}},{"from":"Shreyas_c82ad4b7-4ba3-4a29-989c-ed0396c86f52","to":"Prashant_9c11d2d9-a903-46da-a1e7-99697dba07f8","Audio":{"timestamp":1611071368570.732,"packetsReceived":16158,"packetsLost":0},"Type":"inbound-rtp","Video":{"timestamp":1611071368570.732,"packetsReceived":40096,"packetsLost":0}},{"from":"Shreyas_c82ad4b7-4ba3-4a29-989c-ed0396c86f52","to":"Prashant_9c11d2d9-a903-46da-a1e7-99697dba07f8","Audio":{"timestamp":1611071374165.558,"packetsReceived":16438,"packetsLost":0},"Type":"inbound-rtp","Video":{"timestamp":1611071374165.558,"packetsReceived":40219,"packetsLost":0}},{"from":"Shreyas_c82ad4b7-4ba3-4a29-989c-ed0396c86f52","to":"Prashant_9c11d2d9-a903-46da-a1e7-99697dba07f8","Audio":{"timestamp":1611071374165.558,"packetsReceived":16438,"packetsLost":0},"Type":"inbound-rtp","Video":{"timestamp":1611071374165.558,"packetsReceived":40219,"packetsLost":0}},{"from":"Shreyas_c82ad4b7-4ba3-4a29-989c-ed0396c86f52","to":"Prashant_9c11d2d9-a903-46da-a1e7-99697dba07f8","Audio":{"timestamp":1611071379165.777,"packetsReceived":16688,"packetsLost":0},"Type":"inbound-rtp","Video":{"timestamp":1611071379165.777,"packetsReceived":40400,"packetsLost":0}},{"from":"Shreyas_c82ad4b7-4ba3-4a29-989c-ed0396c86f52","to":"Prashant_9c11d2d9-a903-46da-a1e7-99697dba07f8","Audio":{"timestamp":1611071379165.777,"packetsReceived":16688,"packetsLost":0},"Type":"inbound-rtp","Video":{"timestamp":1611071379165.777,"packetsReceived":40400,"packetsLost":0}},{"from":"Shreyas_c82ad4b7-4ba3-4a29-989c-ed0396c86f52","to":"Prashant_9c11d2d9-a903-46da-a1e7-99697dba07f8","Audio":{"timestamp":1611071384165.623,"packetsReceived":16938,"packetsLost":0},"Type":"inbound-rtp","Video":{"timestamp":1611071384165.623,"packetsReceived":40475,"packetsLost":0}},{"from":"Shreyas_c82ad4b7-4ba3-4a29-989c-ed0396c86f52","to":"Prashant_9c11d2d9-a903-46da-a1e7-99697dba07f8","Audio":{"timestamp":1611071384165.623,"packetsReceived":16938,"packetsLost":0},"Type":"inbound-rtp","Video":{"timestamp":1611071384165.623,"packetsReceived":40475,"packetsLost":0}},{"from":"Shreyas_c82ad4b7-4ba3-4a29-989c-ed0396c86f52","to":"Prashant_9c11d2d9-a903-46da-a1e7-99697dba07f8","Audio":{"timestamp":1611071389166.005,"packetsReceived":17188,"packetsLost":0},"Type":"inbound-rtp","Video":{"timestamp":1611071389166.005,"packetsReceived":40520,"packetsLost":0}},{"from":"Shreyas_c82ad4b7-4ba3-4a29-989c-ed0396c86f52","to":"Prashant_9c11d2d9-a903-46da-a1e7-99697dba07f8","Audio":{"timestamp":1611071389166.005,"packetsReceived":17188,"packetsLost":0},"Type":"inbound-rtp","Video":{"timestamp":1611071389166.005,"packetsReceived":40520,"packetsLost":0}},{"from":"Shreyas_c82ad4b7-4ba3-4a29-989c-ed0396c86f52","to":"Prashant_9c11d2d9-a903-46da-a1e7-99697dba07f8","Audio":{"timestamp":1611071394165.76,"packetsReceived":17438,"packetsLost":0},"Type":"inbound-rtp","Video":{"timestamp":1611071394165.76,"packetsReceived":40565,"packetsLost":0}},{"from":"Shreyas_c82ad4b7-4ba3-4a29-989c-ed0396c86f52","to":"Prashant_9c11d2d9-a903-46da-a1e7-99697dba07f8","Audio":{"timestamp":1611071394165.76,"packetsReceived":17438,"packetsLost":0},"Type":"inbound-rtp","Video":{"timestamp":1611071394165.76,"packetsReceived":40565,"packetsLost":0}},{"from":"Shreyas_c82ad4b7-4ba3-4a29-989c-ed0396c86f52","to":"Prashant_9c11d2d9-a903-46da-a1e7-99697dba07f8","Audio":{"timestamp":1611071399165.971,"packetsReceived":17688,"packetsLost":0},"Type":"inbound-rtp","Video":{"timestamp":1611071399165.971,"packetsReceived":40610,"packetsLost":0}},{"from":"Shreyas_c82ad4b7-4ba3-4a29-989c-ed0396c86f52","to":"Prashant_9c11d2d9-a903-46da-a1e7-99697dba07f8","Audio":{"timestamp":1611071399165.971,"packetsReceived":17688,"packetsLost":0},"Type":"inbound-rtp","Video":{"timestamp":1611071399165.971,"packetsReceived":40610,"packetsLost":0}},{"from":"Shreyas_c82ad4b7-4ba3-4a29-989c-ed0396c86f52","to":"Prashant_9c11d2d9-a903-46da-a1e7-99697dba07f8","Audio":{"timestamp":1611071404166.263,"packetsReceived":17938,"packetsLost":0},"Type":"inbound-rtp","Video":{"timestamp":1611071404166.263,"packetsReceived":40646,"packetsLost":0}},{"from":"Shreyas_c82ad4b7-4ba3-4a29-989c-ed0396c86f52","to":"Prashant_9c11d2d9-a903-46da-a1e7-99697dba07f8","Audio":{"timestamp":1611071404166.263,"packetsReceived":17938,"packetsLost":0},"Type":"inbound-rtp","Video":{"timestamp":1611071404166.263,"packetsReceived":40646,"packetsLost":0}},{"from":"Shreyas_c82ad4b7-4ba3-4a29-989c-ed0396c86f52","to":"Prashant_9c11d2d9-a903-46da-a1e7-99697dba07f8","Audio":{"timestamp":1611071409165.804,"packetsReceived":18188,"packetsLost":0},"Type":"inbound-rtp","Video":{"timestamp":1611071409165.804,"packetsReceived":40698,"packetsLost":0}},{"from":"Shreyas_c82ad4b7-4ba3-4a29-989c-ed0396c86f52","to":"Prashant_9c11d2d9-a903-46da-a1e7-99697dba07f8","Audio":{"timestamp":1611071409165.804,"packetsReceived":18188,"packetsLost":0},"Type":"inbound-rtp","Video":{"timestamp":1611071409165.804,"packetsReceived":40698,"packetsLost":0}},{"from":"Shreyas_c82ad4b7-4ba3-4a29-989c-ed0396c86f52","to":"Prashant_9c11d2d9-a903-46da-a1e7-99697dba07f8","Audio":{"timestamp":1611071414166.084,"packetsReceived":18438,"packetsLost":0},"Type":"inbound-rtp","Video":{"timestamp":1611071414166.084,"packetsReceived":40746,"packetsLost":0}},{"from":"Shreyas_c82ad4b7-4ba3-4a29-989c-ed0396c86f52","to":"Prashant_9c11d2d9-a903-46da-a1e7-99697dba07f8","Audio":{"timestamp":1611071414166.084,"packetsReceived":18438,"packetsLost":0},"Type":"inbound-rtp","Video":{"timestamp":1611071414166.084,"packetsReceived":40746,"packetsLost":0}},{"from":"Shreyas_c82ad4b7-4ba3-4a29-989c-ed0396c86f52","to":"Prashant_9c11d2d9-a903-46da-a1e7-99697dba07f8","Audio":{"timestamp":1611071419166.222,"packetsReceived":18688,"packetsLost":0},"Type":"inbound-rtp","Video":{"timestamp":1611071419166.222,"packetsReceived":40782,"packetsLost":0}},{"from":"Shreyas_c82ad4b7-4ba3-4a29-989c-ed0396c86f52","to":"Prashant_9c11d2d9-a903-46da-a1e7-99697dba07f8","Audio":{"timestamp":1611071419166.222,"packetsReceived":18688,"packetsLost":0},"Type":"inbound-rtp","Video":{"timestamp":1611071419166.222,"packetsReceived":40782,"packetsLost":0}},{"from":"Shreyas_c82ad4b7-4ba3-4a29-989c-ed0396c86f52","to":"Prashant_9c11d2d9-a903-46da-a1e7-99697dba07f8","Audio":{"timestamp":1611071424165.74,"packetsReceived":18938,"packetsLost":0},"Type":"inbound-rtp","Video":{"timestamp":1611071424165.74,"packetsReceived":40827,"packetsLost":0}},{"from":"Shreyas_c82ad4b7-4ba3-4a29-989c-ed0396c86f52","to":"Prashant_9c11d2d9-a903-46da-a1e7-99697dba07f8","Audio":{"timestamp":1611071424165.74,"packetsReceived":18938,"packetsLost":0},"Type":"inbound-rtp","Video":{"timestamp":1611071424165.74,"packetsReceived":40827,"packetsLost":0}},{"from":"Shreyas_c82ad4b7-4ba3-4a29-989c-ed0396c86f52","to":"Prashant_9c11d2d9-a903-46da-a1e7-99697dba07f8","Audio":{"timestamp":1611071429166.085,"packetsReceived":19188,"packetsLost":0},"Type":"inbound-rtp","Video":{"timestamp":1611071429166.085,"packetsReceived":40872,"packetsLost":0}},{"from":"Shreyas_c82ad4b7-4ba3-4a29-989c-ed0396c86f52","to":"Prashant_9c11d2d9-a903-46da-a1e7-99697dba07f8","Audio":{"timestamp":1611071429166.085,"packetsReceived":19188,"packetsLost":0},"Type":"inbound-rtp","Video":{"timestamp":1611071429166.085,"packetsReceived":40872,"packetsLost":0}},{"from":"Shreyas_c82ad4b7-4ba3-4a29-989c-ed0396c86f52","to":"Prashant_9c11d2d9-a903-46da-a1e7-99697dba07f8","Audio":{"timestamp":1611071434165.743,"packetsReceived":19438,"packetsLost":0},"Type":"inbound-rtp","Video":{"timestamp":1611071434165.743,"packetsReceived":40917,"packetsLost":0}},{"from":"Shreyas_c82ad4b7-4ba3-4a29-989c-ed0396c86f52","to":"Prashant_9c11d2d9-a903-46da-a1e7-99697dba07f8","Audio":{"timestamp":1611071434165.743,"packetsReceived":19438,"packetsLost":0},"Type":"inbound-rtp","Video":{"timestamp":1611071434165.743,"packetsReceived":40917,"packetsLost":0}},{"from":"Shreyas_c82ad4b7-4ba3-4a29-989c-ed0396c86f52","to":"Prashant_9c11d2d9-a903-46da-a1e7-99697dba07f8","Audio":{"timestamp":1611071439165.757,"packetsReceived":19688,"packetsLost":0},"Type":"inbound-rtp","Video":{"timestamp":1611071439165.757,"packetsReceived":40953,"packetsLost":0}},{"from":"Shreyas_c82ad4b7-4ba3-4a29-989c-ed0396c86f52","to":"Prashant_9c11d2d9-a903-46da-a1e7-99697dba07f8","Audio":{"timestamp":1611071439165.757,"packetsReceived":19688,"packetsLost":0},"Type":"inbound-rtp","Video":{"timestamp":1611071439165.757,"packetsReceived":40953,"packetsLost":0}},{"from":"Shreyas_c82ad4b7-4ba3-4a29-989c-ed0396c86f52","to":"Prashant_9c11d2d9-a903-46da-a1e7-99697dba07f8","Audio":{"timestamp":1611071444166.078,"packetsReceived":19938,"packetsLost":0},"Type":"inbound-rtp","Video":{"timestamp":1611071444166.078,"packetsReceived":40998,"packetsLost":0}},{"from":"Shreyas_c82ad4b7-4ba3-4a29-989c-ed0396c86f52","to":"Prashant_9c11d2d9-a903-46da-a1e7-99697dba07f8","Audio":{"timestamp":1611071444166.078,"packetsReceived":19938,"packetsLost":0},"Type":"inbound-rtp","Video":{"timestamp":1611071444166.078,"packetsReceived":40998,"packetsLost":0}},{"from":"Shreyas_c82ad4b7-4ba3-4a29-989c-ed0396c86f52","to":"Prashant_9c11d2d9-a903-46da-a1e7-99697dba07f8","Audio":{"timestamp":1611071449165.743,"packetsReceived":20188,"packetsLost":0},"Type":"inbound-rtp","Video":{"timestamp":1611071449165.743,"packetsReceived":41043,"packetsLost":0}},{"from":"Shreyas_c82ad4b7-4ba3-4a29-989c-ed0396c86f52","to":"Prashant_9c11d2d9-a903-46da-a1e7-99697dba07f8","Audio":{"timestamp":1611071449165.743,"packetsReceived":20188,"packetsLost":0},"Type":"inbound-rtp","Video":{"timestamp":1611071449165.743,"packetsReceived":41043,"packetsLost":0}},{"from":"Shreyas_c82ad4b7-4ba3-4a29-989c-ed0396c86f52","to":"Prashant_9c11d2d9-a903-46da-a1e7-99697dba07f8","Audio":{"timestamp":1611071454165.816,"packetsReceived":20438,"packetsLost":0},"Type":"inbound-rtp","Video":{"timestamp":1611071454165.816,"packetsReceived":41079,"packetsLost":0}},{"from":"Shreyas_c82ad4b7-4ba3-4a29-989c-ed0396c86f52","to":"Prashant_9c11d2d9-a903-46da-a1e7-99697dba07f8","Audio":{"timestamp":1611071454165.816,"packetsReceived":20438,"packetsLost":0},"Type":"inbound-rtp","Video":{"timestamp":1611071454165.816,"packetsReceived":41079,"packetsLost":0}},{"from":"Shreyas_c82ad4b7-4ba3-4a29-989c-ed0396c86f52","to":"Prashant_9c11d2d9-a903-46da-a1e7-99697dba07f8","Audio":{"timestamp":1611071459165.798,"packetsReceived":20686,"packetsLost":0},"Type":"inbound-rtp","Video":{"timestamp":1611071459165.798,"packetsReceived":41124,"packetsLost":0}},{"from":"Shreyas_c82ad4b7-4ba3-4a29-989c-ed0396c86f52","to":"Prashant_9c11d2d9-a903-46da-a1e7-99697dba07f8","Audio":{"timestamp":1611071459165.798,"packetsReceived":20686,"packetsLost":0},"Type":"inbound-rtp","Video":{"timestamp":1611071459165.798,"packetsReceived":41124,"packetsLost":0}},{"from":"Shreyas_c82ad4b7-4ba3-4a29-989c-ed0396c86f52","to":"Prashant_9c11d2d9-a903-46da-a1e7-99697dba07f8","Audio":{"timestamp":1611071464166.086,"packetsReceived":20938,"packetsLost":0},"Type":"inbound-rtp","Video":{"timestamp":1611071464166.086,"packetsReceived":41169,"packetsLost":0}},{"from":"Shreyas_c82ad4b7-4ba3-4a29-989c-ed0396c86f52","to":"Prashant_9c11d2d9-a903-46da-a1e7-99697dba07f8","Audio":{"timestamp":1611071464166.086,"packetsReceived":20938,"packetsLost":0},"Type":"inbound-rtp","Video":{"timestamp":1611071464166.086,"packetsReceived":41169,"packetsLost":0}},{"from":"Shreyas_c82ad4b7-4ba3-4a29-989c-ed0396c86f52","to":"Prashant_9c11d2d9-a903-46da-a1e7-99697dba07f8","Audio":{"timestamp":1611071469165.839,"packetsReceived":21188,"packetsLost":0},"Type":"inbound-rtp","Video":{"timestamp":1611071469165.839,"packetsReceived":41205,"packetsLost":0}},{"from":"Shreyas_c82ad4b7-4ba3-4a29-989c-ed0396c86f52","to":"Prashant_9c11d2d9-a903-46da-a1e7-99697dba07f8","Audio":{"timestamp":1611071469165.839,"packetsReceived":21188,"packetsLost":0},"Type":"inbound-rtp","Video":{"timestamp":1611071469165.839,"packetsReceived":41205,"packetsLost":0}},{"from":"Shreyas_c82ad4b7-4ba3-4a29-989c-ed0396c86f52","to":"Prashant_9c11d2d9-a903-46da-a1e7-99697dba07f8","Audio":{"timestamp":1611071474165.943,"packetsReceived":21438,"packetsLost":0},"Type":"inbound-rtp","Video":{"timestamp":1611071474165.943,"packetsReceived":41250,"packetsLost":0}},{"from":"Shreyas_c82ad4b7-4ba3-4a29-989c-ed0396c86f52","to":"Prashant_9c11d2d9-a903-46da-a1e7-99697dba07f8","Audio":{"timestamp":1611071474165.943,"packetsReceived":21438,"packetsLost":0},"Type":"inbound-rtp","Video":{"timestamp":1611071474165.943,"packetsReceived":41250,"packetsLost":0}},{"from":"Shreyas_c82ad4b7-4ba3-4a29-989c-ed0396c86f52","to":"Prashant_9c11d2d9-a903-46da-a1e7-99697dba07f8","Audio":{"timestamp":1611071479165.898,"packetsReceived":21688,"packetsLost":0},"Type":"inbound-rtp","Video":{"timestamp":1611071479165.898,"packetsReceived":41295,"packetsLost":0}},{"from":"Shreyas_c82ad4b7-4ba3-4a29-989c-ed0396c86f52","to":"Prashant_9c11d2d9-a903-46da-a1e7-99697dba07f8","Audio":{"timestamp":1611071479165.898,"packetsReceived":21688,"packetsLost":0},"Type":"inbound-rtp","Video":{"timestamp":1611071479165.898,"packetsReceived":41295,"packetsLost":0}},{"from":"Shreyas_c82ad4b7-4ba3-4a29-989c-ed0396c86f52","to":"Prashant_9c11d2d9-a903-46da-a1e7-99697dba07f8","Audio":{"timestamp":1611071484165.978,"packetsReceived":21938,"packetsLost":0},"Type":"inbound-rtp","Video":{"timestamp":1611071484165.978,"packetsReceived":41331,"packetsLost":0}},{"from":"Shreyas_c82ad4b7-4ba3-4a29-989c-ed0396c86f52","to":"Prashant_9c11d2d9-a903-46da-a1e7-99697dba07f8","Audio":{"timestamp":1611071484165.978,"packetsReceived":21938,"packetsLost":0},"Type":"inbound-rtp","Video":{"timestamp":1611071484165.978,"packetsReceived":41331,"packetsLost":0}},{"from":"Shreyas_c82ad4b7-4ba3-4a29-989c-ed0396c86f52","to":"Prashant_9c11d2d9-a903-46da-a1e7-99697dba07f8","Audio":{"timestamp":1611071489166.115,"packetsReceived":22188,"packetsLost":0},"Type":"inbound-rtp","Video":{"timestamp":1611071489166.115,"packetsReceived":41376,"packetsLost":0}},{"from":"Shreyas_c82ad4b7-4ba3-4a29-989c-ed0396c86f52","to":"Prashant_9c11d2d9-a903-46da-a1e7-99697dba07f8","Audio":{"timestamp":1611071489166.115,"packetsReceived":22188,"packetsLost":0},"Type":"inbound-rtp","Video":{"timestamp":1611071489166.115,"packetsReceived":41376,"packetsLost":0}},{"from":"Shreyas_c82ad4b7-4ba3-4a29-989c-ed0396c86f52","to":"Prashant_9c11d2d9-a903-46da-a1e7-99697dba07f8","Audio":{"timestamp":1611071494165.613,"packetsReceived":22438,"packetsLost":0},"Type":"inbound-rtp","Video":{"timestamp":1611071494165.613,"packetsReceived":41421,"packetsLost":0}},{"from":"Shreyas_c82ad4b7-4ba3-4a29-989c-ed0396c86f52","to":"Prashant_9c11d2d9-a903-46da-a1e7-99697dba07f8","Audio":{"timestamp":1611071494165.613,"packetsReceived":22438,"packetsLost":0},"Type":"inbound-rtp","Video":{"timestamp":1611071494165.613,"packetsReceived":41421,"packetsLost":0}},{"from":"Shreyas_c82ad4b7-4ba3-4a29-989c-ed0396c86f52","to":"Prashant_9c11d2d9-a903-46da-a1e7-99697dba07f8","Audio":{"timestamp":1611071499165.954,"packetsReceived":22688,"packetsLost":0},"Type":"inbound-rtp","Video":{"timestamp":1611071499165.954,"packetsReceived":41457,"packetsLost":0}},{"from":"Shreyas_c82ad4b7-4ba3-4a29-989c-ed0396c86f52","to":"Prashant_9c11d2d9-a903-46da-a1e7-99697dba07f8","Audio":{"timestamp":1611071499165.954,"packetsReceived":22688,"packetsLost":0},"Type":"inbound-rtp","Video":{"timestamp":1611071499165.954,"packetsReceived":41457,"packetsLost":0}},{"from":"Shreyas_c82ad4b7-4ba3-4a29-989c-ed0396c86f52","to":"Prashant_9c11d2d9-a903-46da-a1e7-99697dba07f8","Audio":{"timestamp":1611071504165.93,"packetsReceived":22938,"packetsLost":0},"Type":"inbound-rtp","Video":{"timestamp":1611071504165.93,"packetsReceived":41502,"packetsLost":0}},{"from":"Shreyas_c82ad4b7-4ba3-4a29-989c-ed0396c86f52","to":"Prashant_9c11d2d9-a903-46da-a1e7-99697dba07f8","Audio":{"timestamp":1611071504165.93,"packetsReceived":22938,"packetsLost":0},"Type":"inbound-rtp","Video":{"timestamp":1611071504165.93,"packetsReceived":41502,"packetsLost":0}},{"from":"Shreyas_c82ad4b7-4ba3-4a29-989c-ed0396c86f52","to":"Prashant_9c11d2d9-a903-46da-a1e7-99697dba07f8","Audio":{"timestamp":1611071509166.147,"packetsReceived":23188,"packetsLost":0},"Type":"inbound-rtp","Video":{"timestamp":1611071509166.147,"packetsReceived":41547,"packetsLost":0}},{"from":"Shreyas_c82ad4b7-4ba3-4a29-989c-ed0396c86f52","to":"Prashant_9c11d2d9-a903-46da-a1e7-99697dba07f8","Audio":{"timestamp":1611071509166.147,"packetsReceived":23188,"packetsLost":0},"Type":"inbound-rtp","Video":{"timestamp":1611071509166.147,"packetsReceived":41547,"packetsLost":0}},{"from":"Shreyas_c82ad4b7-4ba3-4a29-989c-ed0396c86f52","to":"Prashant_9c11d2d9-a903-46da-a1e7-99697dba07f8","Audio":{"timestamp":1611071514166.419,"packetsReceived":23438,"packetsLost":0},"Type":"inbound-rtp","Video":{"timestamp":1611071514166.419,"packetsReceived":41705,"packetsLost":0}},{"from":"Shreyas_c82ad4b7-4ba3-4a29-989c-ed0396c86f52","to":"Prashant_9c11d2d9-a903-46da-a1e7-99697dba07f8","Audio":{"timestamp":1611071514166.419,"packetsReceived":23438,"packetsLost":0},"Type":"inbound-rtp","Video":{"timestamp":1611071514166.419,"packetsReceived":41705,"packetsLost":0}},{"from":"Shreyas_c82ad4b7-4ba3-4a29-989c-ed0396c86f52","to":"Prashant_9c11d2d9-a903-46da-a1e7-99697dba07f8","Audio":{"timestamp":1611071519166.025,"packetsReceived":23688,"packetsLost":0},"Type":"inbound-rtp","Video":{"timestamp":1611071519166.025,"packetsReceived":41775,"packetsLost":0}},{"from":"Shreyas_c82ad4b7-4ba3-4a29-989c-ed0396c86f52","to":"Prashant_9c11d2d9-a903-46da-a1e7-99697dba07f8","Audio":{"timestamp":1611071519166.025,"packetsReceived":23688,"packetsLost":0},"Type":"inbound-rtp","Video":{"timestamp":1611071519166.025,"packetsReceived":41775,"packetsLost":0}},{"from":"Shreyas_c82ad4b7-4ba3-4a29-989c-ed0396c86f52","to":"Prashant_9c11d2d9-a903-46da-a1e7-99697dba07f8","Audio":{"timestamp":1611071524165.723,"packetsReceived":23937,"packetsLost":0},"Type":"inbound-rtp","Video":{"timestamp":1611071524165.723,"packetsReceived":41805,"packetsLost":0}},{"from":"Shreyas_c82ad4b7-4ba3-4a29-989c-ed0396c86f52","to":"Prashant_9c11d2d9-a903-46da-a1e7-99697dba07f8","Audio":{"timestamp":1611071524165.723,"packetsReceived":23937,"packetsLost":0},"Type":"inbound-rtp","Video":{"timestamp":1611071524165.723,"packetsReceived":41805,"packetsLost":0}},{"from":"Shreyas_c82ad4b7-4ba3-4a29-989c-ed0396c86f52","to":"Prashant_9c11d2d9-a903-46da-a1e7-99697dba07f8","Audio":{"timestamp":1611071529166.225,"packetsReceived":24188,"packetsLost":0},"Type":"inbound-rtp","Video":{"timestamp":1611071529166.225,"packetsReceived":41829,"packetsLost":0}},{"from":"Shreyas_c82ad4b7-4ba3-4a29-989c-ed0396c86f52","to":"Prashant_9c11d2d9-a903-46da-a1e7-99697dba07f8","Audio":{"timestamp":1611071529166.225,"packetsReceived":24188,"packetsLost":0},"Type":"inbound-rtp","Video":{"timestamp":1611071529166.225,"packetsReceived":41829,"packetsLost":0}},{"from":"Shreyas_c82ad4b7-4ba3-4a29-989c-ed0396c86f52","to":"Prashant_9c11d2d9-a903-46da-a1e7-99697dba07f8","Audio":{"timestamp":1611071534165.679,"packetsReceived":24438,"packetsLost":0},"Type":"inbound-rtp","Video":{"timestamp":1611071534165.679,"packetsReceived":41858,"packetsLost":0}},{"from":"Shreyas_c82ad4b7-4ba3-4a29-989c-ed0396c86f52","to":"Prashant_9c11d2d9-a903-46da-a1e7-99697dba07f8","Audio":{"timestamp":1611071534165.679,"packetsReceived":24438,"packetsLost":0},"Type":"inbound-rtp","Video":{"timestamp":1611071534165.679,"packetsReceived":41858,"packetsLost":0}},{"from":"Shreyas_c82ad4b7-4ba3-4a29-989c-ed0396c86f52","to":"Prashant_9c11d2d9-a903-46da-a1e7-99697dba07f8","Audio":{"timestamp":1611071539172.666,"packetsReceived":24685,"packetsLost":0},"Type":"inbound-rtp","Video":{"timestamp":1611071539172.666,"packetsReceived":41883,"packetsLost":0}},{"from":"Shreyas_c82ad4b7-4ba3-4a29-989c-ed0396c86f52","to":"Prashant_9c11d2d9-a903-46da-a1e7-99697dba07f8","Audio":{"timestamp":1611071539172.666,"packetsReceived":24685,"packetsLost":0},"Type":"inbound-rtp","Video":{"timestamp":1611071539172.666,"packetsReceived":41883,"packetsLost":0}},{"from":"Shreyas_c82ad4b7-4ba3-4a29-989c-ed0396c86f52","to":"Prashant_9c11d2d9-a903-46da-a1e7-99697dba07f8","Audio":{"timestamp":1611071544165.89,"packetsReceived":24938,"packetsLost":0},"Type":"inbound-rtp","Video":{"timestamp":1611071544165.89,"packetsReceived":41903,"packetsLost":0}},{"from":"Shreyas_c82ad4b7-4ba3-4a29-989c-ed0396c86f52","to":"Prashant_9c11d2d9-a903-46da-a1e7-99697dba07f8","Audio":{"timestamp":1611071544165.89,"packetsReceived":24938,"packetsLost":0},"Type":"inbound-rtp","Video":{"timestamp":1611071544165.89,"packetsReceived":41903,"packetsLost":0}},{"from":"Shreyas_c82ad4b7-4ba3-4a29-989c-ed0396c86f52","to":"Prashant_9c11d2d9-a903-46da-a1e7-99697dba07f8","Audio":{"timestamp":1611071549165.829,"packetsReceived":25188,"packetsLost":0},"Type":"inbound-rtp","Video":{"timestamp":1611071549165.829,"packetsReceived":41932,"packetsLost":0}},{"from":"Shreyas_c82ad4b7-4ba3-4a29-989c-ed0396c86f52","to":"Prashant_9c11d2d9-a903-46da-a1e7-99697dba07f8","Audio":{"timestamp":1611071549165.829,"packetsReceived":25188,"packetsLost":0},"Type":"inbound-rtp","Video":{"timestamp":1611071549165.829,"packetsReceived":41932,"packetsLost":0}},{"from":"Shreyas_c82ad4b7-4ba3-4a29-989c-ed0396c86f52","to":"Prashant_9c11d2d9-a903-46da-a1e7-99697dba07f8","Audio":{"timestamp":1611071554166.342,"packetsReceived":25438,"packetsLost":0},"Type":"inbound-rtp","Video":{"timestamp":1611071554166.342,"packetsReceived":41958,"packetsLost":0}},{"from":"Shreyas_c82ad4b7-4ba3-4a29-989c-ed0396c86f52","to":"Prashant_9c11d2d9-a903-46da-a1e7-99697dba07f8","Audio":{"timestamp":1611071554166.342,"packetsReceived":25438,"packetsLost":0},"Type":"inbound-rtp","Video":{"timestamp":1611071554166.342,"packetsReceived":41958,"packetsLost":0}},{"from":"Shreyas_c82ad4b7-4ba3-4a29-989c-ed0396c86f52","to":"Prashant_9c11d2d9-a903-46da-a1e7-99697dba07f8","Audio":{"timestamp":1611071559165.82,"packetsReceived":25688,"packetsLost":0},"Type":"inbound-rtp","Video":{"timestamp":1611071559165.82,"packetsReceived":41978,"packetsLost":0}},{"from":"Shreyas_c82ad4b7-4ba3-4a29-989c-ed0396c86f52","to":"Prashant_9c11d2d9-a903-46da-a1e7-99697dba07f8","Audio":{"timestamp":1611071559165.82,"packetsReceived":25688,"packetsLost":0},"Type":"inbound-rtp","Video":{"timestamp":1611071559165.82,"packetsReceived":41978,"packetsLost":0}},{"from":"Shreyas_c82ad4b7-4ba3-4a29-989c-ed0396c86f52","to":"Prashant_9c11d2d9-a903-46da-a1e7-99697dba07f8","Audio":{"timestamp":1611071564166.112,"packetsReceived":25937,"packetsLost":0},"Type":"inbound-rtp","Video":{"timestamp":1611071564166.112,"packetsReceived":42003,"packetsLost":0}},{"from":"Shreyas_c82ad4b7-4ba3-4a29-989c-ed0396c86f52","to":"Prashant_9c11d2d9-a903-46da-a1e7-99697dba07f8","Audio":{"timestamp":1611071564166.112,"packetsReceived":25937,"packetsLost":0},"Type":"inbound-rtp","Video":{"timestamp":1611071564166.112,"packetsReceived":42003,"packetsLost":0}},{"from":"Shreyas_c82ad4b7-4ba3-4a29-989c-ed0396c86f52","to":"Prashant_9c11d2d9-a903-46da-a1e7-99697dba07f8","Audio":{"timestamp":1611071569166.123,"packetsReceived":26188,"packetsLost":0},"Type":"inbound-rtp","Video":{"timestamp":1611071569166.123,"packetsReceived":42034,"packetsLost":0}},{"from":"Shreyas_c82ad4b7-4ba3-4a29-989c-ed0396c86f52","to":"Prashant_9c11d2d9-a903-46da-a1e7-99697dba07f8","Audio":{"timestamp":1611071569166.123,"packetsReceived":26188,"packetsLost":0},"Type":"inbound-rtp","Video":{"timestamp":1611071569166.123,"packetsReceived":42034,"packetsLost":0}},{"from":"Shreyas_c82ad4b7-4ba3-4a29-989c-ed0396c86f52","to":"Prashant_9c11d2d9-a903-46da-a1e7-99697dba07f8","Audio":{"timestamp":1611071574165.937,"packetsReceived":26438,"packetsLost":0},"Type":"inbound-rtp","Video":{"timestamp":1611071574165.937,"packetsReceived":42061,"packetsLost":0}},{"from":"Shreyas_c82ad4b7-4ba3-4a29-989c-ed0396c86f52","to":"Prashant_9c11d2d9-a903-46da-a1e7-99697dba07f8","Audio":{"timestamp":1611071574165.937,"packetsReceived":26438,"packetsLost":0},"Type":"inbound-rtp","Video":{"timestamp":1611071574165.937,"packetsReceived":42061,"packetsLost":0}},{"from":"Shreyas_c82ad4b7-4ba3-4a29-989c-ed0396c86f52","to":"Prashant_9c11d2d9-a903-46da-a1e7-99697dba07f8","Audio":{"timestamp":1611071579166.234,"packetsReceived":26687,"packetsLost":0},"Type":"inbound-rtp","Video":{"timestamp":1611071579166.234,"packetsReceived":42082,"packetsLost":0}},{"from":"Shreyas_c82ad4b7-4ba3-4a29-989c-ed0396c86f52","to":"Prashant_9c11d2d9-a903-46da-a1e7-99697dba07f8","Audio":{"timestamp":1611071579166.234,"packetsReceived":26687,"packetsLost":0},"Type":"inbound-rtp","Video":{"timestamp":1611071579166.234,"packetsReceived":42082,"packetsLost":0}},{"from":"Shreyas_c82ad4b7-4ba3-4a29-989c-ed0396c86f52","to":"Prashant_9c11d2d9-a903-46da-a1e7-99697dba07f8","Audio":{"timestamp":1611071584166.03,"packetsReceived":26938,"packetsLost":0},"Type":"inbound-rtp","Video":{"timestamp":1611071584166.03,"packetsReceived":42110,"packetsLost":0}},{"from":"Shreyas_c82ad4b7-4ba3-4a29-989c-ed0396c86f52","to":"Prashant_9c11d2d9-a903-46da-a1e7-99697dba07f8","Audio":{"timestamp":1611071584166.03,"packetsReceived":26938,"packetsLost":0},"Type":"inbound-rtp","Video":{"timestamp":1611071584166.03,"packetsReceived":42110,"packetsLost":0}},{"from":"Shreyas_c82ad4b7-4ba3-4a29-989c-ed0396c86f52","to":"Prashant_9c11d2d9-a903-46da-a1e7-99697dba07f8","Audio":{"timestamp":1611071589165.91,"packetsReceived":27188,"packetsLost":0},"Type":"inbound-rtp","Video":{"timestamp":1611071589165.91,"packetsReceived":42135,"packetsLost":0}},{"from":"Shreyas_c82ad4b7-4ba3-4a29-989c-ed0396c86f52","to":"Prashant_9c11d2d9-a903-46da-a1e7-99697dba07f8","Audio":{"timestamp":1611071589165.91,"packetsReceived":27188,"packetsLost":0},"Type":"inbound-rtp","Video":{"timestamp":1611071589165.91,"packetsReceived":42135,"packetsLost":0}},{"from":"Shreyas_c82ad4b7-4ba3-4a29-989c-ed0396c86f52","to":"Prashant_9c11d2d9-a903-46da-a1e7-99697dba07f8","Audio":{"timestamp":1611071594165.743,"packetsReceived":27438,"packetsLost":0},"Type":"inbound-rtp","Video":{"timestamp":1611071594165.743,"packetsReceived":42156,"packetsLost":0}},{"from":"Shreyas_c82ad4b7-4ba3-4a29-989c-ed0396c86f52","to":"Prashant_9c11d2d9-a903-46da-a1e7-99697dba07f8","Audio":{"timestamp":1611071594165.743,"packetsReceived":27438,"packetsLost":0},"Type":"inbound-rtp","Video":{"timestamp":1611071594165.743,"packetsReceived":42156,"packetsLost":0}},{"from":"Shreyas_c82ad4b7-4ba3-4a29-989c-ed0396c86f52","to":"Prashant_9c11d2d9-a903-46da-a1e7-99697dba07f8","Audio":{"timestamp":1611071599165.753,"packetsReceived":27688,"packetsLost":0},"Type":"inbound-rtp","Video":{"timestamp":1611071599165.753,"packetsReceived":42181,"packetsLost":0}},{"from":"Shreyas_c82ad4b7-4ba3-4a29-989c-ed0396c86f52","to":"Prashant_9c11d2d9-a903-46da-a1e7-99697dba07f8","Audio":{"timestamp":1611071599165.753,"packetsReceived":27688,"packetsLost":0},"Type":"inbound-rtp","Video":{"timestamp":1611071599165.753,"packetsReceived":42181,"packetsLost":0}},{"from":"Shreyas_c82ad4b7-4ba3-4a29-989c-ed0396c86f52","to":"Prashant_9c11d2d9-a903-46da-a1e7-99697dba07f8","Audio":{"timestamp":1611071604165.852,"packetsReceived":27938,"packetsLost":0},"Type":"inbound-rtp","Video":{"timestamp":1611071604165.852,"packetsReceived":42207,"packetsLost":0}},{"from":"Shreyas_c82ad4b7-4ba3-4a29-989c-ed0396c86f52","to":"Prashant_9c11d2d9-a903-46da-a1e7-99697dba07f8","Audio":{"timestamp":1611071604165.852,"packetsReceived":27938,"packetsLost":0},"Type":"inbound-rtp","Video":{"timestamp":1611071604165.852,"packetsReceived":42207,"packetsLost":0}},{"from":"Shreyas_c82ad4b7-4ba3-4a29-989c-ed0396c86f52","to":"Prashant_9c11d2d9-a903-46da-a1e7-99697dba07f8","Audio":{"timestamp":1611071609165.773,"packetsReceived":28187,"packetsLost":0},"Type":"inbound-rtp","Video":{"timestamp":1611071609165.773,"packetsReceived":42229,"packetsLost":0}},{"from":"Shreyas_c82ad4b7-4ba3-4a29-989c-ed0396c86f52","to":"Prashant_9c11d2d9-a903-46da-a1e7-99697dba07f8","Audio":{"timestamp":1611071609165.773,"packetsReceived":28187,"packetsLost":0},"Type":"inbound-rtp","Video":{"timestamp":1611071609165.773,"packetsReceived":42229,"packetsLost":0}},{"from":"Shreyas_c82ad4b7-4ba3-4a29-989c-ed0396c86f52","to":"Prashant_9c11d2d9-a903-46da-a1e7-99697dba07f8","Audio":{"timestamp":1611071614166.188,"packetsReceived":28438,"packetsLost":0},"Type":"inbound-rtp","Video":{"timestamp":1611071614166.188,"packetsReceived":42256,"packetsLost":0}},{"from":"Shreyas_c82ad4b7-4ba3-4a29-989c-ed0396c86f52","to":"Prashant_9c11d2d9-a903-46da-a1e7-99697dba07f8","Audio":{"timestamp":1611071614166.188,"packetsReceived":28438,"packetsLost":0},"Type":"inbound-rtp","Video":{"timestamp":1611071614166.188,"packetsReceived":42256,"packetsLost":0}},{"from":"Shreyas_c82ad4b7-4ba3-4a29-989c-ed0396c86f52","to":"Prashant_9c11d2d9-a903-46da-a1e7-99697dba07f8","Audio":{"timestamp":1611071619165.734,"packetsReceived":28685,"packetsLost":0},"Type":"inbound-rtp","Video":{"timestamp":1611071619165.734,"packetsReceived":42281,"packetsLost":0}},{"from":"Shreyas_c82ad4b7-4ba3-4a29-989c-ed0396c86f52","to":"Prashant_9c11d2d9-a903-46da-a1e7-99697dba07f8","Audio":{"timestamp":1611071619165.734,"packetsReceived":28685,"packetsLost":0},"Type":"inbound-rtp","Video":{"timestamp":1611071619165.734,"packetsReceived":42281,"packetsLost":0}},{"from":"Shreyas_c82ad4b7-4ba3-4a29-989c-ed0396c86f52","to":"Prashant_9c11d2d9-a903-46da-a1e7-99697dba07f8","Audio":{"timestamp":1611071624165.812,"packetsReceived":28937,"packetsLost":0},"Type":"inbound-rtp","Video":{"timestamp":1611071624165.812,"packetsReceived":42301,"packetsLost":0}},{"from":"Shreyas_c82ad4b7-4ba3-4a29-989c-ed0396c86f52","to":"Prashant_9c11d2d9-a903-46da-a1e7-99697dba07f8","Audio":{"timestamp":1611071624165.812,"packetsReceived":28937,"packetsLost":0},"Type":"inbound-rtp","Video":{"timestamp":1611071624165.812,"packetsReceived":42301,"packetsLost":0}},{"from":"Shreyas_c82ad4b7-4ba3-4a29-989c-ed0396c86f52","to":"Prashant_9c11d2d9-a903-46da-a1e7-99697dba07f8","Audio":{"timestamp":1611071629165.938,"packetsReceived":29188,"packetsLost":0},"Type":"inbound-rtp","Video":{"timestamp":1611071629165.938,"packetsReceived":42327,"packetsLost":0}},{"from":"Shreyas_c82ad4b7-4ba3-4a29-989c-ed0396c86f52","to":"Prashant_9c11d2d9-a903-46da-a1e7-99697dba07f8","Audio":{"timestamp":1611071629165.938,"packetsReceived":29188,"packetsLost":0},"Type":"inbound-rtp","Video":{"timestamp":1611071629165.938,"packetsReceived":42327,"packetsLost":0}},{"from":"Shreyas_c82ad4b7-4ba3-4a29-989c-ed0396c86f52","to":"Prashant_9c11d2d9-a903-46da-a1e7-99697dba07f8","Audio":{"timestamp":1611071634166.137,"packetsReceived":29438,"packetsLost":0},"Type":"inbound-rtp","Video":{"timestamp":1611071634166.137,"packetsReceived":42352,"packetsLost":0}},{"from":"Shreyas_c82ad4b7-4ba3-4a29-989c-ed0396c86f52","to":"Prashant_9c11d2d9-a903-46da-a1e7-99697dba07f8","Audio":{"timestamp":1611071634166.137,"packetsReceived":29438,"packetsLost":0},"Type":"inbound-rtp","Video":{"timestamp":1611071634166.137,"packetsReceived":42352,"packetsLost":0}},{"from":"Shreyas_c82ad4b7-4ba3-4a29-989c-ed0396c86f52","to":"Prashant_9c11d2d9-a903-46da-a1e7-99697dba07f8","Audio":{"timestamp":1611071639165.807,"packetsReceived":29688,"packetsLost":0},"Type":"inbound-rtp","Video":{"timestamp":1611071639165.807,"packetsReceived":42372,"packetsLost":0}},{"from":"Shreyas_c82ad4b7-4ba3-4a29-989c-ed0396c86f52","to":"Prashant_9c11d2d9-a903-46da-a1e7-99697dba07f8","Audio":{"timestamp":1611071639165.807,"packetsReceived":29688,"packetsLost":0},"Type":"inbound-rtp","Video":{"timestamp":1611071639165.807,"packetsReceived":42372,"packetsLost":0}},{"from":"Shreyas_c82ad4b7-4ba3-4a29-989c-ed0396c86f52","to":"Prashant_9c11d2d9-a903-46da-a1e7-99697dba07f8","Audio":{"timestamp":1611071644166.704,"packetsReceived":29938,"packetsLost":0},"Type":"inbound-rtp","Video":{"timestamp":1611071644166.704,"packetsReceived":42397,"packetsLost":0}},{"from":"Shreyas_c82ad4b7-4ba3-4a29-989c-ed0396c86f52","to":"Prashant_9c11d2d9-a903-46da-a1e7-99697dba07f8","Audio":{"timestamp":1611071644166.704,"packetsReceived":29938,"packetsLost":0},"Type":"inbound-rtp","Video":{"timestamp":1611071644166.704,"packetsReceived":42397,"packetsLost":0}},{"from":"Shreyas_c82ad4b7-4ba3-4a29-989c-ed0396c86f52","to":"Prashant_9c11d2d9-a903-46da-a1e7-99697dba07f8","Audio":{"timestamp":1611071649166.049,"packetsReceived":30188,"packetsLost":0},"Type":"inbound-rtp","Video":{"timestamp":1611071649166.049,"packetsReceived":42586,"packetsLost":0}},{"from":"Shreyas_c82ad4b7-4ba3-4a29-989c-ed0396c86f52","to":"Prashant_9c11d2d9-a903-46da-a1e7-99697dba07f8","Audio":{"timestamp":1611071649166.049,"packetsReceived":30188,"packetsLost":0},"Type":"inbound-rtp","Video":{"timestamp":1611071649166.049,"packetsReceived":42586,"packetsLost":0}},{"from":"Shreyas_c82ad4b7-4ba3-4a29-989c-ed0396c86f52","to":"Prashant_9c11d2d9-a903-46da-a1e7-99697dba07f8","Audio":{"timestamp":1611071654166.009,"packetsReceived":30438,"packetsLost":0},"Type":"inbound-rtp","Video":{"timestamp":1611071654166.009,"packetsReceived":42728,"packetsLost":0}},{"from":"Shreyas_c82ad4b7-4ba3-4a29-989c-ed0396c86f52","to":"Prashant_9c11d2d9-a903-46da-a1e7-99697dba07f8","Audio":{"timestamp":1611071654166.009,"packetsReceived":30438,"packetsLost":0},"Type":"inbound-rtp","Video":{"timestamp":1611071654166.009,"packetsReceived":42728,"packetsLost":0}},{"from":"Shreyas_c82ad4b7-4ba3-4a29-989c-ed0396c86f52","to":"Prashant_9c11d2d9-a903-46da-a1e7-99697dba07f8","Audio":{"timestamp":1611071659166.061,"packetsReceived":30688,"packetsLost":0},"Type":"inbound-rtp","Video":{"timestamp":1611071659166.061,"packetsReceived":42782,"packetsLost":0}},{"from":"Shreyas_c82ad4b7-4ba3-4a29-989c-ed0396c86f52","to":"Prashant_9c11d2d9-a903-46da-a1e7-99697dba07f8","Audio":{"timestamp":1611071659166.061,"packetsReceived":30688,"packetsLost":0},"Type":"inbound-rtp","Video":{"timestamp":1611071659166.061,"packetsReceived":42782,"packetsLost":0}},{"from":"Shreyas_c82ad4b7-4ba3-4a29-989c-ed0396c86f52","to":"Prashant_9c11d2d9-a903-46da-a1e7-99697dba07f8","Audio":{"timestamp":1611071664166.192,"packetsReceived":30937,"packetsLost":0},"Type":"inbound-rtp","Video":{"timestamp":1611071664166.192,"packetsReceived":42827,"packetsLost":0}},{"from":"Shreyas_c82ad4b7-4ba3-4a29-989c-ed0396c86f52","to":"Prashant_9c11d2d9-a903-46da-a1e7-99697dba07f8","Audio":{"timestamp":1611071664166.192,"packetsReceived":30937,"packetsLost":0},"Type":"inbound-rtp","Video":{"timestamp":1611071664166.192,"packetsReceived":42827,"packetsLost":0}},{"from":"Shreyas_c82ad4b7-4ba3-4a29-989c-ed0396c86f52","to":"Prashant_9c11d2d9-a903-46da-a1e7-99697dba07f8","Audio":{"timestamp":1611071669165.994,"packetsReceived":31187,"packetsLost":0},"Type":"inbound-rtp","Video":{"timestamp":1611071669165.994,"packetsReceived":42863,"packetsLost":0}},{"from":"Shreyas_c82ad4b7-4ba3-4a29-989c-ed0396c86f52","to":"Prashant_9c11d2d9-a903-46da-a1e7-99697dba07f8","Audio":{"timestamp":1611071669165.994,"packetsReceived":31187,"packetsLost":0},"Type":"inbound-rtp","Video":{"timestamp":1611071669165.994,"packetsReceived":42863,"packetsLost":0}},{"from":"Shreyas_c82ad4b7-4ba3-4a29-989c-ed0396c86f52","to":"Prashant_9c11d2d9-a903-46da-a1e7-99697dba07f8","Audio":{"timestamp":1611071674165.778,"packetsReceived":31438,"packetsLost":0},"Type":"inbound-rtp","Video":{"timestamp":1611071674165.778,"packetsReceived":42908,"packetsLost":0}},{"from":"Shreyas_c82ad4b7-4ba3-4a29-989c-ed0396c86f52","to":"Prashant_9c11d2d9-a903-46da-a1e7-99697dba07f8","Audio":{"timestamp":1611071674165.778,"packetsReceived":31438,"packetsLost":0},"Type":"inbound-rtp","Video":{"timestamp":1611071674165.778,"packetsReceived":42908,"packetsLost":0}},{"from":"Shreyas_c82ad4b7-4ba3-4a29-989c-ed0396c86f52","to":"Prashant_9c11d2d9-a903-46da-a1e7-99697dba07f8","Audio":{"timestamp":1611071679165.824,"packetsReceived":31688,"packetsLost":0},"Type":"inbound-rtp","Video":{"timestamp":1611071679165.824,"packetsReceived":42953,"packetsLost":0}},{"from":"Shreyas_c82ad4b7-4ba3-4a29-989c-ed0396c86f52","to":"Prashant_9c11d2d9-a903-46da-a1e7-99697dba07f8","Audio":{"timestamp":1611071679165.824,"packetsReceived":31688,"packetsLost":0},"Type":"inbound-rtp","Video":{"timestamp":1611071679165.824,"packetsReceived":42953,"packetsLost":0}},{"from":"Shreyas_c82ad4b7-4ba3-4a29-989c-ed0396c86f52","to":"Prashant_9c11d2d9-a903-46da-a1e7-99697dba07f8","Audio":{"timestamp":1611071684165.811,"packetsReceived":31937,"packetsLost":0},"Type":"inbound-rtp","Video":{"timestamp":1611071684165.811,"packetsReceived":43001,"packetsLost":0}},{"from":"Shreyas_c82ad4b7-4ba3-4a29-989c-ed0396c86f52","to":"Prashant_9c11d2d9-a903-46da-a1e7-99697dba07f8","Audio":{"timestamp":1611071684165.811,"packetsReceived":31937,"packetsLost":0},"Type":"inbound-rtp","Video":{"timestamp":1611071684165.811,"packetsReceived":43001,"packetsLost":0}},{"from":"Shreyas_c82ad4b7-4ba3-4a29-989c-ed0396c86f52","to":"Prashant_9c11d2d9-a903-46da-a1e7-99697dba07f8","Audio":{"timestamp":1611071689165.821,"packetsReceived":32188,"packetsLost":0},"Type":"inbound-rtp","Video":{"timestamp":1611071689165.821,"packetsReceived":43047,"packetsLost":0}},{"from":"Shreyas_c82ad4b7-4ba3-4a29-989c-ed0396c86f52","to":"Prashant_9c11d2d9-a903-46da-a1e7-99697dba07f8","Audio":{"timestamp":1611071689165.821,"packetsReceived":32188,"packetsLost":0},"Type":"inbound-rtp","Video":{"timestamp":1611071689165.821,"packetsReceived":43047,"packetsLost":0}},{"from":"Shreyas_c82ad4b7-4ba3-4a29-989c-ed0396c86f52","to":"Prashant_9c11d2d9-a903-46da-a1e7-99697dba07f8","Audio":{"timestamp":1611071694165.508,"packetsReceived":32437,"packetsLost":0},"Type":"inbound-rtp","Video":{"timestamp":1611071694165.508,"packetsReceived":43092,"packetsLost":0}},{"from":"Shreyas_c82ad4b7-4ba3-4a29-989c-ed0396c86f52","to":"Prashant_9c11d2d9-a903-46da-a1e7-99697dba07f8","Audio":{"timestamp":1611071694165.508,"packetsReceived":32437,"packetsLost":0},"Type":"inbound-rtp","Video":{"timestamp":1611071694165.508,"packetsReceived":43092,"packetsLost":0}},{"from":"Shreyas_c82ad4b7-4ba3-4a29-989c-ed0396c86f52","to":"Prashant_9c11d2d9-a903-46da-a1e7-99697dba07f8","Audio":{"timestamp":1611071699165.798,"packetsReceived":32687,"packetsLost":0},"Type":"inbound-rtp","Video":{"timestamp":1611071699165.798,"packetsReceived":43128,"packetsLost":0}},{"from":"Shreyas_c82ad4b7-4ba3-4a29-989c-ed0396c86f52","to":"Prashant_9c11d2d9-a903-46da-a1e7-99697dba07f8","Audio":{"timestamp":1611071699165.798,"packetsReceived":32687,"packetsLost":0},"Type":"inbound-rtp","Video":{"timestamp":1611071699165.798,"packetsReceived":43128,"packetsLost":0}},{"from":"Shreyas_c82ad4b7-4ba3-4a29-989c-ed0396c86f52","to":"Prashant_9c11d2d9-a903-46da-a1e7-99697dba07f8","Audio":{"timestamp":1611071704165.873,"packetsReceived":32938,"packetsLost":0},"Type":"inbound-rtp","Video":{"timestamp":1611071704165.873,"packetsReceived":43173,"packetsLost":0}},{"from":"Shreyas_c82ad4b7-4ba3-4a29-989c-ed0396c86f52","to":"Prashant_9c11d2d9-a903-46da-a1e7-99697dba07f8","Audio":{"timestamp":1611071704165.873,"packetsReceived":32938,"packetsLost":0},"Type":"inbound-rtp","Video":{"timestamp":1611071704165.873,"packetsReceived":43173,"packetsLost":0}},{"from":"Shreyas_c82ad4b7-4ba3-4a29-989c-ed0396c86f52","to":"Prashant_9c11d2d9-a903-46da-a1e7-99697dba07f8","Audio":{"timestamp":1611071709166.386,"packetsReceived":33188,"packetsLost":0},"Type":"inbound-rtp","Video":{"timestamp":1611071709166.386,"packetsReceived":43218,"packetsLost":0}},{"from":"Shreyas_c82ad4b7-4ba3-4a29-989c-ed0396c86f52","to":"Prashant_9c11d2d9-a903-46da-a1e7-99697dba07f8","Audio":{"timestamp":1611071709166.386,"packetsReceived":33188,"packetsLost":0},"Type":"inbound-rtp","Video":{"timestamp":1611071709166.386,"packetsReceived":43218,"packetsLost":0}},{"from":"Shreyas_c82ad4b7-4ba3-4a29-989c-ed0396c86f52","to":"Prashant_9c11d2d9-a903-46da-a1e7-99697dba07f8","Audio":{"timestamp":1611071714165.977,"packetsReceived":33438,"packetsLost":0},"Type":"inbound-rtp","Video":{"timestamp":1611071714165.977,"packetsReceived":43254,"packetsLost":0}},{"from":"Shreyas_c82ad4b7-4ba3-4a29-989c-ed0396c86f52","to":"Prashant_9c11d2d9-a903-46da-a1e7-99697dba07f8","Audio":{"timestamp":1611071714165.977,"packetsReceived":33438,"packetsLost":0},"Type":"inbound-rtp","Video":{"timestamp":1611071714165.977,"packetsReceived":43254,"packetsLost":0}},{"from":"Shreyas_c82ad4b7-4ba3-4a29-989c-ed0396c86f52","to":"Prashant_9c11d2d9-a903-46da-a1e7-99697dba07f8","Audio":{"timestamp":1611071719166.132,"packetsReceived":33688,"packetsLost":0},"Type":"inbound-rtp","Video":{"timestamp":1611071719166.132,"packetsReceived":43299,"packetsLost":0}},{"from":"Shreyas_c82ad4b7-4ba3-4a29-989c-ed0396c86f52","to":"Prashant_9c11d2d9-a903-46da-a1e7-99697dba07f8","Audio":{"timestamp":1611071719166.132,"packetsReceived":33688,"packetsLost":0},"Type":"inbound-rtp","Video":{"timestamp":1611071719166.132,"packetsReceived":43299,"packetsLost":0}},{"from":"Shreyas_c82ad4b7-4ba3-4a29-989c-ed0396c86f52","to":"Prashant_9c11d2d9-a903-46da-a1e7-99697dba07f8","Audio":{"timestamp":1611071724166.122,"packetsReceived":33938,"packetsLost":0},"Type":"inbound-rtp","Video":{"timestamp":1611071724166.122,"packetsReceived":43344,"packetsLost":0}},{"from":"Shreyas_c82ad4b7-4ba3-4a29-989c-ed0396c86f52","to":"Prashant_9c11d2d9-a903-46da-a1e7-99697dba07f8","Audio":{"timestamp":1611071724166.122,"packetsReceived":33938,"packetsLost":0},"Type":"inbound-rtp","Video":{"timestamp":1611071724166.122,"packetsReceived":43344,"packetsLost":0}},{"from":"Shreyas_c82ad4b7-4ba3-4a29-989c-ed0396c86f52","to":"Prashant_9c11d2d9-a903-46da-a1e7-99697dba07f8","Audio":{"timestamp":1611071729165.882,"packetsReceived":34187,"packetsLost":0},"Type":"inbound-rtp","Video":{"timestamp":1611071729165.882,"packetsReceived":43389,"packetsLost":0}},{"from":"Shreyas_c82ad4b7-4ba3-4a29-989c-ed0396c86f52","to":"Prashant_9c11d2d9-a903-46da-a1e7-99697dba07f8","Audio":{"timestamp":1611071729165.882,"packetsReceived":34187,"packetsLost":0},"Type":"inbound-rtp","Video":{"timestamp":1611071729165.882,"packetsReceived":43389,"packetsLost":0}},{"from":"Shreyas_c82ad4b7-4ba3-4a29-989c-ed0396c86f52","to":"Prashant_9c11d2d9-a903-46da-a1e7-99697dba07f8","Audio":{"timestamp":1611071734165.78,"packetsReceived":34438,"packetsLost":0},"Type":"inbound-rtp","Video":{"timestamp":1611071734165.78,"packetsReceived":43422,"packetsLost":0}},{"from":"Shreyas_c82ad4b7-4ba3-4a29-989c-ed0396c86f52","to":"Prashant_9c11d2d9-a903-46da-a1e7-99697dba07f8","Audio":{"timestamp":1611071734165.78,"packetsReceived":34438,"packetsLost":0},"Type":"inbound-rtp","Video":{"timestamp":1611071734165.78,"packetsReceived":43422,"packetsLost":0}},{"from":"Shreyas_c82ad4b7-4ba3-4a29-989c-ed0396c86f52","to":"Prashant_9c11d2d9-a903-46da-a1e7-99697dba07f8","Audio":{"timestamp":1611071739165.709,"packetsReceived":34687,"packetsLost":0},"Type":"inbound-rtp","Video":{"timestamp":1611071739165.709,"packetsReceived":43467,"packetsLost":0}},{"from":"Shreyas_c82ad4b7-4ba3-4a29-989c-ed0396c86f52","to":"Prashant_9c11d2d9-a903-46da-a1e7-99697dba07f8","Audio":{"timestamp":1611071739165.709,"packetsReceived":34687,"packetsLost":0},"Type":"inbound-rtp","Video":{"timestamp":1611071739165.709,"packetsReceived":43467,"packetsLost":0}},{"from":"Shreyas_c82ad4b7-4ba3-4a29-989c-ed0396c86f52","to":"Prashant_9c11d2d9-a903-46da-a1e7-99697dba07f8","Audio":{"timestamp":1611071744165.78,"packetsReceived":34937,"packetsLost":0},"Type":"inbound-rtp","Video":{"timestamp":1611071744165.78,"packetsReceived":43512,"packetsLost":0}},{"from":"Shreyas_c82ad4b7-4ba3-4a29-989c-ed0396c86f52","to":"Prashant_9c11d2d9-a903-46da-a1e7-99697dba07f8","Audio":{"timestamp":1611071744165.78,"packetsReceived":34937,"packetsLost":0},"Type":"inbound-rtp","Video":{"timestamp":1611071744165.78,"packetsReceived":43512,"packetsLost":0}},{"from":"Shreyas_c82ad4b7-4ba3-4a29-989c-ed0396c86f52","to":"Prashant_9c11d2d9-a903-46da-a1e7-99697dba07f8","Audio":{"timestamp":1611071749165.687,"packetsReceived":35188,"packetsLost":0},"Type":"inbound-rtp","Video":{"timestamp":1611071749165.687,"packetsReceived":43548,"packetsLost":0}},{"from":"Shreyas_c82ad4b7-4ba3-4a29-989c-ed0396c86f52","to":"Prashant_9c11d2d9-a903-46da-a1e7-99697dba07f8","Audio":{"timestamp":1611071749165.687,"packetsReceived":35188,"packetsLost":0},"Type":"inbound-rtp","Video":{"timestamp":1611071749165.687,"packetsReceived":43548,"packetsLost":0}},{"from":"Shreyas_c82ad4b7-4ba3-4a29-989c-ed0396c86f52","to":"Prashant_9c11d2d9-a903-46da-a1e7-99697dba07f8","Audio":{"timestamp":1611071754165.85,"packetsReceived":35438,"packetsLost":0},"Type":"inbound-rtp","Video":{"timestamp":1611071754165.85,"packetsReceived":43593,"packetsLost":0}},{"from":"Shreyas_c82ad4b7-4ba3-4a29-989c-ed0396c86f52","to":"Prashant_9c11d2d9-a903-46da-a1e7-99697dba07f8","Audio":{"timestamp":1611071754165.85,"packetsReceived":35438,"packetsLost":0},"Type":"inbound-rtp","Video":{"timestamp":1611071754165.85,"packetsReceived":43593,"packetsLost":0}},{"from":"Shreyas_c82ad4b7-4ba3-4a29-989c-ed0396c86f52","to":"Prashant_9c11d2d9-a903-46da-a1e7-99697dba07f8","Audio":{"timestamp":1611071759165.75,"packetsReceived":35688,"packetsLost":0},"Type":"inbound-rtp","Video":{"timestamp":1611071759165.75,"packetsReceived":43638,"packetsLost":0}},{"from":"Shreyas_c82ad4b7-4ba3-4a29-989c-ed0396c86f52","to":"Prashant_9c11d2d9-a903-46da-a1e7-99697dba07f8","Audio":{"timestamp":1611071759165.75,"packetsReceived":35688,"packetsLost":0},"Type":"inbound-rtp","Video":{"timestamp":1611071759165.75,"packetsReceived":43638,"packetsLost":0}},{"from":"Shreyas_c82ad4b7-4ba3-4a29-989c-ed0396c86f52","to":"Prashant_9c11d2d9-a903-46da-a1e7-99697dba07f8","Audio":{"timestamp":1611071764165.863,"packetsReceived":35938,"packetsLost":0},"Type":"inbound-rtp","Video":{"timestamp":1611071764165.863,"packetsReceived":43674,"packetsLost":0}},{"from":"Shreyas_c82ad4b7-4ba3-4a29-989c-ed0396c86f52","to":"Prashant_9c11d2d9-a903-46da-a1e7-99697dba07f8","Audio":{"timestamp":1611071764165.863,"packetsReceived":35938,"packetsLost":0},"Type":"inbound-rtp","Video":{"timestamp":1611071764165.863,"packetsReceived":43674,"packetsLost":0}},{"from":"Shreyas_c82ad4b7-4ba3-4a29-989c-ed0396c86f52","to":"Prashant_9c11d2d9-a903-46da-a1e7-99697dba07f8","Audio":{"timestamp":1611071769166.01,"packetsReceived":36188,"packetsLost":0},"Type":"inbound-rtp","Video":{"timestamp":1611071769166.01,"packetsReceived":43719,"packetsLost":0}},{"from":"Shreyas_c82ad4b7-4ba3-4a29-989c-ed0396c86f52","to":"Prashant_9c11d2d9-a903-46da-a1e7-99697dba07f8","Audio":{"timestamp":1611071769166.01,"packetsReceived":36188,"packetsLost":0},"Type":"inbound-rtp","Video":{"timestamp":1611071769166.01,"packetsReceived":43719,"packetsLost":0}},{"from":"Shreyas_c82ad4b7-4ba3-4a29-989c-ed0396c86f52","to":"Prashant_9c11d2d9-a903-46da-a1e7-99697dba07f8","Audio":{"timestamp":1611071774165.81,"packetsReceived":36437,"packetsLost":0},"Type":"inbound-rtp","Video":{"timestamp":1611071774165.81,"packetsReceived":43762,"packetsLost":0}},{"from":"Shreyas_c82ad4b7-4ba3-4a29-989c-ed0396c86f52","to":"Prashant_9c11d2d9-a903-46da-a1e7-99697dba07f8","Audio":{"timestamp":1611071774165.81,"packetsReceived":36437,"packetsLost":0},"Type":"inbound-rtp","Video":{"timestamp":1611071774165.81,"packetsReceived":43762,"packetsLost":0}},{"from":"Shreyas_c82ad4b7-4ba3-4a29-989c-ed0396c86f52","to":"Prashant_9c11d2d9-a903-46da-a1e7-99697dba07f8","Audio":{"timestamp":1611071779166.371,"packetsReceived":36688,"packetsLost":0},"Type":"inbound-rtp","Video":{"timestamp":1611071779166.371,"packetsReceived":43798,"packetsLost":0}},{"from":"Shreyas_c82ad4b7-4ba3-4a29-989c-ed0396c86f52","to":"Prashant_9c11d2d9-a903-46da-a1e7-99697dba07f8","Audio":{"timestamp":1611071779166.371,"packetsReceived":36688,"packetsLost":0},"Type":"inbound-rtp","Video":{"timestamp":1611071779166.371,"packetsReceived":43798,"packetsLost":0}},{"from":"Shreyas_c82ad4b7-4ba3-4a29-989c-ed0396c86f52","to":"Prashant_9c11d2d9-a903-46da-a1e7-99697dba07f8","Audio":{"timestamp":1611071784174.265,"packetsReceived":36938,"packetsLost":0},"Type":"inbound-rtp","Video":{"timestamp":1611071784174.265,"packetsReceived":43843,"packetsLost":0}},{"from":"Shreyas_c82ad4b7-4ba3-4a29-989c-ed0396c86f52","to":"Prashant_9c11d2d9-a903-46da-a1e7-99697dba07f8","Audio":{"timestamp":1611071784174.265,"packetsReceived":36938,"packetsLost":0},"Type":"inbound-rtp","Video":{"timestamp":1611071784174.265,"packetsReceived":43843,"packetsLost":0}},{"from":"Shreyas_c82ad4b7-4ba3-4a29-989c-ed0396c86f52","to":"Prashant_9c11d2d9-a903-46da-a1e7-99697dba07f8","Audio":{"timestamp":1611071789166.004,"packetsReceived":37187,"packetsLost":0},"Type":"inbound-rtp","Video":{"timestamp":1611071789166.004,"packetsReceived":43888,"packetsLost":0}},{"from":"Shreyas_c82ad4b7-4ba3-4a29-989c-ed0396c86f52","to":"Prashant_9c11d2d9-a903-46da-a1e7-99697dba07f8","Audio":{"timestamp":1611071789166.004,"packetsReceived":37187,"packetsLost":0},"Type":"inbound-rtp","Video":{"timestamp":1611071789166.004,"packetsReceived":43888,"packetsLost":0}},{"from":"Shreyas_c82ad4b7-4ba3-4a29-989c-ed0396c86f52","to":"Prashant_9c11d2d9-a903-46da-a1e7-99697dba07f8","Audio":{"timestamp":1611071794165.982,"packetsReceived":37438,"packetsLost":0},"Type":"inbound-rtp","Video":{"timestamp":1611071794165.982,"packetsReceived":43923,"packetsLost":0}},{"from":"Shreyas_c82ad4b7-4ba3-4a29-989c-ed0396c86f52","to":"Prashant_9c11d2d9-a903-46da-a1e7-99697dba07f8","Audio":{"timestamp":1611071794165.982,"packetsReceived":37438,"packetsLost":0},"Type":"inbound-rtp","Video":{"timestamp":1611071794165.982,"packetsReceived":43923,"packetsLost":0}},{"from":"Shreyas_c82ad4b7-4ba3-4a29-989c-ed0396c86f52","to":"Prashant_9c11d2d9-a903-46da-a1e7-99697dba07f8","Audio":{"timestamp":1611071799166.256,"packetsReceived":37688,"packetsLost":0},"Type":"inbound-rtp","Video":{"timestamp":1611071799166.256,"packetsReceived":43967,"packetsLost":0}},{"from":"Shreyas_c82ad4b7-4ba3-4a29-989c-ed0396c86f52","to":"Prashant_9c11d2d9-a903-46da-a1e7-99697dba07f8","Audio":{"timestamp":1611071799166.256,"packetsReceived":37688,"packetsLost":0},"Type":"inbound-rtp","Video":{"timestamp":1611071799166.256,"packetsReceived":43967,"packetsLost":0}},{"from":"Shreyas_c82ad4b7-4ba3-4a29-989c-ed0396c86f52","to":"Prashant_9c11d2d9-a903-46da-a1e7-99697dba07f8","Audio":{"timestamp":1611071804165.909,"packetsReceived":37937,"packetsLost":0},"Type":"inbound-rtp","Video":{"timestamp":1611071804165.909,"packetsReceived":44012,"packetsLost":0}},{"from":"Shreyas_c82ad4b7-4ba3-4a29-989c-ed0396c86f52","to":"Prashant_9c11d2d9-a903-46da-a1e7-99697dba07f8","Audio":{"timestamp":1611071804165.909,"packetsReceived":37937,"packetsLost":0},"Type":"inbound-rtp","Video":{"timestamp":1611071804165.909,"packetsReceived":44012,"packetsLost":0}},{"from":"Shreyas_c82ad4b7-4ba3-4a29-989c-ed0396c86f52","to":"Prashant_9c11d2d9-a903-46da-a1e7-99697dba07f8","Audio":{"timestamp":1611071809166.816,"packetsReceived":38188,"packetsLost":0},"Type":"inbound-rtp","Video":{"timestamp":1611071809166.816,"packetsReceived":44048,"packetsLost":0}},{"from":"Shreyas_c82ad4b7-4ba3-4a29-989c-ed0396c86f52","to":"Prashant_9c11d2d9-a903-46da-a1e7-99697dba07f8","Audio":{"timestamp":1611071809166.816,"packetsReceived":38188,"packetsLost":0},"Type":"inbound-rtp","Video":{"timestamp":1611071809166.816,"packetsReceived":44048,"packetsLost":0}}]}