[{"timestamp":1611069900786,"log":{"from":"server","to":"Rishitha_e6302e1b-3b52-4cbd-8587-66de406d16ff","context":"PARENT","data":"{\"peer\":\"Srindhi_346c39a7-494b-45ce-ae22-b4e69eaa9700\"}"}},{"timestamp":1611069900786,"log":"Parent : Srindhi_346c39a7-494b-45ce-ae22-b4e69eaa9700"},{"timestamp":1611069901288,"log":{"from":"Srindhi_346c39a7-494b-45ce-ae22-b4e69eaa9700","to":"Rishitha_e6302e1b-3b52-4cbd-8587-66de406d16ff","context":"CONNECT_ACK","data":"{\"roomID\":\"123456\"}"}},{"timestamp":1611069901288,"log":"Connection ACK from parent : Srindhi_346c39a7-494b-45ce-ae22-b4e69eaa9700"},{"timestamp":1611069901296,"log":"received sdp from peer : Srindhi_346c39a7-494b-45ce-ae22-b4e69eaa9700"},{"timestamp":1611069901299,"log":"received ice from peer : Srindhi_346c39a7-494b-45ce-ae22-b4e69eaa9700"},{"timestamp":1611069901303,"log":"received ice from peer : Srindhi_346c39a7-494b-45ce-ae22-b4e69eaa9700"},{"timestamp":1611069901305,"log":"remote stream received"},{"timestamp":1611069901306,"log":{}},{"timestamp":1611069901306,"log":"remote stream received"},{"timestamp":1611069901306,"log":{}},{"timestamp":1611069901317,"log":"created description for peer : Srindhi_346c39a7-494b-45ce-ae22-b4e69eaa9700"},{"timestamp":1611069901338,"log":"connection with peer Srindhi_346c39a7-494b-45ce-ae22-b4e69eaa9700 checking"},{"timestamp":1611069901339,"log":"ice: Rishitha_e6302e1b-3b52-4cbd-8587-66de406d16ff to Srindhi_346c39a7-494b-45ce-ae22-b4e69eaa9700"},{"timestamp":1611069901340,"log":"connection with peer Srindhi_346c39a7-494b-45ce-ae22-b4e69eaa9700 connected"},{"timestamp":1611069901340,"log":"ice: Rishitha_e6302e1b-3b52-4cbd-8587-66de406d16ff to Srindhi_346c39a7-494b-45ce-ae22-b4e69eaa9700"},{"timestamp":1611069901536,"log":"received ice from peer : Srindhi_346c39a7-494b-45ce-ae22-b4e69eaa9700"},{"timestamp":1611069901537,"log":"received ice from peer : Srindhi_346c39a7-494b-45ce-ae22-b4e69eaa9700"},{"timestamp":1611070471516,"log":{"from":"Sharisth_6fa9cc3f-4b7a-43c3-892d-d8b0638ad0af","to":"Rishitha_e6302e1b-3b52-4cbd-8587-66de406d16ff","context":"CONNECT","data":"{\"roomID\":\"123456\"}"}},{"timestamp":1611070471516,"log":"Connect request from Child : Sharisth_6fa9cc3f-4b7a-43c3-892d-d8b0638ad0af"},{"timestamp":1611070471517,"log":"adding tracks"},{"timestamp":1611070471520,"log":"call inititated: Rishitha_e6302e1b-3b52-4cbd-8587-66de406d16ff to Sharisth_6fa9cc3f-4b7a-43c3-892d-d8b0638ad0af"},{"timestamp":1611070471522,"log":"created description for peer : Sharisth_6fa9cc3f-4b7a-43c3-892d-d8b0638ad0af"},{"timestamp":1611070471529,"log":"ice: Rishitha_e6302e1b-3b52-4cbd-8587-66de406d16ff to Sharisth_6fa9cc3f-4b7a-43c3-892d-d8b0638ad0af"},{"timestamp":1611070471529,"log":"ice: Rishitha_e6302e1b-3b52-4cbd-8587-66de406d16ff to Sharisth_6fa9cc3f-4b7a-43c3-892d-d8b0638ad0af"},{"timestamp":1611070471561,"log":"ice: Rishitha_e6302e1b-3b52-4cbd-8587-66de406d16ff to Sharisth_6fa9cc3f-4b7a-43c3-892d-d8b0638ad0af"},{"timestamp":1611070471565,"log":"ice: Rishitha_e6302e1b-3b52-4cbd-8587-66de406d16ff to Sharisth_6fa9cc3f-4b7a-43c3-892d-d8b0638ad0af"},{"timestamp":1611070471821,"log":"connection with peer Sharisth_6fa9cc3f-4b7a-43c3-892d-d8b0638ad0af checking"},{"timestamp":1611070472077,"log":"received sdp from peer : Sharisth_6fa9cc3f-4b7a-43c3-892d-d8b0638ad0af"},{"timestamp":1611070472078,"log":"received ice from peer : Sharisth_6fa9cc3f-4b7a-43c3-892d-d8b0638ad0af"},{"timestamp":1611070472080,"log":"connection with peer Sharisth_6fa9cc3f-4b7a-43c3-892d-d8b0638ad0af connected"},{"timestamp":1611070472080,"log":"ice: Rishitha_e6302e1b-3b52-4cbd-8587-66de406d16ff to Sharisth_6fa9cc3f-4b7a-43c3-892d-d8b0638ad0af"},{"timestamp":1611070494348,"log":{"from":"Niket_3f4b5e72-8ef1-46bb-89c3-44815797fac7","to":"Rishitha_e6302e1b-3b52-4cbd-8587-66de406d16ff","context":"CONNECT","data":"{\"roomID\":\"123456\"}"}},{"timestamp":1611070494348,"log":"Connect request from Child : Niket_3f4b5e72-8ef1-46bb-89c3-44815797fac7"},{"timestamp":1611070494350,"log":"adding tracks"},{"timestamp":1611070494351,"log":"call inititated: Rishitha_e6302e1b-3b52-4cbd-8587-66de406d16ff to Niket_3f4b5e72-8ef1-46bb-89c3-44815797fac7"},{"timestamp":1611070494354,"log":"created description for peer : Niket_3f4b5e72-8ef1-46bb-89c3-44815797fac7"},{"timestamp":1611070494359,"log":"ice: Rishitha_e6302e1b-3b52-4cbd-8587-66de406d16ff to Niket_3f4b5e72-8ef1-46bb-89c3-44815797fac7"},{"timestamp":1611070494359,"log":"ice: Rishitha_e6302e1b-3b52-4cbd-8587-66de406d16ff to Niket_3f4b5e72-8ef1-46bb-89c3-44815797fac7"},{"timestamp":1611070494391,"log":"ice: Rishitha_e6302e1b-3b52-4cbd-8587-66de406d16ff to Niket_3f4b5e72-8ef1-46bb-89c3-44815797fac7"},{"timestamp":1611070494392,"log":"ice: Rishitha_e6302e1b-3b52-4cbd-8587-66de406d16ff to Niket_3f4b5e72-8ef1-46bb-89c3-44815797fac7"},{"timestamp":1611070494641,"log":"connection with peer Niket_3f4b5e72-8ef1-46bb-89c3-44815797fac7 checking"},{"timestamp":1611070495120,"log":"received sdp from peer : Niket_3f4b5e72-8ef1-46bb-89c3-44815797fac7"},{"timestamp":1611070495122,"log":"received ice from peer : Niket_3f4b5e72-8ef1-46bb-89c3-44815797fac7"},{"timestamp":1611070495126,"log":"connection with peer Niket_3f4b5e72-8ef1-46bb-89c3-44815797fac7 connected"},{"timestamp":1611070495126,"log":"ice: Rishitha_e6302e1b-3b52-4cbd-8587-66de406d16ff to Niket_3f4b5e72-8ef1-46bb-89c3-44815797fac7"}]