[{"timestamp":1611069957869,"log":{"from":"server","to":"Shashwat_05bdbebd-6994-47d1-907f-c8cee3a67d02","context":"PARENT","data":"{\"peer\":\"Vijay_b579e843-f4c3-489a-bd7f-75bd92c999e0\"}"}},{"timestamp":1611069957869,"log":"Parent : Vijay_b579e843-f4c3-489a-bd7f-75bd92c999e0"},{"timestamp":1611069958382,"log":{"from":"Vijay_b579e843-f4c3-489a-bd7f-75bd92c999e0","to":"Shashwat_05bdbebd-6994-47d1-907f-c8cee3a67d02","context":"CONNECT_ACK","data":"{\"roomID\":\"123456\"}"}},{"timestamp":1611069958382,"log":"Connection ACK from parent : Vijay_b579e843-f4c3-489a-bd7f-75bd92c999e0"},{"timestamp":1611069958394,"log":"received sdp from peer : Vijay_b579e843-f4c3-489a-bd7f-75bd92c999e0"},{"timestamp":1611069958397,"log":"received ice from peer : Vijay_b579e843-f4c3-489a-bd7f-75bd92c999e0"},{"timestamp":1611069958400,"log":"remote stream received"},{"timestamp":1611069958401,"log":{}},{"timestamp":1611069958401,"log":"remote stream received"},{"timestamp":1611069958402,"log":{}},{"timestamp":1611069958407,"log":"created description for peer : Vijay_b579e843-f4c3-489a-bd7f-75bd92c999e0"},{"timestamp":1611069958412,"log":"connection with peer Vijay_b579e843-f4c3-489a-bd7f-75bd92c999e0 checking"},{"timestamp":1611069958412,"log":"ice: Shashwat_05bdbebd-6994-47d1-907f-c8cee3a67d02 to Vijay_b579e843-f4c3-489a-bd7f-75bd92c999e0"},{"timestamp":1611069958435,"log":"connection with peer Vijay_b579e843-f4c3-489a-bd7f-75bd92c999e0 connected"},{"timestamp":1611069958436,"log":"ice: Shashwat_05bdbebd-6994-47d1-907f-c8cee3a67d02 to Vijay_b579e843-f4c3-489a-bd7f-75bd92c999e0"},{"timestamp":1611069958636,"log":"received ice from peer : Vijay_b579e843-f4c3-489a-bd7f-75bd92c999e0"},{"timestamp":1611069958637,"log":"received ice from peer : Vijay_b579e843-f4c3-489a-bd7f-75bd92c999e0"},{"timestamp":1611069958638,"log":"received ice from peer : Vijay_b579e843-f4c3-489a-bd7f-75bd92c999e0"},{"timestamp":1611070560807,"log":{"from":"Jaysoni_056e80e7-e1de-4f7f-af84-5520e143ffcb","to":"Shashwat_05bdbebd-6994-47d1-907f-c8cee3a67d02","context":"CONNECT","data":"{\"roomID\":\"123456\"}"}},{"timestamp":1611070560807,"log":"Connect request from Child : Jaysoni_056e80e7-e1de-4f7f-af84-5520e143ffcb"},{"timestamp":1611070560811,"log":"adding tracks"},{"timestamp":1611070560813,"log":"call inititated: Shashwat_05bdbebd-6994-47d1-907f-c8cee3a67d02 to Jaysoni_056e80e7-e1de-4f7f-af84-5520e143ffcb"},{"timestamp":1611070560815,"log":"created description for peer : Jaysoni_056e80e7-e1de-4f7f-af84-5520e143ffcb"},{"timestamp":1611070560819,"log":"ice: Shashwat_05bdbebd-6994-47d1-907f-c8cee3a67d02 to Jaysoni_056e80e7-e1de-4f7f-af84-5520e143ffcb"},{"timestamp":1611070560820,"log":"ice: Shashwat_05bdbebd-6994-47d1-907f-c8cee3a67d02 to Jaysoni_056e80e7-e1de-4f7f-af84-5520e143ffcb"},{"timestamp":1611070560852,"log":"ice: Shashwat_05bdbebd-6994-47d1-907f-c8cee3a67d02 to Jaysoni_056e80e7-e1de-4f7f-af84-5520e143ffcb"},{"timestamp":1611070560853,"log":"ice: Shashwat_05bdbebd-6994-47d1-907f-c8cee3a67d02 to Jaysoni_056e80e7-e1de-4f7f-af84-5520e143ffcb"},{"timestamp":1611070561116,"log":"connection with peer Jaysoni_056e80e7-e1de-4f7f-af84-5520e143ffcb checking"},{"timestamp":1611070561365,"log":"received sdp from peer : Jaysoni_056e80e7-e1de-4f7f-af84-5520e143ffcb"},{"timestamp":1611070561370,"log":"received ice from peer : Jaysoni_056e80e7-e1de-4f7f-af84-5520e143ffcb"},{"timestamp":1611070561375,"log":"connection with peer Jaysoni_056e80e7-e1de-4f7f-af84-5520e143ffcb connected"},{"timestamp":1611070561375,"log":"ice: Shashwat_05bdbebd-6994-47d1-907f-c8cee3a67d02 to Jaysoni_056e80e7-e1de-4f7f-af84-5520e143ffcb"},{"timestamp":1611070588622,"log":{"from":"Amar_1f2d8953-ccc2-4561-804f-89cbb7d3abf0","to":"Shashwat_05bdbebd-6994-47d1-907f-c8cee3a67d02","context":"CONNECT","data":"{\"roomID\":\"123456\"}"}},{"timestamp":1611070588622,"log":"Connect request from Child : Amar_1f2d8953-ccc2-4561-804f-89cbb7d3abf0"},{"timestamp":1611070588623,"log":"adding tracks"},{"timestamp":1611070588623,"log":"call inititated: Shashwat_05bdbebd-6994-47d1-907f-c8cee3a67d02 to Amar_1f2d8953-ccc2-4561-804f-89cbb7d3abf0"},{"timestamp":1611070588625,"log":"created description for peer : Amar_1f2d8953-ccc2-4561-804f-89cbb7d3abf0"},{"timestamp":1611070588628,"log":"ice: Shashwat_05bdbebd-6994-47d1-907f-c8cee3a67d02 to Amar_1f2d8953-ccc2-4561-804f-89cbb7d3abf0"},{"timestamp":1611070588628,"log":"ice: Shashwat_05bdbebd-6994-47d1-907f-c8cee3a67d02 to Amar_1f2d8953-ccc2-4561-804f-89cbb7d3abf0"},{"timestamp":1611070588662,"log":"ice: Shashwat_05bdbebd-6994-47d1-907f-c8cee3a67d02 to Amar_1f2d8953-ccc2-4561-804f-89cbb7d3abf0"},{"timestamp":1611070588663,"log":"ice: Shashwat_05bdbebd-6994-47d1-907f-c8cee3a67d02 to Amar_1f2d8953-ccc2-4561-804f-89cbb7d3abf0"},{"timestamp":1611070588892,"log":"connection with peer Amar_1f2d8953-ccc2-4561-804f-89cbb7d3abf0 checking"},{"timestamp":1611070589388,"log":"received sdp from peer : Amar_1f2d8953-ccc2-4561-804f-89cbb7d3abf0"},{"timestamp":1611070589390,"log":"received ice from peer : Amar_1f2d8953-ccc2-4561-804f-89cbb7d3abf0"},{"timestamp":1611070589392,"log":"connection with peer Amar_1f2d8953-ccc2-4561-804f-89cbb7d3abf0 connected"},{"timestamp":1611070589392,"log":"ice: Shashwat_05bdbebd-6994-47d1-907f-c8cee3a67d02 to Amar_1f2d8953-ccc2-4561-804f-89cbb7d3abf0"}]