[{"timestamp":1611069759787,"log":{"from":"server","to":"Shivank_3861bd06-827e-483e-bd1e-545b519e277f","context":"PARENT","data":"{\"peer\":\"Sumit_c3b4b6df-baa4-4279-a1ad-3f6798fb7b64\"}"}},{"timestamp":1611069759787,"log":"Parent : Sumit_c3b4b6df-baa4-4279-a1ad-3f6798fb7b64"},{"timestamp":1611069760282,"log":{"from":"Sumit_c3b4b6df-baa4-4279-a1ad-3f6798fb7b64","to":"Shivank_3861bd06-827e-483e-bd1e-545b519e277f","context":"CONNECT_ACK","data":"{\"roomID\":\"123456\"}"}},{"timestamp":1611069760282,"log":"Connection ACK from parent : Sumit_c3b4b6df-baa4-4279-a1ad-3f6798fb7b64"},{"timestamp":1611069760290,"log":"received sdp from peer : Sumit_c3b4b6df-baa4-4279-a1ad-3f6798fb7b64"},{"timestamp":1611069760295,"log":"received ice from peer : Sumit_c3b4b6df-baa4-4279-a1ad-3f6798fb7b64"},{"timestamp":1611069760297,"log":"received ice from peer : Sumit_c3b4b6df-baa4-4279-a1ad-3f6798fb7b64"},{"timestamp":1611069760299,"log":"remote stream received"},{"timestamp":1611069760300,"log":{}},{"timestamp":1611069760300,"log":"remote stream received"},{"timestamp":1611069760301,"log":{}},{"timestamp":1611069760306,"log":"created description for peer : Sumit_c3b4b6df-baa4-4279-a1ad-3f6798fb7b64"},{"timestamp":1611069760317,"log":"connection with peer Sumit_c3b4b6df-baa4-4279-a1ad-3f6798fb7b64 checking"},{"timestamp":1611069760318,"log":"ice: Shivank_3861bd06-827e-483e-bd1e-545b519e277f to Sumit_c3b4b6df-baa4-4279-a1ad-3f6798fb7b64"},{"timestamp":1611069760318,"log":"connection with peer Sumit_c3b4b6df-baa4-4279-a1ad-3f6798fb7b64 connected"},{"timestamp":1611069760319,"log":"received ice from peer : Sumit_c3b4b6df-baa4-4279-a1ad-3f6798fb7b64"},{"timestamp":1611069760320,"log":"ice: Shivank_3861bd06-827e-483e-bd1e-545b519e277f to Sumit_c3b4b6df-baa4-4279-a1ad-3f6798fb7b64"},{"timestamp":1611069760320,"log":"received ice from peer : Sumit_c3b4b6df-baa4-4279-a1ad-3f6798fb7b64"},{"timestamp":1611070074072,"log":{"from":"Ruchika_d244ffd0-9079-46ad-a0ac-5dfc49145500","to":"Shivank_3861bd06-827e-483e-bd1e-545b519e277f","context":"CONNECT","data":"{\"roomID\":\"123456\"}"}},{"timestamp":1611070074072,"log":"Connect request from Child : Ruchika_d244ffd0-9079-46ad-a0ac-5dfc49145500"},{"timestamp":1611070074075,"log":"adding tracks"},{"timestamp":1611070074076,"log":"call inititated: Shivank_3861bd06-827e-483e-bd1e-545b519e277f to Ruchika_d244ffd0-9079-46ad-a0ac-5dfc49145500"},{"timestamp":1611070074079,"log":"created description for peer : Ruchika_d244ffd0-9079-46ad-a0ac-5dfc49145500"},{"timestamp":1611070074085,"log":"ice: Shivank_3861bd06-827e-483e-bd1e-545b519e277f to Ruchika_d244ffd0-9079-46ad-a0ac-5dfc49145500"},{"timestamp":1611070074085,"log":"ice: Shivank_3861bd06-827e-483e-bd1e-545b519e277f to Ruchika_d244ffd0-9079-46ad-a0ac-5dfc49145500"},{"timestamp":1611070074118,"log":"ice: Shivank_3861bd06-827e-483e-bd1e-545b519e277f to Ruchika_d244ffd0-9079-46ad-a0ac-5dfc49145500"},{"timestamp":1611070074120,"log":"ice: Shivank_3861bd06-827e-483e-bd1e-545b519e277f to Ruchika_d244ffd0-9079-46ad-a0ac-5dfc49145500"},{"timestamp":1611070074389,"log":"connection with peer Ruchika_d244ffd0-9079-46ad-a0ac-5dfc49145500 checking"},{"timestamp":1611070074883,"log":"received sdp from peer : Ruchika_d244ffd0-9079-46ad-a0ac-5dfc49145500"},{"timestamp":1611070074885,"log":"received ice from peer : Ruchika_d244ffd0-9079-46ad-a0ac-5dfc49145500"},{"timestamp":1611070074891,"log":"connection with peer Ruchika_d244ffd0-9079-46ad-a0ac-5dfc49145500 connected"},{"timestamp":1611070074891,"log":"ice: Shivank_3861bd06-827e-483e-bd1e-545b519e277f to Ruchika_d244ffd0-9079-46ad-a0ac-5dfc49145500"},{"timestamp":1611070101141,"log":{"from":"Shivam_ebfd9c8e-51ea-48d0-b2be-0ca75bd7ae34","to":"Shivank_3861bd06-827e-483e-bd1e-545b519e277f","context":"CONNECT","data":"{\"roomID\":\"123456\"}"}},{"timestamp":1611070101142,"log":"Connect request from Child : Shivam_ebfd9c8e-51ea-48d0-b2be-0ca75bd7ae34"},{"timestamp":1611070101143,"log":"adding tracks"},{"timestamp":1611070101144,"log":"call inititated: Shivank_3861bd06-827e-483e-bd1e-545b519e277f to Shivam_ebfd9c8e-51ea-48d0-b2be-0ca75bd7ae34"},{"timestamp":1611070101146,"log":"created description for peer : Shivam_ebfd9c8e-51ea-48d0-b2be-0ca75bd7ae34"},{"timestamp":1611070101159,"log":"ice: Shivank_3861bd06-827e-483e-bd1e-545b519e277f to Shivam_ebfd9c8e-51ea-48d0-b2be-0ca75bd7ae34"},{"timestamp":1611070101159,"log":"ice: Shivank_3861bd06-827e-483e-bd1e-545b519e277f to Shivam_ebfd9c8e-51ea-48d0-b2be-0ca75bd7ae34"},{"timestamp":1611070101197,"log":"ice: Shivank_3861bd06-827e-483e-bd1e-545b519e277f to Shivam_ebfd9c8e-51ea-48d0-b2be-0ca75bd7ae34"},{"timestamp":1611070101198,"log":"ice: Shivank_3861bd06-827e-483e-bd1e-545b519e277f to Shivam_ebfd9c8e-51ea-48d0-b2be-0ca75bd7ae34"},{"timestamp":1611070101434,"log":"connection with peer Shivam_ebfd9c8e-51ea-48d0-b2be-0ca75bd7ae34 checking"},{"timestamp":1611070101918,"log":"received sdp from peer : Shivam_ebfd9c8e-51ea-48d0-b2be-0ca75bd7ae34"},{"timestamp":1611070101920,"log":"received ice from peer : Shivam_ebfd9c8e-51ea-48d0-b2be-0ca75bd7ae34"},{"timestamp":1611070101924,"log":"connection with peer Shivam_ebfd9c8e-51ea-48d0-b2be-0ca75bd7ae34 connected"},{"timestamp":1611070101925,"log":"ice: Shivank_3861bd06-827e-483e-bd1e-545b519e277f to Shivam_ebfd9c8e-51ea-48d0-b2be-0ca75bd7ae34"}]