[{"timestamp":1611069563319,"log":{"from":"server","to":"Sumit_c3b4b6df-baa4-4279-a1ad-3f6798fb7b64","context":"PARENT","data":"{\"peer\":\"Parth_76f53bdf-f7bc-427b-82f3-d8c41a941ed2\"}"}},{"timestamp":1611069563319,"log":"Parent : Parth_76f53bdf-f7bc-427b-82f3-d8c41a941ed2"},{"timestamp":1611069563826,"log":{"from":"Parth_76f53bdf-f7bc-427b-82f3-d8c41a941ed2","to":"Sumit_c3b4b6df-baa4-4279-a1ad-3f6798fb7b64","context":"CONNECT_ACK","data":"{\"roomID\":\"123456\"}"}},{"timestamp":1611069563826,"log":"Connection ACK from parent : Parth_76f53bdf-f7bc-427b-82f3-d8c41a941ed2"},{"timestamp":1611069563832,"log":"received sdp from peer : Parth_76f53bdf-f7bc-427b-82f3-d8c41a941ed2"},{"timestamp":1611069563835,"log":"received ice from peer : Parth_76f53bdf-f7bc-427b-82f3-d8c41a941ed2"},{"timestamp":1611069563838,"log":"received ice from peer : Parth_76f53bdf-f7bc-427b-82f3-d8c41a941ed2"},{"timestamp":1611069563839,"log":"remote stream received"},{"timestamp":1611069563839,"log":{}},{"timestamp":1611069563840,"log":"remote stream received"},{"timestamp":1611069563840,"log":{}},{"timestamp":1611069563848,"log":"created description for peer : Parth_76f53bdf-f7bc-427b-82f3-d8c41a941ed2"},{"timestamp":1611069563867,"log":"received ice from peer : Parth_76f53bdf-f7bc-427b-82f3-d8c41a941ed2"},{"timestamp":1611069563869,"log":"connection with peer Parth_76f53bdf-f7bc-427b-82f3-d8c41a941ed2 checking"},{"timestamp":1611069563870,"log":"ice: Sumit_c3b4b6df-baa4-4279-a1ad-3f6798fb7b64 to Parth_76f53bdf-f7bc-427b-82f3-d8c41a941ed2"},{"timestamp":1611069563871,"log":"connection with peer Parth_76f53bdf-f7bc-427b-82f3-d8c41a941ed2 connected"},{"timestamp":1611069563871,"log":"ice: Sumit_c3b4b6df-baa4-4279-a1ad-3f6798fb7b64 to Parth_76f53bdf-f7bc-427b-82f3-d8c41a941ed2"},{"timestamp":1611069564078,"log":"received ice from peer : Parth_76f53bdf-f7bc-427b-82f3-d8c41a941ed2"},{"timestamp":1611069753651,"log":{"from":"Unique_00094b25-658f-43d6-92b6-d819e4d90e8f","to":"Sumit_c3b4b6df-baa4-4279-a1ad-3f6798fb7b64","context":"CONNECT","data":"{\"roomID\":\"123456\"}"}},{"timestamp":1611069753651,"log":"Connect request from Child : Unique_00094b25-658f-43d6-92b6-d819e4d90e8f"},{"timestamp":1611069753652,"log":"adding tracks"},{"timestamp":1611069753655,"log":"call inititated: Sumit_c3b4b6df-baa4-4279-a1ad-3f6798fb7b64 to Unique_00094b25-658f-43d6-92b6-d819e4d90e8f"},{"timestamp":1611069753658,"log":"created description for peer : Unique_00094b25-658f-43d6-92b6-d819e4d90e8f"},{"timestamp":1611069753664,"log":"ice: Sumit_c3b4b6df-baa4-4279-a1ad-3f6798fb7b64 to Unique_00094b25-658f-43d6-92b6-d819e4d90e8f"},{"timestamp":1611069753665,"log":"ice: Sumit_c3b4b6df-baa4-4279-a1ad-3f6798fb7b64 to Unique_00094b25-658f-43d6-92b6-d819e4d90e8f"},{"timestamp":1611069753697,"log":"ice: Sumit_c3b4b6df-baa4-4279-a1ad-3f6798fb7b64 to Unique_00094b25-658f-43d6-92b6-d819e4d90e8f"},{"timestamp":1611069753698,"log":"ice: Sumit_c3b4b6df-baa4-4279-a1ad-3f6798fb7b64 to Unique_00094b25-658f-43d6-92b6-d819e4d90e8f"},{"timestamp":1611069753941,"log":"connection with peer Unique_00094b25-658f-43d6-92b6-d819e4d90e8f checking"},{"timestamp":1611069754190,"log":"received sdp from peer : Unique_00094b25-658f-43d6-92b6-d819e4d90e8f"},{"timestamp":1611069754192,"log":"received ice from peer : Unique_00094b25-658f-43d6-92b6-d819e4d90e8f"},{"timestamp":1611069754196,"log":"connection with peer Unique_00094b25-658f-43d6-92b6-d819e4d90e8f connected"},{"timestamp":1611069754196,"log":"ice: Sumit_c3b4b6df-baa4-4279-a1ad-3f6798fb7b64 to Unique_00094b25-658f-43d6-92b6-d819e4d90e8f"},{"timestamp":1611069759979,"log":{"from":"Shivank_3861bd06-827e-483e-bd1e-545b519e277f","to":"Sumit_c3b4b6df-baa4-4279-a1ad-3f6798fb7b64","context":"CONNECT","data":"{\"roomID\":\"123456\"}"}},{"timestamp":1611069759979,"log":"Connect request from Child : Shivank_3861bd06-827e-483e-bd1e-545b519e277f"},{"timestamp":1611069759980,"log":"adding tracks"},{"timestamp":1611069759981,"log":"call inititated: Sumit_c3b4b6df-baa4-4279-a1ad-3f6798fb7b64 to Shivank_3861bd06-827e-483e-bd1e-545b519e277f"},{"timestamp":1611069759982,"log":"created description for peer : Shivank_3861bd06-827e-483e-bd1e-545b519e277f"},{"timestamp":1611069759984,"log":"ice: Sumit_c3b4b6df-baa4-4279-a1ad-3f6798fb7b64 to Shivank_3861bd06-827e-483e-bd1e-545b519e277f"},{"timestamp":1611069759985,"log":"ice: Sumit_c3b4b6df-baa4-4279-a1ad-3f6798fb7b64 to Shivank_3861bd06-827e-483e-bd1e-545b519e277f"},{"timestamp":1611069760017,"log":"ice: Sumit_c3b4b6df-baa4-4279-a1ad-3f6798fb7b64 to Shivank_3861bd06-827e-483e-bd1e-545b519e277f"},{"timestamp":1611069760017,"log":"ice: Sumit_c3b4b6df-baa4-4279-a1ad-3f6798fb7b64 to Shivank_3861bd06-827e-483e-bd1e-545b519e277f"},{"timestamp":1611069760265,"log":"connection with peer Shivank_3861bd06-827e-483e-bd1e-545b519e277f checking"},{"timestamp":1611069760506,"log":"received sdp from peer : Shivank_3861bd06-827e-483e-bd1e-545b519e277f"},{"timestamp":1611069760508,"log":"received ice from peer : Shivank_3861bd06-827e-483e-bd1e-545b519e277f"},{"timestamp":1611069760513,"log":"connection with peer Shivank_3861bd06-827e-483e-bd1e-545b519e277f connected"},{"timestamp":1611069760513,"log":"ice: Sumit_c3b4b6df-baa4-4279-a1ad-3f6798fb7b64 to Shivank_3861bd06-827e-483e-bd1e-545b519e277f"}]