[{"timestamp":1611069866141,"log":{"from":"server","to":"Arshpreet_41c83115-b013-4e5a-98fd-b730f7c850cb","context":"PARENT","data":"{\"peer\":\"Chaitnya_83453f3f-456c-4e25-a95b-5f56eaa393b8\"}"}},{"timestamp":1611069866141,"log":"Parent : Chaitnya_83453f3f-456c-4e25-a95b-5f56eaa393b8"},{"timestamp":1611069866656,"log":{"from":"Chaitnya_83453f3f-456c-4e25-a95b-5f56eaa393b8","to":"Arshpreet_41c83115-b013-4e5a-98fd-b730f7c850cb","context":"CONNECT_ACK","data":"{\"roomID\":\"123456\"}"}},{"timestamp":1611069866656,"log":"Connection ACK from parent : Chaitnya_83453f3f-456c-4e25-a95b-5f56eaa393b8"},{"timestamp":1611069866669,"log":"received sdp from peer : Chaitnya_83453f3f-456c-4e25-a95b-5f56eaa393b8"},{"timestamp":1611069866671,"log":"received ice from peer : Chaitnya_83453f3f-456c-4e25-a95b-5f56eaa393b8"},{"timestamp":1611069866675,"log":"received ice from peer : Chaitnya_83453f3f-456c-4e25-a95b-5f56eaa393b8"},{"timestamp":1611069866676,"log":"remote stream received"},{"timestamp":1611069866677,"log":{}},{"timestamp":1611069866677,"log":"remote stream received"},{"timestamp":1611069866677,"log":{}},{"timestamp":1611069866682,"log":"created description for peer : Chaitnya_83453f3f-456c-4e25-a95b-5f56eaa393b8"},{"timestamp":1611069866688,"log":"connection with peer Chaitnya_83453f3f-456c-4e25-a95b-5f56eaa393b8 checking"},{"timestamp":1611069866689,"log":"ice: Arshpreet_41c83115-b013-4e5a-98fd-b730f7c850cb to Chaitnya_83453f3f-456c-4e25-a95b-5f56eaa393b8"},{"timestamp":1611069866689,"log":"connection with peer Chaitnya_83453f3f-456c-4e25-a95b-5f56eaa393b8 connected"},{"timestamp":1611069866690,"log":"ice: Arshpreet_41c83115-b013-4e5a-98fd-b730f7c850cb to Chaitnya_83453f3f-456c-4e25-a95b-5f56eaa393b8"},{"timestamp":1611069866700,"log":"received ice from peer : Chaitnya_83453f3f-456c-4e25-a95b-5f56eaa393b8"},{"timestamp":1611069866717,"log":"received ice from peer : Chaitnya_83453f3f-456c-4e25-a95b-5f56eaa393b8"},{"timestamp":1611070377492,"log":{"from":"Aditya_c3c843d3-6379-4114-a283-b551d0f28ab7","to":"Arshpreet_41c83115-b013-4e5a-98fd-b730f7c850cb","context":"CONNECT","data":"{\"roomID\":\"123456\"}"}},{"timestamp":1611070377492,"log":"Connect request from Child : Aditya_c3c843d3-6379-4114-a283-b551d0f28ab7"},{"timestamp":1611070377495,"log":"adding tracks"},{"timestamp":1611070377496,"log":"call inititated: Arshpreet_41c83115-b013-4e5a-98fd-b730f7c850cb to Aditya_c3c843d3-6379-4114-a283-b551d0f28ab7"},{"timestamp":1611070377500,"log":"created description for peer : Aditya_c3c843d3-6379-4114-a283-b551d0f28ab7"},{"timestamp":1611070377506,"log":"ice: Arshpreet_41c83115-b013-4e5a-98fd-b730f7c850cb to Aditya_c3c843d3-6379-4114-a283-b551d0f28ab7"},{"timestamp":1611070377506,"log":"ice: Arshpreet_41c83115-b013-4e5a-98fd-b730f7c850cb to Aditya_c3c843d3-6379-4114-a283-b551d0f28ab7"},{"timestamp":1611070377543,"log":"ice: Arshpreet_41c83115-b013-4e5a-98fd-b730f7c850cb to Aditya_c3c843d3-6379-4114-a283-b551d0f28ab7"},{"timestamp":1611070377544,"log":"ice: Arshpreet_41c83115-b013-4e5a-98fd-b730f7c850cb to Aditya_c3c843d3-6379-4114-a283-b551d0f28ab7"},{"timestamp":1611070377781,"log":"connection with peer Aditya_c3c843d3-6379-4114-a283-b551d0f28ab7 checking"},{"timestamp":1611070378271,"log":"received sdp from peer : Aditya_c3c843d3-6379-4114-a283-b551d0f28ab7"},{"timestamp":1611070378275,"log":"received ice from peer : Aditya_c3c843d3-6379-4114-a283-b551d0f28ab7"},{"timestamp":1611070378279,"log":"connection with peer Aditya_c3c843d3-6379-4114-a283-b551d0f28ab7 connected"},{"timestamp":1611070378280,"log":"ice: Arshpreet_41c83115-b013-4e5a-98fd-b730f7c850cb to Aditya_c3c843d3-6379-4114-a283-b551d0f28ab7"},{"timestamp":1611070403900,"log":{"from":"Aditi_b90a71dc-6cab-4372-ba4d-abf2831ee5e9","to":"Arshpreet_41c83115-b013-4e5a-98fd-b730f7c850cb","context":"CONNECT","data":"{\"roomID\":\"123456\"}"}},{"timestamp":1611070403900,"log":"Connect request from Child : Aditi_b90a71dc-6cab-4372-ba4d-abf2831ee5e9"},{"timestamp":1611070403901,"log":"adding tracks"},{"timestamp":1611070403903,"log":"call inititated: Arshpreet_41c83115-b013-4e5a-98fd-b730f7c850cb to Aditi_b90a71dc-6cab-4372-ba4d-abf2831ee5e9"},{"timestamp":1611070403905,"log":"created description for peer : Aditi_b90a71dc-6cab-4372-ba4d-abf2831ee5e9"},{"timestamp":1611070403911,"log":"ice: Arshpreet_41c83115-b013-4e5a-98fd-b730f7c850cb to Aditi_b90a71dc-6cab-4372-ba4d-abf2831ee5e9"},{"timestamp":1611070403911,"log":"ice: Arshpreet_41c83115-b013-4e5a-98fd-b730f7c850cb to Aditi_b90a71dc-6cab-4372-ba4d-abf2831ee5e9"},{"timestamp":1611070403944,"log":"ice: Arshpreet_41c83115-b013-4e5a-98fd-b730f7c850cb to Aditi_b90a71dc-6cab-4372-ba4d-abf2831ee5e9"},{"timestamp":1611070403944,"log":"ice: Arshpreet_41c83115-b013-4e5a-98fd-b730f7c850cb to Aditi_b90a71dc-6cab-4372-ba4d-abf2831ee5e9"},{"timestamp":1611070404170,"log":"connection with peer Aditi_b90a71dc-6cab-4372-ba4d-abf2831ee5e9 checking"},{"timestamp":1611070404662,"log":"received sdp from peer : Aditi_b90a71dc-6cab-4372-ba4d-abf2831ee5e9"},{"timestamp":1611070404664,"log":"received ice from peer : Aditi_b90a71dc-6cab-4372-ba4d-abf2831ee5e9"},{"timestamp":1611070404668,"log":"connection with peer Aditi_b90a71dc-6cab-4372-ba4d-abf2831ee5e9 connected"},{"timestamp":1611070404668,"log":"ice: Arshpreet_41c83115-b013-4e5a-98fd-b730f7c850cb to Aditi_b90a71dc-6cab-4372-ba4d-abf2831ee5e9"},{"timestamp":1611071264682,"log":{"from":"server","to":"Arshpreet_41c83115-b013-4e5a-98fd-b730f7c850cb","context":"CHILDLEFT","data":"{\"child\":\"Aditi_b90a71dc-6cab-4372-ba4d-abf2831ee5e9\"}"}},{"timestamp":1611071264713,"log":"connection with peer Aditi_b90a71dc-6cab-4372-ba4d-abf2831ee5e9 closed"}]