{"ChinmaySahoo_eedc6722-1252-4ec7-86d5-54c965df35c5":[{"from":"ChinmaySahoo_eedc6722-1252-4ec7-86d5-54c965df35c5","to":"Arshpreet_6e1252c0-2e97-42b0-b0d3-5a1d51726d24","Audio":{"timestamp":1611072626676.444,"packetsReceived":161,"packetsLost":0},"Type":"inbound-rtp","Video":{"timestamp":1611072626676.444,"packetsReceived":0,"packetsLost":0}},{"from":"ChinmaySahoo_eedc6722-1252-4ec7-86d5-54c965df35c5","to":"Arshpreet_6e1252c0-2e97-42b0-b0d3-5a1d51726d24","Audio":{"timestamp":1611072626676.444,"packetsReceived":161,"packetsLost":0},"Type":"inbound-rtp","Video":{"timestamp":1611072626676.444,"packetsReceived":0,"packetsLost":0}},{"from":"ChinmaySahoo_eedc6722-1252-4ec7-86d5-54c965df35c5","to":"Arshpreet_6e1252c0-2e97-42b0-b0d3-5a1d51726d24","Audio":{"timestamp":1611072631675.146,"packetsReceived":412,"packetsLost":0},"Type":"inbound-rtp","Video":{"timestamp":1611072631675.146,"packetsReceived":38,"packetsLost":0}},{"from":"ChinmaySahoo_eedc6722-1252-4ec7-86d5-54c965df35c5","to":"Arshpreet_6e1252c0-2e97-42b0-b0d3-5a1d51726d24","Audio":{"timestamp":1611072631675.146,"packetsReceived":412,"packetsLost":0},"Type":"inbound-rtp","Video":{"timestamp":1611072631675.146,"packetsReceived":38,"packetsLost":0}},{"from":"ChinmaySahoo_eedc6722-1252-4ec7-86d5-54c965df35c5","to":"Arshpreet_6e1252c0-2e97-42b0-b0d3-5a1d51726d24","Audio":{"timestamp":1611072636675.18,"packetsReceived":662,"packetsLost":0},"Type":"inbound-rtp","Video":{"timestamp":1611072636675.18,"packetsReceived":44,"packetsLost":0}},{"from":"ChinmaySahoo_eedc6722-1252-4ec7-86d5-54c965df35c5","to":"Arshpreet_6e1252c0-2e97-42b0-b0d3-5a1d51726d24","Audio":{"timestamp":1611072636675.18,"packetsReceived":662,"packetsLost":0},"Type":"inbound-rtp","Video":{"timestamp":1611072636675.18,"packetsReceived":44,"packetsLost":0}},{"from":"ChinmaySahoo_eedc6722-1252-4ec7-86d5-54c965df35c5","to":"Arshpreet_6e1252c0-2e97-42b0-b0d3-5a1d51726d24","Audio":{"timestamp":1611072642622.684,"packetsReceived":960,"packetsLost":0},"Type":"inbound-rtp","Video":{"timestamp":1611072642622.684,"packetsReceived":50,"packetsLost":0}},{"from":"ChinmaySahoo_eedc6722-1252-4ec7-86d5-54c965df35c5","to":"Arshpreet_6e1252c0-2e97-42b0-b0d3-5a1d51726d24","Audio":{"timestamp":1611072642622.684,"packetsReceived":960,"packetsLost":0},"Type":"inbound-rtp","Video":{"timestamp":1611072642622.684,"packetsReceived":50,"packetsLost":0}},{"from":"ChinmaySahoo_eedc6722-1252-4ec7-86d5-54c965df35c5","to":"Arshpreet_6e1252c0-2e97-42b0-b0d3-5a1d51726d24","Audio":{"timestamp":1611072647622.799,"packetsReceived":1209,"packetsLost":0},"Type":"inbound-rtp","Video":{"timestamp":1611072647622.799,"packetsReceived":54,"packetsLost":0}},{"from":"ChinmaySahoo_eedc6722-1252-4ec7-86d5-54c965df35c5","to":"Arshpreet_6e1252c0-2e97-42b0-b0d3-5a1d51726d24","Audio":{"timestamp":1611072647622.799,"packetsReceived":1209,"packetsLost":0},"Type":"inbound-rtp","Video":{"timestamp":1611072647622.799,"packetsReceived":54,"packetsLost":0}},{"from":"ChinmaySahoo_eedc6722-1252-4ec7-86d5-54c965df35c5","to":"Arshpreet_6e1252c0-2e97-42b0-b0d3-5a1d51726d24","Audio":{"timestamp":1611072652622.756,"packetsReceived":1459,"packetsLost":0},"Type":"inbound-rtp","Video":{"timestamp":1611072652622.756,"packetsReceived":59,"packetsLost":0}},{"from":"ChinmaySahoo_eedc6722-1252-4ec7-86d5-54c965df35c5","to":"Arshpreet_6e1252c0-2e97-42b0-b0d3-5a1d51726d24","Audio":{"timestamp":1611072652622.756,"packetsReceived":1459,"packetsLost":0},"Type":"inbound-rtp","Video":{"timestamp":1611072652622.756,"packetsReceived":59,"packetsLost":0}},{"from":"ChinmaySahoo_eedc6722-1252-4ec7-86d5-54c965df35c5","to":"Arshpreet_6e1252c0-2e97-42b0-b0d3-5a1d51726d24","Audio":{"timestamp":1611072657622.718,"packetsReceived":1709,"packetsLost":0},"Type":"inbound-rtp","Video":{"timestamp":1611072657622.718,"packetsReceived":64,"packetsLost":0}},{"from":"ChinmaySahoo_eedc6722-1252-4ec7-86d5-54c965df35c5","to":"Arshpreet_6e1252c0-2e97-42b0-b0d3-5a1d51726d24","Audio":{"timestamp":1611072657622.718,"packetsReceived":1709,"packetsLost":0},"Type":"inbound-rtp","Video":{"timestamp":1611072657622.718,"packetsReceived":64,"packetsLost":0}},{"from":"ChinmaySahoo_eedc6722-1252-4ec7-86d5-54c965df35c5","to":"Arshpreet_6e1252c0-2e97-42b0-b0d3-5a1d51726d24","Audio":{"timestamp":1611072662622.694,"packetsReceived":1959,"packetsLost":0},"Type":"inbound-rtp","Video":{"timestamp":1611072662622.694,"packetsReceived":68,"packetsLost":0}},{"from":"ChinmaySahoo_eedc6722-1252-4ec7-86d5-54c965df35c5","to":"Arshpreet_6e1252c0-2e97-42b0-b0d3-5a1d51726d24","Audio":{"timestamp":1611072662622.694,"packetsReceived":1959,"packetsLost":0},"Type":"inbound-rtp","Video":{"timestamp":1611072662622.694,"packetsReceived":68,"packetsLost":0}},{"from":"ChinmaySahoo_eedc6722-1252-4ec7-86d5-54c965df35c5","to":"Arshpreet_6e1252c0-2e97-42b0-b0d3-5a1d51726d24","Audio":{"timestamp":1611072667622.701,"packetsReceived":2209,"packetsLost":0},"Type":"inbound-rtp","Video":{"timestamp":1611072667622.701,"packetsReceived":73,"packetsLost":0}},{"from":"ChinmaySahoo_eedc6722-1252-4ec7-86d5-54c965df35c5","to":"Arshpreet_6e1252c0-2e97-42b0-b0d3-5a1d51726d24","Audio":{"timestamp":1611072667622.701,"packetsReceived":2209,"packetsLost":0},"Type":"inbound-rtp","Video":{"timestamp":1611072667622.701,"packetsReceived":73,"packetsLost":0}},{"from":"ChinmaySahoo_eedc6722-1252-4ec7-86d5-54c965df35c5","to":"Arshpreet_6e1252c0-2e97-42b0-b0d3-5a1d51726d24","Audio":{"timestamp":1611072672622.702,"packetsReceived":2459,"packetsLost":0},"Type":"inbound-rtp","Video":{"timestamp":1611072672622.702,"packetsReceived":78,"packetsLost":0}},{"from":"ChinmaySahoo_eedc6722-1252-4ec7-86d5-54c965df35c5","to":"Arshpreet_6e1252c0-2e97-42b0-b0d3-5a1d51726d24","Audio":{"timestamp":1611072672622.702,"packetsReceived":2459,"packetsLost":0},"Type":"inbound-rtp","Video":{"timestamp":1611072672622.702,"packetsReceived":78,"packetsLost":0}},{"from":"ChinmaySahoo_eedc6722-1252-4ec7-86d5-54c965df35c5","to":"Arshpreet_6e1252c0-2e97-42b0-b0d3-5a1d51726d24","Audio":{"timestamp":1611072677622.739,"packetsReceived":2709,"packetsLost":0},"Type":"inbound-rtp","Video":{"timestamp":1611072677622.739,"packetsReceived":82,"packetsLost":0}},{"from":"ChinmaySahoo_eedc6722-1252-4ec7-86d5-54c965df35c5","to":"Arshpreet_6e1252c0-2e97-42b0-b0d3-5a1d51726d24","Audio":{"timestamp":1611072677622.739,"packetsReceived":2709,"packetsLost":0},"Type":"inbound-rtp","Video":{"timestamp":1611072677622.739,"packetsReceived":82,"packetsLost":0}},{"from":"ChinmaySahoo_eedc6722-1252-4ec7-86d5-54c965df35c5","to":"Arshpreet_6e1252c0-2e97-42b0-b0d3-5a1d51726d24","Audio":{"timestamp":1611072682622.718,"packetsReceived":2959,"packetsLost":0},"Type":"inbound-rtp","Video":{"timestamp":1611072682622.718,"packetsReceived":87,"packetsLost":0}},{"from":"ChinmaySahoo_eedc6722-1252-4ec7-86d5-54c965df35c5","to":"Arshpreet_6e1252c0-2e97-42b0-b0d3-5a1d51726d24","Audio":{"timestamp":1611072682622.718,"packetsReceived":2959,"packetsLost":0},"Type":"inbound-rtp","Video":{"timestamp":1611072682622.718,"packetsReceived":87,"packetsLost":0}},{"from":"ChinmaySahoo_eedc6722-1252-4ec7-86d5-54c965df35c5","to":"Arshpreet_6e1252c0-2e97-42b0-b0d3-5a1d51726d24","Audio":{"timestamp":1611072687622.696,"packetsReceived":3209,"packetsLost":0},"Type":"inbound-rtp","Video":{"timestamp":1611072687622.696,"packetsReceived":92,"packetsLost":0}},{"from":"ChinmaySahoo_eedc6722-1252-4ec7-86d5-54c965df35c5","to":"Arshpreet_6e1252c0-2e97-42b0-b0d3-5a1d51726d24","Audio":{"timestamp":1611072687622.696,"packetsReceived":3209,"packetsLost":0},"Type":"inbound-rtp","Video":{"timestamp":1611072687622.696,"packetsReceived":92,"packetsLost":0}},{"from":"ChinmaySahoo_eedc6722-1252-4ec7-86d5-54c965df35c5","to":"Arshpreet_6e1252c0-2e97-42b0-b0d3-5a1d51726d24","Audio":{"timestamp":1611072692622.701,"packetsReceived":3459,"packetsLost":0},"Type":"inbound-rtp","Video":{"timestamp":1611072692622.701,"packetsReceived":96,"packetsLost":0}},{"from":"ChinmaySahoo_eedc6722-1252-4ec7-86d5-54c965df35c5","to":"Arshpreet_6e1252c0-2e97-42b0-b0d3-5a1d51726d24","Audio":{"timestamp":1611072692622.701,"packetsReceived":3459,"packetsLost":0},"Type":"inbound-rtp","Video":{"timestamp":1611072692622.701,"packetsReceived":96,"packetsLost":0}},{"from":"ChinmaySahoo_eedc6722-1252-4ec7-86d5-54c965df35c5","to":"Arshpreet_6e1252c0-2e97-42b0-b0d3-5a1d51726d24","Audio":{"timestamp":1611072697622.73,"packetsReceived":3709,"packetsLost":0},"Type":"inbound-rtp","Video":{"timestamp":1611072697622.73,"packetsReceived":162,"packetsLost":0}},{"from":"ChinmaySahoo_eedc6722-1252-4ec7-86d5-54c965df35c5","to":"Arshpreet_6e1252c0-2e97-42b0-b0d3-5a1d51726d24","Audio":{"timestamp":1611072697622.73,"packetsReceived":3709,"packetsLost":0},"Type":"inbound-rtp","Video":{"timestamp":1611072697622.73,"packetsReceived":162,"packetsLost":0}},{"from":"ChinmaySahoo_eedc6722-1252-4ec7-86d5-54c965df35c5","to":"Arshpreet_6e1252c0-2e97-42b0-b0d3-5a1d51726d24","Audio":{"timestamp":1611072702622.706,"packetsReceived":3959,"packetsLost":0},"Type":"inbound-rtp","Video":{"timestamp":1611072702622.706,"packetsReceived":167,"packetsLost":0}},{"from":"ChinmaySahoo_eedc6722-1252-4ec7-86d5-54c965df35c5","to":"Arshpreet_6e1252c0-2e97-42b0-b0d3-5a1d51726d24","Audio":{"timestamp":1611072702622.706,"packetsReceived":3959,"packetsLost":0},"Type":"inbound-rtp","Video":{"timestamp":1611072702622.706,"packetsReceived":167,"packetsLost":0}},{"from":"ChinmaySahoo_eedc6722-1252-4ec7-86d5-54c965df35c5","to":"Arshpreet_6e1252c0-2e97-42b0-b0d3-5a1d51726d24","Audio":{"timestamp":1611072707622.768,"packetsReceived":4209,"packetsLost":0},"Type":"inbound-rtp","Video":{"timestamp":1611072707622.768,"packetsReceived":171,"packetsLost":0}},{"from":"ChinmaySahoo_eedc6722-1252-4ec7-86d5-54c965df35c5","to":"Arshpreet_6e1252c0-2e97-42b0-b0d3-5a1d51726d24","Audio":{"timestamp":1611072707622.768,"packetsReceived":4209,"packetsLost":0},"Type":"inbound-rtp","Video":{"timestamp":1611072707622.768,"packetsReceived":171,"packetsLost":0}},{"from":"ChinmaySahoo_eedc6722-1252-4ec7-86d5-54c965df35c5","to":"Arshpreet_6e1252c0-2e97-42b0-b0d3-5a1d51726d24","Audio":{"timestamp":1611072712622.736,"packetsReceived":4459,"packetsLost":0},"Type":"inbound-rtp","Video":{"timestamp":1611072712622.736,"packetsReceived":176,"packetsLost":0}},{"from":"ChinmaySahoo_eedc6722-1252-4ec7-86d5-54c965df35c5","to":"Arshpreet_6e1252c0-2e97-42b0-b0d3-5a1d51726d24","Audio":{"timestamp":1611072712622.736,"packetsReceived":4459,"packetsLost":0},"Type":"inbound-rtp","Video":{"timestamp":1611072712622.736,"packetsReceived":176,"packetsLost":0}},{"from":"ChinmaySahoo_eedc6722-1252-4ec7-86d5-54c965df35c5","to":"Arshpreet_6e1252c0-2e97-42b0-b0d3-5a1d51726d24","Audio":{"timestamp":1611072717622.679,"packetsReceived":4709,"packetsLost":0},"Type":"inbound-rtp","Video":{"timestamp":1611072717622.679,"packetsReceived":181,"packetsLost":0}},{"from":"ChinmaySahoo_eedc6722-1252-4ec7-86d5-54c965df35c5","to":"Arshpreet_6e1252c0-2e97-42b0-b0d3-5a1d51726d24","Audio":{"timestamp":1611072717622.679,"packetsReceived":4709,"packetsLost":0},"Type":"inbound-rtp","Video":{"timestamp":1611072717622.679,"packetsReceived":181,"packetsLost":0}},{"from":"ChinmaySahoo_eedc6722-1252-4ec7-86d5-54c965df35c5","to":"Arshpreet_6e1252c0-2e97-42b0-b0d3-5a1d51726d24","Audio":{"timestamp":1611072722622.675,"packetsReceived":4959,"packetsLost":0},"Type":"inbound-rtp","Video":{"timestamp":1611072722622.675,"packetsReceived":185,"packetsLost":0}},{"from":"ChinmaySahoo_eedc6722-1252-4ec7-86d5-54c965df35c5","to":"Arshpreet_6e1252c0-2e97-42b0-b0d3-5a1d51726d24","Audio":{"timestamp":1611072722622.675,"packetsReceived":4959,"packetsLost":0},"Type":"inbound-rtp","Video":{"timestamp":1611072722622.675,"packetsReceived":185,"packetsLost":0}},{"from":"ChinmaySahoo_eedc6722-1252-4ec7-86d5-54c965df35c5","to":"Arshpreet_6e1252c0-2e97-42b0-b0d3-5a1d51726d24","Audio":{"timestamp":1611072727622.705,"packetsReceived":5209,"packetsLost":0},"Type":"inbound-rtp","Video":{"timestamp":1611072727622.705,"packetsReceived":190,"packetsLost":0}},{"from":"ChinmaySahoo_eedc6722-1252-4ec7-86d5-54c965df35c5","to":"Arshpreet_6e1252c0-2e97-42b0-b0d3-5a1d51726d24","Audio":{"timestamp":1611072727622.705,"packetsReceived":5209,"packetsLost":0},"Type":"inbound-rtp","Video":{"timestamp":1611072727622.705,"packetsReceived":190,"packetsLost":0}},{"from":"ChinmaySahoo_eedc6722-1252-4ec7-86d5-54c965df35c5","to":"Arshpreet_6e1252c0-2e97-42b0-b0d3-5a1d51726d24","Audio":{"timestamp":1611072732622.698,"packetsReceived":5459,"packetsLost":0},"Type":"inbound-rtp","Video":{"timestamp":1611072732622.698,"packetsReceived":239,"packetsLost":0}},{"from":"ChinmaySahoo_eedc6722-1252-4ec7-86d5-54c965df35c5","to":"Arshpreet_6e1252c0-2e97-42b0-b0d3-5a1d51726d24","Audio":{"timestamp":1611072732622.698,"packetsReceived":5459,"packetsLost":0},"Type":"inbound-rtp","Video":{"timestamp":1611072732622.698,"packetsReceived":239,"packetsLost":0}},{"from":"ChinmaySahoo_eedc6722-1252-4ec7-86d5-54c965df35c5","to":"Arshpreet_6e1252c0-2e97-42b0-b0d3-5a1d51726d24","Audio":{"timestamp":1611072737622.678,"packetsReceived":5709,"packetsLost":0},"Type":"inbound-rtp","Video":{"timestamp":1611072737622.678,"packetsReceived":246,"packetsLost":0}},{"from":"ChinmaySahoo_eedc6722-1252-4ec7-86d5-54c965df35c5","to":"Arshpreet_6e1252c0-2e97-42b0-b0d3-5a1d51726d24","Audio":{"timestamp":1611072737622.678,"packetsReceived":5709,"packetsLost":0},"Type":"inbound-rtp","Video":{"timestamp":1611072737622.678,"packetsReceived":246,"packetsLost":0}},{"from":"ChinmaySahoo_eedc6722-1252-4ec7-86d5-54c965df35c5","to":"Arshpreet_6e1252c0-2e97-42b0-b0d3-5a1d51726d24","Audio":{"timestamp":1611072742622.707,"packetsReceived":5959,"packetsLost":0},"Type":"inbound-rtp","Video":{"timestamp":1611072742622.707,"packetsReceived":250,"packetsLost":0}},{"from":"ChinmaySahoo_eedc6722-1252-4ec7-86d5-54c965df35c5","to":"Arshpreet_6e1252c0-2e97-42b0-b0d3-5a1d51726d24","Audio":{"timestamp":1611072742622.707,"packetsReceived":5959,"packetsLost":0},"Type":"inbound-rtp","Video":{"timestamp":1611072742622.707,"packetsReceived":250,"packetsLost":0}},{"from":"ChinmaySahoo_eedc6722-1252-4ec7-86d5-54c965df35c5","to":"Arshpreet_6e1252c0-2e97-42b0-b0d3-5a1d51726d24","Audio":{"timestamp":1611072747622.743,"packetsReceived":6209,"packetsLost":0},"Type":"inbound-rtp","Video":{"timestamp":1611072747622.743,"packetsReceived":255,"packetsLost":0}},{"from":"ChinmaySahoo_eedc6722-1252-4ec7-86d5-54c965df35c5","to":"Arshpreet_6e1252c0-2e97-42b0-b0d3-5a1d51726d24","Audio":{"timestamp":1611072747622.743,"packetsReceived":6209,"packetsLost":0},"Type":"inbound-rtp","Video":{"timestamp":1611072747622.743,"packetsReceived":255,"packetsLost":0}},{"from":"ChinmaySahoo_eedc6722-1252-4ec7-86d5-54c965df35c5","to":"Arshpreet_6e1252c0-2e97-42b0-b0d3-5a1d51726d24","Audio":{"timestamp":1611072752622.95,"packetsReceived":6459,"packetsLost":0},"Type":"inbound-rtp","Video":{"timestamp":1611072752622.95,"packetsReceived":260,"packetsLost":0}},{"from":"ChinmaySahoo_eedc6722-1252-4ec7-86d5-54c965df35c5","to":"Arshpreet_6e1252c0-2e97-42b0-b0d3-5a1d51726d24","Audio":{"timestamp":1611072752622.95,"packetsReceived":6459,"packetsLost":0},"Type":"inbound-rtp","Video":{"timestamp":1611072752622.95,"packetsReceived":260,"packetsLost":0}},{"from":"ChinmaySahoo_eedc6722-1252-4ec7-86d5-54c965df35c5","to":"Arshpreet_6e1252c0-2e97-42b0-b0d3-5a1d51726d24","Audio":{"timestamp":1611072757622.734,"packetsReceived":6709,"packetsLost":0},"Type":"inbound-rtp","Video":{"timestamp":1611072757622.734,"packetsReceived":282,"packetsLost":0}},{"from":"ChinmaySahoo_eedc6722-1252-4ec7-86d5-54c965df35c5","to":"Arshpreet_6e1252c0-2e97-42b0-b0d3-5a1d51726d24","Audio":{"timestamp":1611072757622.734,"packetsReceived":6709,"packetsLost":0},"Type":"inbound-rtp","Video":{"timestamp":1611072757622.734,"packetsReceived":282,"packetsLost":0}},{"from":"ChinmaySahoo_eedc6722-1252-4ec7-86d5-54c965df35c5","to":"Arshpreet_6e1252c0-2e97-42b0-b0d3-5a1d51726d24","Audio":{"timestamp":1611072762622.701,"packetsReceived":6959,"packetsLost":0},"Type":"inbound-rtp","Video":{"timestamp":1611072762622.701,"packetsReceived":329,"packetsLost":0}},{"from":"ChinmaySahoo_eedc6722-1252-4ec7-86d5-54c965df35c5","to":"Arshpreet_6e1252c0-2e97-42b0-b0d3-5a1d51726d24","Audio":{"timestamp":1611072762622.701,"packetsReceived":6959,"packetsLost":0},"Type":"inbound-rtp","Video":{"timestamp":1611072762622.701,"packetsReceived":329,"packetsLost":0}},{"from":"ChinmaySahoo_eedc6722-1252-4ec7-86d5-54c965df35c5","to":"Arshpreet_6e1252c0-2e97-42b0-b0d3-5a1d51726d24","Audio":{"timestamp":1611072767622.721,"packetsReceived":7209,"packetsLost":0},"Type":"inbound-rtp","Video":{"timestamp":1611072767622.721,"packetsReceived":334,"packetsLost":0}},{"from":"ChinmaySahoo_eedc6722-1252-4ec7-86d5-54c965df35c5","to":"Arshpreet_6e1252c0-2e97-42b0-b0d3-5a1d51726d24","Audio":{"timestamp":1611072767622.721,"packetsReceived":7209,"packetsLost":0},"Type":"inbound-rtp","Video":{"timestamp":1611072767622.721,"packetsReceived":334,"packetsLost":0}},{"from":"ChinmaySahoo_eedc6722-1252-4ec7-86d5-54c965df35c5","to":"Arshpreet_6e1252c0-2e97-42b0-b0d3-5a1d51726d24","Audio":{"timestamp":1611072772622.691,"packetsReceived":7459,"packetsLost":0},"Type":"inbound-rtp","Video":{"timestamp":1611072772622.691,"packetsReceived":338,"packetsLost":0}},{"from":"ChinmaySahoo_eedc6722-1252-4ec7-86d5-54c965df35c5","to":"Arshpreet_6e1252c0-2e97-42b0-b0d3-5a1d51726d24","Audio":{"timestamp":1611072772622.691,"packetsReceived":7459,"packetsLost":0},"Type":"inbound-rtp","Video":{"timestamp":1611072772622.691,"packetsReceived":338,"packetsLost":0}},{"from":"ChinmaySahoo_eedc6722-1252-4ec7-86d5-54c965df35c5","to":"Arshpreet_6e1252c0-2e97-42b0-b0d3-5a1d51726d24","Audio":{"timestamp":1611072777622.732,"packetsReceived":7709,"packetsLost":0},"Type":"inbound-rtp","Video":{"timestamp":1611072777622.732,"packetsReceived":343,"packetsLost":0}},{"from":"ChinmaySahoo_eedc6722-1252-4ec7-86d5-54c965df35c5","to":"Arshpreet_6e1252c0-2e97-42b0-b0d3-5a1d51726d24","Audio":{"timestamp":1611072777622.732,"packetsReceived":7709,"packetsLost":0},"Type":"inbound-rtp","Video":{"timestamp":1611072777622.732,"packetsReceived":343,"packetsLost":0}},{"from":"ChinmaySahoo_eedc6722-1252-4ec7-86d5-54c965df35c5","to":"Arshpreet_6e1252c0-2e97-42b0-b0d3-5a1d51726d24","Audio":{"timestamp":1611072782622.746,"packetsReceived":7959,"packetsLost":0},"Type":"inbound-rtp","Video":{"timestamp":1611072782622.746,"packetsReceived":348,"packetsLost":0}},{"from":"ChinmaySahoo_eedc6722-1252-4ec7-86d5-54c965df35c5","to":"Arshpreet_6e1252c0-2e97-42b0-b0d3-5a1d51726d24","Audio":{"timestamp":1611072782622.746,"packetsReceived":7959,"packetsLost":0},"Type":"inbound-rtp","Video":{"timestamp":1611072782622.746,"packetsReceived":348,"packetsLost":0}},{"from":"ChinmaySahoo_eedc6722-1252-4ec7-86d5-54c965df35c5","to":"Arshpreet_6e1252c0-2e97-42b0-b0d3-5a1d51726d24","Audio":{"timestamp":1611072787622.722,"packetsReceived":8209,"packetsLost":0},"Type":"inbound-rtp","Video":{"timestamp":1611072787622.722,"packetsReceived":352,"packetsLost":0}},{"from":"ChinmaySahoo_eedc6722-1252-4ec7-86d5-54c965df35c5","to":"Arshpreet_6e1252c0-2e97-42b0-b0d3-5a1d51726d24","Audio":{"timestamp":1611072787622.722,"packetsReceived":8209,"packetsLost":0},"Type":"inbound-rtp","Video":{"timestamp":1611072787622.722,"packetsReceived":352,"packetsLost":0}},{"from":"ChinmaySahoo_eedc6722-1252-4ec7-86d5-54c965df35c5","to":"Arshpreet_6e1252c0-2e97-42b0-b0d3-5a1d51726d24","Audio":{"timestamp":1611072792622.74,"packetsReceived":8459,"packetsLost":0},"Type":"inbound-rtp","Video":{"timestamp":1611072792622.74,"packetsReceived":357,"packetsLost":0}},{"from":"ChinmaySahoo_eedc6722-1252-4ec7-86d5-54c965df35c5","to":"Arshpreet_6e1252c0-2e97-42b0-b0d3-5a1d51726d24","Audio":{"timestamp":1611072792622.74,"packetsReceived":8459,"packetsLost":0},"Type":"inbound-rtp","Video":{"timestamp":1611072792622.74,"packetsReceived":357,"packetsLost":0}},{"from":"ChinmaySahoo_eedc6722-1252-4ec7-86d5-54c965df35c5","to":"Arshpreet_6e1252c0-2e97-42b0-b0d3-5a1d51726d24","Audio":{"timestamp":1611072797622.732,"packetsReceived":8709,"packetsLost":0},"Type":"inbound-rtp","Video":{"timestamp":1611072797622.732,"packetsReceived":362,"packetsLost":0}},{"from":"ChinmaySahoo_eedc6722-1252-4ec7-86d5-54c965df35c5","to":"Arshpreet_6e1252c0-2e97-42b0-b0d3-5a1d51726d24","Audio":{"timestamp":1611072797622.732,"packetsReceived":8709,"packetsLost":0},"Type":"inbound-rtp","Video":{"timestamp":1611072797622.732,"packetsReceived":362,"packetsLost":0}},{"from":"ChinmaySahoo_eedc6722-1252-4ec7-86d5-54c965df35c5","to":"Arshpreet_6e1252c0-2e97-42b0-b0d3-5a1d51726d24","Audio":{"timestamp":1611072802622.706,"packetsReceived":8959,"packetsLost":0},"Type":"inbound-rtp","Video":{"timestamp":1611072802622.706,"packetsReceived":366,"packetsLost":0}},{"from":"ChinmaySahoo_eedc6722-1252-4ec7-86d5-54c965df35c5","to":"Arshpreet_6e1252c0-2e97-42b0-b0d3-5a1d51726d24","Audio":{"timestamp":1611072802622.706,"packetsReceived":8959,"packetsLost":0},"Type":"inbound-rtp","Video":{"timestamp":1611072802622.706,"packetsReceived":366,"packetsLost":0}},{"from":"ChinmaySahoo_eedc6722-1252-4ec7-86d5-54c965df35c5","to":"Arshpreet_6e1252c0-2e97-42b0-b0d3-5a1d51726d24","Audio":{"timestamp":1611072807622.676,"packetsReceived":9209,"packetsLost":0},"Type":"inbound-rtp","Video":{"timestamp":1611072807622.676,"packetsReceived":371,"packetsLost":0}},{"from":"ChinmaySahoo_eedc6722-1252-4ec7-86d5-54c965df35c5","to":"Arshpreet_6e1252c0-2e97-42b0-b0d3-5a1d51726d24","Audio":{"timestamp":1611072807622.676,"packetsReceived":9209,"packetsLost":0},"Type":"inbound-rtp","Video":{"timestamp":1611072807622.676,"packetsReceived":371,"packetsLost":0}},{"from":"ChinmaySahoo_eedc6722-1252-4ec7-86d5-54c965df35c5","to":"Arshpreet_6e1252c0-2e97-42b0-b0d3-5a1d51726d24","Audio":{"timestamp":1611072812622.704,"packetsReceived":9459,"packetsLost":0},"Type":"inbound-rtp","Video":{"timestamp":1611072812622.704,"packetsReceived":376,"packetsLost":0}},{"from":"ChinmaySahoo_eedc6722-1252-4ec7-86d5-54c965df35c5","to":"Arshpreet_6e1252c0-2e97-42b0-b0d3-5a1d51726d24","Audio":{"timestamp":1611072812622.704,"packetsReceived":9459,"packetsLost":0},"Type":"inbound-rtp","Video":{"timestamp":1611072812622.704,"packetsReceived":376,"packetsLost":0}},{"from":"ChinmaySahoo_eedc6722-1252-4ec7-86d5-54c965df35c5","to":"Arshpreet_6e1252c0-2e97-42b0-b0d3-5a1d51726d24","Audio":{"timestamp":1611072817622.714,"packetsReceived":9709,"packetsLost":0},"Type":"inbound-rtp","Video":{"timestamp":1611072817622.714,"packetsReceived":380,"packetsLost":0}},{"from":"ChinmaySahoo_eedc6722-1252-4ec7-86d5-54c965df35c5","to":"Arshpreet_6e1252c0-2e97-42b0-b0d3-5a1d51726d24","Audio":{"timestamp":1611072817622.714,"packetsReceived":9709,"packetsLost":0},"Type":"inbound-rtp","Video":{"timestamp":1611072817622.714,"packetsReceived":380,"packetsLost":0}},{"from":"ChinmaySahoo_eedc6722-1252-4ec7-86d5-54c965df35c5","to":"Arshpreet_6e1252c0-2e97-42b0-b0d3-5a1d51726d24","Audio":{"timestamp":1611072822623.047,"packetsReceived":9959,"packetsLost":0},"Type":"inbound-rtp","Video":{"timestamp":1611072822623.047,"packetsReceived":472,"packetsLost":0}},{"from":"ChinmaySahoo_eedc6722-1252-4ec7-86d5-54c965df35c5","to":"Arshpreet_6e1252c0-2e97-42b0-b0d3-5a1d51726d24","Audio":{"timestamp":1611072822623.047,"packetsReceived":9959,"packetsLost":0},"Type":"inbound-rtp","Video":{"timestamp":1611072822623.047,"packetsReceived":472,"packetsLost":0}},{"from":"ChinmaySahoo_eedc6722-1252-4ec7-86d5-54c965df35c5","to":"Arshpreet_6e1252c0-2e97-42b0-b0d3-5a1d51726d24","Audio":{"timestamp":1611072827622.705,"packetsReceived":10209,"packetsLost":0},"Type":"inbound-rtp","Video":{"timestamp":1611072827622.705,"packetsReceived":511,"packetsLost":0}},{"from":"ChinmaySahoo_eedc6722-1252-4ec7-86d5-54c965df35c5","to":"Arshpreet_6e1252c0-2e97-42b0-b0d3-5a1d51726d24","Audio":{"timestamp":1611072827622.705,"packetsReceived":10209,"packetsLost":0},"Type":"inbound-rtp","Video":{"timestamp":1611072827622.705,"packetsReceived":511,"packetsLost":0}},{"from":"ChinmaySahoo_eedc6722-1252-4ec7-86d5-54c965df35c5","to":"Arshpreet_6e1252c0-2e97-42b0-b0d3-5a1d51726d24","Audio":{"timestamp":1611072832622.721,"packetsReceived":10459,"packetsLost":0},"Type":"inbound-rtp","Video":{"timestamp":1611072832622.721,"packetsReceived":523,"packetsLost":0}},{"from":"ChinmaySahoo_eedc6722-1252-4ec7-86d5-54c965df35c5","to":"Arshpreet_6e1252c0-2e97-42b0-b0d3-5a1d51726d24","Audio":{"timestamp":1611072832622.721,"packetsReceived":10459,"packetsLost":0},"Type":"inbound-rtp","Video":{"timestamp":1611072832622.721,"packetsReceived":523,"packetsLost":0}},{"from":"ChinmaySahoo_eedc6722-1252-4ec7-86d5-54c965df35c5","to":"Arshpreet_6e1252c0-2e97-42b0-b0d3-5a1d51726d24","Audio":{"timestamp":1611072837622.739,"packetsReceived":10709,"packetsLost":0},"Type":"inbound-rtp","Video":{"timestamp":1611072837622.739,"packetsReceived":538,"packetsLost":0}},{"from":"ChinmaySahoo_eedc6722-1252-4ec7-86d5-54c965df35c5","to":"Arshpreet_6e1252c0-2e97-42b0-b0d3-5a1d51726d24","Audio":{"timestamp":1611072837622.739,"packetsReceived":10709,"packetsLost":0},"Type":"inbound-rtp","Video":{"timestamp":1611072837622.739,"packetsReceived":538,"packetsLost":0}},{"from":"ChinmaySahoo_eedc6722-1252-4ec7-86d5-54c965df35c5","to":"Arshpreet_6e1252c0-2e97-42b0-b0d3-5a1d51726d24","Audio":{"timestamp":1611072842622.675,"packetsReceived":10959,"packetsLost":0},"Type":"inbound-rtp","Video":{"timestamp":1611072842622.675,"packetsReceived":553,"packetsLost":0}},{"from":"ChinmaySahoo_eedc6722-1252-4ec7-86d5-54c965df35c5","to":"Arshpreet_6e1252c0-2e97-42b0-b0d3-5a1d51726d24","Audio":{"timestamp":1611072842622.675,"packetsReceived":10959,"packetsLost":0},"Type":"inbound-rtp","Video":{"timestamp":1611072842622.675,"packetsReceived":553,"packetsLost":0}},{"from":"ChinmaySahoo_eedc6722-1252-4ec7-86d5-54c965df35c5","to":"Arshpreet_6e1252c0-2e97-42b0-b0d3-5a1d51726d24","Audio":{"timestamp":1611072847622.72,"packetsReceived":11209,"packetsLost":0},"Type":"inbound-rtp","Video":{"timestamp":1611072847622.72,"packetsReceived":567,"packetsLost":0}},{"from":"ChinmaySahoo_eedc6722-1252-4ec7-86d5-54c965df35c5","to":"Arshpreet_6e1252c0-2e97-42b0-b0d3-5a1d51726d24","Audio":{"timestamp":1611072847622.72,"packetsReceived":11209,"packetsLost":0},"Type":"inbound-rtp","Video":{"timestamp":1611072847622.72,"packetsReceived":567,"packetsLost":0}},{"from":"ChinmaySahoo_eedc6722-1252-4ec7-86d5-54c965df35c5","to":"Arshpreet_6e1252c0-2e97-42b0-b0d3-5a1d51726d24","Audio":{"timestamp":1611072852622.704,"packetsReceived":11459,"packetsLost":0},"Type":"inbound-rtp","Video":{"timestamp":1611072852622.704,"packetsReceived":582,"packetsLost":0}},{"from":"ChinmaySahoo_eedc6722-1252-4ec7-86d5-54c965df35c5","to":"Arshpreet_6e1252c0-2e97-42b0-b0d3-5a1d51726d24","Audio":{"timestamp":1611072852622.704,"packetsReceived":11459,"packetsLost":0},"Type":"inbound-rtp","Video":{"timestamp":1611072852622.704,"packetsReceived":582,"packetsLost":0}},{"from":"ChinmaySahoo_eedc6722-1252-4ec7-86d5-54c965df35c5","to":"Arshpreet_6e1252c0-2e97-42b0-b0d3-5a1d51726d24","Audio":{"timestamp":1611072857622.662,"packetsReceived":11709,"packetsLost":0},"Type":"inbound-rtp","Video":{"timestamp":1611072857622.662,"packetsReceived":597,"packetsLost":0}},{"from":"ChinmaySahoo_eedc6722-1252-4ec7-86d5-54c965df35c5","to":"Arshpreet_6e1252c0-2e97-42b0-b0d3-5a1d51726d24","Audio":{"timestamp":1611072857622.662,"packetsReceived":11709,"packetsLost":0},"Type":"inbound-rtp","Video":{"timestamp":1611072857622.662,"packetsReceived":597,"packetsLost":0}},{"from":"ChinmaySahoo_eedc6722-1252-4ec7-86d5-54c965df35c5","to":"Arshpreet_6e1252c0-2e97-42b0-b0d3-5a1d51726d24","Audio":{"timestamp":1611072862622.703,"packetsReceived":11959,"packetsLost":0},"Type":"inbound-rtp","Video":{"timestamp":1611072862622.703,"packetsReceived":612,"packetsLost":0}},{"from":"ChinmaySahoo_eedc6722-1252-4ec7-86d5-54c965df35c5","to":"Arshpreet_6e1252c0-2e97-42b0-b0d3-5a1d51726d24","Audio":{"timestamp":1611072862622.703,"packetsReceived":11959,"packetsLost":0},"Type":"inbound-rtp","Video":{"timestamp":1611072862622.703,"packetsReceived":612,"packetsLost":0}},{"from":"ChinmaySahoo_eedc6722-1252-4ec7-86d5-54c965df35c5","to":"Arshpreet_6e1252c0-2e97-42b0-b0d3-5a1d51726d24","Audio":{"timestamp":1611072867622.782,"packetsReceived":12209,"packetsLost":0},"Type":"inbound-rtp","Video":{"timestamp":1611072867622.782,"packetsReceived":624,"packetsLost":0}},{"from":"ChinmaySahoo_eedc6722-1252-4ec7-86d5-54c965df35c5","to":"Arshpreet_6e1252c0-2e97-42b0-b0d3-5a1d51726d24","Audio":{"timestamp":1611072867622.782,"packetsReceived":12209,"packetsLost":0},"Type":"inbound-rtp","Video":{"timestamp":1611072867622.782,"packetsReceived":624,"packetsLost":0}},{"from":"ChinmaySahoo_eedc6722-1252-4ec7-86d5-54c965df35c5","to":"Arshpreet_6e1252c0-2e97-42b0-b0d3-5a1d51726d24","Audio":{"timestamp":1611072872622.724,"packetsReceived":12459,"packetsLost":0},"Type":"inbound-rtp","Video":{"timestamp":1611072872622.724,"packetsReceived":721,"packetsLost":0}},{"from":"ChinmaySahoo_eedc6722-1252-4ec7-86d5-54c965df35c5","to":"Arshpreet_6e1252c0-2e97-42b0-b0d3-5a1d51726d24","Audio":{"timestamp":1611072872622.724,"packetsReceived":12459,"packetsLost":0},"Type":"inbound-rtp","Video":{"timestamp":1611072872622.724,"packetsReceived":721,"packetsLost":0}},{"from":"ChinmaySahoo_eedc6722-1252-4ec7-86d5-54c965df35c5","to":"Arshpreet_6e1252c0-2e97-42b0-b0d3-5a1d51726d24","Audio":{"timestamp":1611072877622.736,"packetsReceived":12709,"packetsLost":0},"Type":"inbound-rtp","Video":{"timestamp":1611072877622.736,"packetsReceived":736,"packetsLost":0}},{"from":"ChinmaySahoo_eedc6722-1252-4ec7-86d5-54c965df35c5","to":"Arshpreet_6e1252c0-2e97-42b0-b0d3-5a1d51726d24","Audio":{"timestamp":1611072877622.736,"packetsReceived":12709,"packetsLost":0},"Type":"inbound-rtp","Video":{"timestamp":1611072877622.736,"packetsReceived":736,"packetsLost":0}},{"from":"ChinmaySahoo_eedc6722-1252-4ec7-86d5-54c965df35c5","to":"Arshpreet_6e1252c0-2e97-42b0-b0d3-5a1d51726d24","Audio":{"timestamp":1611072882622.819,"packetsReceived":12958,"packetsLost":0},"Type":"inbound-rtp","Video":{"timestamp":1611072882622.819,"packetsReceived":748,"packetsLost":0}},{"from":"ChinmaySahoo_eedc6722-1252-4ec7-86d5-54c965df35c5","to":"Arshpreet_6e1252c0-2e97-42b0-b0d3-5a1d51726d24","Audio":{"timestamp":1611072882622.819,"packetsReceived":12958,"packetsLost":0},"Type":"inbound-rtp","Video":{"timestamp":1611072882622.819,"packetsReceived":748,"packetsLost":0}},{"from":"ChinmaySahoo_eedc6722-1252-4ec7-86d5-54c965df35c5","to":"Arshpreet_6e1252c0-2e97-42b0-b0d3-5a1d51726d24","Audio":{"timestamp":1611072887622.706,"packetsReceived":13209,"packetsLost":0},"Type":"inbound-rtp","Video":{"timestamp":1611072887622.706,"packetsReceived":763,"packetsLost":0}},{"from":"ChinmaySahoo_eedc6722-1252-4ec7-86d5-54c965df35c5","to":"Arshpreet_6e1252c0-2e97-42b0-b0d3-5a1d51726d24","Audio":{"timestamp":1611072887622.706,"packetsReceived":13209,"packetsLost":0},"Type":"inbound-rtp","Video":{"timestamp":1611072887622.706,"packetsReceived":763,"packetsLost":0}},{"from":"ChinmaySahoo_eedc6722-1252-4ec7-86d5-54c965df35c5","to":"Arshpreet_6e1252c0-2e97-42b0-b0d3-5a1d51726d24","Audio":{"timestamp":1611072892622.696,"packetsReceived":13459,"packetsLost":0},"Type":"inbound-rtp","Video":{"timestamp":1611072892622.696,"packetsReceived":777,"packetsLost":0}},{"from":"ChinmaySahoo_eedc6722-1252-4ec7-86d5-54c965df35c5","to":"Arshpreet_6e1252c0-2e97-42b0-b0d3-5a1d51726d24","Audio":{"timestamp":1611072892622.696,"packetsReceived":13459,"packetsLost":0},"Type":"inbound-rtp","Video":{"timestamp":1611072892622.696,"packetsReceived":777,"packetsLost":0}},{"from":"ChinmaySahoo_eedc6722-1252-4ec7-86d5-54c965df35c5","to":"Arshpreet_6e1252c0-2e97-42b0-b0d3-5a1d51726d24","Audio":{"timestamp":1611072897622.693,"packetsReceived":13709,"packetsLost":0},"Type":"inbound-rtp","Video":{"timestamp":1611072897622.693,"packetsReceived":789,"packetsLost":0}},{"from":"ChinmaySahoo_eedc6722-1252-4ec7-86d5-54c965df35c5","to":"Arshpreet_6e1252c0-2e97-42b0-b0d3-5a1d51726d24","Audio":{"timestamp":1611072897622.693,"packetsReceived":13709,"packetsLost":0},"Type":"inbound-rtp","Video":{"timestamp":1611072897622.693,"packetsReceived":789,"packetsLost":0}},{"from":"ChinmaySahoo_eedc6722-1252-4ec7-86d5-54c965df35c5","to":"Arshpreet_6e1252c0-2e97-42b0-b0d3-5a1d51726d24","Audio":{"timestamp":1611072902622.695,"packetsReceived":13959,"packetsLost":0},"Type":"inbound-rtp","Video":{"timestamp":1611072902622.695,"packetsReceived":804,"packetsLost":0}},{"from":"ChinmaySahoo_eedc6722-1252-4ec7-86d5-54c965df35c5","to":"Arshpreet_6e1252c0-2e97-42b0-b0d3-5a1d51726d24","Audio":{"timestamp":1611072902622.695,"packetsReceived":13959,"packetsLost":0},"Type":"inbound-rtp","Video":{"timestamp":1611072902622.695,"packetsReceived":804,"packetsLost":0}},{"from":"ChinmaySahoo_eedc6722-1252-4ec7-86d5-54c965df35c5","to":"Arshpreet_6e1252c0-2e97-42b0-b0d3-5a1d51726d24","Audio":{"timestamp":1611072907622.698,"packetsReceived":14209,"packetsLost":0},"Type":"inbound-rtp","Video":{"timestamp":1611072907622.698,"packetsReceived":819,"packetsLost":0}},{"from":"ChinmaySahoo_eedc6722-1252-4ec7-86d5-54c965df35c5","to":"Arshpreet_6e1252c0-2e97-42b0-b0d3-5a1d51726d24","Audio":{"timestamp":1611072907622.698,"packetsReceived":14209,"packetsLost":0},"Type":"inbound-rtp","Video":{"timestamp":1611072907622.698,"packetsReceived":819,"packetsLost":0}},{"from":"ChinmaySahoo_eedc6722-1252-4ec7-86d5-54c965df35c5","to":"Arshpreet_6e1252c0-2e97-42b0-b0d3-5a1d51726d24","Audio":{"timestamp":1611072912622.748,"packetsReceived":14459,"packetsLost":0},"Type":"inbound-rtp","Video":{"timestamp":1611072912622.748,"packetsReceived":830,"packetsLost":0}},{"from":"ChinmaySahoo_eedc6722-1252-4ec7-86d5-54c965df35c5","to":"Arshpreet_6e1252c0-2e97-42b0-b0d3-5a1d51726d24","Audio":{"timestamp":1611072912622.748,"packetsReceived":14459,"packetsLost":0},"Type":"inbound-rtp","Video":{"timestamp":1611072912622.748,"packetsReceived":830,"packetsLost":0}},{"from":"ChinmaySahoo_eedc6722-1252-4ec7-86d5-54c965df35c5","to":"Arshpreet_6e1252c0-2e97-42b0-b0d3-5a1d51726d24","Audio":{"timestamp":1611072917622.733,"packetsReceived":14709,"packetsLost":0},"Type":"inbound-rtp","Video":{"timestamp":1611072917622.733,"packetsReceived":845,"packetsLost":0}},{"from":"ChinmaySahoo_eedc6722-1252-4ec7-86d5-54c965df35c5","to":"Arshpreet_6e1252c0-2e97-42b0-b0d3-5a1d51726d24","Audio":{"timestamp":1611072917622.733,"packetsReceived":14709,"packetsLost":0},"Type":"inbound-rtp","Video":{"timestamp":1611072917622.733,"packetsReceived":845,"packetsLost":0}},{"from":"ChinmaySahoo_eedc6722-1252-4ec7-86d5-54c965df35c5","to":"Arshpreet_6e1252c0-2e97-42b0-b0d3-5a1d51726d24","Audio":{"timestamp":1611072922622.705,"packetsReceived":14959,"packetsLost":0},"Type":"inbound-rtp","Video":{"timestamp":1611072922622.705,"packetsReceived":860,"packetsLost":0}},{"from":"ChinmaySahoo_eedc6722-1252-4ec7-86d5-54c965df35c5","to":"Arshpreet_6e1252c0-2e97-42b0-b0d3-5a1d51726d24","Audio":{"timestamp":1611072922622.705,"packetsReceived":14959,"packetsLost":0},"Type":"inbound-rtp","Video":{"timestamp":1611072922622.705,"packetsReceived":860,"packetsLost":0}},{"from":"ChinmaySahoo_eedc6722-1252-4ec7-86d5-54c965df35c5","to":"Arshpreet_6e1252c0-2e97-42b0-b0d3-5a1d51726d24","Audio":{"timestamp":1611072927622.771,"packetsReceived":15208,"packetsLost":0},"Type":"inbound-rtp","Video":{"timestamp":1611072927622.771,"packetsReceived":872,"packetsLost":0}},{"from":"ChinmaySahoo_eedc6722-1252-4ec7-86d5-54c965df35c5","to":"Arshpreet_6e1252c0-2e97-42b0-b0d3-5a1d51726d24","Audio":{"timestamp":1611072927622.771,"packetsReceived":15208,"packetsLost":0},"Type":"inbound-rtp","Video":{"timestamp":1611072927622.771,"packetsReceived":872,"packetsLost":0}},{"from":"ChinmaySahoo_eedc6722-1252-4ec7-86d5-54c965df35c5","to":"Arshpreet_6e1252c0-2e97-42b0-b0d3-5a1d51726d24","Audio":{"timestamp":1611072932622.694,"packetsReceived":15459,"packetsLost":0},"Type":"inbound-rtp","Video":{"timestamp":1611072932622.694,"packetsReceived":884,"packetsLost":0}},{"from":"ChinmaySahoo_eedc6722-1252-4ec7-86d5-54c965df35c5","to":"Arshpreet_6e1252c0-2e97-42b0-b0d3-5a1d51726d24","Audio":{"timestamp":1611072932622.694,"packetsReceived":15459,"packetsLost":0},"Type":"inbound-rtp","Video":{"timestamp":1611072932622.694,"packetsReceived":884,"packetsLost":0}},{"from":"ChinmaySahoo_eedc6722-1252-4ec7-86d5-54c965df35c5","to":"Arshpreet_6e1252c0-2e97-42b0-b0d3-5a1d51726d24","Audio":{"timestamp":1611072937622.688,"packetsReceived":15709,"packetsLost":0},"Type":"inbound-rtp","Video":{"timestamp":1611072937622.688,"packetsReceived":899,"packetsLost":0}},{"from":"ChinmaySahoo_eedc6722-1252-4ec7-86d5-54c965df35c5","to":"Arshpreet_6e1252c0-2e97-42b0-b0d3-5a1d51726d24","Audio":{"timestamp":1611072937622.688,"packetsReceived":15709,"packetsLost":0},"Type":"inbound-rtp","Video":{"timestamp":1611072937622.688,"packetsReceived":899,"packetsLost":0}},{"from":"ChinmaySahoo_eedc6722-1252-4ec7-86d5-54c965df35c5","to":"Arshpreet_6e1252c0-2e97-42b0-b0d3-5a1d51726d24","Audio":{"timestamp":1611072942622.709,"packetsReceived":15959,"packetsLost":0},"Type":"inbound-rtp","Video":{"timestamp":1611072942622.709,"packetsReceived":911,"packetsLost":0}},{"from":"ChinmaySahoo_eedc6722-1252-4ec7-86d5-54c965df35c5","to":"Arshpreet_6e1252c0-2e97-42b0-b0d3-5a1d51726d24","Audio":{"timestamp":1611072942622.709,"packetsReceived":15959,"packetsLost":0},"Type":"inbound-rtp","Video":{"timestamp":1611072942622.709,"packetsReceived":911,"packetsLost":0}},{"from":"ChinmaySahoo_eedc6722-1252-4ec7-86d5-54c965df35c5","to":"Arshpreet_6e1252c0-2e97-42b0-b0d3-5a1d51726d24","Audio":{"timestamp":1611072947622.703,"packetsReceived":16209,"packetsLost":0},"Type":"inbound-rtp","Video":{"timestamp":1611072947622.703,"packetsReceived":926,"packetsLost":0}},{"from":"ChinmaySahoo_eedc6722-1252-4ec7-86d5-54c965df35c5","to":"Arshpreet_6e1252c0-2e97-42b0-b0d3-5a1d51726d24","Audio":{"timestamp":1611072947622.703,"packetsReceived":16209,"packetsLost":0},"Type":"inbound-rtp","Video":{"timestamp":1611072947622.703,"packetsReceived":926,"packetsLost":0}},{"from":"ChinmaySahoo_eedc6722-1252-4ec7-86d5-54c965df35c5","to":"Arshpreet_6e1252c0-2e97-42b0-b0d3-5a1d51726d24","Audio":{"timestamp":1611072952622.698,"packetsReceived":16459,"packetsLost":0},"Type":"inbound-rtp","Video":{"timestamp":1611072952622.698,"packetsReceived":940,"packetsLost":0}},{"from":"ChinmaySahoo_eedc6722-1252-4ec7-86d5-54c965df35c5","to":"Arshpreet_6e1252c0-2e97-42b0-b0d3-5a1d51726d24","Audio":{"timestamp":1611072952622.698,"packetsReceived":16459,"packetsLost":0},"Type":"inbound-rtp","Video":{"timestamp":1611072952622.698,"packetsReceived":940,"packetsLost":0}},{"from":"ChinmaySahoo_eedc6722-1252-4ec7-86d5-54c965df35c5","to":"Arshpreet_6e1252c0-2e97-42b0-b0d3-5a1d51726d24","Audio":{"timestamp":1611072957622.672,"packetsReceived":16709,"packetsLost":0},"Type":"inbound-rtp","Video":{"timestamp":1611072957622.672,"packetsReceived":949,"packetsLost":0}},{"from":"ChinmaySahoo_eedc6722-1252-4ec7-86d5-54c965df35c5","to":"Arshpreet_6e1252c0-2e97-42b0-b0d3-5a1d51726d24","Audio":{"timestamp":1611072957622.672,"packetsReceived":16709,"packetsLost":0},"Type":"inbound-rtp","Video":{"timestamp":1611072957622.672,"packetsReceived":949,"packetsLost":0}},{"from":"ChinmaySahoo_eedc6722-1252-4ec7-86d5-54c965df35c5","to":"Arshpreet_6e1252c0-2e97-42b0-b0d3-5a1d51726d24","Audio":{"timestamp":1611072962622.703,"packetsReceived":16959,"packetsLost":0},"Type":"inbound-rtp","Video":{"timestamp":1611072962622.703,"packetsReceived":961,"packetsLost":0}},{"from":"ChinmaySahoo_eedc6722-1252-4ec7-86d5-54c965df35c5","to":"Arshpreet_6e1252c0-2e97-42b0-b0d3-5a1d51726d24","Audio":{"timestamp":1611072962622.703,"packetsReceived":16959,"packetsLost":0},"Type":"inbound-rtp","Video":{"timestamp":1611072962622.703,"packetsReceived":961,"packetsLost":0}},{"from":"ChinmaySahoo_eedc6722-1252-4ec7-86d5-54c965df35c5","to":"Arshpreet_6e1252c0-2e97-42b0-b0d3-5a1d51726d24","Audio":{"timestamp":1611072967622.738,"packetsReceived":17209,"packetsLost":0},"Type":"inbound-rtp","Video":{"timestamp":1611072967622.738,"packetsReceived":976,"packetsLost":0}},{"from":"ChinmaySahoo_eedc6722-1252-4ec7-86d5-54c965df35c5","to":"Arshpreet_6e1252c0-2e97-42b0-b0d3-5a1d51726d24","Audio":{"timestamp":1611072967622.738,"packetsReceived":17209,"packetsLost":0},"Type":"inbound-rtp","Video":{"timestamp":1611072967622.738,"packetsReceived":976,"packetsLost":0}},{"from":"ChinmaySahoo_eedc6722-1252-4ec7-86d5-54c965df35c5","to":"Arshpreet_6e1252c0-2e97-42b0-b0d3-5a1d51726d24","Audio":{"timestamp":1611072972622.659,"packetsReceived":17458,"packetsLost":0},"Type":"inbound-rtp","Video":{"timestamp":1611072972622.659,"packetsReceived":987,"packetsLost":0}},{"from":"ChinmaySahoo_eedc6722-1252-4ec7-86d5-54c965df35c5","to":"Arshpreet_6e1252c0-2e97-42b0-b0d3-5a1d51726d24","Audio":{"timestamp":1611072972622.659,"packetsReceived":17458,"packetsLost":0},"Type":"inbound-rtp","Video":{"timestamp":1611072972622.659,"packetsReceived":987,"packetsLost":0}},{"from":"ChinmaySahoo_eedc6722-1252-4ec7-86d5-54c965df35c5","to":"Arshpreet_6e1252c0-2e97-42b0-b0d3-5a1d51726d24","Audio":{"timestamp":1611072977622.715,"packetsReceived":17709,"packetsLost":0},"Type":"inbound-rtp","Video":{"timestamp":1611072977622.715,"packetsReceived":997,"packetsLost":0}},{"from":"ChinmaySahoo_eedc6722-1252-4ec7-86d5-54c965df35c5","to":"Arshpreet_6e1252c0-2e97-42b0-b0d3-5a1d51726d24","Audio":{"timestamp":1611072977622.715,"packetsReceived":17709,"packetsLost":0},"Type":"inbound-rtp","Video":{"timestamp":1611072977622.715,"packetsReceived":997,"packetsLost":0}},{"from":"ChinmaySahoo_eedc6722-1252-4ec7-86d5-54c965df35c5","to":"Arshpreet_6e1252c0-2e97-42b0-b0d3-5a1d51726d24","Audio":{"timestamp":1611072982622.725,"packetsReceived":17959,"packetsLost":0},"Type":"inbound-rtp","Video":{"timestamp":1611072982622.725,"packetsReceived":1010,"packetsLost":0}},{"from":"ChinmaySahoo_eedc6722-1252-4ec7-86d5-54c965df35c5","to":"Arshpreet_6e1252c0-2e97-42b0-b0d3-5a1d51726d24","Audio":{"timestamp":1611072982622.725,"packetsReceived":17959,"packetsLost":0},"Type":"inbound-rtp","Video":{"timestamp":1611072982622.725,"packetsReceived":1010,"packetsLost":0}},{"from":"ChinmaySahoo_eedc6722-1252-4ec7-86d5-54c965df35c5","to":"Arshpreet_6e1252c0-2e97-42b0-b0d3-5a1d51726d24","Audio":{"timestamp":1611072987622.702,"packetsReceived":18208,"packetsLost":0},"Type":"inbound-rtp","Video":{"timestamp":1611072987622.702,"packetsReceived":1022,"packetsLost":0}},{"from":"ChinmaySahoo_eedc6722-1252-4ec7-86d5-54c965df35c5","to":"Arshpreet_6e1252c0-2e97-42b0-b0d3-5a1d51726d24","Audio":{"timestamp":1611072987622.702,"packetsReceived":18208,"packetsLost":0},"Type":"inbound-rtp","Video":{"timestamp":1611072987622.702,"packetsReceived":1022,"packetsLost":0}},{"from":"ChinmaySahoo_eedc6722-1252-4ec7-86d5-54c965df35c5","to":"Arshpreet_6e1252c0-2e97-42b0-b0d3-5a1d51726d24","Audio":{"timestamp":1611072992622.744,"packetsReceived":18459,"packetsLost":0},"Type":"inbound-rtp","Video":{"timestamp":1611072992622.744,"packetsReceived":1036,"packetsLost":0}},{"from":"ChinmaySahoo_eedc6722-1252-4ec7-86d5-54c965df35c5","to":"Arshpreet_6e1252c0-2e97-42b0-b0d3-5a1d51726d24","Audio":{"timestamp":1611072992622.744,"packetsReceived":18459,"packetsLost":0},"Type":"inbound-rtp","Video":{"timestamp":1611072992622.744,"packetsReceived":1036,"packetsLost":0}},{"from":"ChinmaySahoo_eedc6722-1252-4ec7-86d5-54c965df35c5","to":"Arshpreet_6e1252c0-2e97-42b0-b0d3-5a1d51726d24","Audio":{"timestamp":1611072997622.687,"packetsReceived":18709,"packetsLost":0},"Type":"inbound-rtp","Video":{"timestamp":1611072997622.687,"packetsReceived":1046,"packetsLost":0}},{"from":"ChinmaySahoo_eedc6722-1252-4ec7-86d5-54c965df35c5","to":"Arshpreet_6e1252c0-2e97-42b0-b0d3-5a1d51726d24","Audio":{"timestamp":1611072997622.687,"packetsReceived":18709,"packetsLost":0},"Type":"inbound-rtp","Video":{"timestamp":1611072997622.687,"packetsReceived":1046,"packetsLost":0}},{"from":"ChinmaySahoo_eedc6722-1252-4ec7-86d5-54c965df35c5","to":"Arshpreet_6e1252c0-2e97-42b0-b0d3-5a1d51726d24","Audio":{"timestamp":1611073002622.62,"packetsReceived":18959,"packetsLost":0},"Type":"inbound-rtp","Video":{"timestamp":1611073002622.62,"packetsReceived":1058,"packetsLost":0}},{"from":"ChinmaySahoo_eedc6722-1252-4ec7-86d5-54c965df35c5","to":"Arshpreet_6e1252c0-2e97-42b0-b0d3-5a1d51726d24","Audio":{"timestamp":1611073002622.62,"packetsReceived":18959,"packetsLost":0},"Type":"inbound-rtp","Video":{"timestamp":1611073002622.62,"packetsReceived":1058,"packetsLost":0}},{"from":"ChinmaySahoo_eedc6722-1252-4ec7-86d5-54c965df35c5","to":"Arshpreet_6e1252c0-2e97-42b0-b0d3-5a1d51726d24","Audio":{"timestamp":1611073007622.735,"packetsReceived":19209,"packetsLost":0},"Type":"inbound-rtp","Video":{"timestamp":1611073007622.735,"packetsReceived":1069,"packetsLost":0}},{"from":"ChinmaySahoo_eedc6722-1252-4ec7-86d5-54c965df35c5","to":"Arshpreet_6e1252c0-2e97-42b0-b0d3-5a1d51726d24","Audio":{"timestamp":1611073007622.735,"packetsReceived":19209,"packetsLost":0},"Type":"inbound-rtp","Video":{"timestamp":1611073007622.735,"packetsReceived":1069,"packetsLost":0}},{"from":"ChinmaySahoo_eedc6722-1252-4ec7-86d5-54c965df35c5","to":"Arshpreet_6e1252c0-2e97-42b0-b0d3-5a1d51726d24","Audio":{"timestamp":1611073012622.696,"packetsReceived":19459,"packetsLost":0},"Type":"inbound-rtp","Video":{"timestamp":1611073012622.696,"packetsReceived":1084,"packetsLost":0}},{"from":"ChinmaySahoo_eedc6722-1252-4ec7-86d5-54c965df35c5","to":"Arshpreet_6e1252c0-2e97-42b0-b0d3-5a1d51726d24","Audio":{"timestamp":1611073012622.696,"packetsReceived":19459,"packetsLost":0},"Type":"inbound-rtp","Video":{"timestamp":1611073012622.696,"packetsReceived":1084,"packetsLost":0}},{"from":"ChinmaySahoo_eedc6722-1252-4ec7-86d5-54c965df35c5","to":"Arshpreet_6e1252c0-2e97-42b0-b0d3-5a1d51726d24","Audio":{"timestamp":1611073017622.638,"packetsReceived":19709,"packetsLost":0},"Type":"inbound-rtp","Video":{"timestamp":1611073017622.638,"packetsReceived":1094,"packetsLost":0}},{"from":"ChinmaySahoo_eedc6722-1252-4ec7-86d5-54c965df35c5","to":"Arshpreet_6e1252c0-2e97-42b0-b0d3-5a1d51726d24","Audio":{"timestamp":1611073017622.638,"packetsReceived":19709,"packetsLost":0},"Type":"inbound-rtp","Video":{"timestamp":1611073017622.638,"packetsReceived":1094,"packetsLost":0}},{"from":"ChinmaySahoo_eedc6722-1252-4ec7-86d5-54c965df35c5","to":"Arshpreet_6e1252c0-2e97-42b0-b0d3-5a1d51726d24","Audio":{"timestamp":1611073022622.73,"packetsReceived":19959,"packetsLost":0},"Type":"inbound-rtp","Video":{"timestamp":1611073022622.73,"packetsReceived":1102,"packetsLost":0}},{"from":"ChinmaySahoo_eedc6722-1252-4ec7-86d5-54c965df35c5","to":"Arshpreet_6e1252c0-2e97-42b0-b0d3-5a1d51726d24","Audio":{"timestamp":1611073022622.73,"packetsReceived":19959,"packetsLost":0},"Type":"inbound-rtp","Video":{"timestamp":1611073022622.73,"packetsReceived":1102,"packetsLost":0}},{"from":"ChinmaySahoo_eedc6722-1252-4ec7-86d5-54c965df35c5","to":"Arshpreet_6e1252c0-2e97-42b0-b0d3-5a1d51726d24","Audio":{"timestamp":1611073027622.735,"packetsReceived":20209,"packetsLost":0},"Type":"inbound-rtp","Video":{"timestamp":1611073027622.735,"packetsReceived":1117,"packetsLost":0}},{"from":"ChinmaySahoo_eedc6722-1252-4ec7-86d5-54c965df35c5","to":"Arshpreet_6e1252c0-2e97-42b0-b0d3-5a1d51726d24","Audio":{"timestamp":1611073027622.735,"packetsReceived":20209,"packetsLost":0},"Type":"inbound-rtp","Video":{"timestamp":1611073027622.735,"packetsReceived":1117,"packetsLost":0}},{"from":"ChinmaySahoo_eedc6722-1252-4ec7-86d5-54c965df35c5","to":"Arshpreet_6e1252c0-2e97-42b0-b0d3-5a1d51726d24","Audio":{"timestamp":1611073032622.755,"packetsReceived":20459,"packetsLost":0},"Type":"inbound-rtp","Video":{"timestamp":1611073032622.755,"packetsReceived":1131,"packetsLost":0}},{"from":"ChinmaySahoo_eedc6722-1252-4ec7-86d5-54c965df35c5","to":"Arshpreet_6e1252c0-2e97-42b0-b0d3-5a1d51726d24","Audio":{"timestamp":1611073032622.755,"packetsReceived":20459,"packetsLost":0},"Type":"inbound-rtp","Video":{"timestamp":1611073032622.755,"packetsReceived":1131,"packetsLost":0}},{"from":"ChinmaySahoo_eedc6722-1252-4ec7-86d5-54c965df35c5","to":"Arshpreet_6e1252c0-2e97-42b0-b0d3-5a1d51726d24","Audio":{"timestamp":1611073037622.661,"packetsReceived":20709,"packetsLost":0},"Type":"inbound-rtp","Video":{"timestamp":1611073037622.661,"packetsReceived":1139,"packetsLost":0}},{"from":"ChinmaySahoo_eedc6722-1252-4ec7-86d5-54c965df35c5","to":"Arshpreet_6e1252c0-2e97-42b0-b0d3-5a1d51726d24","Audio":{"timestamp":1611073037622.661,"packetsReceived":20709,"packetsLost":0},"Type":"inbound-rtp","Video":{"timestamp":1611073037622.661,"packetsReceived":1139,"packetsLost":0}},{"from":"ChinmaySahoo_eedc6722-1252-4ec7-86d5-54c965df35c5","to":"Arshpreet_6e1252c0-2e97-42b0-b0d3-5a1d51726d24","Audio":{"timestamp":1611073042622.772,"packetsReceived":20959,"packetsLost":0},"Type":"inbound-rtp","Video":{"timestamp":1611073042622.772,"packetsReceived":1149,"packetsLost":0}},{"from":"ChinmaySahoo_eedc6722-1252-4ec7-86d5-54c965df35c5","to":"Arshpreet_6e1252c0-2e97-42b0-b0d3-5a1d51726d24","Audio":{"timestamp":1611073042622.772,"packetsReceived":20959,"packetsLost":0},"Type":"inbound-rtp","Video":{"timestamp":1611073042622.772,"packetsReceived":1149,"packetsLost":0}},{"from":"ChinmaySahoo_eedc6722-1252-4ec7-86d5-54c965df35c5","to":"Arshpreet_6e1252c0-2e97-42b0-b0d3-5a1d51726d24","Audio":{"timestamp":1611073047622.745,"packetsReceived":21209,"packetsLost":0},"Type":"inbound-rtp","Video":{"timestamp":1611073047622.745,"packetsReceived":1159,"packetsLost":0}},{"from":"ChinmaySahoo_eedc6722-1252-4ec7-86d5-54c965df35c5","to":"Arshpreet_6e1252c0-2e97-42b0-b0d3-5a1d51726d24","Audio":{"timestamp":1611073047622.745,"packetsReceived":21209,"packetsLost":0},"Type":"inbound-rtp","Video":{"timestamp":1611073047622.745,"packetsReceived":1159,"packetsLost":0}},{"from":"ChinmaySahoo_eedc6722-1252-4ec7-86d5-54c965df35c5","to":"Arshpreet_6e1252c0-2e97-42b0-b0d3-5a1d51726d24","Audio":{"timestamp":1611073052622.736,"packetsReceived":21459,"packetsLost":0},"Type":"inbound-rtp","Video":{"timestamp":1611073052622.736,"packetsReceived":1169,"packetsLost":0}},{"from":"ChinmaySahoo_eedc6722-1252-4ec7-86d5-54c965df35c5","to":"Arshpreet_6e1252c0-2e97-42b0-b0d3-5a1d51726d24","Audio":{"timestamp":1611073052622.736,"packetsReceived":21459,"packetsLost":0},"Type":"inbound-rtp","Video":{"timestamp":1611073052622.736,"packetsReceived":1169,"packetsLost":0}},{"from":"ChinmaySahoo_eedc6722-1252-4ec7-86d5-54c965df35c5","to":"Arshpreet_6e1252c0-2e97-42b0-b0d3-5a1d51726d24","Audio":{"timestamp":1611073057622.668,"packetsReceived":21708,"packetsLost":0},"Type":"inbound-rtp","Video":{"timestamp":1611073057622.668,"packetsReceived":1182,"packetsLost":0}},{"from":"ChinmaySahoo_eedc6722-1252-4ec7-86d5-54c965df35c5","to":"Arshpreet_6e1252c0-2e97-42b0-b0d3-5a1d51726d24","Audio":{"timestamp":1611073057622.668,"packetsReceived":21708,"packetsLost":0},"Type":"inbound-rtp","Video":{"timestamp":1611073057622.668,"packetsReceived":1182,"packetsLost":0}},{"from":"ChinmaySahoo_eedc6722-1252-4ec7-86d5-54c965df35c5","to":"Arshpreet_6e1252c0-2e97-42b0-b0d3-5a1d51726d24","Audio":{"timestamp":1611073062622.7,"packetsReceived":21959,"packetsLost":0},"Type":"inbound-rtp","Video":{"timestamp":1611073062622.7,"packetsReceived":1192,"packetsLost":0}},{"from":"ChinmaySahoo_eedc6722-1252-4ec7-86d5-54c965df35c5","to":"Arshpreet_6e1252c0-2e97-42b0-b0d3-5a1d51726d24","Audio":{"timestamp":1611073062622.7,"packetsReceived":21959,"packetsLost":0},"Type":"inbound-rtp","Video":{"timestamp":1611073062622.7,"packetsReceived":1192,"packetsLost":0}},{"from":"ChinmaySahoo_eedc6722-1252-4ec7-86d5-54c965df35c5","to":"Arshpreet_6e1252c0-2e97-42b0-b0d3-5a1d51726d24","Audio":{"timestamp":1611073067622.723,"packetsReceived":22209,"packetsLost":0},"Type":"inbound-rtp","Video":{"timestamp":1611073067622.723,"packetsReceived":1202,"packetsLost":0}},{"from":"ChinmaySahoo_eedc6722-1252-4ec7-86d5-54c965df35c5","to":"Arshpreet_6e1252c0-2e97-42b0-b0d3-5a1d51726d24","Audio":{"timestamp":1611073067622.723,"packetsReceived":22209,"packetsLost":0},"Type":"inbound-rtp","Video":{"timestamp":1611073067622.723,"packetsReceived":1202,"packetsLost":0}},{"from":"ChinmaySahoo_eedc6722-1252-4ec7-86d5-54c965df35c5","to":"Arshpreet_6e1252c0-2e97-42b0-b0d3-5a1d51726d24","Audio":{"timestamp":1611073072622.729,"packetsReceived":22459,"packetsLost":0},"Type":"inbound-rtp","Video":{"timestamp":1611073072622.729,"packetsReceived":1217,"packetsLost":0}},{"from":"ChinmaySahoo_eedc6722-1252-4ec7-86d5-54c965df35c5","to":"Arshpreet_6e1252c0-2e97-42b0-b0d3-5a1d51726d24","Audio":{"timestamp":1611073072622.729,"packetsReceived":22459,"packetsLost":0},"Type":"inbound-rtp","Video":{"timestamp":1611073072622.729,"packetsReceived":1217,"packetsLost":0}},{"from":"ChinmaySahoo_eedc6722-1252-4ec7-86d5-54c965df35c5","to":"Arshpreet_6e1252c0-2e97-42b0-b0d3-5a1d51726d24","Audio":{"timestamp":1611073077622.697,"packetsReceived":22709,"packetsLost":0},"Type":"inbound-rtp","Video":{"timestamp":1611073077622.697,"packetsReceived":1231,"packetsLost":0}},{"from":"ChinmaySahoo_eedc6722-1252-4ec7-86d5-54c965df35c5","to":"Arshpreet_6e1252c0-2e97-42b0-b0d3-5a1d51726d24","Audio":{"timestamp":1611073077622.697,"packetsReceived":22709,"packetsLost":0},"Type":"inbound-rtp","Video":{"timestamp":1611073077622.697,"packetsReceived":1231,"packetsLost":0}},{"from":"ChinmaySahoo_eedc6722-1252-4ec7-86d5-54c965df35c5","to":"Arshpreet_6e1252c0-2e97-42b0-b0d3-5a1d51726d24","Audio":{"timestamp":1611073082622.729,"packetsReceived":22959,"packetsLost":0},"Type":"inbound-rtp","Video":{"timestamp":1611073082622.729,"packetsReceived":1239,"packetsLost":0}},{"from":"ChinmaySahoo_eedc6722-1252-4ec7-86d5-54c965df35c5","to":"Arshpreet_6e1252c0-2e97-42b0-b0d3-5a1d51726d24","Audio":{"timestamp":1611073082622.729,"packetsReceived":22959,"packetsLost":0},"Type":"inbound-rtp","Video":{"timestamp":1611073082622.729,"packetsReceived":1239,"packetsLost":0}},{"from":"ChinmaySahoo_eedc6722-1252-4ec7-86d5-54c965df35c5","to":"Arshpreet_6e1252c0-2e97-42b0-b0d3-5a1d51726d24","Audio":{"timestamp":1611073087622.73,"packetsReceived":23208,"packetsLost":0},"Type":"inbound-rtp","Video":{"timestamp":1611073087622.73,"packetsReceived":1249,"packetsLost":0}},{"from":"ChinmaySahoo_eedc6722-1252-4ec7-86d5-54c965df35c5","to":"Arshpreet_6e1252c0-2e97-42b0-b0d3-5a1d51726d24","Audio":{"timestamp":1611073087622.73,"packetsReceived":23208,"packetsLost":0},"Type":"inbound-rtp","Video":{"timestamp":1611073087622.73,"packetsReceived":1249,"packetsLost":0}},{"from":"ChinmaySahoo_eedc6722-1252-4ec7-86d5-54c965df35c5","to":"Arshpreet_6e1252c0-2e97-42b0-b0d3-5a1d51726d24","Audio":{"timestamp":1611073092622.711,"packetsReceived":23459,"packetsLost":0},"Type":"inbound-rtp","Video":{"timestamp":1611073092622.711,"packetsReceived":1263,"packetsLost":0}},{"from":"ChinmaySahoo_eedc6722-1252-4ec7-86d5-54c965df35c5","to":"Arshpreet_6e1252c0-2e97-42b0-b0d3-5a1d51726d24","Audio":{"timestamp":1611073092622.711,"packetsReceived":23459,"packetsLost":0},"Type":"inbound-rtp","Video":{"timestamp":1611073092622.711,"packetsReceived":1263,"packetsLost":0}},{"from":"ChinmaySahoo_eedc6722-1252-4ec7-86d5-54c965df35c5","to":"Arshpreet_6e1252c0-2e97-42b0-b0d3-5a1d51726d24","Audio":{"timestamp":1611073097622.746,"packetsReceived":23709,"packetsLost":0},"Type":"inbound-rtp","Video":{"timestamp":1611073097622.746,"packetsReceived":1274,"packetsLost":0}},{"from":"ChinmaySahoo_eedc6722-1252-4ec7-86d5-54c965df35c5","to":"Arshpreet_6e1252c0-2e97-42b0-b0d3-5a1d51726d24","Audio":{"timestamp":1611073097622.746,"packetsReceived":23709,"packetsLost":0},"Type":"inbound-rtp","Video":{"timestamp":1611073097622.746,"packetsReceived":1274,"packetsLost":0}},{"from":"ChinmaySahoo_eedc6722-1252-4ec7-86d5-54c965df35c5","to":"Arshpreet_6e1252c0-2e97-42b0-b0d3-5a1d51726d24","Audio":{"timestamp":1611073102622.684,"packetsReceived":23959,"packetsLost":0},"Type":"inbound-rtp","Video":{"timestamp":1611073102622.684,"packetsReceived":1285,"packetsLost":0}},{"from":"ChinmaySahoo_eedc6722-1252-4ec7-86d5-54c965df35c5","to":"Arshpreet_6e1252c0-2e97-42b0-b0d3-5a1d51726d24","Audio":{"timestamp":1611073102622.684,"packetsReceived":23959,"packetsLost":0},"Type":"inbound-rtp","Video":{"timestamp":1611073102622.684,"packetsReceived":1285,"packetsLost":0}},{"from":"ChinmaySahoo_eedc6722-1252-4ec7-86d5-54c965df35c5","to":"Arshpreet_6e1252c0-2e97-42b0-b0d3-5a1d51726d24","Audio":{"timestamp":1611073107622.7,"packetsReceived":24209,"packetsLost":0},"Type":"inbound-rtp","Video":{"timestamp":1611073107622.7,"packetsReceived":1295,"packetsLost":0}},{"from":"ChinmaySahoo_eedc6722-1252-4ec7-86d5-54c965df35c5","to":"Arshpreet_6e1252c0-2e97-42b0-b0d3-5a1d51726d24","Audio":{"timestamp":1611073107622.7,"packetsReceived":24209,"packetsLost":0},"Type":"inbound-rtp","Video":{"timestamp":1611073107622.7,"packetsReceived":1295,"packetsLost":0}},{"from":"ChinmaySahoo_eedc6722-1252-4ec7-86d5-54c965df35c5","to":"Arshpreet_6e1252c0-2e97-42b0-b0d3-5a1d51726d24","Audio":{"timestamp":1611073112622.701,"packetsReceived":24459,"packetsLost":0},"Type":"inbound-rtp","Video":{"timestamp":1611073112622.701,"packetsReceived":1307,"packetsLost":0}},{"from":"ChinmaySahoo_eedc6722-1252-4ec7-86d5-54c965df35c5","to":"Arshpreet_6e1252c0-2e97-42b0-b0d3-5a1d51726d24","Audio":{"timestamp":1611073112622.701,"packetsReceived":24459,"packetsLost":0},"Type":"inbound-rtp","Video":{"timestamp":1611073112622.701,"packetsReceived":1307,"packetsLost":0}},{"from":"ChinmaySahoo_eedc6722-1252-4ec7-86d5-54c965df35c5","to":"Arshpreet_6e1252c0-2e97-42b0-b0d3-5a1d51726d24","Audio":{"timestamp":1611073117622.697,"packetsReceived":24709,"packetsLost":0},"Type":"inbound-rtp","Video":{"timestamp":1611073117622.697,"packetsReceived":1322,"packetsLost":0}},{"from":"ChinmaySahoo_eedc6722-1252-4ec7-86d5-54c965df35c5","to":"Arshpreet_6e1252c0-2e97-42b0-b0d3-5a1d51726d24","Audio":{"timestamp":1611073117622.697,"packetsReceived":24709,"packetsLost":0},"Type":"inbound-rtp","Video":{"timestamp":1611073117622.697,"packetsReceived":1322,"packetsLost":0}},{"from":"ChinmaySahoo_eedc6722-1252-4ec7-86d5-54c965df35c5","to":"Arshpreet_6e1252c0-2e97-42b0-b0d3-5a1d51726d24","Audio":{"timestamp":1611073122622.955,"packetsReceived":24959,"packetsLost":0},"Type":"inbound-rtp","Video":{"timestamp":1611073122622.955,"packetsReceived":1334,"packetsLost":0}},{"from":"ChinmaySahoo_eedc6722-1252-4ec7-86d5-54c965df35c5","to":"Arshpreet_6e1252c0-2e97-42b0-b0d3-5a1d51726d24","Audio":{"timestamp":1611073122622.955,"packetsReceived":24959,"packetsLost":0},"Type":"inbound-rtp","Video":{"timestamp":1611073122622.955,"packetsReceived":1334,"packetsLost":0}},{"from":"ChinmaySahoo_eedc6722-1252-4ec7-86d5-54c965df35c5","to":"Arshpreet_6e1252c0-2e97-42b0-b0d3-5a1d51726d24","Audio":{"timestamp":1611073127622.698,"packetsReceived":25209,"packetsLost":0},"Type":"inbound-rtp","Video":{"timestamp":1611073127622.698,"packetsReceived":1342,"packetsLost":0}},{"from":"ChinmaySahoo_eedc6722-1252-4ec7-86d5-54c965df35c5","to":"Arshpreet_6e1252c0-2e97-42b0-b0d3-5a1d51726d24","Audio":{"timestamp":1611073127622.698,"packetsReceived":25209,"packetsLost":0},"Type":"inbound-rtp","Video":{"timestamp":1611073127622.698,"packetsReceived":1342,"packetsLost":0}},{"from":"ChinmaySahoo_eedc6722-1252-4ec7-86d5-54c965df35c5","to":"Arshpreet_6e1252c0-2e97-42b0-b0d3-5a1d51726d24","Audio":{"timestamp":1611073132622.997,"packetsReceived":25458,"packetsLost":0},"Type":"inbound-rtp","Video":{"timestamp":1611073132622.997,"packetsReceived":1353,"packetsLost":0}},{"from":"ChinmaySahoo_eedc6722-1252-4ec7-86d5-54c965df35c5","to":"Arshpreet_6e1252c0-2e97-42b0-b0d3-5a1d51726d24","Audio":{"timestamp":1611073132622.997,"packetsReceived":25458,"packetsLost":0},"Type":"inbound-rtp","Video":{"timestamp":1611073132622.997,"packetsReceived":1353,"packetsLost":0}},{"from":"ChinmaySahoo_eedc6722-1252-4ec7-86d5-54c965df35c5","to":"Arshpreet_6e1252c0-2e97-42b0-b0d3-5a1d51726d24","Audio":{"timestamp":1611073137622.703,"packetsReceived":25709,"packetsLost":0},"Type":"inbound-rtp","Video":{"timestamp":1611073137622.703,"packetsReceived":1366,"packetsLost":0}},{"from":"ChinmaySahoo_eedc6722-1252-4ec7-86d5-54c965df35c5","to":"Arshpreet_6e1252c0-2e97-42b0-b0d3-5a1d51726d24","Audio":{"timestamp":1611073137622.703,"packetsReceived":25709,"packetsLost":0},"Type":"inbound-rtp","Video":{"timestamp":1611073137622.703,"packetsReceived":1366,"packetsLost":0}},{"from":"ChinmaySahoo_eedc6722-1252-4ec7-86d5-54c965df35c5","to":"Arshpreet_6e1252c0-2e97-42b0-b0d3-5a1d51726d24","Audio":{"timestamp":1611073142622.734,"packetsReceived":25959,"packetsLost":0},"Type":"inbound-rtp","Video":{"timestamp":1611073142622.734,"packetsReceived":1395,"packetsLost":0}},{"from":"ChinmaySahoo_eedc6722-1252-4ec7-86d5-54c965df35c5","to":"Arshpreet_6e1252c0-2e97-42b0-b0d3-5a1d51726d24","Audio":{"timestamp":1611073142622.734,"packetsReceived":25959,"packetsLost":0},"Type":"inbound-rtp","Video":{"timestamp":1611073142622.734,"packetsReceived":1395,"packetsLost":0}},{"from":"ChinmaySahoo_eedc6722-1252-4ec7-86d5-54c965df35c5","to":"Arshpreet_6e1252c0-2e97-42b0-b0d3-5a1d51726d24","Audio":{"timestamp":1611073147622.668,"packetsReceived":26208,"packetsLost":0},"Type":"inbound-rtp","Video":{"timestamp":1611073147622.668,"packetsReceived":1476,"packetsLost":0}},{"from":"ChinmaySahoo_eedc6722-1252-4ec7-86d5-54c965df35c5","to":"Arshpreet_6e1252c0-2e97-42b0-b0d3-5a1d51726d24","Audio":{"timestamp":1611073147622.668,"packetsReceived":26208,"packetsLost":0},"Type":"inbound-rtp","Video":{"timestamp":1611073147622.668,"packetsReceived":1476,"packetsLost":0}},{"from":"ChinmaySahoo_eedc6722-1252-4ec7-86d5-54c965df35c5","to":"Arshpreet_6e1252c0-2e97-42b0-b0d3-5a1d51726d24","Audio":{"timestamp":1611073152622.708,"packetsReceived":26459,"packetsLost":0},"Type":"inbound-rtp","Video":{"timestamp":1611073152622.708,"packetsReceived":1767,"packetsLost":0}},{"from":"ChinmaySahoo_eedc6722-1252-4ec7-86d5-54c965df35c5","to":"Arshpreet_6e1252c0-2e97-42b0-b0d3-5a1d51726d24","Audio":{"timestamp":1611073152622.708,"packetsReceived":26459,"packetsLost":0},"Type":"inbound-rtp","Video":{"timestamp":1611073152622.708,"packetsReceived":1767,"packetsLost":0}},{"from":"ChinmaySahoo_eedc6722-1252-4ec7-86d5-54c965df35c5","to":"Arshpreet_6e1252c0-2e97-42b0-b0d3-5a1d51726d24","Audio":{"timestamp":1611073157623.198,"packetsReceived":26709,"packetsLost":0},"Type":"inbound-rtp","Video":{"timestamp":1611073157623.198,"packetsReceived":2023,"packetsLost":0}},{"from":"ChinmaySahoo_eedc6722-1252-4ec7-86d5-54c965df35c5","to":"Arshpreet_6e1252c0-2e97-42b0-b0d3-5a1d51726d24","Audio":{"timestamp":1611073157623.198,"packetsReceived":26709,"packetsLost":0},"Type":"inbound-rtp","Video":{"timestamp":1611073157623.198,"packetsReceived":2023,"packetsLost":0}},{"from":"ChinmaySahoo_eedc6722-1252-4ec7-86d5-54c965df35c5","to":"Arshpreet_6e1252c0-2e97-42b0-b0d3-5a1d51726d24","Audio":{"timestamp":1611073162622.761,"packetsReceived":26959,"packetsLost":0},"Type":"inbound-rtp","Video":{"timestamp":1611073162622.761,"packetsReceived":2194,"packetsLost":0}},{"from":"ChinmaySahoo_eedc6722-1252-4ec7-86d5-54c965df35c5","to":"Arshpreet_6e1252c0-2e97-42b0-b0d3-5a1d51726d24","Audio":{"timestamp":1611073162622.761,"packetsReceived":26959,"packetsLost":0},"Type":"inbound-rtp","Video":{"timestamp":1611073162622.761,"packetsReceived":2194,"packetsLost":0}},{"from":"ChinmaySahoo_eedc6722-1252-4ec7-86d5-54c965df35c5","to":"Arshpreet_6e1252c0-2e97-42b0-b0d3-5a1d51726d24","Audio":{"timestamp":1611073167622.709,"packetsReceived":27209,"packetsLost":0},"Type":"inbound-rtp","Video":{"timestamp":1611073167622.709,"packetsReceived":2344,"packetsLost":0}},{"from":"ChinmaySahoo_eedc6722-1252-4ec7-86d5-54c965df35c5","to":"Arshpreet_6e1252c0-2e97-42b0-b0d3-5a1d51726d24","Audio":{"timestamp":1611073167622.709,"packetsReceived":27209,"packetsLost":0},"Type":"inbound-rtp","Video":{"timestamp":1611073167622.709,"packetsReceived":2344,"packetsLost":0}},{"from":"ChinmaySahoo_eedc6722-1252-4ec7-86d5-54c965df35c5","to":"Arshpreet_6e1252c0-2e97-42b0-b0d3-5a1d51726d24","Audio":{"timestamp":1611073172622.705,"packetsReceived":27459,"packetsLost":0},"Type":"inbound-rtp","Video":{"timestamp":1611073172622.705,"packetsReceived":2492,"packetsLost":0}},{"from":"ChinmaySahoo_eedc6722-1252-4ec7-86d5-54c965df35c5","to":"Arshpreet_6e1252c0-2e97-42b0-b0d3-5a1d51726d24","Audio":{"timestamp":1611073172622.705,"packetsReceived":27459,"packetsLost":0},"Type":"inbound-rtp","Video":{"timestamp":1611073172622.705,"packetsReceived":2492,"packetsLost":0}},{"from":"ChinmaySahoo_eedc6722-1252-4ec7-86d5-54c965df35c5","to":"Arshpreet_6e1252c0-2e97-42b0-b0d3-5a1d51726d24","Audio":{"timestamp":1611073177622.708,"packetsReceived":27709,"packetsLost":0},"Type":"inbound-rtp","Video":{"timestamp":1611073177622.708,"packetsReceived":2763,"packetsLost":0}},{"from":"ChinmaySahoo_eedc6722-1252-4ec7-86d5-54c965df35c5","to":"Arshpreet_6e1252c0-2e97-42b0-b0d3-5a1d51726d24","Audio":{"timestamp":1611073177622.708,"packetsReceived":27709,"packetsLost":0},"Type":"inbound-rtp","Video":{"timestamp":1611073177622.708,"packetsReceived":2763,"packetsLost":0}},{"from":"ChinmaySahoo_eedc6722-1252-4ec7-86d5-54c965df35c5","to":"Arshpreet_6e1252c0-2e97-42b0-b0d3-5a1d51726d24","Audio":{"timestamp":1611073182622.731,"packetsReceived":27959,"packetsLost":0},"Type":"inbound-rtp","Video":{"timestamp":1611073182622.731,"packetsReceived":3014,"packetsLost":0}},{"from":"ChinmaySahoo_eedc6722-1252-4ec7-86d5-54c965df35c5","to":"Arshpreet_6e1252c0-2e97-42b0-b0d3-5a1d51726d24","Audio":{"timestamp":1611073182622.731,"packetsReceived":27959,"packetsLost":0},"Type":"inbound-rtp","Video":{"timestamp":1611073182622.731,"packetsReceived":3014,"packetsLost":0}},{"from":"ChinmaySahoo_eedc6722-1252-4ec7-86d5-54c965df35c5","to":"Arshpreet_6e1252c0-2e97-42b0-b0d3-5a1d51726d24","Audio":{"timestamp":1611073187622.88,"packetsReceived":28209,"packetsLost":0},"Type":"inbound-rtp","Video":{"timestamp":1611073187622.88,"packetsReceived":3373,"packetsLost":0}},{"from":"ChinmaySahoo_eedc6722-1252-4ec7-86d5-54c965df35c5","to":"Arshpreet_6e1252c0-2e97-42b0-b0d3-5a1d51726d24","Audio":{"timestamp":1611073187622.88,"packetsReceived":28209,"packetsLost":0},"Type":"inbound-rtp","Video":{"timestamp":1611073187622.88,"packetsReceived":3373,"packetsLost":0}},{"from":"ChinmaySahoo_eedc6722-1252-4ec7-86d5-54c965df35c5","to":"Arshpreet_6e1252c0-2e97-42b0-b0d3-5a1d51726d24","Audio":{"timestamp":1611073192622.723,"packetsReceived":28459,"packetsLost":0},"Type":"inbound-rtp","Video":{"timestamp":1611073192622.723,"packetsReceived":3793,"packetsLost":0}},{"from":"ChinmaySahoo_eedc6722-1252-4ec7-86d5-54c965df35c5","to":"Arshpreet_6e1252c0-2e97-42b0-b0d3-5a1d51726d24","Audio":{"timestamp":1611073192622.723,"packetsReceived":28459,"packetsLost":0},"Type":"inbound-rtp","Video":{"timestamp":1611073192622.723,"packetsReceived":3793,"packetsLost":0}},{"from":"ChinmaySahoo_eedc6722-1252-4ec7-86d5-54c965df35c5","to":"Arshpreet_6e1252c0-2e97-42b0-b0d3-5a1d51726d24","Audio":{"timestamp":1611073197622.711,"packetsReceived":28709,"packetsLost":0},"Type":"inbound-rtp","Video":{"timestamp":1611073197622.711,"packetsReceived":4345,"packetsLost":0}},{"from":"ChinmaySahoo_eedc6722-1252-4ec7-86d5-54c965df35c5","to":"Arshpreet_6e1252c0-2e97-42b0-b0d3-5a1d51726d24","Audio":{"timestamp":1611073197622.711,"packetsReceived":28709,"packetsLost":0},"Type":"inbound-rtp","Video":{"timestamp":1611073197622.711,"packetsReceived":4345,"packetsLost":0}},{"from":"ChinmaySahoo_eedc6722-1252-4ec7-86d5-54c965df35c5","to":"Arshpreet_6e1252c0-2e97-42b0-b0d3-5a1d51726d24","Audio":{"timestamp":1611073202623.674,"packetsReceived":28958,"packetsLost":0},"Type":"inbound-rtp","Video":{"timestamp":1611073202623.674,"packetsReceived":4773,"packetsLost":0}},{"from":"ChinmaySahoo_eedc6722-1252-4ec7-86d5-54c965df35c5","to":"Arshpreet_6e1252c0-2e97-42b0-b0d3-5a1d51726d24","Audio":{"timestamp":1611073202623.674,"packetsReceived":28958,"packetsLost":0},"Type":"inbound-rtp","Video":{"timestamp":1611073202623.674,"packetsReceived":4773,"packetsLost":0}},{"from":"ChinmaySahoo_eedc6722-1252-4ec7-86d5-54c965df35c5","to":"Arshpreet_6e1252c0-2e97-42b0-b0d3-5a1d51726d24","Audio":{"timestamp":1611073207622.686,"packetsReceived":29208,"packetsLost":0},"Type":"inbound-rtp","Video":{"timestamp":1611073207622.686,"packetsReceived":5179,"packetsLost":0}},{"from":"ChinmaySahoo_eedc6722-1252-4ec7-86d5-54c965df35c5","to":"Arshpreet_6e1252c0-2e97-42b0-b0d3-5a1d51726d24","Audio":{"timestamp":1611073207622.686,"packetsReceived":29208,"packetsLost":0},"Type":"inbound-rtp","Video":{"timestamp":1611073207622.686,"packetsReceived":5179,"packetsLost":0}},{"from":"ChinmaySahoo_eedc6722-1252-4ec7-86d5-54c965df35c5","to":"Arshpreet_6e1252c0-2e97-42b0-b0d3-5a1d51726d24","Audio":{"timestamp":1611073212622.846,"packetsReceived":29459,"packetsLost":0},"Type":"inbound-rtp","Video":{"timestamp":1611073212622.846,"packetsReceived":5823,"packetsLost":0}},{"from":"ChinmaySahoo_eedc6722-1252-4ec7-86d5-54c965df35c5","to":"Arshpreet_6e1252c0-2e97-42b0-b0d3-5a1d51726d24","Audio":{"timestamp":1611073212622.846,"packetsReceived":29459,"packetsLost":0},"Type":"inbound-rtp","Video":{"timestamp":1611073212622.846,"packetsReceived":5823,"packetsLost":0}},{"from":"ChinmaySahoo_eedc6722-1252-4ec7-86d5-54c965df35c5","to":"Arshpreet_6e1252c0-2e97-42b0-b0d3-5a1d51726d24","Audio":{"timestamp":1611073217622.763,"packetsReceived":29709,"packetsLost":0},"Type":"inbound-rtp","Video":{"timestamp":1611073217622.763,"packetsReceived":6466,"packetsLost":0}},{"from":"ChinmaySahoo_eedc6722-1252-4ec7-86d5-54c965df35c5","to":"Arshpreet_6e1252c0-2e97-42b0-b0d3-5a1d51726d24","Audio":{"timestamp":1611073217622.763,"packetsReceived":29709,"packetsLost":0},"Type":"inbound-rtp","Video":{"timestamp":1611073217622.763,"packetsReceived":6466,"packetsLost":0}},{"from":"ChinmaySahoo_eedc6722-1252-4ec7-86d5-54c965df35c5","to":"Arshpreet_6e1252c0-2e97-42b0-b0d3-5a1d51726d24","Audio":{"timestamp":1611073222622.706,"packetsReceived":29959,"packetsLost":0},"Type":"inbound-rtp","Video":{"timestamp":1611073222622.706,"packetsReceived":7365,"packetsLost":0}},{"from":"ChinmaySahoo_eedc6722-1252-4ec7-86d5-54c965df35c5","to":"Arshpreet_6e1252c0-2e97-42b0-b0d3-5a1d51726d24","Audio":{"timestamp":1611073222622.706,"packetsReceived":29959,"packetsLost":0},"Type":"inbound-rtp","Video":{"timestamp":1611073222622.706,"packetsReceived":7365,"packetsLost":0}},{"from":"ChinmaySahoo_eedc6722-1252-4ec7-86d5-54c965df35c5","to":"Arshpreet_6e1252c0-2e97-42b0-b0d3-5a1d51726d24","Audio":{"timestamp":1611073227622.736,"packetsReceived":30209,"packetsLost":0},"Type":"inbound-rtp","Video":{"timestamp":1611073227622.736,"packetsReceived":8136,"packetsLost":0}},{"from":"ChinmaySahoo_eedc6722-1252-4ec7-86d5-54c965df35c5","to":"Arshpreet_6e1252c0-2e97-42b0-b0d3-5a1d51726d24","Audio":{"timestamp":1611073227622.736,"packetsReceived":30209,"packetsLost":0},"Type":"inbound-rtp","Video":{"timestamp":1611073227622.736,"packetsReceived":8136,"packetsLost":0}},{"from":"ChinmaySahoo_eedc6722-1252-4ec7-86d5-54c965df35c5","to":"Arshpreet_6e1252c0-2e97-42b0-b0d3-5a1d51726d24","Audio":{"timestamp":1611073232622.68,"packetsReceived":30459,"packetsLost":0},"Type":"inbound-rtp","Video":{"timestamp":1611073232622.68,"packetsReceived":8506,"packetsLost":0}},{"from":"ChinmaySahoo_eedc6722-1252-4ec7-86d5-54c965df35c5","to":"Arshpreet_6e1252c0-2e97-42b0-b0d3-5a1d51726d24","Audio":{"timestamp":1611073232622.68,"packetsReceived":30459,"packetsLost":0},"Type":"inbound-rtp","Video":{"timestamp":1611073232622.68,"packetsReceived":8506,"packetsLost":0}},{"from":"ChinmaySahoo_eedc6722-1252-4ec7-86d5-54c965df35c5","to":"Arshpreet_6e1252c0-2e97-42b0-b0d3-5a1d51726d24","Audio":{"timestamp":1611073237622.635,"packetsReceived":30709,"packetsLost":0},"Type":"inbound-rtp","Video":{"timestamp":1611073237622.635,"packetsReceived":8962,"packetsLost":0}},{"from":"ChinmaySahoo_eedc6722-1252-4ec7-86d5-54c965df35c5","to":"Arshpreet_6e1252c0-2e97-42b0-b0d3-5a1d51726d24","Audio":{"timestamp":1611073237622.635,"packetsReceived":30709,"packetsLost":0},"Type":"inbound-rtp","Video":{"timestamp":1611073237622.635,"packetsReceived":8962,"packetsLost":0}},{"from":"ChinmaySahoo_eedc6722-1252-4ec7-86d5-54c965df35c5","to":"Arshpreet_6e1252c0-2e97-42b0-b0d3-5a1d51726d24","Audio":{"timestamp":1611073242622.661,"packetsReceived":30959,"packetsLost":0},"Type":"inbound-rtp","Video":{"timestamp":1611073242622.661,"packetsReceived":9100,"packetsLost":0}},{"from":"ChinmaySahoo_eedc6722-1252-4ec7-86d5-54c965df35c5","to":"Arshpreet_6e1252c0-2e97-42b0-b0d3-5a1d51726d24","Audio":{"timestamp":1611073242622.661,"packetsReceived":30959,"packetsLost":0},"Type":"inbound-rtp","Video":{"timestamp":1611073242622.661,"packetsReceived":9100,"packetsLost":0}},{"from":"ChinmaySahoo_eedc6722-1252-4ec7-86d5-54c965df35c5","to":"Arshpreet_6e1252c0-2e97-42b0-b0d3-5a1d51726d24","Audio":{"timestamp":1611073247622.743,"packetsReceived":31208,"packetsLost":0},"Type":"inbound-rtp","Video":{"timestamp":1611073247622.743,"packetsReceived":9280,"packetsLost":0}},{"from":"ChinmaySahoo_eedc6722-1252-4ec7-86d5-54c965df35c5","to":"Arshpreet_6e1252c0-2e97-42b0-b0d3-5a1d51726d24","Audio":{"timestamp":1611073247622.743,"packetsReceived":31208,"packetsLost":0},"Type":"inbound-rtp","Video":{"timestamp":1611073247622.743,"packetsReceived":9280,"packetsLost":0}},{"from":"ChinmaySahoo_eedc6722-1252-4ec7-86d5-54c965df35c5","to":"Arshpreet_6e1252c0-2e97-42b0-b0d3-5a1d51726d24","Audio":{"timestamp":1611073252622.69,"packetsReceived":31458,"packetsLost":0},"Type":"inbound-rtp","Video":{"timestamp":1611073252622.69,"packetsReceived":9466,"packetsLost":0}},{"from":"ChinmaySahoo_eedc6722-1252-4ec7-86d5-54c965df35c5","to":"Arshpreet_6e1252c0-2e97-42b0-b0d3-5a1d51726d24","Audio":{"timestamp":1611073252622.69,"packetsReceived":31458,"packetsLost":0},"Type":"inbound-rtp","Video":{"timestamp":1611073252622.69,"packetsReceived":9466,"packetsLost":0}},{"from":"ChinmaySahoo_eedc6722-1252-4ec7-86d5-54c965df35c5","to":"Arshpreet_6e1252c0-2e97-42b0-b0d3-5a1d51726d24","Audio":{"timestamp":1611073257626.804,"packetsReceived":31709,"packetsLost":0},"Type":"inbound-rtp","Video":{"timestamp":1611073257626.804,"packetsReceived":9662,"packetsLost":0}},{"from":"ChinmaySahoo_eedc6722-1252-4ec7-86d5-54c965df35c5","to":"Arshpreet_6e1252c0-2e97-42b0-b0d3-5a1d51726d24","Audio":{"timestamp":1611073257626.804,"packetsReceived":31709,"packetsLost":0},"Type":"inbound-rtp","Video":{"timestamp":1611073257626.804,"packetsReceived":9662,"packetsLost":0}},{"from":"ChinmaySahoo_eedc6722-1252-4ec7-86d5-54c965df35c5","to":"Arshpreet_6e1252c0-2e97-42b0-b0d3-5a1d51726d24","Audio":{"timestamp":1611073262622.693,"packetsReceived":31959,"packetsLost":0},"Type":"inbound-rtp","Video":{"timestamp":1611073262622.693,"packetsReceived":9877,"packetsLost":0}},{"from":"ChinmaySahoo_eedc6722-1252-4ec7-86d5-54c965df35c5","to":"Arshpreet_6e1252c0-2e97-42b0-b0d3-5a1d51726d24","Audio":{"timestamp":1611073262622.693,"packetsReceived":31959,"packetsLost":0},"Type":"inbound-rtp","Video":{"timestamp":1611073262622.693,"packetsReceived":9877,"packetsLost":0}},{"from":"ChinmaySahoo_eedc6722-1252-4ec7-86d5-54c965df35c5","to":"Arshpreet_6e1252c0-2e97-42b0-b0d3-5a1d51726d24","Audio":{"timestamp":1611073267622.7,"packetsReceived":32208,"packetsLost":0},"Type":"inbound-rtp","Video":{"timestamp":1611073267622.7,"packetsReceived":10158,"packetsLost":0}},{"from":"ChinmaySahoo_eedc6722-1252-4ec7-86d5-54c965df35c5","to":"Arshpreet_6e1252c0-2e97-42b0-b0d3-5a1d51726d24","Audio":{"timestamp":1611073267622.7,"packetsReceived":32208,"packetsLost":0},"Type":"inbound-rtp","Video":{"timestamp":1611073267622.7,"packetsReceived":10158,"packetsLost":0}},{"from":"ChinmaySahoo_eedc6722-1252-4ec7-86d5-54c965df35c5","to":"Arshpreet_6e1252c0-2e97-42b0-b0d3-5a1d51726d24","Audio":{"timestamp":1611073272622.695,"packetsReceived":32459,"packetsLost":0},"Type":"inbound-rtp","Video":{"timestamp":1611073272622.695,"packetsReceived":10544,"packetsLost":0}},{"from":"ChinmaySahoo_eedc6722-1252-4ec7-86d5-54c965df35c5","to":"Arshpreet_6e1252c0-2e97-42b0-b0d3-5a1d51726d24","Audio":{"timestamp":1611073272622.695,"packetsReceived":32459,"packetsLost":0},"Type":"inbound-rtp","Video":{"timestamp":1611073272622.695,"packetsReceived":10544,"packetsLost":0}},{"from":"ChinmaySahoo_eedc6722-1252-4ec7-86d5-54c965df35c5","to":"Arshpreet_6e1252c0-2e97-42b0-b0d3-5a1d51726d24","Audio":{"timestamp":1611073277622.721,"packetsReceived":32709,"packetsLost":0},"Type":"inbound-rtp","Video":{"timestamp":1611073277622.721,"packetsReceived":10930,"packetsLost":0}},{"from":"ChinmaySahoo_eedc6722-1252-4ec7-86d5-54c965df35c5","to":"Arshpreet_6e1252c0-2e97-42b0-b0d3-5a1d51726d24","Audio":{"timestamp":1611073277622.721,"packetsReceived":32709,"packetsLost":0},"Type":"inbound-rtp","Video":{"timestamp":1611073277622.721,"packetsReceived":10930,"packetsLost":0}},{"from":"ChinmaySahoo_eedc6722-1252-4ec7-86d5-54c965df35c5","to":"Arshpreet_6e1252c0-2e97-42b0-b0d3-5a1d51726d24","Audio":{"timestamp":1611073282622.678,"packetsReceived":32958,"packetsLost":0},"Type":"inbound-rtp","Video":{"timestamp":1611073282622.678,"packetsReceived":11371,"packetsLost":0}},{"from":"ChinmaySahoo_eedc6722-1252-4ec7-86d5-54c965df35c5","to":"Arshpreet_6e1252c0-2e97-42b0-b0d3-5a1d51726d24","Audio":{"timestamp":1611073282622.678,"packetsReceived":32958,"packetsLost":0},"Type":"inbound-rtp","Video":{"timestamp":1611073282622.678,"packetsReceived":11371,"packetsLost":0}},{"from":"ChinmaySahoo_eedc6722-1252-4ec7-86d5-54c965df35c5","to":"Arshpreet_6e1252c0-2e97-42b0-b0d3-5a1d51726d24","Audio":{"timestamp":1611073287622.677,"packetsReceived":33209,"packetsLost":0},"Type":"inbound-rtp","Video":{"timestamp":1611073287622.677,"packetsReceived":11727,"packetsLost":0}},{"from":"ChinmaySahoo_eedc6722-1252-4ec7-86d5-54c965df35c5","to":"Arshpreet_6e1252c0-2e97-42b0-b0d3-5a1d51726d24","Audio":{"timestamp":1611073287622.677,"packetsReceived":33209,"packetsLost":0},"Type":"inbound-rtp","Video":{"timestamp":1611073287622.677,"packetsReceived":11727,"packetsLost":0}},{"from":"ChinmaySahoo_eedc6722-1252-4ec7-86d5-54c965df35c5","to":"Arshpreet_6e1252c0-2e97-42b0-b0d3-5a1d51726d24","Audio":{"timestamp":1611073291675.24,"packetsReceived":33411,"packetsLost":0},"Type":"inbound-rtp","Video":{"timestamp":1611073291675.24,"packetsReceived":11985,"packetsLost":0}},{"from":"ChinmaySahoo_eedc6722-1252-4ec7-86d5-54c965df35c5","to":"Arshpreet_6e1252c0-2e97-42b0-b0d3-5a1d51726d24","Audio":{"timestamp":1611073291675.24,"packetsReceived":33411,"packetsLost":0},"Type":"inbound-rtp","Video":{"timestamp":1611073291675.24,"packetsReceived":11985,"packetsLost":0}},{"from":"ChinmaySahoo_eedc6722-1252-4ec7-86d5-54c965df35c5","to":"Arshpreet_6e1252c0-2e97-42b0-b0d3-5a1d51726d24","Audio":{"timestamp":1611073297613.067,"packetsReceived":33708,"packetsLost":0},"Type":"inbound-rtp","Video":{"timestamp":1611073297613.067,"packetsReceived":12468,"packetsLost":0}},{"from":"ChinmaySahoo_eedc6722-1252-4ec7-86d5-54c965df35c5","to":"Arshpreet_6e1252c0-2e97-42b0-b0d3-5a1d51726d24","Audio":{"timestamp":1611073297613.067,"packetsReceived":33708,"packetsLost":0},"Type":"inbound-rtp","Video":{"timestamp":1611073297613.067,"packetsReceived":12468,"packetsLost":0}},{"from":"ChinmaySahoo_eedc6722-1252-4ec7-86d5-54c965df35c5","to":"Arshpreet_6e1252c0-2e97-42b0-b0d3-5a1d51726d24","Audio":{"timestamp":1611073301675.117,"packetsReceived":33911,"packetsLost":0},"Type":"inbound-rtp","Video":{"timestamp":1611073301675.117,"packetsReceived":12743,"packetsLost":0}},{"from":"ChinmaySahoo_eedc6722-1252-4ec7-86d5-54c965df35c5","to":"Arshpreet_6e1252c0-2e97-42b0-b0d3-5a1d51726d24","Audio":{"timestamp":1611073301675.117,"packetsReceived":33911,"packetsLost":0},"Type":"inbound-rtp","Video":{"timestamp":1611073301675.117,"packetsReceived":12743,"packetsLost":0}},{"from":"ChinmaySahoo_eedc6722-1252-4ec7-86d5-54c965df35c5","to":"Arshpreet_6e1252c0-2e97-42b0-b0d3-5a1d51726d24","Audio":{"timestamp":1611073306675.122,"packetsReceived":34161,"packetsLost":0},"Type":"inbound-rtp","Video":{"timestamp":1611073306675.122,"packetsReceived":13033,"packetsLost":0}},{"from":"ChinmaySahoo_eedc6722-1252-4ec7-86d5-54c965df35c5","to":"Arshpreet_6e1252c0-2e97-42b0-b0d3-5a1d51726d24","Audio":{"timestamp":1611073306675.122,"packetsReceived":34161,"packetsLost":0},"Type":"inbound-rtp","Video":{"timestamp":1611073306675.122,"packetsReceived":13033,"packetsLost":0}},{"from":"ChinmaySahoo_eedc6722-1252-4ec7-86d5-54c965df35c5","to":"Arshpreet_6e1252c0-2e97-42b0-b0d3-5a1d51726d24","Audio":{"timestamp":1611073311675.111,"packetsReceived":34411,"packetsLost":0},"Type":"inbound-rtp","Video":{"timestamp":1611073311675.111,"packetsReceived":13284,"packetsLost":0}},{"from":"ChinmaySahoo_eedc6722-1252-4ec7-86d5-54c965df35c5","to":"Arshpreet_6e1252c0-2e97-42b0-b0d3-5a1d51726d24","Audio":{"timestamp":1611073311675.111,"packetsReceived":34411,"packetsLost":0},"Type":"inbound-rtp","Video":{"timestamp":1611073311675.111,"packetsReceived":13284,"packetsLost":0}},{"from":"ChinmaySahoo_eedc6722-1252-4ec7-86d5-54c965df35c5","to":"Arshpreet_6e1252c0-2e97-42b0-b0d3-5a1d51726d24","Audio":{"timestamp":1611073316675.158,"packetsReceived":34661,"packetsLost":0},"Type":"inbound-rtp","Video":{"timestamp":1611073316675.158,"packetsReceived":13554,"packetsLost":0}},{"from":"ChinmaySahoo_eedc6722-1252-4ec7-86d5-54c965df35c5","to":"Arshpreet_6e1252c0-2e97-42b0-b0d3-5a1d51726d24","Audio":{"timestamp":1611073316675.158,"packetsReceived":34661,"packetsLost":0},"Type":"inbound-rtp","Video":{"timestamp":1611073316675.158,"packetsReceived":13554,"packetsLost":0}},{"from":"ChinmaySahoo_eedc6722-1252-4ec7-86d5-54c965df35c5","to":"Arshpreet_6e1252c0-2e97-42b0-b0d3-5a1d51726d24","Audio":{"timestamp":1611073321675.11,"packetsReceived":34911,"packetsLost":0},"Type":"inbound-rtp","Video":{"timestamp":1611073321675.11,"packetsReceived":13900,"packetsLost":0}},{"from":"ChinmaySahoo_eedc6722-1252-4ec7-86d5-54c965df35c5","to":"Arshpreet_6e1252c0-2e97-42b0-b0d3-5a1d51726d24","Audio":{"timestamp":1611073321675.11,"packetsReceived":34911,"packetsLost":0},"Type":"inbound-rtp","Video":{"timestamp":1611073321675.11,"packetsReceived":13900,"packetsLost":0}},{"from":"ChinmaySahoo_eedc6722-1252-4ec7-86d5-54c965df35c5","to":"Arshpreet_6e1252c0-2e97-42b0-b0d3-5a1d51726d24","Audio":{"timestamp":1611073326675.114,"packetsReceived":35161,"packetsLost":0},"Type":"inbound-rtp","Video":{"timestamp":1611073326675.114,"packetsReceived":13969,"packetsLost":0}},{"from":"ChinmaySahoo_eedc6722-1252-4ec7-86d5-54c965df35c5","to":"Arshpreet_6e1252c0-2e97-42b0-b0d3-5a1d51726d24","Audio":{"timestamp":1611073326675.114,"packetsReceived":35161,"packetsLost":0},"Type":"inbound-rtp","Video":{"timestamp":1611073326675.114,"packetsReceived":13969,"packetsLost":0}},{"from":"ChinmaySahoo_eedc6722-1252-4ec7-86d5-54c965df35c5","to":"Arshpreet_6e1252c0-2e97-42b0-b0d3-5a1d51726d24","Audio":{"timestamp":1611073331675.174,"packetsReceived":35411,"packetsLost":0},"Type":"inbound-rtp","Video":{"timestamp":1611073331675.174,"packetsReceived":14020,"packetsLost":0}},{"from":"ChinmaySahoo_eedc6722-1252-4ec7-86d5-54c965df35c5","to":"Arshpreet_6e1252c0-2e97-42b0-b0d3-5a1d51726d24","Audio":{"timestamp":1611073331675.174,"packetsReceived":35411,"packetsLost":0},"Type":"inbound-rtp","Video":{"timestamp":1611073331675.174,"packetsReceived":14020,"packetsLost":0}},{"from":"ChinmaySahoo_eedc6722-1252-4ec7-86d5-54c965df35c5","to":"Arshpreet_6e1252c0-2e97-42b0-b0d3-5a1d51726d24","Audio":{"timestamp":1611073336675.173,"packetsReceived":35661,"packetsLost":0},"Type":"inbound-rtp","Video":{"timestamp":1611073336675.173,"packetsReceived":14056,"packetsLost":0}},{"from":"ChinmaySahoo_eedc6722-1252-4ec7-86d5-54c965df35c5","to":"Arshpreet_6e1252c0-2e97-42b0-b0d3-5a1d51726d24","Audio":{"timestamp":1611073336675.173,"packetsReceived":35661,"packetsLost":0},"Type":"inbound-rtp","Video":{"timestamp":1611073336675.173,"packetsReceived":14056,"packetsLost":0}},{"from":"ChinmaySahoo_eedc6722-1252-4ec7-86d5-54c965df35c5","to":"Arshpreet_6e1252c0-2e97-42b0-b0d3-5a1d51726d24","Audio":{"timestamp":1611073341675.106,"packetsReceived":35911,"packetsLost":0},"Type":"inbound-rtp","Video":{"timestamp":1611073341675.106,"packetsReceived":14159,"packetsLost":0}},{"from":"ChinmaySahoo_eedc6722-1252-4ec7-86d5-54c965df35c5","to":"Arshpreet_6e1252c0-2e97-42b0-b0d3-5a1d51726d24","Audio":{"timestamp":1611073341675.106,"packetsReceived":35911,"packetsLost":0},"Type":"inbound-rtp","Video":{"timestamp":1611073341675.106,"packetsReceived":14159,"packetsLost":0}},{"from":"ChinmaySahoo_eedc6722-1252-4ec7-86d5-54c965df35c5","to":"Arshpreet_6e1252c0-2e97-42b0-b0d3-5a1d51726d24","Audio":{"timestamp":1611073346675.087,"packetsReceived":36161,"packetsLost":0},"Type":"inbound-rtp","Video":{"timestamp":1611073346675.087,"packetsReceived":14169,"packetsLost":0}},{"from":"ChinmaySahoo_eedc6722-1252-4ec7-86d5-54c965df35c5","to":"Arshpreet_6e1252c0-2e97-42b0-b0d3-5a1d51726d24","Audio":{"timestamp":1611073346675.087,"packetsReceived":36161,"packetsLost":0},"Type":"inbound-rtp","Video":{"timestamp":1611073346675.087,"packetsReceived":14169,"packetsLost":0}},{"from":"ChinmaySahoo_eedc6722-1252-4ec7-86d5-54c965df35c5","to":"Arshpreet_6e1252c0-2e97-42b0-b0d3-5a1d51726d24","Audio":{"timestamp":1611073351675.379,"packetsReceived":36411,"packetsLost":0},"Type":"inbound-rtp","Video":{"timestamp":1611073351675.379,"packetsReceived":14178,"packetsLost":0}},{"from":"ChinmaySahoo_eedc6722-1252-4ec7-86d5-54c965df35c5","to":"Arshpreet_6e1252c0-2e97-42b0-b0d3-5a1d51726d24","Audio":{"timestamp":1611073351675.379,"packetsReceived":36411,"packetsLost":0},"Type":"inbound-rtp","Video":{"timestamp":1611073351675.379,"packetsReceived":14178,"packetsLost":0}},{"from":"ChinmaySahoo_eedc6722-1252-4ec7-86d5-54c965df35c5","to":"Arshpreet_6e1252c0-2e97-42b0-b0d3-5a1d51726d24","Audio":{"timestamp":1611073356675.172,"packetsReceived":36661,"packetsLost":0},"Type":"inbound-rtp","Video":{"timestamp":1611073356675.172,"packetsReceived":14183,"packetsLost":0}},{"from":"ChinmaySahoo_eedc6722-1252-4ec7-86d5-54c965df35c5","to":"Arshpreet_6e1252c0-2e97-42b0-b0d3-5a1d51726d24","Audio":{"timestamp":1611073356675.172,"packetsReceived":36661,"packetsLost":0},"Type":"inbound-rtp","Video":{"timestamp":1611073356675.172,"packetsReceived":14183,"packetsLost":0}},{"from":"ChinmaySahoo_eedc6722-1252-4ec7-86d5-54c965df35c5","to":"Arshpreet_6e1252c0-2e97-42b0-b0d3-5a1d51726d24","Audio":{"timestamp":1611073361675.221,"packetsReceived":36911,"packetsLost":0},"Type":"inbound-rtp","Video":{"timestamp":1611073361675.221,"packetsReceived":14188,"packetsLost":0}},{"from":"ChinmaySahoo_eedc6722-1252-4ec7-86d5-54c965df35c5","to":"Arshpreet_6e1252c0-2e97-42b0-b0d3-5a1d51726d24","Audio":{"timestamp":1611073361675.221,"packetsReceived":36911,"packetsLost":0},"Type":"inbound-rtp","Video":{"timestamp":1611073361675.221,"packetsReceived":14188,"packetsLost":0}},{"from":"ChinmaySahoo_eedc6722-1252-4ec7-86d5-54c965df35c5","to":"Arshpreet_6e1252c0-2e97-42b0-b0d3-5a1d51726d24","Audio":{"timestamp":1611073366675.13,"packetsReceived":37161,"packetsLost":0},"Type":"inbound-rtp","Video":{"timestamp":1611073366675.13,"packetsReceived":14193,"packetsLost":0}},{"from":"ChinmaySahoo_eedc6722-1252-4ec7-86d5-54c965df35c5","to":"Arshpreet_6e1252c0-2e97-42b0-b0d3-5a1d51726d24","Audio":{"timestamp":1611073366675.13,"packetsReceived":37161,"packetsLost":0},"Type":"inbound-rtp","Video":{"timestamp":1611073366675.13,"packetsReceived":14193,"packetsLost":0}},{"from":"ChinmaySahoo_eedc6722-1252-4ec7-86d5-54c965df35c5","to":"Arshpreet_6e1252c0-2e97-42b0-b0d3-5a1d51726d24","Audio":{"timestamp":1611073371675.169,"packetsReceived":37411,"packetsLost":0},"Type":"inbound-rtp","Video":{"timestamp":1611073371675.169,"packetsReceived":14197,"packetsLost":0}},{"from":"ChinmaySahoo_eedc6722-1252-4ec7-86d5-54c965df35c5","to":"Arshpreet_6e1252c0-2e97-42b0-b0d3-5a1d51726d24","Audio":{"timestamp":1611073371675.169,"packetsReceived":37411,"packetsLost":0},"Type":"inbound-rtp","Video":{"timestamp":1611073371675.169,"packetsReceived":14197,"packetsLost":0}},{"from":"ChinmaySahoo_eedc6722-1252-4ec7-86d5-54c965df35c5","to":"Arshpreet_6e1252c0-2e97-42b0-b0d3-5a1d51726d24","Audio":{"timestamp":1611073376675.105,"packetsReceived":37661,"packetsLost":0},"Type":"inbound-rtp","Video":{"timestamp":1611073376675.105,"packetsReceived":14203,"packetsLost":0}},{"from":"ChinmaySahoo_eedc6722-1252-4ec7-86d5-54c965df35c5","to":"Arshpreet_6e1252c0-2e97-42b0-b0d3-5a1d51726d24","Audio":{"timestamp":1611073376675.105,"packetsReceived":37661,"packetsLost":0},"Type":"inbound-rtp","Video":{"timestamp":1611073376675.105,"packetsReceived":14203,"packetsLost":0}},{"from":"ChinmaySahoo_eedc6722-1252-4ec7-86d5-54c965df35c5","to":"Arshpreet_6e1252c0-2e97-42b0-b0d3-5a1d51726d24","Audio":{"timestamp":1611073381675.13,"packetsReceived":37911,"packetsLost":0},"Type":"inbound-rtp","Video":{"timestamp":1611073381675.13,"packetsReceived":14208,"packetsLost":0}},{"from":"ChinmaySahoo_eedc6722-1252-4ec7-86d5-54c965df35c5","to":"Arshpreet_6e1252c0-2e97-42b0-b0d3-5a1d51726d24","Audio":{"timestamp":1611073381675.13,"packetsReceived":37911,"packetsLost":0},"Type":"inbound-rtp","Video":{"timestamp":1611073381675.13,"packetsReceived":14208,"packetsLost":0}},{"from":"ChinmaySahoo_eedc6722-1252-4ec7-86d5-54c965df35c5","to":"Arshpreet_6e1252c0-2e97-42b0-b0d3-5a1d51726d24","Audio":{"timestamp":1611073386675.091,"packetsReceived":38161,"packetsLost":0},"Type":"inbound-rtp","Video":{"timestamp":1611073386675.091,"packetsReceived":14212,"packetsLost":0}},{"from":"ChinmaySahoo_eedc6722-1252-4ec7-86d5-54c965df35c5","to":"Arshpreet_6e1252c0-2e97-42b0-b0d3-5a1d51726d24","Audio":{"timestamp":1611073386675.091,"packetsReceived":38161,"packetsLost":0},"Type":"inbound-rtp","Video":{"timestamp":1611073386675.091,"packetsReceived":14212,"packetsLost":0}},{"from":"ChinmaySahoo_eedc6722-1252-4ec7-86d5-54c965df35c5","to":"Arshpreet_6e1252c0-2e97-42b0-b0d3-5a1d51726d24","Audio":{"timestamp":1611073391675.178,"packetsReceived":38411,"packetsLost":0},"Type":"inbound-rtp","Video":{"timestamp":1611073391675.178,"packetsReceived":14217,"packetsLost":0}},{"from":"ChinmaySahoo_eedc6722-1252-4ec7-86d5-54c965df35c5","to":"Arshpreet_6e1252c0-2e97-42b0-b0d3-5a1d51726d24","Audio":{"timestamp":1611073391675.178,"packetsReceived":38411,"packetsLost":0},"Type":"inbound-rtp","Video":{"timestamp":1611073391675.178,"packetsReceived":14217,"packetsLost":0}},{"from":"ChinmaySahoo_eedc6722-1252-4ec7-86d5-54c965df35c5","to":"Arshpreet_6e1252c0-2e97-42b0-b0d3-5a1d51726d24","Audio":{"timestamp":1611073396675.125,"packetsReceived":38661,"packetsLost":0},"Type":"inbound-rtp","Video":{"timestamp":1611073396675.125,"packetsReceived":14222,"packetsLost":0}},{"from":"ChinmaySahoo_eedc6722-1252-4ec7-86d5-54c965df35c5","to":"Arshpreet_6e1252c0-2e97-42b0-b0d3-5a1d51726d24","Audio":{"timestamp":1611073396675.125,"packetsReceived":38661,"packetsLost":0},"Type":"inbound-rtp","Video":{"timestamp":1611073396675.125,"packetsReceived":14222,"packetsLost":0}},{"from":"ChinmaySahoo_eedc6722-1252-4ec7-86d5-54c965df35c5","to":"Arshpreet_6e1252c0-2e97-42b0-b0d3-5a1d51726d24","Audio":{"timestamp":1611073401675.126,"packetsReceived":38911,"packetsLost":0},"Type":"inbound-rtp","Video":{"timestamp":1611073401675.126,"packetsReceived":14226,"packetsLost":0}},{"from":"ChinmaySahoo_eedc6722-1252-4ec7-86d5-54c965df35c5","to":"Arshpreet_6e1252c0-2e97-42b0-b0d3-5a1d51726d24","Audio":{"timestamp":1611073401675.126,"packetsReceived":38911,"packetsLost":0},"Type":"inbound-rtp","Video":{"timestamp":1611073401675.126,"packetsReceived":14226,"packetsLost":0}},{"from":"ChinmaySahoo_eedc6722-1252-4ec7-86d5-54c965df35c5","to":"Arshpreet_6e1252c0-2e97-42b0-b0d3-5a1d51726d24","Audio":{"timestamp":1611073406675.16,"packetsReceived":39161,"packetsLost":0},"Type":"inbound-rtp","Video":{"timestamp":1611073406675.16,"packetsReceived":14231,"packetsLost":0}},{"from":"ChinmaySahoo_eedc6722-1252-4ec7-86d5-54c965df35c5","to":"Arshpreet_6e1252c0-2e97-42b0-b0d3-5a1d51726d24","Audio":{"timestamp":1611073406675.16,"packetsReceived":39161,"packetsLost":0},"Type":"inbound-rtp","Video":{"timestamp":1611073406675.16,"packetsReceived":14231,"packetsLost":0}},{"from":"ChinmaySahoo_eedc6722-1252-4ec7-86d5-54c965df35c5","to":"Arshpreet_6e1252c0-2e97-42b0-b0d3-5a1d51726d24","Audio":{"timestamp":1611073412622.679,"packetsReceived":39459,"packetsLost":0},"Type":"inbound-rtp","Video":{"timestamp":1611073412622.679,"packetsReceived":14236,"packetsLost":0}},{"from":"ChinmaySahoo_eedc6722-1252-4ec7-86d5-54c965df35c5","to":"Arshpreet_6e1252c0-2e97-42b0-b0d3-5a1d51726d24","Audio":{"timestamp":1611073412622.679,"packetsReceived":39459,"packetsLost":0},"Type":"inbound-rtp","Video":{"timestamp":1611073412622.679,"packetsReceived":14236,"packetsLost":0}},{"from":"ChinmaySahoo_eedc6722-1252-4ec7-86d5-54c965df35c5","to":"Arshpreet_6e1252c0-2e97-42b0-b0d3-5a1d51726d24","Audio":{"timestamp":1611073416675.325,"packetsReceived":39661,"packetsLost":0},"Type":"inbound-rtp","Video":{"timestamp":1611073416675.325,"packetsReceived":14240,"packetsLost":0}},{"from":"ChinmaySahoo_eedc6722-1252-4ec7-86d5-54c965df35c5","to":"Arshpreet_6e1252c0-2e97-42b0-b0d3-5a1d51726d24","Audio":{"timestamp":1611073416675.325,"packetsReceived":39661,"packetsLost":0},"Type":"inbound-rtp","Video":{"timestamp":1611073416675.325,"packetsReceived":14240,"packetsLost":0}}]}