[{"timestamp":1611072622650,"log":{"from":"server","to":"Arshpreet_6e1252c0-2e97-42b0-b0d3-5a1d51726d24","context":"PARENT","data":"{\"peer\":\"ChinmaySahoo_eedc6722-1252-4ec7-86d5-54c965df35c5\"}"}},{"timestamp":1611072622650,"log":"Parent : ChinmaySahoo_eedc6722-1252-4ec7-86d5-54c965df35c5"},{"timestamp":1611072623144,"log":{"from":"ChinmaySahoo_eedc6722-1252-4ec7-86d5-54c965df35c5","to":"Arshpreet_6e1252c0-2e97-42b0-b0d3-5a1d51726d24","context":"CONNECT_ACK","data":"{\"roomID\":\"123456\"}"}},{"timestamp":1611072623144,"log":"Connection ACK from parent : ChinmaySahoo_eedc6722-1252-4ec7-86d5-54c965df35c5"},{"timestamp":1611072623154,"log":"received sdp from peer : ChinmaySahoo_eedc6722-1252-4ec7-86d5-54c965df35c5"},{"timestamp":1611072623157,"log":"received ice from peer : ChinmaySahoo_eedc6722-1252-4ec7-86d5-54c965df35c5"},{"timestamp":1611072623160,"log":"received ice from peer : ChinmaySahoo_eedc6722-1252-4ec7-86d5-54c965df35c5"},{"timestamp":1611072623161,"log":"remote stream received"},{"timestamp":1611072623162,"log":{}},{"timestamp":1611072623162,"log":"remote stream received"},{"timestamp":1611072623163,"log":{}},{"timestamp":1611072623169,"log":"created description for peer : ChinmaySahoo_eedc6722-1252-4ec7-86d5-54c965df35c5"},{"timestamp":1611072623179,"log":"connection with peer ChinmaySahoo_eedc6722-1252-4ec7-86d5-54c965df35c5 checking"},{"timestamp":1611072623180,"log":"ice: Arshpreet_6e1252c0-2e97-42b0-b0d3-5a1d51726d24 to ChinmaySahoo_eedc6722-1252-4ec7-86d5-54c965df35c5"},{"timestamp":1611072623181,"log":"connection with peer ChinmaySahoo_eedc6722-1252-4ec7-86d5-54c965df35c5 connected"},{"timestamp":1611072623181,"log":"ice: Arshpreet_6e1252c0-2e97-42b0-b0d3-5a1d51726d24 to ChinmaySahoo_eedc6722-1252-4ec7-86d5-54c965df35c5"},{"timestamp":1611072623184,"log":"received ice from peer : ChinmaySahoo_eedc6722-1252-4ec7-86d5-54c965df35c5"},{"timestamp":1611072623185,"log":"received ice from peer : ChinmaySahoo_eedc6722-1252-4ec7-86d5-54c965df35c5"}]