[{"timestamp":1611069943056,"log":{"from":"server","to":"Raghvendra_e02e1519-673c-4235-86a6-35d7418746ca","context":"PARENT","data":"{\"peer\":\"Srindhi_346c39a7-494b-45ce-ae22-b4e69eaa9700\"}"}},{"timestamp":1611069943056,"log":"Parent : Srindhi_346c39a7-494b-45ce-ae22-b4e69eaa9700"},{"timestamp":1611069943566,"log":{"from":"Srindhi_346c39a7-494b-45ce-ae22-b4e69eaa9700","to":"Raghvendra_e02e1519-673c-4235-86a6-35d7418746ca","context":"CONNECT_ACK","data":"{\"roomID\":\"123456\"}"}},{"timestamp":1611069943566,"log":"Connection ACK from parent : Srindhi_346c39a7-494b-45ce-ae22-b4e69eaa9700"},{"timestamp":1611069943575,"log":"received sdp from peer : Srindhi_346c39a7-494b-45ce-ae22-b4e69eaa9700"},{"timestamp":1611069943578,"log":"received ice from peer : Srindhi_346c39a7-494b-45ce-ae22-b4e69eaa9700"},{"timestamp":1611069943580,"log":"remote stream received"},{"timestamp":1611069943580,"log":{}},{"timestamp":1611069943580,"log":"remote stream received"},{"timestamp":1611069943580,"log":{}},{"timestamp":1611069943581,"log":"received ice from peer : Srindhi_346c39a7-494b-45ce-ae22-b4e69eaa9700"},{"timestamp":1611069943585,"log":"created description for peer : Srindhi_346c39a7-494b-45ce-ae22-b4e69eaa9700"},{"timestamp":1611069943620,"log":"connection with peer Srindhi_346c39a7-494b-45ce-ae22-b4e69eaa9700 checking"},{"timestamp":1611069943621,"log":"ice: Raghvendra_e02e1519-673c-4235-86a6-35d7418746ca to Srindhi_346c39a7-494b-45ce-ae22-b4e69eaa9700"},{"timestamp":1611069943621,"log":"connection with peer Srindhi_346c39a7-494b-45ce-ae22-b4e69eaa9700 connected"},{"timestamp":1611069943621,"log":"ice: Raghvendra_e02e1519-673c-4235-86a6-35d7418746ca to Srindhi_346c39a7-494b-45ce-ae22-b4e69eaa9700"},{"timestamp":1611069943825,"log":"received ice from peer : Srindhi_346c39a7-494b-45ce-ae22-b4e69eaa9700"},{"timestamp":1611069943826,"log":"received ice from peer : Srindhi_346c39a7-494b-45ce-ae22-b4e69eaa9700"},{"timestamp":1611070513474,"log":{"from":"Pravin_1125b25e-e0f7-45a9-ac8f-f0c530be33ad","to":"Raghvendra_e02e1519-673c-4235-86a6-35d7418746ca","context":"CONNECT","data":"{\"roomID\":\"123456\"}"}},{"timestamp":1611070513474,"log":"Connect request from Child : Pravin_1125b25e-e0f7-45a9-ac8f-f0c530be33ad"},{"timestamp":1611070513479,"log":"adding tracks"},{"timestamp":1611070513481,"log":"call inititated: Raghvendra_e02e1519-673c-4235-86a6-35d7418746ca to Pravin_1125b25e-e0f7-45a9-ac8f-f0c530be33ad"},{"timestamp":1611070513482,"log":"created description for peer : Pravin_1125b25e-e0f7-45a9-ac8f-f0c530be33ad"},{"timestamp":1611070513487,"log":"ice: Raghvendra_e02e1519-673c-4235-86a6-35d7418746ca to Pravin_1125b25e-e0f7-45a9-ac8f-f0c530be33ad"},{"timestamp":1611070513487,"log":"ice: Raghvendra_e02e1519-673c-4235-86a6-35d7418746ca to Pravin_1125b25e-e0f7-45a9-ac8f-f0c530be33ad"},{"timestamp":1611070513520,"log":"ice: Raghvendra_e02e1519-673c-4235-86a6-35d7418746ca to Pravin_1125b25e-e0f7-45a9-ac8f-f0c530be33ad"},{"timestamp":1611070513520,"log":"ice: Raghvendra_e02e1519-673c-4235-86a6-35d7418746ca to Pravin_1125b25e-e0f7-45a9-ac8f-f0c530be33ad"},{"timestamp":1611070513794,"log":"connection with peer Pravin_1125b25e-e0f7-45a9-ac8f-f0c530be33ad checking"},{"timestamp":1611070514036,"log":"received sdp from peer : Pravin_1125b25e-e0f7-45a9-ac8f-f0c530be33ad"},{"timestamp":1611070514041,"log":"received ice from peer : Pravin_1125b25e-e0f7-45a9-ac8f-f0c530be33ad"},{"timestamp":1611070514047,"log":"connection with peer Pravin_1125b25e-e0f7-45a9-ac8f-f0c530be33ad connected"},{"timestamp":1611070514048,"log":"ice: Raghvendra_e02e1519-673c-4235-86a6-35d7418746ca to Pravin_1125b25e-e0f7-45a9-ac8f-f0c530be33ad"},{"timestamp":1611070540924,"log":{"from":"Basant_f09669e7-12fa-4cf2-b0d6-d5ff04e02848","to":"Raghvendra_e02e1519-673c-4235-86a6-35d7418746ca","context":"CONNECT","data":"{\"roomID\":\"123456\"}"}},{"timestamp":1611070540924,"log":"Connect request from Child : Basant_f09669e7-12fa-4cf2-b0d6-d5ff04e02848"},{"timestamp":1611070540926,"log":"adding tracks"},{"timestamp":1611070540928,"log":"call inititated: Raghvendra_e02e1519-673c-4235-86a6-35d7418746ca to Basant_f09669e7-12fa-4cf2-b0d6-d5ff04e02848"},{"timestamp":1611070540931,"log":"created description for peer : Basant_f09669e7-12fa-4cf2-b0d6-d5ff04e02848"},{"timestamp":1611070540937,"log":"ice: Raghvendra_e02e1519-673c-4235-86a6-35d7418746ca to Basant_f09669e7-12fa-4cf2-b0d6-d5ff04e02848"},{"timestamp":1611070540938,"log":"ice: Raghvendra_e02e1519-673c-4235-86a6-35d7418746ca to Basant_f09669e7-12fa-4cf2-b0d6-d5ff04e02848"},{"timestamp":1611070540971,"log":"ice: Raghvendra_e02e1519-673c-4235-86a6-35d7418746ca to Basant_f09669e7-12fa-4cf2-b0d6-d5ff04e02848"},{"timestamp":1611070540973,"log":"ice: Raghvendra_e02e1519-673c-4235-86a6-35d7418746ca to Basant_f09669e7-12fa-4cf2-b0d6-d5ff04e02848"},{"timestamp":1611070541214,"log":"connection with peer Basant_f09669e7-12fa-4cf2-b0d6-d5ff04e02848 checking"},{"timestamp":1611070541468,"log":"received sdp from peer : Basant_f09669e7-12fa-4cf2-b0d6-d5ff04e02848"},{"timestamp":1611070541472,"log":"received ice from peer : Basant_f09669e7-12fa-4cf2-b0d6-d5ff04e02848"},{"timestamp":1611070541475,"log":"connection with peer Basant_f09669e7-12fa-4cf2-b0d6-d5ff04e02848 connected"},{"timestamp":1611070541476,"log":"ice: Raghvendra_e02e1519-673c-4235-86a6-35d7418746ca to Basant_f09669e7-12fa-4cf2-b0d6-d5ff04e02848"}]