[{"timestamp":1611072411856,"log":{"from":"server","to":"Prakhar_73f3f635-ac24-4878-bb89-20b6da3ce10d","context":"PARENT","data":"{\"peer\":\"Prabhadh_0c2c68b6-c3af-413e-a283-995457b3a33b\"}"}},{"timestamp":1611072411856,"log":"Parent : Prabhadh_0c2c68b6-c3af-413e-a283-995457b3a33b"},{"timestamp":1611072412349,"log":{"from":"Prabhadh_0c2c68b6-c3af-413e-a283-995457b3a33b","to":"Prakhar_73f3f635-ac24-4878-bb89-20b6da3ce10d","context":"CONNECT_ACK","data":"{\"roomID\":\"123456\"}"}},{"timestamp":1611072412349,"log":"Connection ACK from parent : Prabhadh_0c2c68b6-c3af-413e-a283-995457b3a33b"},{"timestamp":1611072412359,"log":"received sdp from peer : Prabhadh_0c2c68b6-c3af-413e-a283-995457b3a33b"},{"timestamp":1611072412366,"log":"received ice from peer : Prabhadh_0c2c68b6-c3af-413e-a283-995457b3a33b"},{"timestamp":1611072412379,"log":"remote stream received"},{"timestamp":1611072412379,"log":{}},{"timestamp":1611072412379,"log":"remote stream received"},{"timestamp":1611072412380,"log":{}},{"timestamp":1611072412382,"log":"received ice from peer : Prabhadh_0c2c68b6-c3af-413e-a283-995457b3a33b"},{"timestamp":1611072412387,"log":"created description for peer : Prabhadh_0c2c68b6-c3af-413e-a283-995457b3a33b"},{"timestamp":1611072412390,"log":"received ice from peer : Prabhadh_0c2c68b6-c3af-413e-a283-995457b3a33b"},{"timestamp":1611072412398,"log":"received ice from peer : Prabhadh_0c2c68b6-c3af-413e-a283-995457b3a33b"},{"timestamp":1611072412402,"log":"connection with peer Prabhadh_0c2c68b6-c3af-413e-a283-995457b3a33b checking"},{"timestamp":1611072412404,"log":"ice: Prakhar_73f3f635-ac24-4878-bb89-20b6da3ce10d to Prabhadh_0c2c68b6-c3af-413e-a283-995457b3a33b"},{"timestamp":1611072412405,"log":"connection with peer Prabhadh_0c2c68b6-c3af-413e-a283-995457b3a33b connected"},{"timestamp":1611072412405,"log":"ice: Prakhar_73f3f635-ac24-4878-bb89-20b6da3ce10d to Prabhadh_0c2c68b6-c3af-413e-a283-995457b3a33b"}]