[{"timestamp":1611070652270,"log":{"from":"server","to":"Vaishnavi_e520b0b5-a9b7-4ca0-a363-790d4eeae84e","context":"PARENT","data":"{\"peer\":\"Anees_c4eec9de-2582-48b7-bef7-e0dd3fa1c6f4\"}"}},{"timestamp":1611070652270,"log":"Parent : Anees_c4eec9de-2582-48b7-bef7-e0dd3fa1c6f4"},{"timestamp":1611070652760,"log":{"from":"Anees_c4eec9de-2582-48b7-bef7-e0dd3fa1c6f4","to":"Vaishnavi_e520b0b5-a9b7-4ca0-a363-790d4eeae84e","context":"CONNECT_ACK","data":"{\"roomID\":\"123456\"}"}},{"timestamp":1611070652760,"log":"Connection ACK from parent : Anees_c4eec9de-2582-48b7-bef7-e0dd3fa1c6f4"},{"timestamp":1611070652773,"log":"received sdp from peer : Anees_c4eec9de-2582-48b7-bef7-e0dd3fa1c6f4"},{"timestamp":1611070652790,"log":"received ice from peer : Anees_c4eec9de-2582-48b7-bef7-e0dd3fa1c6f4"},{"timestamp":1611070652795,"log":"remote stream received"},{"timestamp":1611070652796,"log":{}},{"timestamp":1611070652797,"log":"remote stream received"},{"timestamp":1611070652797,"log":{}},{"timestamp":1611070652802,"log":"received ice from peer : Anees_c4eec9de-2582-48b7-bef7-e0dd3fa1c6f4"},{"timestamp":1611070652813,"log":"created description for peer : Anees_c4eec9de-2582-48b7-bef7-e0dd3fa1c6f4"},{"timestamp":1611070652820,"log":"received ice from peer : Anees_c4eec9de-2582-48b7-bef7-e0dd3fa1c6f4"},{"timestamp":1611070652831,"log":"connection with peer Anees_c4eec9de-2582-48b7-bef7-e0dd3fa1c6f4 checking"},{"timestamp":1611070652834,"log":"ice: Vaishnavi_e520b0b5-a9b7-4ca0-a363-790d4eeae84e to Anees_c4eec9de-2582-48b7-bef7-e0dd3fa1c6f4"},{"timestamp":1611070652868,"log":"ice: Vaishnavi_e520b0b5-a9b7-4ca0-a363-790d4eeae84e to Anees_c4eec9de-2582-48b7-bef7-e0dd3fa1c6f4"},{"timestamp":1611070653002,"log":"received ice from peer : Anees_c4eec9de-2582-48b7-bef7-e0dd3fa1c6f4"},{"timestamp":1611070653422,"log":"ice: Vaishnavi_e520b0b5-a9b7-4ca0-a363-790d4eeae84e to Anees_c4eec9de-2582-48b7-bef7-e0dd3fa1c6f4"},{"timestamp":1611070653422,"log":"connection with peer Anees_c4eec9de-2582-48b7-bef7-e0dd3fa1c6f4 connected"}]