[{"timestamp":1611070406861,"log":{"from":"server","to":"Aditi_b90a71dc-6cab-4372-ba4d-abf2831ee5e9","context":"PARENT","data":"{\"peer\":\"Arshpreet_41c83115-b013-4e5a-98fd-b730f7c850cb\"}"}},{"timestamp":1611070406862,"log":"Parent : Arshpreet_41c83115-b013-4e5a-98fd-b730f7c850cb"},{"timestamp":1611070407359,"log":{"from":"Arshpreet_41c83115-b013-4e5a-98fd-b730f7c850cb","to":"Aditi_b90a71dc-6cab-4372-ba4d-abf2831ee5e9","context":"CONNECT_ACK","data":"{\"roomID\":\"123456\"}"}},{"timestamp":1611070407359,"log":"Connection ACK from parent : Arshpreet_41c83115-b013-4e5a-98fd-b730f7c850cb"},{"timestamp":1611070407364,"log":"received sdp from peer : Arshpreet_41c83115-b013-4e5a-98fd-b730f7c850cb"},{"timestamp":1611070407367,"log":"received ice from peer : Arshpreet_41c83115-b013-4e5a-98fd-b730f7c850cb"},{"timestamp":1611070407369,"log":"remote stream received"},{"timestamp":1611070407370,"log":{}},{"timestamp":1611070407370,"log":"remote stream received"},{"timestamp":1611070407370,"log":{}},{"timestamp":1611070407371,"log":"received ice from peer : Arshpreet_41c83115-b013-4e5a-98fd-b730f7c850cb"},{"timestamp":1611070407374,"log":"created description for peer : Arshpreet_41c83115-b013-4e5a-98fd-b730f7c850cb"},{"timestamp":1611070407384,"log":"connection with peer Arshpreet_41c83115-b013-4e5a-98fd-b730f7c850cb checking"},{"timestamp":1611070407384,"log":"ice: Aditi_b90a71dc-6cab-4372-ba4d-abf2831ee5e9 to Arshpreet_41c83115-b013-4e5a-98fd-b730f7c850cb"},{"timestamp":1611070407385,"log":"connection with peer Arshpreet_41c83115-b013-4e5a-98fd-b730f7c850cb connected"},{"timestamp":1611070407385,"log":"ice: Aditi_b90a71dc-6cab-4372-ba4d-abf2831ee5e9 to Arshpreet_41c83115-b013-4e5a-98fd-b730f7c850cb"},{"timestamp":1611070407404,"log":"received ice from peer : Arshpreet_41c83115-b013-4e5a-98fd-b730f7c850cb"},{"timestamp":1611070407405,"log":"received ice from peer : Arshpreet_41c83115-b013-4e5a-98fd-b730f7c850cb"},{"timestamp":1611071274874,"log":"connection with peer Arshpreet_41c83115-b013-4e5a-98fd-b730f7c850cb disconnected"}]