[{"timestamp":1611072714333,"log":{"from":"server","to":"Tishang_953b3d18-be39-4a53-811c-654c58b6f943","context":"PARENT","data":"{\"peer\":\"Jysamrani_4f259002-81e1-43ee-b6ee-738e01617b81\"}"}},{"timestamp":1611072714333,"log":"Parent : Jysamrani_4f259002-81e1-43ee-b6ee-738e01617b81"},{"timestamp":1611072714841,"log":{"from":"Jysamrani_4f259002-81e1-43ee-b6ee-738e01617b81","to":"Tishang_953b3d18-be39-4a53-811c-654c58b6f943","context":"CONNECT_ACK","data":"{\"roomID\":\"123456\"}"}},{"timestamp":1611072714841,"log":"Connection ACK from parent : Jysamrani_4f259002-81e1-43ee-b6ee-738e01617b81"},{"timestamp":1611072714847,"log":"received sdp from peer : Jysamrani_4f259002-81e1-43ee-b6ee-738e01617b81"},{"timestamp":1611072714850,"log":"received ice from peer : Jysamrani_4f259002-81e1-43ee-b6ee-738e01617b81"},{"timestamp":1611072714853,"log":"received ice from peer : Jysamrani_4f259002-81e1-43ee-b6ee-738e01617b81"},{"timestamp":1611072714854,"log":"remote stream received"},{"timestamp":1611072714855,"log":{}},{"timestamp":1611072714855,"log":"remote stream received"},{"timestamp":1611072714855,"log":{}},{"timestamp":1611072714860,"log":"created description for peer : Jysamrani_4f259002-81e1-43ee-b6ee-738e01617b81"},{"timestamp":1611072714864,"log":"connection with peer Jysamrani_4f259002-81e1-43ee-b6ee-738e01617b81 checking"},{"timestamp":1611072714864,"log":"ice: Tishang_953b3d18-be39-4a53-811c-654c58b6f943 to Jysamrani_4f259002-81e1-43ee-b6ee-738e01617b81"},{"timestamp":1611072714865,"log":"connection with peer Jysamrani_4f259002-81e1-43ee-b6ee-738e01617b81 connected"},{"timestamp":1611072714865,"log":"ice: Tishang_953b3d18-be39-4a53-811c-654c58b6f943 to Jysamrani_4f259002-81e1-43ee-b6ee-738e01617b81"},{"timestamp":1611072714880,"log":"received ice from peer : Jysamrani_4f259002-81e1-43ee-b6ee-738e01617b81"},{"timestamp":1611072714911,"log":"received ice from peer : Jysamrani_4f259002-81e1-43ee-b6ee-738e01617b81"}]