{"Jysamrani_4f259002-81e1-43ee-b6ee-738e01617b81":[{"from":"Jysamrani_4f259002-81e1-43ee-b6ee-738e01617b81","to":"Tishang_953b3d18-be39-4a53-811c-654c58b6f943","Audio":{"timestamp":1611072718283.411,"packetsReceived":158,"packetsLost":0},"Type":"inbound-rtp","Video":{"timestamp":1611072718283.411,"packetsReceived":0,"packetsLost":0}},{"from":"Jysamrani_4f259002-81e1-43ee-b6ee-738e01617b81","to":"Tishang_953b3d18-be39-4a53-811c-654c58b6f943","Audio":{"timestamp":1611072718283.411,"packetsReceived":158,"packetsLost":0},"Type":"inbound-rtp","Video":{"timestamp":1611072718283.411,"packetsReceived":0,"packetsLost":0}},{"from":"Jysamrani_4f259002-81e1-43ee-b6ee-738e01617b81","to":"Tishang_953b3d18-be39-4a53-811c-654c58b6f943","Audio":{"timestamp":1611072723281.664,"packetsReceived":408,"packetsLost":0},"Type":"inbound-rtp","Video":{"timestamp":1611072723281.664,"packetsReceived":38,"packetsLost":0}},{"from":"Jysamrani_4f259002-81e1-43ee-b6ee-738e01617b81","to":"Tishang_953b3d18-be39-4a53-811c-654c58b6f943","Audio":{"timestamp":1611072723281.664,"packetsReceived":408,"packetsLost":0},"Type":"inbound-rtp","Video":{"timestamp":1611072723281.664,"packetsReceived":38,"packetsLost":0}},{"from":"Jysamrani_4f259002-81e1-43ee-b6ee-738e01617b81","to":"Tishang_953b3d18-be39-4a53-811c-654c58b6f943","Audio":{"timestamp":1611072728281.507,"packetsReceived":658,"packetsLost":0},"Type":"inbound-rtp","Video":{"timestamp":1611072728281.507,"packetsReceived":44,"packetsLost":0}},{"from":"Jysamrani_4f259002-81e1-43ee-b6ee-738e01617b81","to":"Tishang_953b3d18-be39-4a53-811c-654c58b6f943","Audio":{"timestamp":1611072728281.507,"packetsReceived":658,"packetsLost":0},"Type":"inbound-rtp","Video":{"timestamp":1611072728281.507,"packetsReceived":44,"packetsLost":0}},{"from":"Jysamrani_4f259002-81e1-43ee-b6ee-738e01617b81","to":"Tishang_953b3d18-be39-4a53-811c-654c58b6f943","Audio":{"timestamp":1611072733281.493,"packetsReceived":908,"packetsLost":0},"Type":"inbound-rtp","Video":{"timestamp":1611072733281.493,"packetsReceived":49,"packetsLost":0}},{"from":"Jysamrani_4f259002-81e1-43ee-b6ee-738e01617b81","to":"Tishang_953b3d18-be39-4a53-811c-654c58b6f943","Audio":{"timestamp":1611072733281.493,"packetsReceived":908,"packetsLost":0},"Type":"inbound-rtp","Video":{"timestamp":1611072733281.493,"packetsReceived":49,"packetsLost":0}},{"from":"Jysamrani_4f259002-81e1-43ee-b6ee-738e01617b81","to":"Tishang_953b3d18-be39-4a53-811c-654c58b6f943","Audio":{"timestamp":1611072738281.596,"packetsReceived":1158,"packetsLost":0},"Type":"inbound-rtp","Video":{"timestamp":1611072738281.596,"packetsReceived":53,"packetsLost":0}},{"from":"Jysamrani_4f259002-81e1-43ee-b6ee-738e01617b81","to":"Tishang_953b3d18-be39-4a53-811c-654c58b6f943","Audio":{"timestamp":1611072738281.596,"packetsReceived":1158,"packetsLost":0},"Type":"inbound-rtp","Video":{"timestamp":1611072738281.596,"packetsReceived":53,"packetsLost":0}},{"from":"Jysamrani_4f259002-81e1-43ee-b6ee-738e01617b81","to":"Tishang_953b3d18-be39-4a53-811c-654c58b6f943","Audio":{"timestamp":1611072743281.664,"packetsReceived":1408,"packetsLost":0},"Type":"inbound-rtp","Video":{"timestamp":1611072743281.664,"packetsReceived":58,"packetsLost":0}},{"from":"Jysamrani_4f259002-81e1-43ee-b6ee-738e01617b81","to":"Tishang_953b3d18-be39-4a53-811c-654c58b6f943","Audio":{"timestamp":1611072743281.664,"packetsReceived":1408,"packetsLost":0},"Type":"inbound-rtp","Video":{"timestamp":1611072743281.664,"packetsReceived":58,"packetsLost":0}},{"from":"Jysamrani_4f259002-81e1-43ee-b6ee-738e01617b81","to":"Tishang_953b3d18-be39-4a53-811c-654c58b6f943","Audio":{"timestamp":1611072748281.644,"packetsReceived":1658,"packetsLost":0},"Type":"inbound-rtp","Video":{"timestamp":1611072748281.644,"packetsReceived":63,"packetsLost":0}},{"from":"Jysamrani_4f259002-81e1-43ee-b6ee-738e01617b81","to":"Tishang_953b3d18-be39-4a53-811c-654c58b6f943","Audio":{"timestamp":1611072748281.644,"packetsReceived":1658,"packetsLost":0},"Type":"inbound-rtp","Video":{"timestamp":1611072748281.644,"packetsReceived":63,"packetsLost":0}},{"from":"Jysamrani_4f259002-81e1-43ee-b6ee-738e01617b81","to":"Tishang_953b3d18-be39-4a53-811c-654c58b6f943","Audio":{"timestamp":1611072753281.611,"packetsReceived":1908,"packetsLost":0},"Type":"inbound-rtp","Video":{"timestamp":1611072753281.611,"packetsReceived":67,"packetsLost":0}},{"from":"Jysamrani_4f259002-81e1-43ee-b6ee-738e01617b81","to":"Tishang_953b3d18-be39-4a53-811c-654c58b6f943","Audio":{"timestamp":1611072753281.611,"packetsReceived":1908,"packetsLost":0},"Type":"inbound-rtp","Video":{"timestamp":1611072753281.611,"packetsReceived":67,"packetsLost":0}},{"from":"Jysamrani_4f259002-81e1-43ee-b6ee-738e01617b81","to":"Tishang_953b3d18-be39-4a53-811c-654c58b6f943","Audio":{"timestamp":1611072758281.619,"packetsReceived":2158,"packetsLost":0},"Type":"inbound-rtp","Video":{"timestamp":1611072758281.619,"packetsReceived":115,"packetsLost":0}},{"from":"Jysamrani_4f259002-81e1-43ee-b6ee-738e01617b81","to":"Tishang_953b3d18-be39-4a53-811c-654c58b6f943","Audio":{"timestamp":1611072758281.619,"packetsReceived":2158,"packetsLost":0},"Type":"inbound-rtp","Video":{"timestamp":1611072758281.619,"packetsReceived":115,"packetsLost":0}},{"from":"Jysamrani_4f259002-81e1-43ee-b6ee-738e01617b81","to":"Tishang_953b3d18-be39-4a53-811c-654c58b6f943","Audio":{"timestamp":1611072763281.592,"packetsReceived":2408,"packetsLost":0},"Type":"inbound-rtp","Video":{"timestamp":1611072763281.592,"packetsReceived":124,"packetsLost":0}},{"from":"Jysamrani_4f259002-81e1-43ee-b6ee-738e01617b81","to":"Tishang_953b3d18-be39-4a53-811c-654c58b6f943","Audio":{"timestamp":1611072763281.592,"packetsReceived":2408,"packetsLost":0},"Type":"inbound-rtp","Video":{"timestamp":1611072763281.592,"packetsReceived":124,"packetsLost":0}},{"from":"Jysamrani_4f259002-81e1-43ee-b6ee-738e01617b81","to":"Tishang_953b3d18-be39-4a53-811c-654c58b6f943","Audio":{"timestamp":1611072768281.638,"packetsReceived":2658,"packetsLost":0},"Type":"inbound-rtp","Video":{"timestamp":1611072768281.638,"packetsReceived":128,"packetsLost":0}},{"from":"Jysamrani_4f259002-81e1-43ee-b6ee-738e01617b81","to":"Tishang_953b3d18-be39-4a53-811c-654c58b6f943","Audio":{"timestamp":1611072768281.638,"packetsReceived":2658,"packetsLost":0},"Type":"inbound-rtp","Video":{"timestamp":1611072768281.638,"packetsReceived":128,"packetsLost":0}},{"from":"Jysamrani_4f259002-81e1-43ee-b6ee-738e01617b81","to":"Tishang_953b3d18-be39-4a53-811c-654c58b6f943","Audio":{"timestamp":1611072773281.702,"packetsReceived":2908,"packetsLost":0},"Type":"inbound-rtp","Video":{"timestamp":1611072773281.702,"packetsReceived":133,"packetsLost":0}},{"from":"Jysamrani_4f259002-81e1-43ee-b6ee-738e01617b81","to":"Tishang_953b3d18-be39-4a53-811c-654c58b6f943","Audio":{"timestamp":1611072773281.702,"packetsReceived":2908,"packetsLost":0},"Type":"inbound-rtp","Video":{"timestamp":1611072773281.702,"packetsReceived":133,"packetsLost":0}},{"from":"Jysamrani_4f259002-81e1-43ee-b6ee-738e01617b81","to":"Tishang_953b3d18-be39-4a53-811c-654c58b6f943","Audio":{"timestamp":1611072778281.662,"packetsReceived":3158,"packetsLost":0},"Type":"inbound-rtp","Video":{"timestamp":1611072778281.662,"packetsReceived":138,"packetsLost":0}},{"from":"Jysamrani_4f259002-81e1-43ee-b6ee-738e01617b81","to":"Tishang_953b3d18-be39-4a53-811c-654c58b6f943","Audio":{"timestamp":1611072778281.662,"packetsReceived":3158,"packetsLost":0},"Type":"inbound-rtp","Video":{"timestamp":1611072778281.662,"packetsReceived":138,"packetsLost":0}},{"from":"Jysamrani_4f259002-81e1-43ee-b6ee-738e01617b81","to":"Tishang_953b3d18-be39-4a53-811c-654c58b6f943","Audio":{"timestamp":1611072783281.655,"packetsReceived":3408,"packetsLost":0},"Type":"inbound-rtp","Video":{"timestamp":1611072783281.655,"packetsReceived":142,"packetsLost":0}},{"from":"Jysamrani_4f259002-81e1-43ee-b6ee-738e01617b81","to":"Tishang_953b3d18-be39-4a53-811c-654c58b6f943","Audio":{"timestamp":1611072783281.655,"packetsReceived":3408,"packetsLost":0},"Type":"inbound-rtp","Video":{"timestamp":1611072783281.655,"packetsReceived":142,"packetsLost":0}},{"from":"Jysamrani_4f259002-81e1-43ee-b6ee-738e01617b81","to":"Tishang_953b3d18-be39-4a53-811c-654c58b6f943","Audio":{"timestamp":1611072788281.641,"packetsReceived":3658,"packetsLost":0},"Type":"inbound-rtp","Video":{"timestamp":1611072788281.641,"packetsReceived":204,"packetsLost":0}},{"from":"Jysamrani_4f259002-81e1-43ee-b6ee-738e01617b81","to":"Tishang_953b3d18-be39-4a53-811c-654c58b6f943","Audio":{"timestamp":1611072788281.641,"packetsReceived":3658,"packetsLost":0},"Type":"inbound-rtp","Video":{"timestamp":1611072788281.641,"packetsReceived":204,"packetsLost":0}},{"from":"Jysamrani_4f259002-81e1-43ee-b6ee-738e01617b81","to":"Tishang_953b3d18-be39-4a53-811c-654c58b6f943","Audio":{"timestamp":1611072793281.592,"packetsReceived":3908,"packetsLost":0},"Type":"inbound-rtp","Video":{"timestamp":1611072793281.592,"packetsReceived":209,"packetsLost":0}},{"from":"Jysamrani_4f259002-81e1-43ee-b6ee-738e01617b81","to":"Tishang_953b3d18-be39-4a53-811c-654c58b6f943","Audio":{"timestamp":1611072793281.592,"packetsReceived":3908,"packetsLost":0},"Type":"inbound-rtp","Video":{"timestamp":1611072793281.592,"packetsReceived":209,"packetsLost":0}},{"from":"Jysamrani_4f259002-81e1-43ee-b6ee-738e01617b81","to":"Tishang_953b3d18-be39-4a53-811c-654c58b6f943","Audio":{"timestamp":1611072798281.656,"packetsReceived":4158,"packetsLost":0},"Type":"inbound-rtp","Video":{"timestamp":1611072798281.656,"packetsReceived":213,"packetsLost":0}},{"from":"Jysamrani_4f259002-81e1-43ee-b6ee-738e01617b81","to":"Tishang_953b3d18-be39-4a53-811c-654c58b6f943","Audio":{"timestamp":1611072798281.656,"packetsReceived":4158,"packetsLost":0},"Type":"inbound-rtp","Video":{"timestamp":1611072798281.656,"packetsReceived":213,"packetsLost":0}},{"from":"Jysamrani_4f259002-81e1-43ee-b6ee-738e01617b81","to":"Tishang_953b3d18-be39-4a53-811c-654c58b6f943","Audio":{"timestamp":1611072803281.526,"packetsReceived":4408,"packetsLost":0},"Type":"inbound-rtp","Video":{"timestamp":1611072803281.526,"packetsReceived":218,"packetsLost":0}},{"from":"Jysamrani_4f259002-81e1-43ee-b6ee-738e01617b81","to":"Tishang_953b3d18-be39-4a53-811c-654c58b6f943","Audio":{"timestamp":1611072803281.526,"packetsReceived":4408,"packetsLost":0},"Type":"inbound-rtp","Video":{"timestamp":1611072803281.526,"packetsReceived":218,"packetsLost":0}},{"from":"Jysamrani_4f259002-81e1-43ee-b6ee-738e01617b81","to":"Tishang_953b3d18-be39-4a53-811c-654c58b6f943","Audio":{"timestamp":1611072808281.607,"packetsReceived":4658,"packetsLost":0},"Type":"inbound-rtp","Video":{"timestamp":1611072808281.607,"packetsReceived":223,"packetsLost":0}},{"from":"Jysamrani_4f259002-81e1-43ee-b6ee-738e01617b81","to":"Tishang_953b3d18-be39-4a53-811c-654c58b6f943","Audio":{"timestamp":1611072808281.607,"packetsReceived":4658,"packetsLost":0},"Type":"inbound-rtp","Video":{"timestamp":1611072808281.607,"packetsReceived":223,"packetsLost":0}},{"from":"Jysamrani_4f259002-81e1-43ee-b6ee-738e01617b81","to":"Tishang_953b3d18-be39-4a53-811c-654c58b6f943","Audio":{"timestamp":1611072813281.61,"packetsReceived":4908,"packetsLost":0},"Type":"inbound-rtp","Video":{"timestamp":1611072813281.61,"packetsReceived":227,"packetsLost":0}},{"from":"Jysamrani_4f259002-81e1-43ee-b6ee-738e01617b81","to":"Tishang_953b3d18-be39-4a53-811c-654c58b6f943","Audio":{"timestamp":1611072813281.61,"packetsReceived":4908,"packetsLost":0},"Type":"inbound-rtp","Video":{"timestamp":1611072813281.61,"packetsReceived":227,"packetsLost":0}},{"from":"Jysamrani_4f259002-81e1-43ee-b6ee-738e01617b81","to":"Tishang_953b3d18-be39-4a53-811c-654c58b6f943","Audio":{"timestamp":1611072818281.654,"packetsReceived":5158,"packetsLost":0},"Type":"inbound-rtp","Video":{"timestamp":1611072818281.654,"packetsReceived":232,"packetsLost":0}},{"from":"Jysamrani_4f259002-81e1-43ee-b6ee-738e01617b81","to":"Tishang_953b3d18-be39-4a53-811c-654c58b6f943","Audio":{"timestamp":1611072818281.654,"packetsReceived":5158,"packetsLost":0},"Type":"inbound-rtp","Video":{"timestamp":1611072818281.654,"packetsReceived":232,"packetsLost":0}},{"from":"Jysamrani_4f259002-81e1-43ee-b6ee-738e01617b81","to":"Tishang_953b3d18-be39-4a53-811c-654c58b6f943","Audio":{"timestamp":1611072823281.621,"packetsReceived":5408,"packetsLost":0},"Type":"inbound-rtp","Video":{"timestamp":1611072823281.621,"packetsReceived":237,"packetsLost":0}},{"from":"Jysamrani_4f259002-81e1-43ee-b6ee-738e01617b81","to":"Tishang_953b3d18-be39-4a53-811c-654c58b6f943","Audio":{"timestamp":1611072823281.621,"packetsReceived":5408,"packetsLost":0},"Type":"inbound-rtp","Video":{"timestamp":1611072823281.621,"packetsReceived":237,"packetsLost":0}},{"from":"Jysamrani_4f259002-81e1-43ee-b6ee-738e01617b81","to":"Tishang_953b3d18-be39-4a53-811c-654c58b6f943","Audio":{"timestamp":1611072828281.595,"packetsReceived":5658,"packetsLost":0},"Type":"inbound-rtp","Video":{"timestamp":1611072828281.595,"packetsReceived":241,"packetsLost":0}},{"from":"Jysamrani_4f259002-81e1-43ee-b6ee-738e01617b81","to":"Tishang_953b3d18-be39-4a53-811c-654c58b6f943","Audio":{"timestamp":1611072828281.595,"packetsReceived":5658,"packetsLost":0},"Type":"inbound-rtp","Video":{"timestamp":1611072828281.595,"packetsReceived":241,"packetsLost":0}},{"from":"Jysamrani_4f259002-81e1-43ee-b6ee-738e01617b81","to":"Tishang_953b3d18-be39-4a53-811c-654c58b6f943","Audio":{"timestamp":1611072833281.603,"packetsReceived":5908,"packetsLost":0},"Type":"inbound-rtp","Video":{"timestamp":1611072833281.603,"packetsReceived":246,"packetsLost":0}},{"from":"Jysamrani_4f259002-81e1-43ee-b6ee-738e01617b81","to":"Tishang_953b3d18-be39-4a53-811c-654c58b6f943","Audio":{"timestamp":1611072833281.603,"packetsReceived":5908,"packetsLost":0},"Type":"inbound-rtp","Video":{"timestamp":1611072833281.603,"packetsReceived":246,"packetsLost":0}},{"from":"Jysamrani_4f259002-81e1-43ee-b6ee-738e01617b81","to":"Tishang_953b3d18-be39-4a53-811c-654c58b6f943","Audio":{"timestamp":1611072838281.673,"packetsReceived":6158,"packetsLost":0},"Type":"inbound-rtp","Video":{"timestamp":1611072838281.673,"packetsReceived":251,"packetsLost":0}},{"from":"Jysamrani_4f259002-81e1-43ee-b6ee-738e01617b81","to":"Tishang_953b3d18-be39-4a53-811c-654c58b6f943","Audio":{"timestamp":1611072838281.673,"packetsReceived":6158,"packetsLost":0},"Type":"inbound-rtp","Video":{"timestamp":1611072838281.673,"packetsReceived":251,"packetsLost":0}},{"from":"Jysamrani_4f259002-81e1-43ee-b6ee-738e01617b81","to":"Tishang_953b3d18-be39-4a53-811c-654c58b6f943","Audio":{"timestamp":1611072843281.638,"packetsReceived":6408,"packetsLost":0},"Type":"inbound-rtp","Video":{"timestamp":1611072843281.638,"packetsReceived":255,"packetsLost":0}},{"from":"Jysamrani_4f259002-81e1-43ee-b6ee-738e01617b81","to":"Tishang_953b3d18-be39-4a53-811c-654c58b6f943","Audio":{"timestamp":1611072843281.638,"packetsReceived":6408,"packetsLost":0},"Type":"inbound-rtp","Video":{"timestamp":1611072843281.638,"packetsReceived":255,"packetsLost":0}},{"from":"Jysamrani_4f259002-81e1-43ee-b6ee-738e01617b81","to":"Tishang_953b3d18-be39-4a53-811c-654c58b6f943","Audio":{"timestamp":1611072848281.596,"packetsReceived":6658,"packetsLost":0},"Type":"inbound-rtp","Video":{"timestamp":1611072848281.596,"packetsReceived":260,"packetsLost":0}},{"from":"Jysamrani_4f259002-81e1-43ee-b6ee-738e01617b81","to":"Tishang_953b3d18-be39-4a53-811c-654c58b6f943","Audio":{"timestamp":1611072848281.596,"packetsReceived":6658,"packetsLost":0},"Type":"inbound-rtp","Video":{"timestamp":1611072848281.596,"packetsReceived":260,"packetsLost":0}},{"from":"Jysamrani_4f259002-81e1-43ee-b6ee-738e01617b81","to":"Tishang_953b3d18-be39-4a53-811c-654c58b6f943","Audio":{"timestamp":1611072853281.653,"packetsReceived":6908,"packetsLost":0},"Type":"inbound-rtp","Video":{"timestamp":1611072853281.653,"packetsReceived":373,"packetsLost":0}},{"from":"Jysamrani_4f259002-81e1-43ee-b6ee-738e01617b81","to":"Tishang_953b3d18-be39-4a53-811c-654c58b6f943","Audio":{"timestamp":1611072853281.653,"packetsReceived":6908,"packetsLost":0},"Type":"inbound-rtp","Video":{"timestamp":1611072853281.653,"packetsReceived":373,"packetsLost":0}},{"from":"Jysamrani_4f259002-81e1-43ee-b6ee-738e01617b81","to":"Tishang_953b3d18-be39-4a53-811c-654c58b6f943","Audio":{"timestamp":1611072858281.543,"packetsReceived":7158,"packetsLost":0},"Type":"inbound-rtp","Video":{"timestamp":1611072858281.543,"packetsReceived":388,"packetsLost":0}},{"from":"Jysamrani_4f259002-81e1-43ee-b6ee-738e01617b81","to":"Tishang_953b3d18-be39-4a53-811c-654c58b6f943","Audio":{"timestamp":1611072858281.543,"packetsReceived":7158,"packetsLost":0},"Type":"inbound-rtp","Video":{"timestamp":1611072858281.543,"packetsReceived":388,"packetsLost":0}},{"from":"Jysamrani_4f259002-81e1-43ee-b6ee-738e01617b81","to":"Tishang_953b3d18-be39-4a53-811c-654c58b6f943","Audio":{"timestamp":1611072863281.724,"packetsReceived":7408,"packetsLost":0},"Type":"inbound-rtp","Video":{"timestamp":1611072863281.724,"packetsReceived":400,"packetsLost":0}},{"from":"Jysamrani_4f259002-81e1-43ee-b6ee-738e01617b81","to":"Tishang_953b3d18-be39-4a53-811c-654c58b6f943","Audio":{"timestamp":1611072863281.724,"packetsReceived":7408,"packetsLost":0},"Type":"inbound-rtp","Video":{"timestamp":1611072863281.724,"packetsReceived":400,"packetsLost":0}},{"from":"Jysamrani_4f259002-81e1-43ee-b6ee-738e01617b81","to":"Tishang_953b3d18-be39-4a53-811c-654c58b6f943","Audio":{"timestamp":1611072868281.7,"packetsReceived":7658,"packetsLost":0},"Type":"inbound-rtp","Video":{"timestamp":1611072868281.7,"packetsReceived":415,"packetsLost":0}},{"from":"Jysamrani_4f259002-81e1-43ee-b6ee-738e01617b81","to":"Tishang_953b3d18-be39-4a53-811c-654c58b6f943","Audio":{"timestamp":1611072868281.7,"packetsReceived":7658,"packetsLost":0},"Type":"inbound-rtp","Video":{"timestamp":1611072868281.7,"packetsReceived":415,"packetsLost":0}},{"from":"Jysamrani_4f259002-81e1-43ee-b6ee-738e01617b81","to":"Tishang_953b3d18-be39-4a53-811c-654c58b6f943","Audio":{"timestamp":1611072873281.529,"packetsReceived":7908,"packetsLost":0},"Type":"inbound-rtp","Video":{"timestamp":1611072873281.529,"packetsReceived":430,"packetsLost":0}},{"from":"Jysamrani_4f259002-81e1-43ee-b6ee-738e01617b81","to":"Tishang_953b3d18-be39-4a53-811c-654c58b6f943","Audio":{"timestamp":1611072873281.529,"packetsReceived":7908,"packetsLost":0},"Type":"inbound-rtp","Video":{"timestamp":1611072873281.529,"packetsReceived":430,"packetsLost":0}},{"from":"Jysamrani_4f259002-81e1-43ee-b6ee-738e01617b81","to":"Tishang_953b3d18-be39-4a53-811c-654c58b6f943","Audio":{"timestamp":1611072878281.619,"packetsReceived":8158,"packetsLost":0},"Type":"inbound-rtp","Video":{"timestamp":1611072878281.619,"packetsReceived":442,"packetsLost":0}},{"from":"Jysamrani_4f259002-81e1-43ee-b6ee-738e01617b81","to":"Tishang_953b3d18-be39-4a53-811c-654c58b6f943","Audio":{"timestamp":1611072878281.619,"packetsReceived":8158,"packetsLost":0},"Type":"inbound-rtp","Video":{"timestamp":1611072878281.619,"packetsReceived":442,"packetsLost":0}},{"from":"Jysamrani_4f259002-81e1-43ee-b6ee-738e01617b81","to":"Tishang_953b3d18-be39-4a53-811c-654c58b6f943","Audio":{"timestamp":1611072883281.661,"packetsReceived":8408,"packetsLost":0},"Type":"inbound-rtp","Video":{"timestamp":1611072883281.661,"packetsReceived":457,"packetsLost":0}},{"from":"Jysamrani_4f259002-81e1-43ee-b6ee-738e01617b81","to":"Tishang_953b3d18-be39-4a53-811c-654c58b6f943","Audio":{"timestamp":1611072883281.661,"packetsReceived":8408,"packetsLost":0},"Type":"inbound-rtp","Video":{"timestamp":1611072883281.661,"packetsReceived":457,"packetsLost":0}},{"from":"Jysamrani_4f259002-81e1-43ee-b6ee-738e01617b81","to":"Tishang_953b3d18-be39-4a53-811c-654c58b6f943","Audio":{"timestamp":1611072888281.584,"packetsReceived":8658,"packetsLost":0},"Type":"inbound-rtp","Video":{"timestamp":1611072888281.584,"packetsReceived":472,"packetsLost":0}},{"from":"Jysamrani_4f259002-81e1-43ee-b6ee-738e01617b81","to":"Tishang_953b3d18-be39-4a53-811c-654c58b6f943","Audio":{"timestamp":1611072888281.584,"packetsReceived":8658,"packetsLost":0},"Type":"inbound-rtp","Video":{"timestamp":1611072888281.584,"packetsReceived":472,"packetsLost":0}},{"from":"Jysamrani_4f259002-81e1-43ee-b6ee-738e01617b81","to":"Tishang_953b3d18-be39-4a53-811c-654c58b6f943","Audio":{"timestamp":1611072893281.742,"packetsReceived":8908,"packetsLost":0},"Type":"inbound-rtp","Video":{"timestamp":1611072893281.742,"packetsReceived":484,"packetsLost":0}},{"from":"Jysamrani_4f259002-81e1-43ee-b6ee-738e01617b81","to":"Tishang_953b3d18-be39-4a53-811c-654c58b6f943","Audio":{"timestamp":1611072893281.742,"packetsReceived":8908,"packetsLost":0},"Type":"inbound-rtp","Video":{"timestamp":1611072893281.742,"packetsReceived":484,"packetsLost":0}},{"from":"Jysamrani_4f259002-81e1-43ee-b6ee-738e01617b81","to":"Tishang_953b3d18-be39-4a53-811c-654c58b6f943","Audio":{"timestamp":1611072898281.644,"packetsReceived":9158,"packetsLost":0},"Type":"inbound-rtp","Video":{"timestamp":1611072898281.644,"packetsReceived":499,"packetsLost":0}},{"from":"Jysamrani_4f259002-81e1-43ee-b6ee-738e01617b81","to":"Tishang_953b3d18-be39-4a53-811c-654c58b6f943","Audio":{"timestamp":1611072898281.644,"packetsReceived":9158,"packetsLost":0},"Type":"inbound-rtp","Video":{"timestamp":1611072898281.644,"packetsReceived":499,"packetsLost":0}},{"from":"Jysamrani_4f259002-81e1-43ee-b6ee-738e01617b81","to":"Tishang_953b3d18-be39-4a53-811c-654c58b6f943","Audio":{"timestamp":1611072903281.578,"packetsReceived":9408,"packetsLost":0},"Type":"inbound-rtp","Video":{"timestamp":1611072903281.578,"packetsReceived":514,"packetsLost":0}},{"from":"Jysamrani_4f259002-81e1-43ee-b6ee-738e01617b81","to":"Tishang_953b3d18-be39-4a53-811c-654c58b6f943","Audio":{"timestamp":1611072903281.578,"packetsReceived":9408,"packetsLost":0},"Type":"inbound-rtp","Video":{"timestamp":1611072903281.578,"packetsReceived":514,"packetsLost":0}},{"from":"Jysamrani_4f259002-81e1-43ee-b6ee-738e01617b81","to":"Tishang_953b3d18-be39-4a53-811c-654c58b6f943","Audio":{"timestamp":1611072908281.573,"packetsReceived":9658,"packetsLost":0},"Type":"inbound-rtp","Video":{"timestamp":1611072908281.573,"packetsReceived":526,"packetsLost":0}},{"from":"Jysamrani_4f259002-81e1-43ee-b6ee-738e01617b81","to":"Tishang_953b3d18-be39-4a53-811c-654c58b6f943","Audio":{"timestamp":1611072908281.573,"packetsReceived":9658,"packetsLost":0},"Type":"inbound-rtp","Video":{"timestamp":1611072908281.573,"packetsReceived":526,"packetsLost":0}},{"from":"Jysamrani_4f259002-81e1-43ee-b6ee-738e01617b81","to":"Tishang_953b3d18-be39-4a53-811c-654c58b6f943","Audio":{"timestamp":1611072913281.566,"packetsReceived":9908,"packetsLost":0},"Type":"inbound-rtp","Video":{"timestamp":1611072913281.566,"packetsReceived":626,"packetsLost":0}},{"from":"Jysamrani_4f259002-81e1-43ee-b6ee-738e01617b81","to":"Tishang_953b3d18-be39-4a53-811c-654c58b6f943","Audio":{"timestamp":1611072913281.566,"packetsReceived":9908,"packetsLost":0},"Type":"inbound-rtp","Video":{"timestamp":1611072913281.566,"packetsReceived":626,"packetsLost":0}},{"from":"Jysamrani_4f259002-81e1-43ee-b6ee-738e01617b81","to":"Tishang_953b3d18-be39-4a53-811c-654c58b6f943","Audio":{"timestamp":1611072918281.598,"packetsReceived":10158,"packetsLost":0},"Type":"inbound-rtp","Video":{"timestamp":1611072918281.598,"packetsReceived":642,"packetsLost":0}},{"from":"Jysamrani_4f259002-81e1-43ee-b6ee-738e01617b81","to":"Tishang_953b3d18-be39-4a53-811c-654c58b6f943","Audio":{"timestamp":1611072918281.598,"packetsReceived":10158,"packetsLost":0},"Type":"inbound-rtp","Video":{"timestamp":1611072918281.598,"packetsReceived":642,"packetsLost":0}},{"from":"Jysamrani_4f259002-81e1-43ee-b6ee-738e01617b81","to":"Tishang_953b3d18-be39-4a53-811c-654c58b6f943","Audio":{"timestamp":1611072923281.596,"packetsReceived":10408,"packetsLost":0},"Type":"inbound-rtp","Video":{"timestamp":1611072923281.596,"packetsReceived":654,"packetsLost":0}},{"from":"Jysamrani_4f259002-81e1-43ee-b6ee-738e01617b81","to":"Tishang_953b3d18-be39-4a53-811c-654c58b6f943","Audio":{"timestamp":1611072923281.596,"packetsReceived":10408,"packetsLost":0},"Type":"inbound-rtp","Video":{"timestamp":1611072923281.596,"packetsReceived":654,"packetsLost":0}},{"from":"Jysamrani_4f259002-81e1-43ee-b6ee-738e01617b81","to":"Tishang_953b3d18-be39-4a53-811c-654c58b6f943","Audio":{"timestamp":1611072928281.645,"packetsReceived":10658,"packetsLost":0},"Type":"inbound-rtp","Video":{"timestamp":1611072928281.645,"packetsReceived":669,"packetsLost":0}},{"from":"Jysamrani_4f259002-81e1-43ee-b6ee-738e01617b81","to":"Tishang_953b3d18-be39-4a53-811c-654c58b6f943","Audio":{"timestamp":1611072928281.645,"packetsReceived":10658,"packetsLost":0},"Type":"inbound-rtp","Video":{"timestamp":1611072928281.645,"packetsReceived":669,"packetsLost":0}},{"from":"Jysamrani_4f259002-81e1-43ee-b6ee-738e01617b81","to":"Tishang_953b3d18-be39-4a53-811c-654c58b6f943","Audio":{"timestamp":1611072933281.61,"packetsReceived":10908,"packetsLost":0},"Type":"inbound-rtp","Video":{"timestamp":1611072933281.61,"packetsReceived":684,"packetsLost":0}},{"from":"Jysamrani_4f259002-81e1-43ee-b6ee-738e01617b81","to":"Tishang_953b3d18-be39-4a53-811c-654c58b6f943","Audio":{"timestamp":1611072933281.61,"packetsReceived":10908,"packetsLost":0},"Type":"inbound-rtp","Video":{"timestamp":1611072933281.61,"packetsReceived":684,"packetsLost":0}},{"from":"Jysamrani_4f259002-81e1-43ee-b6ee-738e01617b81","to":"Tishang_953b3d18-be39-4a53-811c-654c58b6f943","Audio":{"timestamp":1611072938281.571,"packetsReceived":11158,"packetsLost":0},"Type":"inbound-rtp","Video":{"timestamp":1611072938281.571,"packetsReceived":696,"packetsLost":0}},{"from":"Jysamrani_4f259002-81e1-43ee-b6ee-738e01617b81","to":"Tishang_953b3d18-be39-4a53-811c-654c58b6f943","Audio":{"timestamp":1611072938281.571,"packetsReceived":11158,"packetsLost":0},"Type":"inbound-rtp","Video":{"timestamp":1611072938281.571,"packetsReceived":696,"packetsLost":0}},{"from":"Jysamrani_4f259002-81e1-43ee-b6ee-738e01617b81","to":"Tishang_953b3d18-be39-4a53-811c-654c58b6f943","Audio":{"timestamp":1611072943281.563,"packetsReceived":11408,"packetsLost":0},"Type":"inbound-rtp","Video":{"timestamp":1611072943281.563,"packetsReceived":711,"packetsLost":0}},{"from":"Jysamrani_4f259002-81e1-43ee-b6ee-738e01617b81","to":"Tishang_953b3d18-be39-4a53-811c-654c58b6f943","Audio":{"timestamp":1611072943281.563,"packetsReceived":11408,"packetsLost":0},"Type":"inbound-rtp","Video":{"timestamp":1611072943281.563,"packetsReceived":711,"packetsLost":0}},{"from":"Jysamrani_4f259002-81e1-43ee-b6ee-738e01617b81","to":"Tishang_953b3d18-be39-4a53-811c-654c58b6f943","Audio":{"timestamp":1611072948281.541,"packetsReceived":11658,"packetsLost":0},"Type":"inbound-rtp","Video":{"timestamp":1611072948281.541,"packetsReceived":726,"packetsLost":0}},{"from":"Jysamrani_4f259002-81e1-43ee-b6ee-738e01617b81","to":"Tishang_953b3d18-be39-4a53-811c-654c58b6f943","Audio":{"timestamp":1611072948281.541,"packetsReceived":11658,"packetsLost":0},"Type":"inbound-rtp","Video":{"timestamp":1611072948281.541,"packetsReceived":726,"packetsLost":0}},{"from":"Jysamrani_4f259002-81e1-43ee-b6ee-738e01617b81","to":"Tishang_953b3d18-be39-4a53-811c-654c58b6f943","Audio":{"timestamp":1611072953281.621,"packetsReceived":11908,"packetsLost":0},"Type":"inbound-rtp","Video":{"timestamp":1611072953281.621,"packetsReceived":738,"packetsLost":0}},{"from":"Jysamrani_4f259002-81e1-43ee-b6ee-738e01617b81","to":"Tishang_953b3d18-be39-4a53-811c-654c58b6f943","Audio":{"timestamp":1611072953281.621,"packetsReceived":11908,"packetsLost":0},"Type":"inbound-rtp","Video":{"timestamp":1611072953281.621,"packetsReceived":738,"packetsLost":0}},{"from":"Jysamrani_4f259002-81e1-43ee-b6ee-738e01617b81","to":"Tishang_953b3d18-be39-4a53-811c-654c58b6f943","Audio":{"timestamp":1611072958281.66,"packetsReceived":12158,"packetsLost":0},"Type":"inbound-rtp","Video":{"timestamp":1611072958281.66,"packetsReceived":753,"packetsLost":0}},{"from":"Jysamrani_4f259002-81e1-43ee-b6ee-738e01617b81","to":"Tishang_953b3d18-be39-4a53-811c-654c58b6f943","Audio":{"timestamp":1611072958281.66,"packetsReceived":12158,"packetsLost":0},"Type":"inbound-rtp","Video":{"timestamp":1611072958281.66,"packetsReceived":753,"packetsLost":0}},{"from":"Jysamrani_4f259002-81e1-43ee-b6ee-738e01617b81","to":"Tishang_953b3d18-be39-4a53-811c-654c58b6f943","Audio":{"timestamp":1611072963281.636,"packetsReceived":12407,"packetsLost":0},"Type":"inbound-rtp","Video":{"timestamp":1611072963281.636,"packetsReceived":768,"packetsLost":0}},{"from":"Jysamrani_4f259002-81e1-43ee-b6ee-738e01617b81","to":"Tishang_953b3d18-be39-4a53-811c-654c58b6f943","Audio":{"timestamp":1611072963281.636,"packetsReceived":12407,"packetsLost":0},"Type":"inbound-rtp","Video":{"timestamp":1611072963281.636,"packetsReceived":768,"packetsLost":0}},{"from":"Jysamrani_4f259002-81e1-43ee-b6ee-738e01617b81","to":"Tishang_953b3d18-be39-4a53-811c-654c58b6f943","Audio":{"timestamp":1611072968281.557,"packetsReceived":12658,"packetsLost":0},"Type":"inbound-rtp","Video":{"timestamp":1611072968281.557,"packetsReceived":780,"packetsLost":0}},{"from":"Jysamrani_4f259002-81e1-43ee-b6ee-738e01617b81","to":"Tishang_953b3d18-be39-4a53-811c-654c58b6f943","Audio":{"timestamp":1611072968281.557,"packetsReceived":12658,"packetsLost":0},"Type":"inbound-rtp","Video":{"timestamp":1611072968281.557,"packetsReceived":780,"packetsLost":0}},{"from":"Jysamrani_4f259002-81e1-43ee-b6ee-738e01617b81","to":"Tishang_953b3d18-be39-4a53-811c-654c58b6f943","Audio":{"timestamp":1611072973281.633,"packetsReceived":12908,"packetsLost":0},"Type":"inbound-rtp","Video":{"timestamp":1611072973281.633,"packetsReceived":793,"packetsLost":0}},{"from":"Jysamrani_4f259002-81e1-43ee-b6ee-738e01617b81","to":"Tishang_953b3d18-be39-4a53-811c-654c58b6f943","Audio":{"timestamp":1611072973281.633,"packetsReceived":12908,"packetsLost":0},"Type":"inbound-rtp","Video":{"timestamp":1611072973281.633,"packetsReceived":793,"packetsLost":0}},{"from":"Jysamrani_4f259002-81e1-43ee-b6ee-738e01617b81","to":"Tishang_953b3d18-be39-4a53-811c-654c58b6f943","Audio":{"timestamp":1611072978281.635,"packetsReceived":13158,"packetsLost":0},"Type":"inbound-rtp","Video":{"timestamp":1611072978281.635,"packetsReceived":807,"packetsLost":0}},{"from":"Jysamrani_4f259002-81e1-43ee-b6ee-738e01617b81","to":"Tishang_953b3d18-be39-4a53-811c-654c58b6f943","Audio":{"timestamp":1611072978281.635,"packetsReceived":13158,"packetsLost":0},"Type":"inbound-rtp","Video":{"timestamp":1611072978281.635,"packetsReceived":807,"packetsLost":0}},{"from":"Jysamrani_4f259002-81e1-43ee-b6ee-738e01617b81","to":"Tishang_953b3d18-be39-4a53-811c-654c58b6f943","Audio":{"timestamp":1611072983281.698,"packetsReceived":13408,"packetsLost":0},"Type":"inbound-rtp","Video":{"timestamp":1611072983281.698,"packetsReceived":819,"packetsLost":0}},{"from":"Jysamrani_4f259002-81e1-43ee-b6ee-738e01617b81","to":"Tishang_953b3d18-be39-4a53-811c-654c58b6f943","Audio":{"timestamp":1611072983281.698,"packetsReceived":13408,"packetsLost":0},"Type":"inbound-rtp","Video":{"timestamp":1611072983281.698,"packetsReceived":819,"packetsLost":0}},{"from":"Jysamrani_4f259002-81e1-43ee-b6ee-738e01617b81","to":"Tishang_953b3d18-be39-4a53-811c-654c58b6f943","Audio":{"timestamp":1611072988281.575,"packetsReceived":13658,"packetsLost":0},"Type":"inbound-rtp","Video":{"timestamp":1611072988281.575,"packetsReceived":834,"packetsLost":0}},{"from":"Jysamrani_4f259002-81e1-43ee-b6ee-738e01617b81","to":"Tishang_953b3d18-be39-4a53-811c-654c58b6f943","Audio":{"timestamp":1611072988281.575,"packetsReceived":13658,"packetsLost":0},"Type":"inbound-rtp","Video":{"timestamp":1611072988281.575,"packetsReceived":834,"packetsLost":0}},{"from":"Jysamrani_4f259002-81e1-43ee-b6ee-738e01617b81","to":"Tishang_953b3d18-be39-4a53-811c-654c58b6f943","Audio":{"timestamp":1611072993281.626,"packetsReceived":13907,"packetsLost":0},"Type":"inbound-rtp","Video":{"timestamp":1611072993281.626,"packetsReceived":847,"packetsLost":0}},{"from":"Jysamrani_4f259002-81e1-43ee-b6ee-738e01617b81","to":"Tishang_953b3d18-be39-4a53-811c-654c58b6f943","Audio":{"timestamp":1611072993281.626,"packetsReceived":13907,"packetsLost":0},"Type":"inbound-rtp","Video":{"timestamp":1611072993281.626,"packetsReceived":847,"packetsLost":0}},{"from":"Jysamrani_4f259002-81e1-43ee-b6ee-738e01617b81","to":"Tishang_953b3d18-be39-4a53-811c-654c58b6f943","Audio":{"timestamp":1611072998281.504,"packetsReceived":14158,"packetsLost":0},"Type":"inbound-rtp","Video":{"timestamp":1611072998281.504,"packetsReceived":858,"packetsLost":0}},{"from":"Jysamrani_4f259002-81e1-43ee-b6ee-738e01617b81","to":"Tishang_953b3d18-be39-4a53-811c-654c58b6f943","Audio":{"timestamp":1611072998281.504,"packetsReceived":14158,"packetsLost":0},"Type":"inbound-rtp","Video":{"timestamp":1611072998281.504,"packetsReceived":858,"packetsLost":0}},{"from":"Jysamrani_4f259002-81e1-43ee-b6ee-738e01617b81","to":"Tishang_953b3d18-be39-4a53-811c-654c58b6f943","Audio":{"timestamp":1611073003281.572,"packetsReceived":14408,"packetsLost":0},"Type":"inbound-rtp","Video":{"timestamp":1611073003281.572,"packetsReceived":872,"packetsLost":0}},{"from":"Jysamrani_4f259002-81e1-43ee-b6ee-738e01617b81","to":"Tishang_953b3d18-be39-4a53-811c-654c58b6f943","Audio":{"timestamp":1611073003281.572,"packetsReceived":14408,"packetsLost":0},"Type":"inbound-rtp","Video":{"timestamp":1611073003281.572,"packetsReceived":872,"packetsLost":0}},{"from":"Jysamrani_4f259002-81e1-43ee-b6ee-738e01617b81","to":"Tishang_953b3d18-be39-4a53-811c-654c58b6f943","Audio":{"timestamp":1611073008281.937,"packetsReceived":14658,"packetsLost":0},"Type":"inbound-rtp","Video":{"timestamp":1611073008281.937,"packetsReceived":887,"packetsLost":0}},{"from":"Jysamrani_4f259002-81e1-43ee-b6ee-738e01617b81","to":"Tishang_953b3d18-be39-4a53-811c-654c58b6f943","Audio":{"timestamp":1611073008281.937,"packetsReceived":14658,"packetsLost":0},"Type":"inbound-rtp","Video":{"timestamp":1611073008281.937,"packetsReceived":887,"packetsLost":0}},{"from":"Jysamrani_4f259002-81e1-43ee-b6ee-738e01617b81","to":"Tishang_953b3d18-be39-4a53-811c-654c58b6f943","Audio":{"timestamp":1611073013281.62,"packetsReceived":14908,"packetsLost":0},"Type":"inbound-rtp","Video":{"timestamp":1611073013281.62,"packetsReceived":900,"packetsLost":0}},{"from":"Jysamrani_4f259002-81e1-43ee-b6ee-738e01617b81","to":"Tishang_953b3d18-be39-4a53-811c-654c58b6f943","Audio":{"timestamp":1611073013281.62,"packetsReceived":14908,"packetsLost":0},"Type":"inbound-rtp","Video":{"timestamp":1611073013281.62,"packetsReceived":900,"packetsLost":0}},{"from":"Jysamrani_4f259002-81e1-43ee-b6ee-738e01617b81","to":"Tishang_953b3d18-be39-4a53-811c-654c58b6f943","Audio":{"timestamp":1611073018281.613,"packetsReceived":15158,"packetsLost":0},"Type":"inbound-rtp","Video":{"timestamp":1611073018281.613,"packetsReceived":910,"packetsLost":0}},{"from":"Jysamrani_4f259002-81e1-43ee-b6ee-738e01617b81","to":"Tishang_953b3d18-be39-4a53-811c-654c58b6f943","Audio":{"timestamp":1611073018281.613,"packetsReceived":15158,"packetsLost":0},"Type":"inbound-rtp","Video":{"timestamp":1611073018281.613,"packetsReceived":910,"packetsLost":0}},{"from":"Jysamrani_4f259002-81e1-43ee-b6ee-738e01617b81","to":"Tishang_953b3d18-be39-4a53-811c-654c58b6f943","Audio":{"timestamp":1611073023281.625,"packetsReceived":15408,"packetsLost":0},"Type":"inbound-rtp","Video":{"timestamp":1611073023281.625,"packetsReceived":924,"packetsLost":0}},{"from":"Jysamrani_4f259002-81e1-43ee-b6ee-738e01617b81","to":"Tishang_953b3d18-be39-4a53-811c-654c58b6f943","Audio":{"timestamp":1611073023281.625,"packetsReceived":15408,"packetsLost":0},"Type":"inbound-rtp","Video":{"timestamp":1611073023281.625,"packetsReceived":924,"packetsLost":0}},{"from":"Jysamrani_4f259002-81e1-43ee-b6ee-738e01617b81","to":"Tishang_953b3d18-be39-4a53-811c-654c58b6f943","Audio":{"timestamp":1611073028281.586,"packetsReceived":15658,"packetsLost":0},"Type":"inbound-rtp","Video":{"timestamp":1611073028281.586,"packetsReceived":939,"packetsLost":0}},{"from":"Jysamrani_4f259002-81e1-43ee-b6ee-738e01617b81","to":"Tishang_953b3d18-be39-4a53-811c-654c58b6f943","Audio":{"timestamp":1611073028281.586,"packetsReceived":15658,"packetsLost":0},"Type":"inbound-rtp","Video":{"timestamp":1611073028281.586,"packetsReceived":939,"packetsLost":0}},{"from":"Jysamrani_4f259002-81e1-43ee-b6ee-738e01617b81","to":"Tishang_953b3d18-be39-4a53-811c-654c58b6f943","Audio":{"timestamp":1611073033281.597,"packetsReceived":15908,"packetsLost":0},"Type":"inbound-rtp","Video":{"timestamp":1611073033281.597,"packetsReceived":951,"packetsLost":0}},{"from":"Jysamrani_4f259002-81e1-43ee-b6ee-738e01617b81","to":"Tishang_953b3d18-be39-4a53-811c-654c58b6f943","Audio":{"timestamp":1611073033281.597,"packetsReceived":15908,"packetsLost":0},"Type":"inbound-rtp","Video":{"timestamp":1611073033281.597,"packetsReceived":951,"packetsLost":0}},{"from":"Jysamrani_4f259002-81e1-43ee-b6ee-738e01617b81","to":"Tishang_953b3d18-be39-4a53-811c-654c58b6f943","Audio":{"timestamp":1611073038281.585,"packetsReceived":16158,"packetsLost":0},"Type":"inbound-rtp","Video":{"timestamp":1611073038281.585,"packetsReceived":963,"packetsLost":0}},{"from":"Jysamrani_4f259002-81e1-43ee-b6ee-738e01617b81","to":"Tishang_953b3d18-be39-4a53-811c-654c58b6f943","Audio":{"timestamp":1611073038281.585,"packetsReceived":16158,"packetsLost":0},"Type":"inbound-rtp","Video":{"timestamp":1611073038281.585,"packetsReceived":963,"packetsLost":0}},{"from":"Jysamrani_4f259002-81e1-43ee-b6ee-738e01617b81","to":"Tishang_953b3d18-be39-4a53-811c-654c58b6f943","Audio":{"timestamp":1611073043281.625,"packetsReceived":16408,"packetsLost":0},"Type":"inbound-rtp","Video":{"timestamp":1611073043281.625,"packetsReceived":976,"packetsLost":0}},{"from":"Jysamrani_4f259002-81e1-43ee-b6ee-738e01617b81","to":"Tishang_953b3d18-be39-4a53-811c-654c58b6f943","Audio":{"timestamp":1611073043281.625,"packetsReceived":16408,"packetsLost":0},"Type":"inbound-rtp","Video":{"timestamp":1611073043281.625,"packetsReceived":976,"packetsLost":0}},{"from":"Jysamrani_4f259002-81e1-43ee-b6ee-738e01617b81","to":"Tishang_953b3d18-be39-4a53-811c-654c58b6f943","Audio":{"timestamp":1611073048281.816,"packetsReceived":16658,"packetsLost":0},"Type":"inbound-rtp","Video":{"timestamp":1611073048281.816,"packetsReceived":988,"packetsLost":0}},{"from":"Jysamrani_4f259002-81e1-43ee-b6ee-738e01617b81","to":"Tishang_953b3d18-be39-4a53-811c-654c58b6f943","Audio":{"timestamp":1611073048281.816,"packetsReceived":16658,"packetsLost":0},"Type":"inbound-rtp","Video":{"timestamp":1611073048281.816,"packetsReceived":988,"packetsLost":0}},{"from":"Jysamrani_4f259002-81e1-43ee-b6ee-738e01617b81","to":"Tishang_953b3d18-be39-4a53-811c-654c58b6f943","Audio":{"timestamp":1611073053281.581,"packetsReceived":16908,"packetsLost":0},"Type":"inbound-rtp","Video":{"timestamp":1611073053281.581,"packetsReceived":1003,"packetsLost":0}},{"from":"Jysamrani_4f259002-81e1-43ee-b6ee-738e01617b81","to":"Tishang_953b3d18-be39-4a53-811c-654c58b6f943","Audio":{"timestamp":1611073053281.581,"packetsReceived":16908,"packetsLost":0},"Type":"inbound-rtp","Video":{"timestamp":1611073053281.581,"packetsReceived":1003,"packetsLost":0}},{"from":"Jysamrani_4f259002-81e1-43ee-b6ee-738e01617b81","to":"Tishang_953b3d18-be39-4a53-811c-654c58b6f943","Audio":{"timestamp":1611073058281.487,"packetsReceived":17158,"packetsLost":0},"Type":"inbound-rtp","Video":{"timestamp":1611073058281.487,"packetsReceived":1018,"packetsLost":0}},{"from":"Jysamrani_4f259002-81e1-43ee-b6ee-738e01617b81","to":"Tishang_953b3d18-be39-4a53-811c-654c58b6f943","Audio":{"timestamp":1611073058281.487,"packetsReceived":17158,"packetsLost":0},"Type":"inbound-rtp","Video":{"timestamp":1611073058281.487,"packetsReceived":1018,"packetsLost":0}},{"from":"Jysamrani_4f259002-81e1-43ee-b6ee-738e01617b81","to":"Tishang_953b3d18-be39-4a53-811c-654c58b6f943","Audio":{"timestamp":1611073063281.673,"packetsReceived":17408,"packetsLost":0},"Type":"inbound-rtp","Video":{"timestamp":1611073063281.673,"packetsReceived":1027,"packetsLost":0}},{"from":"Jysamrani_4f259002-81e1-43ee-b6ee-738e01617b81","to":"Tishang_953b3d18-be39-4a53-811c-654c58b6f943","Audio":{"timestamp":1611073063281.673,"packetsReceived":17408,"packetsLost":0},"Type":"inbound-rtp","Video":{"timestamp":1611073063281.673,"packetsReceived":1027,"packetsLost":0}},{"from":"Jysamrani_4f259002-81e1-43ee-b6ee-738e01617b81","to":"Tishang_953b3d18-be39-4a53-811c-654c58b6f943","Audio":{"timestamp":1611073068281.592,"packetsReceived":17658,"packetsLost":0},"Type":"inbound-rtp","Video":{"timestamp":1611073068281.592,"packetsReceived":1042,"packetsLost":0}},{"from":"Jysamrani_4f259002-81e1-43ee-b6ee-738e01617b81","to":"Tishang_953b3d18-be39-4a53-811c-654c58b6f943","Audio":{"timestamp":1611073068281.592,"packetsReceived":17658,"packetsLost":0},"Type":"inbound-rtp","Video":{"timestamp":1611073068281.592,"packetsReceived":1042,"packetsLost":0}},{"from":"Jysamrani_4f259002-81e1-43ee-b6ee-738e01617b81","to":"Tishang_953b3d18-be39-4a53-811c-654c58b6f943","Audio":{"timestamp":1611073073281.578,"packetsReceived":17908,"packetsLost":0},"Type":"inbound-rtp","Video":{"timestamp":1611073073281.578,"packetsReceived":1057,"packetsLost":0}},{"from":"Jysamrani_4f259002-81e1-43ee-b6ee-738e01617b81","to":"Tishang_953b3d18-be39-4a53-811c-654c58b6f943","Audio":{"timestamp":1611073073281.578,"packetsReceived":17908,"packetsLost":0},"Type":"inbound-rtp","Video":{"timestamp":1611073073281.578,"packetsReceived":1057,"packetsLost":0}},{"from":"Jysamrani_4f259002-81e1-43ee-b6ee-738e01617b81","to":"Tishang_953b3d18-be39-4a53-811c-654c58b6f943","Audio":{"timestamp":1611073078281.59,"packetsReceived":18158,"packetsLost":0},"Type":"inbound-rtp","Video":{"timestamp":1611073078281.59,"packetsReceived":1068,"packetsLost":0}},{"from":"Jysamrani_4f259002-81e1-43ee-b6ee-738e01617b81","to":"Tishang_953b3d18-be39-4a53-811c-654c58b6f943","Audio":{"timestamp":1611073078281.59,"packetsReceived":18158,"packetsLost":0},"Type":"inbound-rtp","Video":{"timestamp":1611073078281.59,"packetsReceived":1068,"packetsLost":0}},{"from":"Jysamrani_4f259002-81e1-43ee-b6ee-738e01617b81","to":"Tishang_953b3d18-be39-4a53-811c-654c58b6f943","Audio":{"timestamp":1611073083281.659,"packetsReceived":18408,"packetsLost":0},"Type":"inbound-rtp","Video":{"timestamp":1611073083281.659,"packetsReceived":1081,"packetsLost":0}},{"from":"Jysamrani_4f259002-81e1-43ee-b6ee-738e01617b81","to":"Tishang_953b3d18-be39-4a53-811c-654c58b6f943","Audio":{"timestamp":1611073083281.659,"packetsReceived":18408,"packetsLost":0},"Type":"inbound-rtp","Video":{"timestamp":1611073083281.659,"packetsReceived":1081,"packetsLost":0}},{"from":"Jysamrani_4f259002-81e1-43ee-b6ee-738e01617b81","to":"Tishang_953b3d18-be39-4a53-811c-654c58b6f943","Audio":{"timestamp":1611073088281.616,"packetsReceived":18658,"packetsLost":0},"Type":"inbound-rtp","Video":{"timestamp":1611073088281.616,"packetsReceived":1096,"packetsLost":0}},{"from":"Jysamrani_4f259002-81e1-43ee-b6ee-738e01617b81","to":"Tishang_953b3d18-be39-4a53-811c-654c58b6f943","Audio":{"timestamp":1611073088281.616,"packetsReceived":18658,"packetsLost":0},"Type":"inbound-rtp","Video":{"timestamp":1611073088281.616,"packetsReceived":1096,"packetsLost":0}},{"from":"Jysamrani_4f259002-81e1-43ee-b6ee-738e01617b81","to":"Tishang_953b3d18-be39-4a53-811c-654c58b6f943","Audio":{"timestamp":1611073093281.557,"packetsReceived":18908,"packetsLost":0},"Type":"inbound-rtp","Video":{"timestamp":1611073093281.557,"packetsReceived":1108,"packetsLost":0}},{"from":"Jysamrani_4f259002-81e1-43ee-b6ee-738e01617b81","to":"Tishang_953b3d18-be39-4a53-811c-654c58b6f943","Audio":{"timestamp":1611073093281.557,"packetsReceived":18908,"packetsLost":0},"Type":"inbound-rtp","Video":{"timestamp":1611073093281.557,"packetsReceived":1108,"packetsLost":0}},{"from":"Jysamrani_4f259002-81e1-43ee-b6ee-738e01617b81","to":"Tishang_953b3d18-be39-4a53-811c-654c58b6f943","Audio":{"timestamp":1611073098281.676,"packetsReceived":19157,"packetsLost":0},"Type":"inbound-rtp","Video":{"timestamp":1611073098281.676,"packetsReceived":1123,"packetsLost":0}},{"from":"Jysamrani_4f259002-81e1-43ee-b6ee-738e01617b81","to":"Tishang_953b3d18-be39-4a53-811c-654c58b6f943","Audio":{"timestamp":1611073098281.676,"packetsReceived":19157,"packetsLost":0},"Type":"inbound-rtp","Video":{"timestamp":1611073098281.676,"packetsReceived":1123,"packetsLost":0}},{"from":"Jysamrani_4f259002-81e1-43ee-b6ee-738e01617b81","to":"Tishang_953b3d18-be39-4a53-811c-654c58b6f943","Audio":{"timestamp":1611073103281.677,"packetsReceived":19408,"packetsLost":0},"Type":"inbound-rtp","Video":{"timestamp":1611073103281.677,"packetsReceived":1135,"packetsLost":0}},{"from":"Jysamrani_4f259002-81e1-43ee-b6ee-738e01617b81","to":"Tishang_953b3d18-be39-4a53-811c-654c58b6f943","Audio":{"timestamp":1611073103281.677,"packetsReceived":19408,"packetsLost":0},"Type":"inbound-rtp","Video":{"timestamp":1611073103281.677,"packetsReceived":1135,"packetsLost":0}},{"from":"Jysamrani_4f259002-81e1-43ee-b6ee-738e01617b81","to":"Tishang_953b3d18-be39-4a53-811c-654c58b6f943","Audio":{"timestamp":1611073108281.609,"packetsReceived":19658,"packetsLost":0},"Type":"inbound-rtp","Video":{"timestamp":1611073108281.609,"packetsReceived":1146,"packetsLost":0}},{"from":"Jysamrani_4f259002-81e1-43ee-b6ee-738e01617b81","to":"Tishang_953b3d18-be39-4a53-811c-654c58b6f943","Audio":{"timestamp":1611073108281.609,"packetsReceived":19658,"packetsLost":0},"Type":"inbound-rtp","Video":{"timestamp":1611073108281.609,"packetsReceived":1146,"packetsLost":0}},{"from":"Jysamrani_4f259002-81e1-43ee-b6ee-738e01617b81","to":"Tishang_953b3d18-be39-4a53-811c-654c58b6f943","Audio":{"timestamp":1611073113281.643,"packetsReceived":19908,"packetsLost":0},"Type":"inbound-rtp","Video":{"timestamp":1611073113281.643,"packetsReceived":1161,"packetsLost":0}},{"from":"Jysamrani_4f259002-81e1-43ee-b6ee-738e01617b81","to":"Tishang_953b3d18-be39-4a53-811c-654c58b6f943","Audio":{"timestamp":1611073113281.643,"packetsReceived":19908,"packetsLost":0},"Type":"inbound-rtp","Video":{"timestamp":1611073113281.643,"packetsReceived":1161,"packetsLost":0}},{"from":"Jysamrani_4f259002-81e1-43ee-b6ee-738e01617b81","to":"Tishang_953b3d18-be39-4a53-811c-654c58b6f943","Audio":{"timestamp":1611073118281.633,"packetsReceived":20158,"packetsLost":0},"Type":"inbound-rtp","Video":{"timestamp":1611073118281.633,"packetsReceived":1176,"packetsLost":0}},{"from":"Jysamrani_4f259002-81e1-43ee-b6ee-738e01617b81","to":"Tishang_953b3d18-be39-4a53-811c-654c58b6f943","Audio":{"timestamp":1611073118281.633,"packetsReceived":20158,"packetsLost":0},"Type":"inbound-rtp","Video":{"timestamp":1611073118281.633,"packetsReceived":1176,"packetsLost":0}},{"from":"Jysamrani_4f259002-81e1-43ee-b6ee-738e01617b81","to":"Tishang_953b3d18-be39-4a53-811c-654c58b6f943","Audio":{"timestamp":1611073123281.531,"packetsReceived":20407,"packetsLost":0},"Type":"inbound-rtp","Video":{"timestamp":1611073123281.531,"packetsReceived":1295,"packetsLost":0}},{"from":"Jysamrani_4f259002-81e1-43ee-b6ee-738e01617b81","to":"Tishang_953b3d18-be39-4a53-811c-654c58b6f943","Audio":{"timestamp":1611073123281.531,"packetsReceived":20407,"packetsLost":0},"Type":"inbound-rtp","Video":{"timestamp":1611073123281.531,"packetsReceived":1295,"packetsLost":0}},{"from":"Jysamrani_4f259002-81e1-43ee-b6ee-738e01617b81","to":"Tishang_953b3d18-be39-4a53-811c-654c58b6f943","Audio":{"timestamp":1611073128281.654,"packetsReceived":20658,"packetsLost":0},"Type":"inbound-rtp","Video":{"timestamp":1611073128281.654,"packetsReceived":1332,"packetsLost":0}},{"from":"Jysamrani_4f259002-81e1-43ee-b6ee-738e01617b81","to":"Tishang_953b3d18-be39-4a53-811c-654c58b6f943","Audio":{"timestamp":1611073128281.654,"packetsReceived":20658,"packetsLost":0},"Type":"inbound-rtp","Video":{"timestamp":1611073128281.654,"packetsReceived":1332,"packetsLost":0}},{"from":"Jysamrani_4f259002-81e1-43ee-b6ee-738e01617b81","to":"Tishang_953b3d18-be39-4a53-811c-654c58b6f943","Audio":{"timestamp":1611073133281.493,"packetsReceived":20908,"packetsLost":0},"Type":"inbound-rtp","Video":{"timestamp":1611073133281.493,"packetsReceived":1354,"packetsLost":0}},{"from":"Jysamrani_4f259002-81e1-43ee-b6ee-738e01617b81","to":"Tishang_953b3d18-be39-4a53-811c-654c58b6f943","Audio":{"timestamp":1611073133281.493,"packetsReceived":20908,"packetsLost":0},"Type":"inbound-rtp","Video":{"timestamp":1611073133281.493,"packetsReceived":1354,"packetsLost":0}},{"from":"Jysamrani_4f259002-81e1-43ee-b6ee-738e01617b81","to":"Tishang_953b3d18-be39-4a53-811c-654c58b6f943","Audio":{"timestamp":1611073138281.576,"packetsReceived":21158,"packetsLost":0},"Type":"inbound-rtp","Video":{"timestamp":1611073138281.576,"packetsReceived":1370,"packetsLost":0}},{"from":"Jysamrani_4f259002-81e1-43ee-b6ee-738e01617b81","to":"Tishang_953b3d18-be39-4a53-811c-654c58b6f943","Audio":{"timestamp":1611073138281.576,"packetsReceived":21158,"packetsLost":0},"Type":"inbound-rtp","Video":{"timestamp":1611073138281.576,"packetsReceived":1370,"packetsLost":0}},{"from":"Jysamrani_4f259002-81e1-43ee-b6ee-738e01617b81","to":"Tishang_953b3d18-be39-4a53-811c-654c58b6f943","Audio":{"timestamp":1611073143281.584,"packetsReceived":21408,"packetsLost":0},"Type":"inbound-rtp","Video":{"timestamp":1611073143281.584,"packetsReceived":1419,"packetsLost":0}},{"from":"Jysamrani_4f259002-81e1-43ee-b6ee-738e01617b81","to":"Tishang_953b3d18-be39-4a53-811c-654c58b6f943","Audio":{"timestamp":1611073143281.584,"packetsReceived":21408,"packetsLost":0},"Type":"inbound-rtp","Video":{"timestamp":1611073143281.584,"packetsReceived":1419,"packetsLost":0}},{"from":"Jysamrani_4f259002-81e1-43ee-b6ee-738e01617b81","to":"Tishang_953b3d18-be39-4a53-811c-654c58b6f943","Audio":{"timestamp":1611073148281.522,"packetsReceived":21658,"packetsLost":0},"Type":"inbound-rtp","Video":{"timestamp":1611073148281.522,"packetsReceived":1570,"packetsLost":0}},{"from":"Jysamrani_4f259002-81e1-43ee-b6ee-738e01617b81","to":"Tishang_953b3d18-be39-4a53-811c-654c58b6f943","Audio":{"timestamp":1611073148281.522,"packetsReceived":21658,"packetsLost":0},"Type":"inbound-rtp","Video":{"timestamp":1611073148281.522,"packetsReceived":1570,"packetsLost":0}},{"from":"Jysamrani_4f259002-81e1-43ee-b6ee-738e01617b81","to":"Tishang_953b3d18-be39-4a53-811c-654c58b6f943","Audio":{"timestamp":1611073153281.476,"packetsReceived":21908,"packetsLost":0},"Type":"inbound-rtp","Video":{"timestamp":1611073153281.476,"packetsReceived":2054,"packetsLost":0}},{"from":"Jysamrani_4f259002-81e1-43ee-b6ee-738e01617b81","to":"Tishang_953b3d18-be39-4a53-811c-654c58b6f943","Audio":{"timestamp":1611073153281.476,"packetsReceived":21908,"packetsLost":0},"Type":"inbound-rtp","Video":{"timestamp":1611073153281.476,"packetsReceived":2054,"packetsLost":0}},{"from":"Jysamrani_4f259002-81e1-43ee-b6ee-738e01617b81","to":"Tishang_953b3d18-be39-4a53-811c-654c58b6f943","Audio":{"timestamp":1611073158282.021,"packetsReceived":22157,"packetsLost":0},"Type":"inbound-rtp","Video":{"timestamp":1611073158282.021,"packetsReceived":2529,"packetsLost":0}},{"from":"Jysamrani_4f259002-81e1-43ee-b6ee-738e01617b81","to":"Tishang_953b3d18-be39-4a53-811c-654c58b6f943","Audio":{"timestamp":1611073158282.021,"packetsReceived":22157,"packetsLost":0},"Type":"inbound-rtp","Video":{"timestamp":1611073158282.021,"packetsReceived":2529,"packetsLost":0}},{"from":"Jysamrani_4f259002-81e1-43ee-b6ee-738e01617b81","to":"Tishang_953b3d18-be39-4a53-811c-654c58b6f943","Audio":{"timestamp":1611073163281.526,"packetsReceived":22408,"packetsLost":0},"Type":"inbound-rtp","Video":{"timestamp":1611073163281.526,"packetsReceived":2873,"packetsLost":0}},{"from":"Jysamrani_4f259002-81e1-43ee-b6ee-738e01617b81","to":"Tishang_953b3d18-be39-4a53-811c-654c58b6f943","Audio":{"timestamp":1611073163281.526,"packetsReceived":22408,"packetsLost":0},"Type":"inbound-rtp","Video":{"timestamp":1611073163281.526,"packetsReceived":2873,"packetsLost":0}},{"from":"Jysamrani_4f259002-81e1-43ee-b6ee-738e01617b81","to":"Tishang_953b3d18-be39-4a53-811c-654c58b6f943","Audio":{"timestamp":1611073168281.493,"packetsReceived":22657,"packetsLost":0},"Type":"inbound-rtp","Video":{"timestamp":1611073168281.493,"packetsReceived":3173,"packetsLost":0}},{"from":"Jysamrani_4f259002-81e1-43ee-b6ee-738e01617b81","to":"Tishang_953b3d18-be39-4a53-811c-654c58b6f943","Audio":{"timestamp":1611073168281.493,"packetsReceived":22657,"packetsLost":0},"Type":"inbound-rtp","Video":{"timestamp":1611073168281.493,"packetsReceived":3173,"packetsLost":0}},{"from":"Jysamrani_4f259002-81e1-43ee-b6ee-738e01617b81","to":"Tishang_953b3d18-be39-4a53-811c-654c58b6f943","Audio":{"timestamp":1611073173281.801,"packetsReceived":22907,"packetsLost":0},"Type":"inbound-rtp","Video":{"timestamp":1611073173281.801,"packetsReceived":3544,"packetsLost":0}},{"from":"Jysamrani_4f259002-81e1-43ee-b6ee-738e01617b81","to":"Tishang_953b3d18-be39-4a53-811c-654c58b6f943","Audio":{"timestamp":1611073173281.801,"packetsReceived":22907,"packetsLost":0},"Type":"inbound-rtp","Video":{"timestamp":1611073173281.801,"packetsReceived":3544,"packetsLost":0}},{"from":"Jysamrani_4f259002-81e1-43ee-b6ee-738e01617b81","to":"Tishang_953b3d18-be39-4a53-811c-654c58b6f943","Audio":{"timestamp":1611073178282.301,"packetsReceived":23158,"packetsLost":0},"Type":"inbound-rtp","Video":{"timestamp":1611073178282.301,"packetsReceived":3956,"packetsLost":0}},{"from":"Jysamrani_4f259002-81e1-43ee-b6ee-738e01617b81","to":"Tishang_953b3d18-be39-4a53-811c-654c58b6f943","Audio":{"timestamp":1611073178282.301,"packetsReceived":23158,"packetsLost":0},"Type":"inbound-rtp","Video":{"timestamp":1611073178282.301,"packetsReceived":3956,"packetsLost":0}},{"from":"Jysamrani_4f259002-81e1-43ee-b6ee-738e01617b81","to":"Tishang_953b3d18-be39-4a53-811c-654c58b6f943","Audio":{"timestamp":1611073183281.547,"packetsReceived":23408,"packetsLost":0},"Type":"inbound-rtp","Video":{"timestamp":1611073183281.547,"packetsReceived":4399,"packetsLost":0}},{"from":"Jysamrani_4f259002-81e1-43ee-b6ee-738e01617b81","to":"Tishang_953b3d18-be39-4a53-811c-654c58b6f943","Audio":{"timestamp":1611073183281.547,"packetsReceived":23408,"packetsLost":0},"Type":"inbound-rtp","Video":{"timestamp":1611073183281.547,"packetsReceived":4399,"packetsLost":0}},{"from":"Jysamrani_4f259002-81e1-43ee-b6ee-738e01617b81","to":"Tishang_953b3d18-be39-4a53-811c-654c58b6f943","Audio":{"timestamp":1611073188281.562,"packetsReceived":23657,"packetsLost":0},"Type":"inbound-rtp","Video":{"timestamp":1611073188281.562,"packetsReceived":4971,"packetsLost":0}},{"from":"Jysamrani_4f259002-81e1-43ee-b6ee-738e01617b81","to":"Tishang_953b3d18-be39-4a53-811c-654c58b6f943","Audio":{"timestamp":1611073188281.562,"packetsReceived":23657,"packetsLost":0},"Type":"inbound-rtp","Video":{"timestamp":1611073188281.562,"packetsReceived":4971,"packetsLost":0}},{"from":"Jysamrani_4f259002-81e1-43ee-b6ee-738e01617b81","to":"Tishang_953b3d18-be39-4a53-811c-654c58b6f943","Audio":{"timestamp":1611073193281.477,"packetsReceived":23908,"packetsLost":0},"Type":"inbound-rtp","Video":{"timestamp":1611073193281.477,"packetsReceived":5609,"packetsLost":0}},{"from":"Jysamrani_4f259002-81e1-43ee-b6ee-738e01617b81","to":"Tishang_953b3d18-be39-4a53-811c-654c58b6f943","Audio":{"timestamp":1611073193281.477,"packetsReceived":23908,"packetsLost":0},"Type":"inbound-rtp","Video":{"timestamp":1611073193281.477,"packetsReceived":5609,"packetsLost":0}},{"from":"Jysamrani_4f259002-81e1-43ee-b6ee-738e01617b81","to":"Tishang_953b3d18-be39-4a53-811c-654c58b6f943","Audio":{"timestamp":1611073198281.621,"packetsReceived":24158,"packetsLost":0},"Type":"inbound-rtp","Video":{"timestamp":1611073198281.621,"packetsReceived":6512,"packetsLost":0}},{"from":"Jysamrani_4f259002-81e1-43ee-b6ee-738e01617b81","to":"Tishang_953b3d18-be39-4a53-811c-654c58b6f943","Audio":{"timestamp":1611073198281.621,"packetsReceived":24158,"packetsLost":0},"Type":"inbound-rtp","Video":{"timestamp":1611073198281.621,"packetsReceived":6512,"packetsLost":0}},{"from":"Jysamrani_4f259002-81e1-43ee-b6ee-738e01617b81","to":"Tishang_953b3d18-be39-4a53-811c-654c58b6f943","Audio":{"timestamp":1611073203281.472,"packetsReceived":24408,"packetsLost":0},"Type":"inbound-rtp","Video":{"timestamp":1611073203281.472,"packetsReceived":7530,"packetsLost":0}},{"from":"Jysamrani_4f259002-81e1-43ee-b6ee-738e01617b81","to":"Tishang_953b3d18-be39-4a53-811c-654c58b6f943","Audio":{"timestamp":1611073203281.472,"packetsReceived":24408,"packetsLost":0},"Type":"inbound-rtp","Video":{"timestamp":1611073203281.472,"packetsReceived":7530,"packetsLost":0}},{"from":"Jysamrani_4f259002-81e1-43ee-b6ee-738e01617b81","to":"Tishang_953b3d18-be39-4a53-811c-654c58b6f943","Audio":{"timestamp":1611073208281.568,"packetsReceived":24658,"packetsLost":0},"Type":"inbound-rtp","Video":{"timestamp":1611073208281.568,"packetsReceived":8703,"packetsLost":0}},{"from":"Jysamrani_4f259002-81e1-43ee-b6ee-738e01617b81","to":"Tishang_953b3d18-be39-4a53-811c-654c58b6f943","Audio":{"timestamp":1611073208281.568,"packetsReceived":24658,"packetsLost":0},"Type":"inbound-rtp","Video":{"timestamp":1611073208281.568,"packetsReceived":8703,"packetsLost":0}},{"from":"Jysamrani_4f259002-81e1-43ee-b6ee-738e01617b81","to":"Tishang_953b3d18-be39-4a53-811c-654c58b6f943","Audio":{"timestamp":1611073213281.481,"packetsReceived":24908,"packetsLost":0},"Type":"inbound-rtp","Video":{"timestamp":1611073213281.481,"packetsReceived":9961,"packetsLost":0}},{"from":"Jysamrani_4f259002-81e1-43ee-b6ee-738e01617b81","to":"Tishang_953b3d18-be39-4a53-811c-654c58b6f943","Audio":{"timestamp":1611073213281.481,"packetsReceived":24908,"packetsLost":0},"Type":"inbound-rtp","Video":{"timestamp":1611073213281.481,"packetsReceived":9961,"packetsLost":0}},{"from":"Jysamrani_4f259002-81e1-43ee-b6ee-738e01617b81","to":"Tishang_953b3d18-be39-4a53-811c-654c58b6f943","Audio":{"timestamp":1611073218281.501,"packetsReceived":25157,"packetsLost":0},"Type":"inbound-rtp","Video":{"timestamp":1611073218281.501,"packetsReceived":11430,"packetsLost":0}},{"from":"Jysamrani_4f259002-81e1-43ee-b6ee-738e01617b81","to":"Tishang_953b3d18-be39-4a53-811c-654c58b6f943","Audio":{"timestamp":1611073218281.501,"packetsReceived":25157,"packetsLost":0},"Type":"inbound-rtp","Video":{"timestamp":1611073218281.501,"packetsReceived":11430,"packetsLost":0}},{"from":"Jysamrani_4f259002-81e1-43ee-b6ee-738e01617b81","to":"Tishang_953b3d18-be39-4a53-811c-654c58b6f943","Audio":{"timestamp":1611073223281.565,"packetsReceived":25408,"packetsLost":0},"Type":"inbound-rtp","Video":{"timestamp":1611073223281.565,"packetsReceived":12699,"packetsLost":0}},{"from":"Jysamrani_4f259002-81e1-43ee-b6ee-738e01617b81","to":"Tishang_953b3d18-be39-4a53-811c-654c58b6f943","Audio":{"timestamp":1611073223281.565,"packetsReceived":25408,"packetsLost":0},"Type":"inbound-rtp","Video":{"timestamp":1611073223281.565,"packetsReceived":12699,"packetsLost":0}},{"from":"Jysamrani_4f259002-81e1-43ee-b6ee-738e01617b81","to":"Tishang_953b3d18-be39-4a53-811c-654c58b6f943","Audio":{"timestamp":1611073228281.559,"packetsReceived":25657,"packetsLost":0},"Type":"inbound-rtp","Video":{"timestamp":1611073228281.559,"packetsReceived":14359,"packetsLost":0}},{"from":"Jysamrani_4f259002-81e1-43ee-b6ee-738e01617b81","to":"Tishang_953b3d18-be39-4a53-811c-654c58b6f943","Audio":{"timestamp":1611073228281.559,"packetsReceived":25657,"packetsLost":0},"Type":"inbound-rtp","Video":{"timestamp":1611073228281.559,"packetsReceived":14359,"packetsLost":0}},{"from":"Jysamrani_4f259002-81e1-43ee-b6ee-738e01617b81","to":"Tishang_953b3d18-be39-4a53-811c-654c58b6f943","Audio":{"timestamp":1611073233281.568,"packetsReceived":25907,"packetsLost":0},"Type":"inbound-rtp","Video":{"timestamp":1611073233281.568,"packetsReceived":15296,"packetsLost":0}},{"from":"Jysamrani_4f259002-81e1-43ee-b6ee-738e01617b81","to":"Tishang_953b3d18-be39-4a53-811c-654c58b6f943","Audio":{"timestamp":1611073233281.568,"packetsReceived":25907,"packetsLost":0},"Type":"inbound-rtp","Video":{"timestamp":1611073233281.568,"packetsReceived":15296,"packetsLost":0}},{"from":"Jysamrani_4f259002-81e1-43ee-b6ee-738e01617b81","to":"Tishang_953b3d18-be39-4a53-811c-654c58b6f943","Audio":{"timestamp":1611073238281.565,"packetsReceived":26158,"packetsLost":0},"Type":"inbound-rtp","Video":{"timestamp":1611073238281.565,"packetsReceived":16108,"packetsLost":0}},{"from":"Jysamrani_4f259002-81e1-43ee-b6ee-738e01617b81","to":"Tishang_953b3d18-be39-4a53-811c-654c58b6f943","Audio":{"timestamp":1611073238281.565,"packetsReceived":26158,"packetsLost":0},"Type":"inbound-rtp","Video":{"timestamp":1611073238281.565,"packetsReceived":16108,"packetsLost":0}},{"from":"Jysamrani_4f259002-81e1-43ee-b6ee-738e01617b81","to":"Tishang_953b3d18-be39-4a53-811c-654c58b6f943","Audio":{"timestamp":1611073243281.495,"packetsReceived":26408,"packetsLost":0},"Type":"inbound-rtp","Video":{"timestamp":1611073243281.495,"packetsReceived":16496,"packetsLost":0}},{"from":"Jysamrani_4f259002-81e1-43ee-b6ee-738e01617b81","to":"Tishang_953b3d18-be39-4a53-811c-654c58b6f943","Audio":{"timestamp":1611073243281.495,"packetsReceived":26408,"packetsLost":0},"Type":"inbound-rtp","Video":{"timestamp":1611073243281.495,"packetsReceived":16496,"packetsLost":0}},{"from":"Jysamrani_4f259002-81e1-43ee-b6ee-738e01617b81","to":"Tishang_953b3d18-be39-4a53-811c-654c58b6f943","Audio":{"timestamp":1611073248281.891,"packetsReceived":26657,"packetsLost":0},"Type":"inbound-rtp","Video":{"timestamp":1611073248281.891,"packetsReceived":16925,"packetsLost":0}},{"from":"Jysamrani_4f259002-81e1-43ee-b6ee-738e01617b81","to":"Tishang_953b3d18-be39-4a53-811c-654c58b6f943","Audio":{"timestamp":1611073248281.891,"packetsReceived":26657,"packetsLost":0},"Type":"inbound-rtp","Video":{"timestamp":1611073248281.891,"packetsReceived":16925,"packetsLost":0}},{"from":"Jysamrani_4f259002-81e1-43ee-b6ee-738e01617b81","to":"Tishang_953b3d18-be39-4a53-811c-654c58b6f943","Audio":{"timestamp":1611073253281.543,"packetsReceived":26908,"packetsLost":0},"Type":"inbound-rtp","Video":{"timestamp":1611073253281.543,"packetsReceived":17370,"packetsLost":0}},{"from":"Jysamrani_4f259002-81e1-43ee-b6ee-738e01617b81","to":"Tishang_953b3d18-be39-4a53-811c-654c58b6f943","Audio":{"timestamp":1611073253281.543,"packetsReceived":26908,"packetsLost":0},"Type":"inbound-rtp","Video":{"timestamp":1611073253281.543,"packetsReceived":17370,"packetsLost":0}},{"from":"Jysamrani_4f259002-81e1-43ee-b6ee-738e01617b81","to":"Tishang_953b3d18-be39-4a53-811c-654c58b6f943","Audio":{"timestamp":1611073258281.462,"packetsReceived":27157,"packetsLost":0},"Type":"inbound-rtp","Video":{"timestamp":1611073258281.462,"packetsReceived":17845,"packetsLost":0}},{"from":"Jysamrani_4f259002-81e1-43ee-b6ee-738e01617b81","to":"Tishang_953b3d18-be39-4a53-811c-654c58b6f943","Audio":{"timestamp":1611073258281.462,"packetsReceived":27157,"packetsLost":0},"Type":"inbound-rtp","Video":{"timestamp":1611073258281.462,"packetsReceived":17845,"packetsLost":0}},{"from":"Jysamrani_4f259002-81e1-43ee-b6ee-738e01617b81","to":"Tishang_953b3d18-be39-4a53-811c-654c58b6f943","Audio":{"timestamp":1611073263281.57,"packetsReceived":27407,"packetsLost":0},"Type":"inbound-rtp","Video":{"timestamp":1611073263281.57,"packetsReceived":18380,"packetsLost":0}},{"from":"Jysamrani_4f259002-81e1-43ee-b6ee-738e01617b81","to":"Tishang_953b3d18-be39-4a53-811c-654c58b6f943","Audio":{"timestamp":1611073263281.57,"packetsReceived":27407,"packetsLost":0},"Type":"inbound-rtp","Video":{"timestamp":1611073263281.57,"packetsReceived":18380,"packetsLost":0}},{"from":"Jysamrani_4f259002-81e1-43ee-b6ee-738e01617b81","to":"Tishang_953b3d18-be39-4a53-811c-654c58b6f943","Audio":{"timestamp":1611073268281.607,"packetsReceived":27658,"packetsLost":0},"Type":"inbound-rtp","Video":{"timestamp":1611073268281.607,"packetsReceived":19041,"packetsLost":0}},{"from":"Jysamrani_4f259002-81e1-43ee-b6ee-738e01617b81","to":"Tishang_953b3d18-be39-4a53-811c-654c58b6f943","Audio":{"timestamp":1611073268281.607,"packetsReceived":27658,"packetsLost":0},"Type":"inbound-rtp","Video":{"timestamp":1611073268281.607,"packetsReceived":19041,"packetsLost":0}},{"from":"Jysamrani_4f259002-81e1-43ee-b6ee-738e01617b81","to":"Tishang_953b3d18-be39-4a53-811c-654c58b6f943","Audio":{"timestamp":1611073273281.491,"packetsReceived":27907,"packetsLost":0},"Type":"inbound-rtp","Video":{"timestamp":1611073273281.491,"packetsReceived":19942,"packetsLost":0}},{"from":"Jysamrani_4f259002-81e1-43ee-b6ee-738e01617b81","to":"Tishang_953b3d18-be39-4a53-811c-654c58b6f943","Audio":{"timestamp":1611073273281.491,"packetsReceived":27907,"packetsLost":0},"Type":"inbound-rtp","Video":{"timestamp":1611073273281.491,"packetsReceived":19942,"packetsLost":0}},{"from":"Jysamrani_4f259002-81e1-43ee-b6ee-738e01617b81","to":"Tishang_953b3d18-be39-4a53-811c-654c58b6f943","Audio":{"timestamp":1611073278281.483,"packetsReceived":28157,"packetsLost":0},"Type":"inbound-rtp","Video":{"timestamp":1611073278281.483,"packetsReceived":20803,"packetsLost":0}},{"from":"Jysamrani_4f259002-81e1-43ee-b6ee-738e01617b81","to":"Tishang_953b3d18-be39-4a53-811c-654c58b6f943","Audio":{"timestamp":1611073278281.483,"packetsReceived":28157,"packetsLost":0},"Type":"inbound-rtp","Video":{"timestamp":1611073278281.483,"packetsReceived":20803,"packetsLost":0}},{"from":"Jysamrani_4f259002-81e1-43ee-b6ee-738e01617b81","to":"Tishang_953b3d18-be39-4a53-811c-654c58b6f943","Audio":{"timestamp":1611073283281.502,"packetsReceived":28408,"packetsLost":0},"Type":"inbound-rtp","Video":{"timestamp":1611073283281.502,"packetsReceived":21713,"packetsLost":0}},{"from":"Jysamrani_4f259002-81e1-43ee-b6ee-738e01617b81","to":"Tishang_953b3d18-be39-4a53-811c-654c58b6f943","Audio":{"timestamp":1611073283281.502,"packetsReceived":28408,"packetsLost":0},"Type":"inbound-rtp","Video":{"timestamp":1611073283281.502,"packetsReceived":21713,"packetsLost":0}},{"from":"Jysamrani_4f259002-81e1-43ee-b6ee-738e01617b81","to":"Tishang_953b3d18-be39-4a53-811c-654c58b6f943","Audio":{"timestamp":1611073288281.583,"packetsReceived":28658,"packetsLost":0},"Type":"inbound-rtp","Video":{"timestamp":1611073288281.583,"packetsReceived":22549,"packetsLost":0}},{"from":"Jysamrani_4f259002-81e1-43ee-b6ee-738e01617b81","to":"Tishang_953b3d18-be39-4a53-811c-654c58b6f943","Audio":{"timestamp":1611073288281.583,"packetsReceived":28658,"packetsLost":0},"Type":"inbound-rtp","Video":{"timestamp":1611073288281.583,"packetsReceived":22549,"packetsLost":0}},{"from":"Jysamrani_4f259002-81e1-43ee-b6ee-738e01617b81","to":"Tishang_953b3d18-be39-4a53-811c-654c58b6f943","Audio":{"timestamp":1611073293281.481,"packetsReceived":28907,"packetsLost":0},"Type":"inbound-rtp","Video":{"timestamp":1611073293281.481,"packetsReceived":23263,"packetsLost":0}},{"from":"Jysamrani_4f259002-81e1-43ee-b6ee-738e01617b81","to":"Tishang_953b3d18-be39-4a53-811c-654c58b6f943","Audio":{"timestamp":1611073293281.481,"packetsReceived":28907,"packetsLost":0},"Type":"inbound-rtp","Video":{"timestamp":1611073293281.481,"packetsReceived":23263,"packetsLost":0}},{"from":"Jysamrani_4f259002-81e1-43ee-b6ee-738e01617b81","to":"Tishang_953b3d18-be39-4a53-811c-654c58b6f943","Audio":{"timestamp":1611073298281.494,"packetsReceived":29158,"packetsLost":0},"Type":"inbound-rtp","Video":{"timestamp":1611073298281.494,"packetsReceived":24345,"packetsLost":0}},{"from":"Jysamrani_4f259002-81e1-43ee-b6ee-738e01617b81","to":"Tishang_953b3d18-be39-4a53-811c-654c58b6f943","Audio":{"timestamp":1611073298281.494,"packetsReceived":29158,"packetsLost":0},"Type":"inbound-rtp","Video":{"timestamp":1611073298281.494,"packetsReceived":24345,"packetsLost":0}},{"from":"Jysamrani_4f259002-81e1-43ee-b6ee-738e01617b81","to":"Tishang_953b3d18-be39-4a53-811c-654c58b6f943","Audio":{"timestamp":1611073303281.553,"packetsReceived":29407,"packetsLost":0},"Type":"inbound-rtp","Video":{"timestamp":1611073303281.553,"packetsReceived":25007,"packetsLost":0}},{"from":"Jysamrani_4f259002-81e1-43ee-b6ee-738e01617b81","to":"Tishang_953b3d18-be39-4a53-811c-654c58b6f943","Audio":{"timestamp":1611073303281.553,"packetsReceived":29407,"packetsLost":0},"Type":"inbound-rtp","Video":{"timestamp":1611073303281.553,"packetsReceived":25007,"packetsLost":0}},{"from":"Jysamrani_4f259002-81e1-43ee-b6ee-738e01617b81","to":"Tishang_953b3d18-be39-4a53-811c-654c58b6f943","Audio":{"timestamp":1611073308281.531,"packetsReceived":29657,"packetsLost":0},"Type":"inbound-rtp","Video":{"timestamp":1611073308281.531,"packetsReceived":25702,"packetsLost":0}},{"from":"Jysamrani_4f259002-81e1-43ee-b6ee-738e01617b81","to":"Tishang_953b3d18-be39-4a53-811c-654c58b6f943","Audio":{"timestamp":1611073308281.531,"packetsReceived":29657,"packetsLost":0},"Type":"inbound-rtp","Video":{"timestamp":1611073308281.531,"packetsReceived":25702,"packetsLost":0}},{"from":"Jysamrani_4f259002-81e1-43ee-b6ee-738e01617b81","to":"Tishang_953b3d18-be39-4a53-811c-654c58b6f943","Audio":{"timestamp":1611073313281.535,"packetsReceived":29908,"packetsLost":0},"Type":"inbound-rtp","Video":{"timestamp":1611073313281.535,"packetsReceived":26244,"packetsLost":0}},{"from":"Jysamrani_4f259002-81e1-43ee-b6ee-738e01617b81","to":"Tishang_953b3d18-be39-4a53-811c-654c58b6f943","Audio":{"timestamp":1611073313281.535,"packetsReceived":29908,"packetsLost":0},"Type":"inbound-rtp","Video":{"timestamp":1611073313281.535,"packetsReceived":26244,"packetsLost":0}},{"from":"Jysamrani_4f259002-81e1-43ee-b6ee-738e01617b81","to":"Tishang_953b3d18-be39-4a53-811c-654c58b6f943","Audio":{"timestamp":1611073318281.547,"packetsReceived":30157,"packetsLost":0},"Type":"inbound-rtp","Video":{"timestamp":1611073318281.547,"packetsReceived":27039,"packetsLost":0}},{"from":"Jysamrani_4f259002-81e1-43ee-b6ee-738e01617b81","to":"Tishang_953b3d18-be39-4a53-811c-654c58b6f943","Audio":{"timestamp":1611073318281.547,"packetsReceived":30157,"packetsLost":0},"Type":"inbound-rtp","Video":{"timestamp":1611073318281.547,"packetsReceived":27039,"packetsLost":0}},{"from":"Jysamrani_4f259002-81e1-43ee-b6ee-738e01617b81","to":"Tishang_953b3d18-be39-4a53-811c-654c58b6f943","Audio":{"timestamp":1611073323281.582,"packetsReceived":30408,"packetsLost":0},"Type":"inbound-rtp","Video":{"timestamp":1611073323281.582,"packetsReceived":27818,"packetsLost":0}},{"from":"Jysamrani_4f259002-81e1-43ee-b6ee-738e01617b81","to":"Tishang_953b3d18-be39-4a53-811c-654c58b6f943","Audio":{"timestamp":1611073323281.582,"packetsReceived":30408,"packetsLost":0},"Type":"inbound-rtp","Video":{"timestamp":1611073323281.582,"packetsReceived":27818,"packetsLost":0}},{"from":"Jysamrani_4f259002-81e1-43ee-b6ee-738e01617b81","to":"Tishang_953b3d18-be39-4a53-811c-654c58b6f943","Audio":{"timestamp":1611073328281.573,"packetsReceived":30658,"packetsLost":0},"Type":"inbound-rtp","Video":{"timestamp":1611073328281.573,"packetsReceived":27930,"packetsLost":0}},{"from":"Jysamrani_4f259002-81e1-43ee-b6ee-738e01617b81","to":"Tishang_953b3d18-be39-4a53-811c-654c58b6f943","Audio":{"timestamp":1611073328281.573,"packetsReceived":30658,"packetsLost":0},"Type":"inbound-rtp","Video":{"timestamp":1611073328281.573,"packetsReceived":27930,"packetsLost":0}},{"from":"Jysamrani_4f259002-81e1-43ee-b6ee-738e01617b81","to":"Tishang_953b3d18-be39-4a53-811c-654c58b6f943","Audio":{"timestamp":1611073333281.64,"packetsReceived":30907,"packetsLost":0},"Type":"inbound-rtp","Video":{"timestamp":1611073333281.64,"packetsReceived":28087,"packetsLost":0}},{"from":"Jysamrani_4f259002-81e1-43ee-b6ee-738e01617b81","to":"Tishang_953b3d18-be39-4a53-811c-654c58b6f943","Audio":{"timestamp":1611073333281.64,"packetsReceived":30907,"packetsLost":0},"Type":"inbound-rtp","Video":{"timestamp":1611073333281.64,"packetsReceived":28087,"packetsLost":0}},{"from":"Jysamrani_4f259002-81e1-43ee-b6ee-738e01617b81","to":"Tishang_953b3d18-be39-4a53-811c-654c58b6f943","Audio":{"timestamp":1611073338281.622,"packetsReceived":31158,"packetsLost":0},"Type":"inbound-rtp","Video":{"timestamp":1611073338281.622,"packetsReceived":28418,"packetsLost":0}},{"from":"Jysamrani_4f259002-81e1-43ee-b6ee-738e01617b81","to":"Tishang_953b3d18-be39-4a53-811c-654c58b6f943","Audio":{"timestamp":1611073338281.622,"packetsReceived":31158,"packetsLost":0},"Type":"inbound-rtp","Video":{"timestamp":1611073338281.622,"packetsReceived":28418,"packetsLost":0}},{"from":"Jysamrani_4f259002-81e1-43ee-b6ee-738e01617b81","to":"Tishang_953b3d18-be39-4a53-811c-654c58b6f943","Audio":{"timestamp":1611073343281.665,"packetsReceived":31408,"packetsLost":0},"Type":"inbound-rtp","Video":{"timestamp":1611073343281.665,"packetsReceived":28473,"packetsLost":0}},{"from":"Jysamrani_4f259002-81e1-43ee-b6ee-738e01617b81","to":"Tishang_953b3d18-be39-4a53-811c-654c58b6f943","Audio":{"timestamp":1611073343281.665,"packetsReceived":31408,"packetsLost":0},"Type":"inbound-rtp","Video":{"timestamp":1611073343281.665,"packetsReceived":28473,"packetsLost":0}},{"from":"Jysamrani_4f259002-81e1-43ee-b6ee-738e01617b81","to":"Tishang_953b3d18-be39-4a53-811c-654c58b6f943","Audio":{"timestamp":1611073348281.75,"packetsReceived":31657,"packetsLost":0},"Type":"inbound-rtp","Video":{"timestamp":1611073348281.75,"packetsReceived":28493,"packetsLost":0}},{"from":"Jysamrani_4f259002-81e1-43ee-b6ee-738e01617b81","to":"Tishang_953b3d18-be39-4a53-811c-654c58b6f943","Audio":{"timestamp":1611073348281.75,"packetsReceived":31657,"packetsLost":0},"Type":"inbound-rtp","Video":{"timestamp":1611073348281.75,"packetsReceived":28493,"packetsLost":0}},{"from":"Jysamrani_4f259002-81e1-43ee-b6ee-738e01617b81","to":"Tishang_953b3d18-be39-4a53-811c-654c58b6f943","Audio":{"timestamp":1611073353281.678,"packetsReceived":31907,"packetsLost":0},"Type":"inbound-rtp","Video":{"timestamp":1611073353281.678,"packetsReceived":28513,"packetsLost":0}},{"from":"Jysamrani_4f259002-81e1-43ee-b6ee-738e01617b81","to":"Tishang_953b3d18-be39-4a53-811c-654c58b6f943","Audio":{"timestamp":1611073353281.678,"packetsReceived":31907,"packetsLost":0},"Type":"inbound-rtp","Video":{"timestamp":1611073353281.678,"packetsReceived":28513,"packetsLost":0}},{"from":"Jysamrani_4f259002-81e1-43ee-b6ee-738e01617b81","to":"Tishang_953b3d18-be39-4a53-811c-654c58b6f943","Audio":{"timestamp":1611073358281.61,"packetsReceived":32158,"packetsLost":0},"Type":"inbound-rtp","Video":{"timestamp":1611073358281.61,"packetsReceived":28533,"packetsLost":0}},{"from":"Jysamrani_4f259002-81e1-43ee-b6ee-738e01617b81","to":"Tishang_953b3d18-be39-4a53-811c-654c58b6f943","Audio":{"timestamp":1611073358281.61,"packetsReceived":32158,"packetsLost":0},"Type":"inbound-rtp","Video":{"timestamp":1611073358281.61,"packetsReceived":28533,"packetsLost":0}},{"from":"Jysamrani_4f259002-81e1-43ee-b6ee-738e01617b81","to":"Tishang_953b3d18-be39-4a53-811c-654c58b6f943","Audio":{"timestamp":1611073363281.5,"packetsReceived":32407,"packetsLost":0},"Type":"inbound-rtp","Video":{"timestamp":1611073363281.5,"packetsReceived":28553,"packetsLost":0}},{"from":"Jysamrani_4f259002-81e1-43ee-b6ee-738e01617b81","to":"Tishang_953b3d18-be39-4a53-811c-654c58b6f943","Audio":{"timestamp":1611073363281.5,"packetsReceived":32407,"packetsLost":0},"Type":"inbound-rtp","Video":{"timestamp":1611073363281.5,"packetsReceived":28553,"packetsLost":0}},{"from":"Jysamrani_4f259002-81e1-43ee-b6ee-738e01617b81","to":"Tishang_953b3d18-be39-4a53-811c-654c58b6f943","Audio":{"timestamp":1611073368281.607,"packetsReceived":32657,"packetsLost":0},"Type":"inbound-rtp","Video":{"timestamp":1611073368281.607,"packetsReceived":28569,"packetsLost":0}},{"from":"Jysamrani_4f259002-81e1-43ee-b6ee-738e01617b81","to":"Tishang_953b3d18-be39-4a53-811c-654c58b6f943","Audio":{"timestamp":1611073368281.607,"packetsReceived":32657,"packetsLost":0},"Type":"inbound-rtp","Video":{"timestamp":1611073368281.607,"packetsReceived":28569,"packetsLost":0}},{"from":"Jysamrani_4f259002-81e1-43ee-b6ee-738e01617b81","to":"Tishang_953b3d18-be39-4a53-811c-654c58b6f943","Audio":{"timestamp":1611073373281.753,"packetsReceived":32908,"packetsLost":0},"Type":"inbound-rtp","Video":{"timestamp":1611073373281.753,"packetsReceived":28591,"packetsLost":0}},{"from":"Jysamrani_4f259002-81e1-43ee-b6ee-738e01617b81","to":"Tishang_953b3d18-be39-4a53-811c-654c58b6f943","Audio":{"timestamp":1611073373281.753,"packetsReceived":32908,"packetsLost":0},"Type":"inbound-rtp","Video":{"timestamp":1611073373281.753,"packetsReceived":28591,"packetsLost":0}},{"from":"Jysamrani_4f259002-81e1-43ee-b6ee-738e01617b81","to":"Tishang_953b3d18-be39-4a53-811c-654c58b6f943","Audio":{"timestamp":1611073378281.564,"packetsReceived":33157,"packetsLost":0},"Type":"inbound-rtp","Video":{"timestamp":1611073378281.564,"packetsReceived":28613,"packetsLost":0}},{"from":"Jysamrani_4f259002-81e1-43ee-b6ee-738e01617b81","to":"Tishang_953b3d18-be39-4a53-811c-654c58b6f943","Audio":{"timestamp":1611073378281.564,"packetsReceived":33157,"packetsLost":0},"Type":"inbound-rtp","Video":{"timestamp":1611073378281.564,"packetsReceived":28613,"packetsLost":0}},{"from":"Jysamrani_4f259002-81e1-43ee-b6ee-738e01617b81","to":"Tishang_953b3d18-be39-4a53-811c-654c58b6f943","Audio":{"timestamp":1611073383281.675,"packetsReceived":33407,"packetsLost":0},"Type":"inbound-rtp","Video":{"timestamp":1611073383281.675,"packetsReceived":28629,"packetsLost":0}},{"from":"Jysamrani_4f259002-81e1-43ee-b6ee-738e01617b81","to":"Tishang_953b3d18-be39-4a53-811c-654c58b6f943","Audio":{"timestamp":1611073383281.675,"packetsReceived":33407,"packetsLost":0},"Type":"inbound-rtp","Video":{"timestamp":1611073383281.675,"packetsReceived":28629,"packetsLost":0}},{"from":"Jysamrani_4f259002-81e1-43ee-b6ee-738e01617b81","to":"Tishang_953b3d18-be39-4a53-811c-654c58b6f943","Audio":{"timestamp":1611073388281.553,"packetsReceived":33658,"packetsLost":0},"Type":"inbound-rtp","Video":{"timestamp":1611073388281.553,"packetsReceived":28649,"packetsLost":0}},{"from":"Jysamrani_4f259002-81e1-43ee-b6ee-738e01617b81","to":"Tishang_953b3d18-be39-4a53-811c-654c58b6f943","Audio":{"timestamp":1611073388281.553,"packetsReceived":33658,"packetsLost":0},"Type":"inbound-rtp","Video":{"timestamp":1611073388281.553,"packetsReceived":28649,"packetsLost":0}},{"from":"Jysamrani_4f259002-81e1-43ee-b6ee-738e01617b81","to":"Tishang_953b3d18-be39-4a53-811c-654c58b6f943","Audio":{"timestamp":1611073393281.605,"packetsReceived":33907,"packetsLost":0},"Type":"inbound-rtp","Video":{"timestamp":1611073393281.605,"packetsReceived":28669,"packetsLost":0}},{"from":"Jysamrani_4f259002-81e1-43ee-b6ee-738e01617b81","to":"Tishang_953b3d18-be39-4a53-811c-654c58b6f943","Audio":{"timestamp":1611073393281.605,"packetsReceived":33907,"packetsLost":0},"Type":"inbound-rtp","Video":{"timestamp":1611073393281.605,"packetsReceived":28669,"packetsLost":0}},{"from":"Jysamrani_4f259002-81e1-43ee-b6ee-738e01617b81","to":"Tishang_953b3d18-be39-4a53-811c-654c58b6f943","Audio":{"timestamp":1611073398281.633,"packetsReceived":34158,"packetsLost":0},"Type":"inbound-rtp","Video":{"timestamp":1611073398281.633,"packetsReceived":28685,"packetsLost":0}},{"from":"Jysamrani_4f259002-81e1-43ee-b6ee-738e01617b81","to":"Tishang_953b3d18-be39-4a53-811c-654c58b6f943","Audio":{"timestamp":1611073398281.633,"packetsReceived":34158,"packetsLost":0},"Type":"inbound-rtp","Video":{"timestamp":1611073398281.633,"packetsReceived":28685,"packetsLost":0}},{"from":"Jysamrani_4f259002-81e1-43ee-b6ee-738e01617b81","to":"Tishang_953b3d18-be39-4a53-811c-654c58b6f943","Audio":{"timestamp":1611073403281.703,"packetsReceived":34408,"packetsLost":0},"Type":"inbound-rtp","Video":{"timestamp":1611073403281.703,"packetsReceived":28705,"packetsLost":0}},{"from":"Jysamrani_4f259002-81e1-43ee-b6ee-738e01617b81","to":"Tishang_953b3d18-be39-4a53-811c-654c58b6f943","Audio":{"timestamp":1611073403281.703,"packetsReceived":34408,"packetsLost":0},"Type":"inbound-rtp","Video":{"timestamp":1611073403281.703,"packetsReceived":28705,"packetsLost":0}},{"from":"Jysamrani_4f259002-81e1-43ee-b6ee-738e01617b81","to":"Tishang_953b3d18-be39-4a53-811c-654c58b6f943","Audio":{"timestamp":1611073408281.617,"packetsReceived":34657,"packetsLost":0},"Type":"inbound-rtp","Video":{"timestamp":1611073408281.617,"packetsReceived":28725,"packetsLost":0}},{"from":"Jysamrani_4f259002-81e1-43ee-b6ee-738e01617b81","to":"Tishang_953b3d18-be39-4a53-811c-654c58b6f943","Audio":{"timestamp":1611073408281.617,"packetsReceived":34657,"packetsLost":0},"Type":"inbound-rtp","Video":{"timestamp":1611073408281.617,"packetsReceived":28725,"packetsLost":0}},{"from":"Jysamrani_4f259002-81e1-43ee-b6ee-738e01617b81","to":"Tishang_953b3d18-be39-4a53-811c-654c58b6f943","Audio":{"timestamp":1611073413281.628,"packetsReceived":34908,"packetsLost":0},"Type":"inbound-rtp","Video":{"timestamp":1611073413281.628,"packetsReceived":28741,"packetsLost":0}},{"from":"Jysamrani_4f259002-81e1-43ee-b6ee-738e01617b81","to":"Tishang_953b3d18-be39-4a53-811c-654c58b6f943","Audio":{"timestamp":1611073413281.628,"packetsReceived":34908,"packetsLost":0},"Type":"inbound-rtp","Video":{"timestamp":1611073413281.628,"packetsReceived":28741,"packetsLost":0}},{"from":"Jysamrani_4f259002-81e1-43ee-b6ee-738e01617b81","to":"Tishang_953b3d18-be39-4a53-811c-654c58b6f943","Audio":{"timestamp":1611073418281.641,"packetsReceived":35158,"packetsLost":0},"Type":"inbound-rtp","Video":{"timestamp":1611073418281.641,"packetsReceived":28761,"packetsLost":0}},{"from":"Jysamrani_4f259002-81e1-43ee-b6ee-738e01617b81","to":"Tishang_953b3d18-be39-4a53-811c-654c58b6f943","Audio":{"timestamp":1611073418281.641,"packetsReceived":35158,"packetsLost":0},"Type":"inbound-rtp","Video":{"timestamp":1611073418281.641,"packetsReceived":28761,"packetsLost":0}},{"from":"Jysamrani_4f259002-81e1-43ee-b6ee-738e01617b81","to":"Tishang_953b3d18-be39-4a53-811c-654c58b6f943","Audio":{"timestamp":1611073423281.61,"packetsReceived":35407,"packetsLost":0},"Type":"inbound-rtp","Video":{"timestamp":1611073423281.61,"packetsReceived":28781,"packetsLost":0}},{"from":"Jysamrani_4f259002-81e1-43ee-b6ee-738e01617b81","to":"Tishang_953b3d18-be39-4a53-811c-654c58b6f943","Audio":{"timestamp":1611073423281.61,"packetsReceived":35407,"packetsLost":0},"Type":"inbound-rtp","Video":{"timestamp":1611073423281.61,"packetsReceived":28781,"packetsLost":0}},{"from":"Jysamrani_4f259002-81e1-43ee-b6ee-738e01617b81","to":"Tishang_953b3d18-be39-4a53-811c-654c58b6f943","Audio":{"timestamp":1611073428281.611,"packetsReceived":35658,"packetsLost":0},"Type":"inbound-rtp","Video":{"timestamp":1611073428281.611,"packetsReceived":28797,"packetsLost":0}},{"from":"Jysamrani_4f259002-81e1-43ee-b6ee-738e01617b81","to":"Tishang_953b3d18-be39-4a53-811c-654c58b6f943","Audio":{"timestamp":1611073428281.611,"packetsReceived":35658,"packetsLost":0},"Type":"inbound-rtp","Video":{"timestamp":1611073428281.611,"packetsReceived":28797,"packetsLost":0}},{"from":"Jysamrani_4f259002-81e1-43ee-b6ee-738e01617b81","to":"Tishang_953b3d18-be39-4a53-811c-654c58b6f943","Audio":{"timestamp":1611073433281.59,"packetsReceived":35908,"packetsLost":0},"Type":"inbound-rtp","Video":{"timestamp":1611073433281.59,"packetsReceived":28817,"packetsLost":0}},{"from":"Jysamrani_4f259002-81e1-43ee-b6ee-738e01617b81","to":"Tishang_953b3d18-be39-4a53-811c-654c58b6f943","Audio":{"timestamp":1611073433281.59,"packetsReceived":35908,"packetsLost":0},"Type":"inbound-rtp","Video":{"timestamp":1611073433281.59,"packetsReceived":28817,"packetsLost":0}},{"from":"Jysamrani_4f259002-81e1-43ee-b6ee-738e01617b81","to":"Tishang_953b3d18-be39-4a53-811c-654c58b6f943","Audio":{"timestamp":1611073438281.548,"packetsReceived":36157,"packetsLost":0},"Type":"inbound-rtp","Video":{"timestamp":1611073438281.548,"packetsReceived":28837,"packetsLost":0}},{"from":"Jysamrani_4f259002-81e1-43ee-b6ee-738e01617b81","to":"Tishang_953b3d18-be39-4a53-811c-654c58b6f943","Audio":{"timestamp":1611073438281.548,"packetsReceived":36157,"packetsLost":0},"Type":"inbound-rtp","Video":{"timestamp":1611073438281.548,"packetsReceived":28837,"packetsLost":0}},{"from":"Jysamrani_4f259002-81e1-43ee-b6ee-738e01617b81","to":"Tishang_953b3d18-be39-4a53-811c-654c58b6f943","Audio":{"timestamp":1611073443281.549,"packetsReceived":36408,"packetsLost":0},"Type":"inbound-rtp","Video":{"timestamp":1611073443281.549,"packetsReceived":28853,"packetsLost":0}},{"from":"Jysamrani_4f259002-81e1-43ee-b6ee-738e01617b81","to":"Tishang_953b3d18-be39-4a53-811c-654c58b6f943","Audio":{"timestamp":1611073443281.549,"packetsReceived":36408,"packetsLost":0},"Type":"inbound-rtp","Video":{"timestamp":1611073443281.549,"packetsReceived":28853,"packetsLost":0}},{"from":"Jysamrani_4f259002-81e1-43ee-b6ee-738e01617b81","to":"Tishang_953b3d18-be39-4a53-811c-654c58b6f943","Audio":{"timestamp":1611073448281.628,"packetsReceived":36658,"packetsLost":0},"Type":"inbound-rtp","Video":{"timestamp":1611073448281.628,"packetsReceived":28873,"packetsLost":0}},{"from":"Jysamrani_4f259002-81e1-43ee-b6ee-738e01617b81","to":"Tishang_953b3d18-be39-4a53-811c-654c58b6f943","Audio":{"timestamp":1611073448281.628,"packetsReceived":36658,"packetsLost":0},"Type":"inbound-rtp","Video":{"timestamp":1611073448281.628,"packetsReceived":28873,"packetsLost":0}},{"from":"Jysamrani_4f259002-81e1-43ee-b6ee-738e01617b81","to":"Tishang_953b3d18-be39-4a53-811c-654c58b6f943","Audio":{"timestamp":1611073453281.502,"packetsReceived":36907,"packetsLost":0},"Type":"inbound-rtp","Video":{"timestamp":1611073453281.502,"packetsReceived":28893,"packetsLost":0}},{"from":"Jysamrani_4f259002-81e1-43ee-b6ee-738e01617b81","to":"Tishang_953b3d18-be39-4a53-811c-654c58b6f943","Audio":{"timestamp":1611073453281.502,"packetsReceived":36907,"packetsLost":0},"Type":"inbound-rtp","Video":{"timestamp":1611073453281.502,"packetsReceived":28893,"packetsLost":0}},{"from":"Jysamrani_4f259002-81e1-43ee-b6ee-738e01617b81","to":"Tishang_953b3d18-be39-4a53-811c-654c58b6f943","Audio":{"timestamp":1611073458281.611,"packetsReceived":37158,"packetsLost":0},"Type":"inbound-rtp","Video":{"timestamp":1611073458281.611,"packetsReceived":28909,"packetsLost":0}},{"from":"Jysamrani_4f259002-81e1-43ee-b6ee-738e01617b81","to":"Tishang_953b3d18-be39-4a53-811c-654c58b6f943","Audio":{"timestamp":1611073458281.611,"packetsReceived":37158,"packetsLost":0},"Type":"inbound-rtp","Video":{"timestamp":1611073458281.611,"packetsReceived":28909,"packetsLost":0}},{"from":"Jysamrani_4f259002-81e1-43ee-b6ee-738e01617b81","to":"Tishang_953b3d18-be39-4a53-811c-654c58b6f943","Audio":{"timestamp":1611073463281.627,"packetsReceived":37407,"packetsLost":0},"Type":"inbound-rtp","Video":{"timestamp":1611073463281.627,"packetsReceived":28929,"packetsLost":0}},{"from":"Jysamrani_4f259002-81e1-43ee-b6ee-738e01617b81","to":"Tishang_953b3d18-be39-4a53-811c-654c58b6f943","Audio":{"timestamp":1611073463281.627,"packetsReceived":37407,"packetsLost":0},"Type":"inbound-rtp","Video":{"timestamp":1611073463281.627,"packetsReceived":28929,"packetsLost":0}},{"from":"Jysamrani_4f259002-81e1-43ee-b6ee-738e01617b81","to":"Tishang_953b3d18-be39-4a53-811c-654c58b6f943","Audio":{"timestamp":1611073468281.494,"packetsReceived":37657,"packetsLost":0},"Type":"inbound-rtp","Video":{"timestamp":1611073468281.494,"packetsReceived":28949,"packetsLost":0}},{"from":"Jysamrani_4f259002-81e1-43ee-b6ee-738e01617b81","to":"Tishang_953b3d18-be39-4a53-811c-654c58b6f943","Audio":{"timestamp":1611073468281.494,"packetsReceived":37657,"packetsLost":0},"Type":"inbound-rtp","Video":{"timestamp":1611073468281.494,"packetsReceived":28949,"packetsLost":0}},{"from":"Jysamrani_4f259002-81e1-43ee-b6ee-738e01617b81","to":"Tishang_953b3d18-be39-4a53-811c-654c58b6f943","Audio":{"timestamp":1611073473281.657,"packetsReceived":37908,"packetsLost":0},"Type":"inbound-rtp","Video":{"timestamp":1611073473281.657,"packetsReceived":28965,"packetsLost":0}},{"from":"Jysamrani_4f259002-81e1-43ee-b6ee-738e01617b81","to":"Tishang_953b3d18-be39-4a53-811c-654c58b6f943","Audio":{"timestamp":1611073473281.657,"packetsReceived":37908,"packetsLost":0},"Type":"inbound-rtp","Video":{"timestamp":1611073473281.657,"packetsReceived":28965,"packetsLost":0}},{"from":"Jysamrani_4f259002-81e1-43ee-b6ee-738e01617b81","to":"Tishang_953b3d18-be39-4a53-811c-654c58b6f943","Audio":{"timestamp":1611073478281.607,"packetsReceived":38158,"packetsLost":0},"Type":"inbound-rtp","Video":{"timestamp":1611073478281.607,"packetsReceived":28985,"packetsLost":0}},{"from":"Jysamrani_4f259002-81e1-43ee-b6ee-738e01617b81","to":"Tishang_953b3d18-be39-4a53-811c-654c58b6f943","Audio":{"timestamp":1611073478281.607,"packetsReceived":38158,"packetsLost":0},"Type":"inbound-rtp","Video":{"timestamp":1611073478281.607,"packetsReceived":28985,"packetsLost":0}},{"from":"Jysamrani_4f259002-81e1-43ee-b6ee-738e01617b81","to":"Tishang_953b3d18-be39-4a53-811c-654c58b6f943","Audio":{"timestamp":1611073483281.547,"packetsReceived":38407,"packetsLost":0},"Type":"inbound-rtp","Video":{"timestamp":1611073483281.547,"packetsReceived":29005,"packetsLost":0}},{"from":"Jysamrani_4f259002-81e1-43ee-b6ee-738e01617b81","to":"Tishang_953b3d18-be39-4a53-811c-654c58b6f943","Audio":{"timestamp":1611073483281.547,"packetsReceived":38407,"packetsLost":0},"Type":"inbound-rtp","Video":{"timestamp":1611073483281.547,"packetsReceived":29005,"packetsLost":0}},{"from":"Jysamrani_4f259002-81e1-43ee-b6ee-738e01617b81","to":"Tishang_953b3d18-be39-4a53-811c-654c58b6f943","Audio":{"timestamp":1611073488281.653,"packetsReceived":38657,"packetsLost":0},"Type":"inbound-rtp","Video":{"timestamp":1611073488281.653,"packetsReceived":29021,"packetsLost":0}},{"from":"Jysamrani_4f259002-81e1-43ee-b6ee-738e01617b81","to":"Tishang_953b3d18-be39-4a53-811c-654c58b6f943","Audio":{"timestamp":1611073488281.653,"packetsReceived":38657,"packetsLost":0},"Type":"inbound-rtp","Video":{"timestamp":1611073488281.653,"packetsReceived":29021,"packetsLost":0}},{"from":"Jysamrani_4f259002-81e1-43ee-b6ee-738e01617b81","to":"Tishang_953b3d18-be39-4a53-811c-654c58b6f943","Audio":{"timestamp":1611073493281.519,"packetsReceived":38907,"packetsLost":0},"Type":"inbound-rtp","Video":{"timestamp":1611073493281.519,"packetsReceived":29195,"packetsLost":0}},{"from":"Jysamrani_4f259002-81e1-43ee-b6ee-738e01617b81","to":"Tishang_953b3d18-be39-4a53-811c-654c58b6f943","Audio":{"timestamp":1611073493281.519,"packetsReceived":38907,"packetsLost":0},"Type":"inbound-rtp","Video":{"timestamp":1611073493281.519,"packetsReceived":29195,"packetsLost":0}},{"from":"Jysamrani_4f259002-81e1-43ee-b6ee-738e01617b81","to":"Tishang_953b3d18-be39-4a53-811c-654c58b6f943","Audio":{"timestamp":1611073498281.678,"packetsReceived":39157,"packetsLost":0},"Type":"inbound-rtp","Video":{"timestamp":1611073498281.678,"packetsReceived":29292,"packetsLost":0}},{"from":"Jysamrani_4f259002-81e1-43ee-b6ee-738e01617b81","to":"Tishang_953b3d18-be39-4a53-811c-654c58b6f943","Audio":{"timestamp":1611073498281.678,"packetsReceived":39157,"packetsLost":0},"Type":"inbound-rtp","Video":{"timestamp":1611073498281.678,"packetsReceived":29292,"packetsLost":0}},{"from":"Jysamrani_4f259002-81e1-43ee-b6ee-738e01617b81","to":"Tishang_953b3d18-be39-4a53-811c-654c58b6f943","Audio":{"timestamp":1611073503281.617,"packetsReceived":39408,"packetsLost":0},"Type":"inbound-rtp","Video":{"timestamp":1611073503281.617,"packetsReceived":29325,"packetsLost":0}},{"from":"Jysamrani_4f259002-81e1-43ee-b6ee-738e01617b81","to":"Tishang_953b3d18-be39-4a53-811c-654c58b6f943","Audio":{"timestamp":1611073503281.617,"packetsReceived":39408,"packetsLost":0},"Type":"inbound-rtp","Video":{"timestamp":1611073503281.617,"packetsReceived":29325,"packetsLost":0}},{"from":"Jysamrani_4f259002-81e1-43ee-b6ee-738e01617b81","to":"Tishang_953b3d18-be39-4a53-811c-654c58b6f943","Audio":{"timestamp":1611073508281.532,"packetsReceived":39657,"packetsLost":0},"Type":"inbound-rtp","Video":{"timestamp":1611073508281.532,"packetsReceived":29454,"packetsLost":0}},{"from":"Jysamrani_4f259002-81e1-43ee-b6ee-738e01617b81","to":"Tishang_953b3d18-be39-4a53-811c-654c58b6f943","Audio":{"timestamp":1611073508281.532,"packetsReceived":39657,"packetsLost":0},"Type":"inbound-rtp","Video":{"timestamp":1611073508281.532,"packetsReceived":29454,"packetsLost":0}},{"from":"Jysamrani_4f259002-81e1-43ee-b6ee-738e01617b81","to":"Tishang_953b3d18-be39-4a53-811c-654c58b6f943","Audio":{"timestamp":1611073513281.542,"packetsReceived":39907,"packetsLost":0},"Type":"inbound-rtp","Video":{"timestamp":1611073513281.542,"packetsReceived":29617,"packetsLost":0}},{"from":"Jysamrani_4f259002-81e1-43ee-b6ee-738e01617b81","to":"Tishang_953b3d18-be39-4a53-811c-654c58b6f943","Audio":{"timestamp":1611073513281.542,"packetsReceived":39907,"packetsLost":0},"Type":"inbound-rtp","Video":{"timestamp":1611073513281.542,"packetsReceived":29617,"packetsLost":0}},{"from":"Jysamrani_4f259002-81e1-43ee-b6ee-738e01617b81","to":"Tishang_953b3d18-be39-4a53-811c-654c58b6f943","Audio":{"timestamp":1611073518281.669,"packetsReceived":40157,"packetsLost":0},"Type":"inbound-rtp","Video":{"timestamp":1611073518281.669,"packetsReceived":29690,"packetsLost":0}},{"from":"Jysamrani_4f259002-81e1-43ee-b6ee-738e01617b81","to":"Tishang_953b3d18-be39-4a53-811c-654c58b6f943","Audio":{"timestamp":1611073518281.669,"packetsReceived":40157,"packetsLost":0},"Type":"inbound-rtp","Video":{"timestamp":1611073518281.669,"packetsReceived":29690,"packetsLost":0}},{"from":"Jysamrani_4f259002-81e1-43ee-b6ee-738e01617b81","to":"Tishang_953b3d18-be39-4a53-811c-654c58b6f943","Audio":{"timestamp":1611073523281.504,"packetsReceived":40407,"packetsLost":0},"Type":"inbound-rtp","Video":{"timestamp":1611073523281.504,"packetsReceived":29762,"packetsLost":0}},{"from":"Jysamrani_4f259002-81e1-43ee-b6ee-738e01617b81","to":"Tishang_953b3d18-be39-4a53-811c-654c58b6f943","Audio":{"timestamp":1611073523281.504,"packetsReceived":40407,"packetsLost":0},"Type":"inbound-rtp","Video":{"timestamp":1611073523281.504,"packetsReceived":29762,"packetsLost":0}},{"from":"Jysamrani_4f259002-81e1-43ee-b6ee-738e01617b81","to":"Tishang_953b3d18-be39-4a53-811c-654c58b6f943","Audio":{"timestamp":1611073528281.614,"packetsReceived":40657,"packetsLost":0},"Type":"inbound-rtp","Video":{"timestamp":1611073528281.614,"packetsReceived":29880,"packetsLost":0}},{"from":"Jysamrani_4f259002-81e1-43ee-b6ee-738e01617b81","to":"Tishang_953b3d18-be39-4a53-811c-654c58b6f943","Audio":{"timestamp":1611073528281.614,"packetsReceived":40657,"packetsLost":0},"Type":"inbound-rtp","Video":{"timestamp":1611073528281.614,"packetsReceived":29880,"packetsLost":0}},{"from":"Jysamrani_4f259002-81e1-43ee-b6ee-738e01617b81","to":"Tishang_953b3d18-be39-4a53-811c-654c58b6f943","Audio":{"timestamp":1611073533281.578,"packetsReceived":40908,"packetsLost":0},"Type":"inbound-rtp","Video":{"timestamp":1611073533281.578,"packetsReceived":29984,"packetsLost":0}},{"from":"Jysamrani_4f259002-81e1-43ee-b6ee-738e01617b81","to":"Tishang_953b3d18-be39-4a53-811c-654c58b6f943","Audio":{"timestamp":1611073533281.578,"packetsReceived":40908,"packetsLost":0},"Type":"inbound-rtp","Video":{"timestamp":1611073533281.578,"packetsReceived":29984,"packetsLost":0}},{"from":"Jysamrani_4f259002-81e1-43ee-b6ee-738e01617b81","to":"Tishang_953b3d18-be39-4a53-811c-654c58b6f943","Audio":{"timestamp":1611073538281.613,"packetsReceived":41157,"packetsLost":0},"Type":"inbound-rtp","Video":{"timestamp":1611073538281.613,"packetsReceived":30099,"packetsLost":0}},{"from":"Jysamrani_4f259002-81e1-43ee-b6ee-738e01617b81","to":"Tishang_953b3d18-be39-4a53-811c-654c58b6f943","Audio":{"timestamp":1611073538281.613,"packetsReceived":41157,"packetsLost":0},"Type":"inbound-rtp","Video":{"timestamp":1611073538281.613,"packetsReceived":30099,"packetsLost":0}},{"from":"Jysamrani_4f259002-81e1-43ee-b6ee-738e01617b81","to":"Tishang_953b3d18-be39-4a53-811c-654c58b6f943","Audio":{"timestamp":1611073543281.69,"packetsReceived":41407,"packetsLost":0},"Type":"inbound-rtp","Video":{"timestamp":1611073543281.69,"packetsReceived":30230,"packetsLost":0}},{"from":"Jysamrani_4f259002-81e1-43ee-b6ee-738e01617b81","to":"Tishang_953b3d18-be39-4a53-811c-654c58b6f943","Audio":{"timestamp":1611073543281.69,"packetsReceived":41407,"packetsLost":0},"Type":"inbound-rtp","Video":{"timestamp":1611073543281.69,"packetsReceived":30230,"packetsLost":0}},{"from":"Jysamrani_4f259002-81e1-43ee-b6ee-738e01617b81","to":"Tishang_953b3d18-be39-4a53-811c-654c58b6f943","Audio":{"timestamp":1611073548281.596,"packetsReceived":41658,"packetsLost":0},"Type":"inbound-rtp","Video":{"timestamp":1611073548281.596,"packetsReceived":30240,"packetsLost":0}},{"from":"Jysamrani_4f259002-81e1-43ee-b6ee-738e01617b81","to":"Tishang_953b3d18-be39-4a53-811c-654c58b6f943","Audio":{"timestamp":1611073548281.596,"packetsReceived":41658,"packetsLost":0},"Type":"inbound-rtp","Video":{"timestamp":1611073548281.596,"packetsReceived":30240,"packetsLost":0}},{"from":"Jysamrani_4f259002-81e1-43ee-b6ee-738e01617b81","to":"Tishang_953b3d18-be39-4a53-811c-654c58b6f943","Audio":{"timestamp":1611073553281.602,"packetsReceived":41907,"packetsLost":0},"Type":"inbound-rtp","Video":{"timestamp":1611073553281.602,"packetsReceived":30250,"packetsLost":0}},{"from":"Jysamrani_4f259002-81e1-43ee-b6ee-738e01617b81","to":"Tishang_953b3d18-be39-4a53-811c-654c58b6f943","Audio":{"timestamp":1611073553281.602,"packetsReceived":41907,"packetsLost":0},"Type":"inbound-rtp","Video":{"timestamp":1611073553281.602,"packetsReceived":30250,"packetsLost":0}},{"from":"Jysamrani_4f259002-81e1-43ee-b6ee-738e01617b81","to":"Tishang_953b3d18-be39-4a53-811c-654c58b6f943","Audio":{"timestamp":1611073558281.61,"packetsReceived":42157,"packetsLost":0},"Type":"inbound-rtp","Video":{"timestamp":1611073558281.61,"packetsReceived":30260,"packetsLost":0}},{"from":"Jysamrani_4f259002-81e1-43ee-b6ee-738e01617b81","to":"Tishang_953b3d18-be39-4a53-811c-654c58b6f943","Audio":{"timestamp":1611073558281.61,"packetsReceived":42157,"packetsLost":0},"Type":"inbound-rtp","Video":{"timestamp":1611073558281.61,"packetsReceived":30260,"packetsLost":0}},{"from":"Jysamrani_4f259002-81e1-43ee-b6ee-738e01617b81","to":"Tishang_953b3d18-be39-4a53-811c-654c58b6f943","Audio":{"timestamp":1611073563392.308,"packetsReceived":42413,"packetsLost":0},"Type":"inbound-rtp","Video":{"timestamp":1611073563392.308,"packetsReceived":30270,"packetsLost":0}},{"from":"Jysamrani_4f259002-81e1-43ee-b6ee-738e01617b81","to":"Tishang_953b3d18-be39-4a53-811c-654c58b6f943","Audio":{"timestamp":1611073563392.308,"packetsReceived":42413,"packetsLost":0},"Type":"inbound-rtp","Video":{"timestamp":1611073563392.308,"packetsReceived":30270,"packetsLost":0}},{"from":"Jysamrani_4f259002-81e1-43ee-b6ee-738e01617b81","to":"Tishang_953b3d18-be39-4a53-811c-654c58b6f943","Audio":{"timestamp":1611073568392.322,"packetsReceived":42663,"packetsLost":0},"Type":"inbound-rtp","Video":{"timestamp":1611073568392.322,"packetsReceived":30278,"packetsLost":0}},{"from":"Jysamrani_4f259002-81e1-43ee-b6ee-738e01617b81","to":"Tishang_953b3d18-be39-4a53-811c-654c58b6f943","Audio":{"timestamp":1611073568392.322,"packetsReceived":42663,"packetsLost":0},"Type":"inbound-rtp","Video":{"timestamp":1611073568392.322,"packetsReceived":30278,"packetsLost":0}},{"from":"Jysamrani_4f259002-81e1-43ee-b6ee-738e01617b81","to":"Tishang_953b3d18-be39-4a53-811c-654c58b6f943","Audio":{"timestamp":1611073573392.346,"packetsReceived":42913,"packetsLost":0},"Type":"inbound-rtp","Video":{"timestamp":1611073573392.346,"packetsReceived":30288,"packetsLost":0}},{"from":"Jysamrani_4f259002-81e1-43ee-b6ee-738e01617b81","to":"Tishang_953b3d18-be39-4a53-811c-654c58b6f943","Audio":{"timestamp":1611073573392.346,"packetsReceived":42913,"packetsLost":0},"Type":"inbound-rtp","Video":{"timestamp":1611073573392.346,"packetsReceived":30288,"packetsLost":0}}]}