[{"timestamp":1611072680685,"log":{"from":"server","to":"Prthamesh_645c80e4-0a50-44b3-a67b-4e45f4e57f5a","context":"PARENT","data":"{\"peer\":\"Anshu_8bfdf48b-2a95-4693-9479-a9e262b37151\"}"}},{"timestamp":1611072680685,"log":"Parent : Anshu_8bfdf48b-2a95-4693-9479-a9e262b37151"},{"timestamp":1611072681172,"log":{"from":"Anshu_8bfdf48b-2a95-4693-9479-a9e262b37151","to":"Prthamesh_645c80e4-0a50-44b3-a67b-4e45f4e57f5a","context":"CONNECT_ACK","data":"{\"roomID\":\"123456\"}"}},{"timestamp":1611072681172,"log":"Connection ACK from parent : Anshu_8bfdf48b-2a95-4693-9479-a9e262b37151"},{"timestamp":1611072681182,"log":"received sdp from peer : Anshu_8bfdf48b-2a95-4693-9479-a9e262b37151"},{"timestamp":1611072681186,"log":"received ice from peer : Anshu_8bfdf48b-2a95-4693-9479-a9e262b37151"},{"timestamp":1611072681189,"log":"received ice from peer : Anshu_8bfdf48b-2a95-4693-9479-a9e262b37151"},{"timestamp":1611072681190,"log":"remote stream received"},{"timestamp":1611072681190,"log":{}},{"timestamp":1611072681190,"log":"remote stream received"},{"timestamp":1611072681191,"log":{}},{"timestamp":1611072681195,"log":"created description for peer : Anshu_8bfdf48b-2a95-4693-9479-a9e262b37151"},{"timestamp":1611072681203,"log":"connection with peer Anshu_8bfdf48b-2a95-4693-9479-a9e262b37151 checking"},{"timestamp":1611072681203,"log":"ice: Prthamesh_645c80e4-0a50-44b3-a67b-4e45f4e57f5a to Anshu_8bfdf48b-2a95-4693-9479-a9e262b37151"},{"timestamp":1611072681205,"log":"connection with peer Anshu_8bfdf48b-2a95-4693-9479-a9e262b37151 connected"},{"timestamp":1611072681205,"log":"ice: Prthamesh_645c80e4-0a50-44b3-a67b-4e45f4e57f5a to Anshu_8bfdf48b-2a95-4693-9479-a9e262b37151"},{"timestamp":1611072681215,"log":"received ice from peer : Anshu_8bfdf48b-2a95-4693-9479-a9e262b37151"},{"timestamp":1611072681215,"log":"received ice from peer : Anshu_8bfdf48b-2a95-4693-9479-a9e262b37151"}]