[{"timestamp":1611072493002,"log":{"from":"server","to":"Anees_a5508ff5-cf87-4246-870b-6e766f2e5929","context":"PARENT","data":"{\"peer\":\"Unique_676d6f67-4353-47e5-a8e0-e04872e652cb\"}"}},{"timestamp":1611072493002,"log":"Parent : Unique_676d6f67-4353-47e5-a8e0-e04872e652cb"},{"timestamp":1611072493499,"log":{"from":"Unique_676d6f67-4353-47e5-a8e0-e04872e652cb","to":"Anees_a5508ff5-cf87-4246-870b-6e766f2e5929","context":"CONNECT_ACK","data":"{\"roomID\":\"123456\"}"}},{"timestamp":1611072493499,"log":"Connection ACK from parent : Unique_676d6f67-4353-47e5-a8e0-e04872e652cb"},{"timestamp":1611072493508,"log":"received sdp from peer : Unique_676d6f67-4353-47e5-a8e0-e04872e652cb"},{"timestamp":1611072493515,"log":"received ice from peer : Unique_676d6f67-4353-47e5-a8e0-e04872e652cb"},{"timestamp":1611072493528,"log":"remote stream received"},{"timestamp":1611072493529,"log":{}},{"timestamp":1611072493529,"log":"remote stream received"},{"timestamp":1611072493529,"log":{}},{"timestamp":1611072493532,"log":"received ice from peer : Unique_676d6f67-4353-47e5-a8e0-e04872e652cb"},{"timestamp":1611072493548,"log":"created description for peer : Unique_676d6f67-4353-47e5-a8e0-e04872e652cb"},{"timestamp":1611072493553,"log":"received ice from peer : Unique_676d6f67-4353-47e5-a8e0-e04872e652cb"},{"timestamp":1611072493570,"log":"received ice from peer : Unique_676d6f67-4353-47e5-a8e0-e04872e652cb"},{"timestamp":1611072493575,"log":"connection with peer Unique_676d6f67-4353-47e5-a8e0-e04872e652cb checking"},{"timestamp":1611072493579,"log":"ice: Anees_a5508ff5-cf87-4246-870b-6e766f2e5929 to Unique_676d6f67-4353-47e5-a8e0-e04872e652cb"},{"timestamp":1611072493579,"log":"connection with peer Unique_676d6f67-4353-47e5-a8e0-e04872e652cb connected"},{"timestamp":1611072493580,"log":"ice: Anees_a5508ff5-cf87-4246-870b-6e766f2e5929 to Unique_676d6f67-4353-47e5-a8e0-e04872e652cb"}]