[{"timestamp":1611070775697,"log":{"from":"server","to":"Tishang_fbfe336b-9c38-4b34-b0e4-a9d6110b748c","context":"PARENT","data":"{\"peer\":\"Jysamrani_47537ac6-2dac-4307-8d08-3c34e0b4b4a9\"}"}},{"timestamp":1611070775697,"log":"Parent : Jysamrani_47537ac6-2dac-4307-8d08-3c34e0b4b4a9"},{"timestamp":1611070776185,"log":{"from":"Jysamrani_47537ac6-2dac-4307-8d08-3c34e0b4b4a9","to":"Tishang_fbfe336b-9c38-4b34-b0e4-a9d6110b748c","context":"CONNECT_ACK","data":"{\"roomID\":\"123456\"}"}},{"timestamp":1611070776185,"log":"Connection ACK from parent : Jysamrani_47537ac6-2dac-4307-8d08-3c34e0b4b4a9"},{"timestamp":1611070776193,"log":"received sdp from peer : Jysamrani_47537ac6-2dac-4307-8d08-3c34e0b4b4a9"},{"timestamp":1611070776196,"log":"received ice from peer : Jysamrani_47537ac6-2dac-4307-8d08-3c34e0b4b4a9"},{"timestamp":1611070776198,"log":"received ice from peer : Jysamrani_47537ac6-2dac-4307-8d08-3c34e0b4b4a9"},{"timestamp":1611070776199,"log":"remote stream received"},{"timestamp":1611070776199,"log":{}},{"timestamp":1611070776199,"log":"remote stream received"},{"timestamp":1611070776200,"log":{}},{"timestamp":1611070776203,"log":"created description for peer : Jysamrani_47537ac6-2dac-4307-8d08-3c34e0b4b4a9"},{"timestamp":1611070776224,"log":"received ice from peer : Jysamrani_47537ac6-2dac-4307-8d08-3c34e0b4b4a9"},{"timestamp":1611070776257,"log":"received ice from peer : Jysamrani_47537ac6-2dac-4307-8d08-3c34e0b4b4a9"},{"timestamp":1611070776260,"log":"ice: Tishang_fbfe336b-9c38-4b34-b0e4-a9d6110b748c to Jysamrani_47537ac6-2dac-4307-8d08-3c34e0b4b4a9"},{"timestamp":1611070776261,"log":"connection with peer Jysamrani_47537ac6-2dac-4307-8d08-3c34e0b4b4a9 connected"},{"timestamp":1611070776261,"log":"ice: Tishang_fbfe336b-9c38-4b34-b0e4-a9d6110b748c to Jysamrani_47537ac6-2dac-4307-8d08-3c34e0b4b4a9"}]