[{"timestamp":1611072522762,"log":{"from":"server","to":"Raghvendra_7b255f18-f970-4784-9826-827ffa02f1ca","context":"PARENT","data":"{\"peer\":\"Ayush_240836e4-37ab-4157-a976-d7e1443bfa33\"}"}},{"timestamp":1611072522762,"log":"Parent : Ayush_240836e4-37ab-4157-a976-d7e1443bfa33"},{"timestamp":1611072523241,"log":{"from":"Ayush_240836e4-37ab-4157-a976-d7e1443bfa33","to":"Raghvendra_7b255f18-f970-4784-9826-827ffa02f1ca","context":"CONNECT_ACK","data":"{\"roomID\":\"123456\"}"}},{"timestamp":1611072523241,"log":"Connection ACK from parent : Ayush_240836e4-37ab-4157-a976-d7e1443bfa33"},{"timestamp":1611072523247,"log":"received sdp from peer : Ayush_240836e4-37ab-4157-a976-d7e1443bfa33"},{"timestamp":1611072523252,"log":"received ice from peer : Ayush_240836e4-37ab-4157-a976-d7e1443bfa33"},{"timestamp":1611072523256,"log":"received ice from peer : Ayush_240836e4-37ab-4157-a976-d7e1443bfa33"},{"timestamp":1611072523257,"log":"remote stream received"},{"timestamp":1611072523258,"log":{}},{"timestamp":1611072523259,"log":"remote stream received"},{"timestamp":1611072523259,"log":{}},{"timestamp":1611072523263,"log":"created description for peer : Ayush_240836e4-37ab-4157-a976-d7e1443bfa33"},{"timestamp":1611072523267,"log":"connection with peer Ayush_240836e4-37ab-4157-a976-d7e1443bfa33 checking"},{"timestamp":1611072523267,"log":"ice: Raghvendra_7b255f18-f970-4784-9826-827ffa02f1ca to Ayush_240836e4-37ab-4157-a976-d7e1443bfa33"},{"timestamp":1611072523268,"log":"connection with peer Ayush_240836e4-37ab-4157-a976-d7e1443bfa33 connected"},{"timestamp":1611072523268,"log":"ice: Raghvendra_7b255f18-f970-4784-9826-827ffa02f1ca to Ayush_240836e4-37ab-4157-a976-d7e1443bfa33"},{"timestamp":1611072523279,"log":"received ice from peer : Ayush_240836e4-37ab-4157-a976-d7e1443bfa33"},{"timestamp":1611072523279,"log":"received ice from peer : Ayush_240836e4-37ab-4157-a976-d7e1443bfa33"}]