[{"joining_timestamp":1611072390317,"available_slots":4},{"media_timestamp":1611072391878},{"timestamp":1611072791497,"Type":"child_added","available_slots":3,"child_id":"Vanisha_ab639a14-d202-46ab-aa83-b79157229e40"},{"timestamp":1611072806875,"Type":"child_added","available_slots":2,"child_id":"Satvik_d058ffea-766a-47b5-94df-77df4a1cd163"},{"timestamp":1611072816239,"Type":"child_added","available_slots":1,"child_id":"Vaishnavi_1656011d-3462-446c-94f0-dbb41ecfb77c"},{"timestamp":1611072837208,"Type":"child_added","available_slots":0,"child_id":"Prashant_74803c36-2955-4063-ba5b-800493da33e1"},{"timestamp":1611072863614,"Type":"child_left","available_slots":1,"child_id":"Prashant_74803c36-2955-4063-ba5b-800493da33e1"},{"timestamp":1611072887340,"Type":"child_added","available_slots":0,"child_id":"Prashant_beb0de6c-9c89-4cc0-a03c-ce7d4a9b8db2"},{"timestamp":1611072908634,"Type":"child_left","available_slots":1,"child_id":"Prashant_beb0de6c-9c89-4cc0-a03c-ce7d4a9b8db2"},{"timestamp":1611072909757,"Type":"child_added","available_slots":0,"child_id":"Prashant_699fb1e8-f3bf-4b8b-8c1e-f64282f3cdfb"},{"timestamp":1611072950657,"Type":"child_left","available_slots":1,"child_id":"Vaishnavi_1656011d-3462-446c-94f0-dbb41ecfb77c"},{"timestamp":1611072962663,"Type":"child_left","available_slots":2,"child_id":"Prashant_699fb1e8-f3bf-4b8b-8c1e-f64282f3cdfb"},{"timestamp":1611072991829,"Type":"child_added","available_slots":1,"child_id":"Prashant_OnBehalf_6ba043ac-5bcd-447b-a3e9-ada0dd480be5"},{"timestamp":1611073217541,"Type":"child_added","available_slots":0,"child_id":"Vaishnavi_f9f3d269-2e4d-40f6-a048-e94f22cfe9c7"},{"timestamp":1611073325818,"Type":"child_left","available_slots":1,"child_id":"Vaishnavi_f9f3d269-2e4d-40f6-a048-e94f22cfe9c7"}]