[{"timestamp":1611072391345,"log":{"from":"server","to":"Ruchika_0da44a7c-3443-41e4-99df-a68fe2dab10b","context":"PARENT","data":"{\"peer\":\"Prabhadh_0c2c68b6-c3af-413e-a283-995457b3a33b\"}"}},{"timestamp":1611072391345,"log":"Parent : Prabhadh_0c2c68b6-c3af-413e-a283-995457b3a33b"},{"timestamp":1611072391846,"log":{"from":"Prabhadh_0c2c68b6-c3af-413e-a283-995457b3a33b","to":"Ruchika_0da44a7c-3443-41e4-99df-a68fe2dab10b","context":"CONNECT_ACK","data":"{\"roomID\":\"123456\"}"}},{"timestamp":1611072391846,"log":"Connection ACK from parent : Prabhadh_0c2c68b6-c3af-413e-a283-995457b3a33b"},{"timestamp":1611072391856,"log":"received sdp from peer : Prabhadh_0c2c68b6-c3af-413e-a283-995457b3a33b"},{"timestamp":1611072391863,"log":"received ice from peer : Prabhadh_0c2c68b6-c3af-413e-a283-995457b3a33b"},{"timestamp":1611072391872,"log":"received ice from peer : Prabhadh_0c2c68b6-c3af-413e-a283-995457b3a33b"},{"timestamp":1611072391877,"log":"remote stream received"},{"timestamp":1611072391878,"log":{}},{"timestamp":1611072391879,"log":"remote stream received"},{"timestamp":1611072391879,"log":{}},{"timestamp":1611072391891,"log":"created description for peer : Prabhadh_0c2c68b6-c3af-413e-a283-995457b3a33b"},{"timestamp":1611072391912,"log":"connection with peer Prabhadh_0c2c68b6-c3af-413e-a283-995457b3a33b checking"},{"timestamp":1611072391915,"log":"ice: Ruchika_0da44a7c-3443-41e4-99df-a68fe2dab10b to Prabhadh_0c2c68b6-c3af-413e-a283-995457b3a33b"},{"timestamp":1611072391916,"log":"connection with peer Prabhadh_0c2c68b6-c3af-413e-a283-995457b3a33b connected"},{"timestamp":1611072391916,"log":"ice: Ruchika_0da44a7c-3443-41e4-99df-a68fe2dab10b to Prabhadh_0c2c68b6-c3af-413e-a283-995457b3a33b"},{"timestamp":1611072392105,"log":"received ice from peer : Prabhadh_0c2c68b6-c3af-413e-a283-995457b3a33b"},{"timestamp":1611072392111,"log":"received ice from peer : Prabhadh_0c2c68b6-c3af-413e-a283-995457b3a33b"},{"timestamp":1611072791496,"log":{"from":"Vanisha_ab639a14-d202-46ab-aa83-b79157229e40","to":"Ruchika_0da44a7c-3443-41e4-99df-a68fe2dab10b","context":"CONNECT","data":"{\"roomID\":\"123456\"}"}},{"timestamp":1611072791497,"log":"Connect request from Child : Vanisha_ab639a14-d202-46ab-aa83-b79157229e40"},{"timestamp":1611072791500,"log":"adding tracks"},{"timestamp":1611072791505,"log":"call inititated: Ruchika_0da44a7c-3443-41e4-99df-a68fe2dab10b to Vanisha_ab639a14-d202-46ab-aa83-b79157229e40"},{"timestamp":1611072791510,"log":"created description for peer : Vanisha_ab639a14-d202-46ab-aa83-b79157229e40"},{"timestamp":1611072791534,"log":"ice: Ruchika_0da44a7c-3443-41e4-99df-a68fe2dab10b to Vanisha_ab639a14-d202-46ab-aa83-b79157229e40"},{"timestamp":1611072791536,"log":"ice: Ruchika_0da44a7c-3443-41e4-99df-a68fe2dab10b to Vanisha_ab639a14-d202-46ab-aa83-b79157229e40"},{"timestamp":1611072791567,"log":"ice: Ruchika_0da44a7c-3443-41e4-99df-a68fe2dab10b to Vanisha_ab639a14-d202-46ab-aa83-b79157229e40"},{"timestamp":1611072791568,"log":"ice: Ruchika_0da44a7c-3443-41e4-99df-a68fe2dab10b to Vanisha_ab639a14-d202-46ab-aa83-b79157229e40"},{"timestamp":1611072792282,"log":"received sdp from peer : Vanisha_ab639a14-d202-46ab-aa83-b79157229e40"},{"timestamp":1611072792288,"log":"received ice from peer : Vanisha_ab639a14-d202-46ab-aa83-b79157229e40"},{"timestamp":1611072792303,"log":"received ice from peer : Vanisha_ab639a14-d202-46ab-aa83-b79157229e40"},{"timestamp":1611072792307,"log":"connection with peer Vanisha_ab639a14-d202-46ab-aa83-b79157229e40 checking"},{"timestamp":1611072792354,"log":"connection with peer Vanisha_ab639a14-d202-46ab-aa83-b79157229e40 connected"},{"timestamp":1611072792354,"log":"ice: Ruchika_0da44a7c-3443-41e4-99df-a68fe2dab10b to Vanisha_ab639a14-d202-46ab-aa83-b79157229e40"},{"timestamp":1611072806875,"log":{"from":"Satvik_d058ffea-766a-47b5-94df-77df4a1cd163","to":"Ruchika_0da44a7c-3443-41e4-99df-a68fe2dab10b","context":"CONNECT","data":"{\"roomID\":\"123456\"}"}},{"timestamp":1611072806875,"log":"Connect request from Child : Satvik_d058ffea-766a-47b5-94df-77df4a1cd163"},{"timestamp":1611072806877,"log":"adding tracks"},{"timestamp":1611072806881,"log":"call inititated: Ruchika_0da44a7c-3443-41e4-99df-a68fe2dab10b to Satvik_d058ffea-766a-47b5-94df-77df4a1cd163"},{"timestamp":1611072806885,"log":"created description for peer : Satvik_d058ffea-766a-47b5-94df-77df4a1cd163"},{"timestamp":1611072806905,"log":"ice: Ruchika_0da44a7c-3443-41e4-99df-a68fe2dab10b to Satvik_d058ffea-766a-47b5-94df-77df4a1cd163"},{"timestamp":1611072806907,"log":"ice: Ruchika_0da44a7c-3443-41e4-99df-a68fe2dab10b to Satvik_d058ffea-766a-47b5-94df-77df4a1cd163"},{"timestamp":1611072806936,"log":"ice: Ruchika_0da44a7c-3443-41e4-99df-a68fe2dab10b to Satvik_d058ffea-766a-47b5-94df-77df4a1cd163"},{"timestamp":1611072806937,"log":"ice: Ruchika_0da44a7c-3443-41e4-99df-a68fe2dab10b to Satvik_d058ffea-766a-47b5-94df-77df4a1cd163"},{"timestamp":1611072807202,"log":"connection with peer Satvik_d058ffea-766a-47b5-94df-77df4a1cd163 checking"},{"timestamp":1611072807730,"log":"received sdp from peer : Satvik_d058ffea-766a-47b5-94df-77df4a1cd163"},{"timestamp":1611072807735,"log":"received ice from peer : Satvik_d058ffea-766a-47b5-94df-77df4a1cd163"},{"timestamp":1611072807751,"log":"connection with peer Satvik_d058ffea-766a-47b5-94df-77df4a1cd163 connected"},{"timestamp":1611072807753,"log":"ice: Ruchika_0da44a7c-3443-41e4-99df-a68fe2dab10b to Satvik_d058ffea-766a-47b5-94df-77df4a1cd163"},{"timestamp":1611072816239,"log":{"from":"Vaishnavi_1656011d-3462-446c-94f0-dbb41ecfb77c","to":"Ruchika_0da44a7c-3443-41e4-99df-a68fe2dab10b","context":"CONNECT","data":"{\"roomID\":\"123456\"}"}},{"timestamp":1611072816239,"log":"Connect request from Child : Vaishnavi_1656011d-3462-446c-94f0-dbb41ecfb77c"},{"timestamp":1611072816242,"log":"adding tracks"},{"timestamp":1611072816245,"log":"call inititated: Ruchika_0da44a7c-3443-41e4-99df-a68fe2dab10b to Vaishnavi_1656011d-3462-446c-94f0-dbb41ecfb77c"},{"timestamp":1611072816250,"log":"created description for peer : Vaishnavi_1656011d-3462-446c-94f0-dbb41ecfb77c"},{"timestamp":1611072816276,"log":"ice: Ruchika_0da44a7c-3443-41e4-99df-a68fe2dab10b to Vaishnavi_1656011d-3462-446c-94f0-dbb41ecfb77c"},{"timestamp":1611072816279,"log":"ice: Ruchika_0da44a7c-3443-41e4-99df-a68fe2dab10b to Vaishnavi_1656011d-3462-446c-94f0-dbb41ecfb77c"},{"timestamp":1611072816304,"log":"ice: Ruchika_0da44a7c-3443-41e4-99df-a68fe2dab10b to Vaishnavi_1656011d-3462-446c-94f0-dbb41ecfb77c"},{"timestamp":1611072816306,"log":"ice: Ruchika_0da44a7c-3443-41e4-99df-a68fe2dab10b to Vaishnavi_1656011d-3462-446c-94f0-dbb41ecfb77c"},{"timestamp":1611072816558,"log":"connection with peer Vaishnavi_1656011d-3462-446c-94f0-dbb41ecfb77c checking"},{"timestamp":1611072817058,"log":"received sdp from peer : Vaishnavi_1656011d-3462-446c-94f0-dbb41ecfb77c"},{"timestamp":1611072817063,"log":"received ice from peer : Vaishnavi_1656011d-3462-446c-94f0-dbb41ecfb77c"},{"timestamp":1611072817077,"log":"connection with peer Vaishnavi_1656011d-3462-446c-94f0-dbb41ecfb77c connected"},{"timestamp":1611072817078,"log":"ice: Ruchika_0da44a7c-3443-41e4-99df-a68fe2dab10b to Vaishnavi_1656011d-3462-446c-94f0-dbb41ecfb77c"},{"timestamp":1611072837207,"log":{"from":"Prashant_74803c36-2955-4063-ba5b-800493da33e1","to":"Ruchika_0da44a7c-3443-41e4-99df-a68fe2dab10b","context":"CONNECT","data":"{\"roomID\":\"123456\"}"}},{"timestamp":1611072837208,"log":"Connect request from Child : Prashant_74803c36-2955-4063-ba5b-800493da33e1"},{"timestamp":1611072837210,"log":"adding tracks"},{"timestamp":1611072837212,"log":"call inititated: Ruchika_0da44a7c-3443-41e4-99df-a68fe2dab10b to Prashant_74803c36-2955-4063-ba5b-800493da33e1"},{"timestamp":1611072837217,"log":"created description for peer : Prashant_74803c36-2955-4063-ba5b-800493da33e1"},{"timestamp":1611072837236,"log":"ice: Ruchika_0da44a7c-3443-41e4-99df-a68fe2dab10b to Prashant_74803c36-2955-4063-ba5b-800493da33e1"},{"timestamp":1611072837238,"log":"ice: Ruchika_0da44a7c-3443-41e4-99df-a68fe2dab10b to Prashant_74803c36-2955-4063-ba5b-800493da33e1"},{"timestamp":1611072837269,"log":"ice: Ruchika_0da44a7c-3443-41e4-99df-a68fe2dab10b to Prashant_74803c36-2955-4063-ba5b-800493da33e1"},{"timestamp":1611072837272,"log":"ice: Ruchika_0da44a7c-3443-41e4-99df-a68fe2dab10b to Prashant_74803c36-2955-4063-ba5b-800493da33e1"},{"timestamp":1611072837748,"log":"received sdp from peer : Prashant_74803c36-2955-4063-ba5b-800493da33e1"},{"timestamp":1611072837753,"log":"received ice from peer : Prashant_74803c36-2955-4063-ba5b-800493da33e1"},{"timestamp":1611072837765,"log":"connection with peer Prashant_74803c36-2955-4063-ba5b-800493da33e1 checking"},{"timestamp":1611072837788,"log":"received ice from peer : Prashant_74803c36-2955-4063-ba5b-800493da33e1"},{"timestamp":1611072837846,"log":"received ice from peer : Prashant_74803c36-2955-4063-ba5b-800493da33e1"},{"timestamp":1611072852850,"log":"connection with peer Prashant_74803c36-2955-4063-ba5b-800493da33e1 disconnected"},{"timestamp":1611072863607,"log":{"from":"server","to":"Ruchika_0da44a7c-3443-41e4-99df-a68fe2dab10b","context":"CHILDLEFT","data":"{\"child\":\"Prashant_74803c36-2955-4063-ba5b-800493da33e1\"}"}},{"timestamp":1611072887340,"log":{"from":"Prashant_beb0de6c-9c89-4cc0-a03c-ce7d4a9b8db2","to":"Ruchika_0da44a7c-3443-41e4-99df-a68fe2dab10b","context":"CONNECT","data":"{\"roomID\":\"123456\"}"}},{"timestamp":1611072887340,"log":"Connect request from Child : Prashant_beb0de6c-9c89-4cc0-a03c-ce7d4a9b8db2"},{"timestamp":1611072887343,"log":"adding tracks"},{"timestamp":1611072887345,"log":"call inititated: Ruchika_0da44a7c-3443-41e4-99df-a68fe2dab10b to Prashant_beb0de6c-9c89-4cc0-a03c-ce7d4a9b8db2"},{"timestamp":1611072887349,"log":"created description for peer : Prashant_beb0de6c-9c89-4cc0-a03c-ce7d4a9b8db2"},{"timestamp":1611072887366,"log":"ice: Ruchika_0da44a7c-3443-41e4-99df-a68fe2dab10b to Prashant_beb0de6c-9c89-4cc0-a03c-ce7d4a9b8db2"},{"timestamp":1611072887368,"log":"ice: Ruchika_0da44a7c-3443-41e4-99df-a68fe2dab10b to Prashant_beb0de6c-9c89-4cc0-a03c-ce7d4a9b8db2"},{"timestamp":1611072887397,"log":"ice: Ruchika_0da44a7c-3443-41e4-99df-a68fe2dab10b to Prashant_beb0de6c-9c89-4cc0-a03c-ce7d4a9b8db2"},{"timestamp":1611072887402,"log":"ice: Ruchika_0da44a7c-3443-41e4-99df-a68fe2dab10b to Prashant_beb0de6c-9c89-4cc0-a03c-ce7d4a9b8db2"},{"timestamp":1611072887902,"log":"received sdp from peer : Prashant_beb0de6c-9c89-4cc0-a03c-ce7d4a9b8db2"},{"timestamp":1611072887909,"log":"received ice from peer : Prashant_beb0de6c-9c89-4cc0-a03c-ce7d4a9b8db2"},{"timestamp":1611072887921,"log":"connection with peer Prashant_beb0de6c-9c89-4cc0-a03c-ce7d4a9b8db2 checking"},{"timestamp":1611072887940,"log":"received ice from peer : Prashant_beb0de6c-9c89-4cc0-a03c-ce7d4a9b8db2"},{"timestamp":1611072888002,"log":"received ice from peer : Prashant_beb0de6c-9c89-4cc0-a03c-ce7d4a9b8db2"},{"timestamp":1611072903007,"log":"connection with peer Prashant_beb0de6c-9c89-4cc0-a03c-ce7d4a9b8db2 disconnected"},{"timestamp":1611072908627,"log":{"from":"server","to":"Ruchika_0da44a7c-3443-41e4-99df-a68fe2dab10b","context":"CHILDLEFT","data":"{\"child\":\"Prashant_beb0de6c-9c89-4cc0-a03c-ce7d4a9b8db2\"}"}},{"timestamp":1611072909757,"log":{"from":"Prashant_699fb1e8-f3bf-4b8b-8c1e-f64282f3cdfb","to":"Ruchika_0da44a7c-3443-41e4-99df-a68fe2dab10b","context":"CONNECT","data":"{\"roomID\":\"123456\"}"}},{"timestamp":1611072909757,"log":"Connect request from Child : Prashant_699fb1e8-f3bf-4b8b-8c1e-f64282f3cdfb"},{"timestamp":1611072909759,"log":"adding tracks"},{"timestamp":1611072909761,"log":"call inititated: Ruchika_0da44a7c-3443-41e4-99df-a68fe2dab10b to Prashant_699fb1e8-f3bf-4b8b-8c1e-f64282f3cdfb"},{"timestamp":1611072909765,"log":"created description for peer : Prashant_699fb1e8-f3bf-4b8b-8c1e-f64282f3cdfb"},{"timestamp":1611072909782,"log":"ice: Ruchika_0da44a7c-3443-41e4-99df-a68fe2dab10b to Prashant_699fb1e8-f3bf-4b8b-8c1e-f64282f3cdfb"},{"timestamp":1611072909785,"log":"ice: Ruchika_0da44a7c-3443-41e4-99df-a68fe2dab10b to Prashant_699fb1e8-f3bf-4b8b-8c1e-f64282f3cdfb"},{"timestamp":1611072909815,"log":"ice: Ruchika_0da44a7c-3443-41e4-99df-a68fe2dab10b to Prashant_699fb1e8-f3bf-4b8b-8c1e-f64282f3cdfb"},{"timestamp":1611072909822,"log":"ice: Ruchika_0da44a7c-3443-41e4-99df-a68fe2dab10b to Prashant_699fb1e8-f3bf-4b8b-8c1e-f64282f3cdfb"},{"timestamp":1611072910384,"log":"received sdp from peer : Prashant_699fb1e8-f3bf-4b8b-8c1e-f64282f3cdfb"},{"timestamp":1611072910389,"log":"received ice from peer : Prashant_699fb1e8-f3bf-4b8b-8c1e-f64282f3cdfb"},{"timestamp":1611072910405,"log":"connection with peer Prashant_699fb1e8-f3bf-4b8b-8c1e-f64282f3cdfb checking"},{"timestamp":1611072910406,"log":"received ice from peer : Prashant_699fb1e8-f3bf-4b8b-8c1e-f64282f3cdfb"},{"timestamp":1611072910438,"log":"received ice from peer : Prashant_699fb1e8-f3bf-4b8b-8c1e-f64282f3cdfb"},{"timestamp":1611072925489,"log":"connection with peer Prashant_699fb1e8-f3bf-4b8b-8c1e-f64282f3cdfb disconnected"},{"timestamp":1611072949538,"log":"ice: Ruchika_0da44a7c-3443-41e4-99df-a68fe2dab10b to Prashant_699fb1e8-f3bf-4b8b-8c1e-f64282f3cdfb"},{"timestamp":1611072950645,"log":{"from":"server","to":"Ruchika_0da44a7c-3443-41e4-99df-a68fe2dab10b","context":"CHILDLEFT","data":"{\"child\":\"Vaishnavi_1656011d-3462-446c-94f0-dbb41ecfb77c\"}"}},{"timestamp":1611072962653,"log":{"from":"server","to":"Ruchika_0da44a7c-3443-41e4-99df-a68fe2dab10b","context":"CHILDLEFT","data":"{\"child\":\"Prashant_699fb1e8-f3bf-4b8b-8c1e-f64282f3cdfb\"}"}},{"timestamp":1611072991829,"log":{"from":"Prashant_OnBehalf_6ba043ac-5bcd-447b-a3e9-ada0dd480be5","to":"Ruchika_0da44a7c-3443-41e4-99df-a68fe2dab10b","context":"CONNECT","data":"{\"roomID\":\"123456\"}"}},{"timestamp":1611072991829,"log":"Connect request from Child : Prashant_OnBehalf_6ba043ac-5bcd-447b-a3e9-ada0dd480be5"},{"timestamp":1611072991831,"log":"adding tracks"},{"timestamp":1611072991834,"log":"call inititated: Ruchika_0da44a7c-3443-41e4-99df-a68fe2dab10b to Prashant_OnBehalf_6ba043ac-5bcd-447b-a3e9-ada0dd480be5"},{"timestamp":1611072991838,"log":"created description for peer : Prashant_OnBehalf_6ba043ac-5bcd-447b-a3e9-ada0dd480be5"},{"timestamp":1611072991858,"log":"ice: Ruchika_0da44a7c-3443-41e4-99df-a68fe2dab10b to Prashant_OnBehalf_6ba043ac-5bcd-447b-a3e9-ada0dd480be5"},{"timestamp":1611072991859,"log":"ice: Ruchika_0da44a7c-3443-41e4-99df-a68fe2dab10b to Prashant_OnBehalf_6ba043ac-5bcd-447b-a3e9-ada0dd480be5"},{"timestamp":1611072991893,"log":"ice: Ruchika_0da44a7c-3443-41e4-99df-a68fe2dab10b to Prashant_OnBehalf_6ba043ac-5bcd-447b-a3e9-ada0dd480be5"},{"timestamp":1611072991896,"log":"ice: Ruchika_0da44a7c-3443-41e4-99df-a68fe2dab10b to Prashant_OnBehalf_6ba043ac-5bcd-447b-a3e9-ada0dd480be5"},{"timestamp":1611072992416,"log":"received sdp from peer : Prashant_OnBehalf_6ba043ac-5bcd-447b-a3e9-ada0dd480be5"},{"timestamp":1611072992418,"log":"received ice from peer : Prashant_OnBehalf_6ba043ac-5bcd-447b-a3e9-ada0dd480be5"},{"timestamp":1611072992424,"log":"connection with peer Prashant_OnBehalf_6ba043ac-5bcd-447b-a3e9-ada0dd480be5 checking"},{"timestamp":1611072992513,"log":"received ice from peer : Prashant_OnBehalf_6ba043ac-5bcd-447b-a3e9-ada0dd480be5"},{"timestamp":1611072992523,"log":"received ice from peer : Prashant_OnBehalf_6ba043ac-5bcd-447b-a3e9-ada0dd480be5"},{"timestamp":1611072992656,"log":"ice: Ruchika_0da44a7c-3443-41e4-99df-a68fe2dab10b to Prashant_OnBehalf_6ba043ac-5bcd-447b-a3e9-ada0dd480be5"},{"timestamp":1611072992657,"log":"connection with peer Prashant_OnBehalf_6ba043ac-5bcd-447b-a3e9-ada0dd480be5 connected"},{"timestamp":1611073217541,"log":{"from":"Vaishnavi_f9f3d269-2e4d-40f6-a048-e94f22cfe9c7","to":"Ruchika_0da44a7c-3443-41e4-99df-a68fe2dab10b","context":"CONNECT","data":"{\"roomID\":\"123456\"}"}},{"timestamp":1611073217541,"log":"Connect request from Child : Vaishnavi_f9f3d269-2e4d-40f6-a048-e94f22cfe9c7"},{"timestamp":1611073217541,"log":"adding tracks"},{"timestamp":1611073217542,"log":"call inititated: Ruchika_0da44a7c-3443-41e4-99df-a68fe2dab10b to Vaishnavi_f9f3d269-2e4d-40f6-a048-e94f22cfe9c7"},{"timestamp":1611073217543,"log":"created description for peer : Vaishnavi_f9f3d269-2e4d-40f6-a048-e94f22cfe9c7"},{"timestamp":1611073217548,"log":"ice: Ruchika_0da44a7c-3443-41e4-99df-a68fe2dab10b to Vaishnavi_f9f3d269-2e4d-40f6-a048-e94f22cfe9c7"},{"timestamp":1611073217548,"log":"ice: Ruchika_0da44a7c-3443-41e4-99df-a68fe2dab10b to Vaishnavi_f9f3d269-2e4d-40f6-a048-e94f22cfe9c7"},{"timestamp":1611073217589,"log":"ice: Ruchika_0da44a7c-3443-41e4-99df-a68fe2dab10b to Vaishnavi_f9f3d269-2e4d-40f6-a048-e94f22cfe9c7"},{"timestamp":1611073217592,"log":"ice: Ruchika_0da44a7c-3443-41e4-99df-a68fe2dab10b to Vaishnavi_f9f3d269-2e4d-40f6-a048-e94f22cfe9c7"},{"timestamp":1611073218332,"log":"received sdp from peer : Vaishnavi_f9f3d269-2e4d-40f6-a048-e94f22cfe9c7"},{"timestamp":1611073218334,"log":"received ice from peer : Vaishnavi_f9f3d269-2e4d-40f6-a048-e94f22cfe9c7"},{"timestamp":1611073218347,"log":"received ice from peer : Vaishnavi_f9f3d269-2e4d-40f6-a048-e94f22cfe9c7"},{"timestamp":1611073218373,"log":"connection with peer Vaishnavi_f9f3d269-2e4d-40f6-a048-e94f22cfe9c7 checking"},{"timestamp":1611073233371,"log":"connection with peer Vaishnavi_f9f3d269-2e4d-40f6-a048-e94f22cfe9c7 disconnected"},{"timestamp":1611073257301,"log":"ice: Ruchika_0da44a7c-3443-41e4-99df-a68fe2dab10b to Vaishnavi_f9f3d269-2e4d-40f6-a048-e94f22cfe9c7"},{"timestamp":1611073325814,"log":{"from":"server","to":"Ruchika_0da44a7c-3443-41e4-99df-a68fe2dab10b","context":"CHILDLEFT","data":"{\"child\":\"Vaishnavi_f9f3d269-2e4d-40f6-a048-e94f22cfe9c7\"}"}}]