[{"timestamp":1611070639494,"log":{"from":"server","to":"Satvik_4a955529-dffc-4d17-87dd-f3150204ed22","context":"PARENT","data":"{\"peer\":\"Arnav_beb6ad95-a849-4eb9-a733-a8deb73344f7\"}"}},{"timestamp":1611070639494,"log":"Parent : Arnav_beb6ad95-a849-4eb9-a733-a8deb73344f7"},{"timestamp":1611070639998,"log":{"from":"Arnav_beb6ad95-a849-4eb9-a733-a8deb73344f7","to":"Satvik_4a955529-dffc-4d17-87dd-f3150204ed22","context":"CONNECT_ACK","data":"{\"roomID\":\"123456\"}"}},{"timestamp":1611070639998,"log":"Connection ACK from parent : Arnav_beb6ad95-a849-4eb9-a733-a8deb73344f7"},{"timestamp":1611070640007,"log":"received sdp from peer : Arnav_beb6ad95-a849-4eb9-a733-a8deb73344f7"},{"timestamp":1611070640015,"log":"received ice from peer : Arnav_beb6ad95-a849-4eb9-a733-a8deb73344f7"},{"timestamp":1611070640025,"log":"received ice from peer : Arnav_beb6ad95-a849-4eb9-a733-a8deb73344f7"},{"timestamp":1611070640031,"log":"remote stream received"},{"timestamp":1611070640032,"log":{}},{"timestamp":1611070640033,"log":"remote stream received"},{"timestamp":1611070640033,"log":{}},{"timestamp":1611070640043,"log":"received ice from peer : Arnav_beb6ad95-a849-4eb9-a733-a8deb73344f7"},{"timestamp":1611070640048,"log":"created description for peer : Arnav_beb6ad95-a849-4eb9-a733-a8deb73344f7"},{"timestamp":1611070640069,"log":"connection with peer Arnav_beb6ad95-a849-4eb9-a733-a8deb73344f7 checking"},{"timestamp":1611070640071,"log":"ice: Satvik_4a955529-dffc-4d17-87dd-f3150204ed22 to Arnav_beb6ad95-a849-4eb9-a733-a8deb73344f7"},{"timestamp":1611070640073,"log":"connection with peer Arnav_beb6ad95-a849-4eb9-a733-a8deb73344f7 connected"},{"timestamp":1611070640073,"log":"ice: Satvik_4a955529-dffc-4d17-87dd-f3150204ed22 to Arnav_beb6ad95-a849-4eb9-a733-a8deb73344f7"},{"timestamp":1611070640249,"log":"received ice from peer : Arnav_beb6ad95-a849-4eb9-a733-a8deb73344f7"}]