[{"timestamp":1611072357390,"log":{"from":"server","to":"Jysamrani_4f259002-81e1-43ee-b6ee-738e01617b81","context":"PARENT","data":"{\"peer\":\"Parth_a263f787-4d71-4318-94d1-8b1cdc8f9510\"}"}},{"timestamp":1611072357390,"log":"Parent : Parth_a263f787-4d71-4318-94d1-8b1cdc8f9510"},{"timestamp":1611072357875,"log":{"from":"Parth_a263f787-4d71-4318-94d1-8b1cdc8f9510","to":"Jysamrani_4f259002-81e1-43ee-b6ee-738e01617b81","context":"CONNECT_ACK","data":"{\"roomID\":\"123456\"}"}},{"timestamp":1611072357875,"log":"Connection ACK from parent : Parth_a263f787-4d71-4318-94d1-8b1cdc8f9510"},{"timestamp":1611072357880,"log":"received sdp from peer : Parth_a263f787-4d71-4318-94d1-8b1cdc8f9510"},{"timestamp":1611072357884,"log":"received ice from peer : Parth_a263f787-4d71-4318-94d1-8b1cdc8f9510"},{"timestamp":1611072357886,"log":"received ice from peer : Parth_a263f787-4d71-4318-94d1-8b1cdc8f9510"},{"timestamp":1611072357887,"log":"remote stream received"},{"timestamp":1611072357888,"log":{}},{"timestamp":1611072357888,"log":"remote stream received"},{"timestamp":1611072357888,"log":{}},{"timestamp":1611072357891,"log":"created description for peer : Parth_a263f787-4d71-4318-94d1-8b1cdc8f9510"},{"timestamp":1611072357899,"log":"connection with peer Parth_a263f787-4d71-4318-94d1-8b1cdc8f9510 checking"},{"timestamp":1611072357899,"log":"ice: Jysamrani_4f259002-81e1-43ee-b6ee-738e01617b81 to Parth_a263f787-4d71-4318-94d1-8b1cdc8f9510"},{"timestamp":1611072357900,"log":"connection with peer Parth_a263f787-4d71-4318-94d1-8b1cdc8f9510 connected"},{"timestamp":1611072357900,"log":"ice: Jysamrani_4f259002-81e1-43ee-b6ee-738e01617b81 to Parth_a263f787-4d71-4318-94d1-8b1cdc8f9510"},{"timestamp":1611072357912,"log":"received ice from peer : Parth_a263f787-4d71-4318-94d1-8b1cdc8f9510"},{"timestamp":1611072358117,"log":"received ice from peer : Parth_a263f787-4d71-4318-94d1-8b1cdc8f9510"},{"timestamp":1611072706175,"log":{"from":"Shubham_964da319-5cc8-4af6-9976-eeceef3e34c2","to":"Jysamrani_4f259002-81e1-43ee-b6ee-738e01617b81","context":"CONNECT","data":"{\"roomID\":\"123456\"}"}},{"timestamp":1611072706176,"log":"Connect request from Child : Shubham_964da319-5cc8-4af6-9976-eeceef3e34c2"},{"timestamp":1611072706180,"log":"adding tracks"},{"timestamp":1611072706182,"log":"call inititated: Jysamrani_4f259002-81e1-43ee-b6ee-738e01617b81 to Shubham_964da319-5cc8-4af6-9976-eeceef3e34c2"},{"timestamp":1611072706185,"log":"created description for peer : Shubham_964da319-5cc8-4af6-9976-eeceef3e34c2"},{"timestamp":1611072706188,"log":"ice: Jysamrani_4f259002-81e1-43ee-b6ee-738e01617b81 to Shubham_964da319-5cc8-4af6-9976-eeceef3e34c2"},{"timestamp":1611072706188,"log":"ice: Jysamrani_4f259002-81e1-43ee-b6ee-738e01617b81 to Shubham_964da319-5cc8-4af6-9976-eeceef3e34c2"},{"timestamp":1611072706221,"log":"ice: Jysamrani_4f259002-81e1-43ee-b6ee-738e01617b81 to Shubham_964da319-5cc8-4af6-9976-eeceef3e34c2"},{"timestamp":1611072706222,"log":"ice: Jysamrani_4f259002-81e1-43ee-b6ee-738e01617b81 to Shubham_964da319-5cc8-4af6-9976-eeceef3e34c2"},{"timestamp":1611072706442,"log":"connection with peer Shubham_964da319-5cc8-4af6-9976-eeceef3e34c2 checking"},{"timestamp":1611072706692,"log":"received sdp from peer : Shubham_964da319-5cc8-4af6-9976-eeceef3e34c2"},{"timestamp":1611072706694,"log":"received ice from peer : Shubham_964da319-5cc8-4af6-9976-eeceef3e34c2"},{"timestamp":1611072706699,"log":"connection with peer Shubham_964da319-5cc8-4af6-9976-eeceef3e34c2 connected"},{"timestamp":1611072706700,"log":"ice: Jysamrani_4f259002-81e1-43ee-b6ee-738e01617b81 to Shubham_964da319-5cc8-4af6-9976-eeceef3e34c2"},{"timestamp":1611072714581,"log":{"from":"Tishang_953b3d18-be39-4a53-811c-654c58b6f943","to":"Jysamrani_4f259002-81e1-43ee-b6ee-738e01617b81","context":"CONNECT","data":"{\"roomID\":\"123456\"}"}},{"timestamp":1611072714581,"log":"Connect request from Child : Tishang_953b3d18-be39-4a53-811c-654c58b6f943"},{"timestamp":1611072714583,"log":"adding tracks"},{"timestamp":1611072714585,"log":"call inititated: Jysamrani_4f259002-81e1-43ee-b6ee-738e01617b81 to Tishang_953b3d18-be39-4a53-811c-654c58b6f943"},{"timestamp":1611072714589,"log":"created description for peer : Tishang_953b3d18-be39-4a53-811c-654c58b6f943"},{"timestamp":1611072714593,"log":"ice: Jysamrani_4f259002-81e1-43ee-b6ee-738e01617b81 to Tishang_953b3d18-be39-4a53-811c-654c58b6f943"},{"timestamp":1611072714594,"log":"ice: Jysamrani_4f259002-81e1-43ee-b6ee-738e01617b81 to Tishang_953b3d18-be39-4a53-811c-654c58b6f943"},{"timestamp":1611072714626,"log":"ice: Jysamrani_4f259002-81e1-43ee-b6ee-738e01617b81 to Tishang_953b3d18-be39-4a53-811c-654c58b6f943"},{"timestamp":1611072714629,"log":"ice: Jysamrani_4f259002-81e1-43ee-b6ee-738e01617b81 to Tishang_953b3d18-be39-4a53-811c-654c58b6f943"},{"timestamp":1611072714864,"log":"connection with peer Tishang_953b3d18-be39-4a53-811c-654c58b6f943 checking"},{"timestamp":1611072715110,"log":"received sdp from peer : Tishang_953b3d18-be39-4a53-811c-654c58b6f943"},{"timestamp":1611072715112,"log":"received ice from peer : Tishang_953b3d18-be39-4a53-811c-654c58b6f943"},{"timestamp":1611072715116,"log":"connection with peer Tishang_953b3d18-be39-4a53-811c-654c58b6f943 connected"},{"timestamp":1611072715116,"log":"ice: Jysamrani_4f259002-81e1-43ee-b6ee-738e01617b81 to Tishang_953b3d18-be39-4a53-811c-654c58b6f943"},{"timestamp":1611072723682,"log":{"from":"Shwetha_0456e67c-43a5-4d6b-b629-b9bcf29c58ab","to":"Jysamrani_4f259002-81e1-43ee-b6ee-738e01617b81","context":"CONNECT","data":"{\"roomID\":\"123456\"}"}},{"timestamp":1611072723682,"log":"Connect request from Child : Shwetha_0456e67c-43a5-4d6b-b629-b9bcf29c58ab"},{"timestamp":1611072723684,"log":"adding tracks"},{"timestamp":1611072723686,"log":"call inititated: Jysamrani_4f259002-81e1-43ee-b6ee-738e01617b81 to Shwetha_0456e67c-43a5-4d6b-b629-b9bcf29c58ab"},{"timestamp":1611072723691,"log":"created description for peer : Shwetha_0456e67c-43a5-4d6b-b629-b9bcf29c58ab"},{"timestamp":1611072723695,"log":"ice: Jysamrani_4f259002-81e1-43ee-b6ee-738e01617b81 to Shwetha_0456e67c-43a5-4d6b-b629-b9bcf29c58ab"},{"timestamp":1611072723696,"log":"ice: Jysamrani_4f259002-81e1-43ee-b6ee-738e01617b81 to Shwetha_0456e67c-43a5-4d6b-b629-b9bcf29c58ab"},{"timestamp":1611072723727,"log":"ice: Jysamrani_4f259002-81e1-43ee-b6ee-738e01617b81 to Shwetha_0456e67c-43a5-4d6b-b629-b9bcf29c58ab"},{"timestamp":1611072723728,"log":"ice: Jysamrani_4f259002-81e1-43ee-b6ee-738e01617b81 to Shwetha_0456e67c-43a5-4d6b-b629-b9bcf29c58ab"},{"timestamp":1611072723986,"log":"connection with peer Shwetha_0456e67c-43a5-4d6b-b629-b9bcf29c58ab checking"},{"timestamp":1611072724444,"log":"received sdp from peer : Shwetha_0456e67c-43a5-4d6b-b629-b9bcf29c58ab"},{"timestamp":1611072724448,"log":"received ice from peer : Shwetha_0456e67c-43a5-4d6b-b629-b9bcf29c58ab"},{"timestamp":1611072724453,"log":"connection with peer Shwetha_0456e67c-43a5-4d6b-b629-b9bcf29c58ab connected"},{"timestamp":1611072724453,"log":"ice: Jysamrani_4f259002-81e1-43ee-b6ee-738e01617b81 to Shwetha_0456e67c-43a5-4d6b-b629-b9bcf29c58ab"},{"timestamp":1611072735295,"log":{"from":"Yash_c9b3e0d6-2936-476a-93c7-00604ac5a3e0","to":"Jysamrani_4f259002-81e1-43ee-b6ee-738e01617b81","context":"CONNECT","data":"{\"roomID\":\"123456\"}"}},{"timestamp":1611072735295,"log":"Connect request from Child : Yash_c9b3e0d6-2936-476a-93c7-00604ac5a3e0"},{"timestamp":1611072735297,"log":"adding tracks"},{"timestamp":1611072735298,"log":"call inititated: Jysamrani_4f259002-81e1-43ee-b6ee-738e01617b81 to Yash_c9b3e0d6-2936-476a-93c7-00604ac5a3e0"},{"timestamp":1611072735302,"log":"created description for peer : Yash_c9b3e0d6-2936-476a-93c7-00604ac5a3e0"},{"timestamp":1611072735307,"log":"ice: Jysamrani_4f259002-81e1-43ee-b6ee-738e01617b81 to Yash_c9b3e0d6-2936-476a-93c7-00604ac5a3e0"},{"timestamp":1611072735308,"log":"ice: Jysamrani_4f259002-81e1-43ee-b6ee-738e01617b81 to Yash_c9b3e0d6-2936-476a-93c7-00604ac5a3e0"},{"timestamp":1611072735340,"log":"ice: Jysamrani_4f259002-81e1-43ee-b6ee-738e01617b81 to Yash_c9b3e0d6-2936-476a-93c7-00604ac5a3e0"},{"timestamp":1611072735344,"log":"ice: Jysamrani_4f259002-81e1-43ee-b6ee-738e01617b81 to Yash_c9b3e0d6-2936-476a-93c7-00604ac5a3e0"},{"timestamp":1611072735575,"log":"connection with peer Yash_c9b3e0d6-2936-476a-93c7-00604ac5a3e0 checking"},{"timestamp":1611072735817,"log":"received sdp from peer : Yash_c9b3e0d6-2936-476a-93c7-00604ac5a3e0"},{"timestamp":1611072735820,"log":"received ice from peer : Yash_c9b3e0d6-2936-476a-93c7-00604ac5a3e0"},{"timestamp":1611072735823,"log":"connection with peer Yash_c9b3e0d6-2936-476a-93c7-00604ac5a3e0 connected"},{"timestamp":1611072735824,"log":"ice: Jysamrani_4f259002-81e1-43ee-b6ee-738e01617b81 to Yash_c9b3e0d6-2936-476a-93c7-00604ac5a3e0"}]