[{"joining_timestamp":1611072356421,"available_slots":4},{"media_timestamp":1611072357888},{"timestamp":1611072706176,"Type":"child_added","available_slots":3,"child_id":"Shubham_964da319-5cc8-4af6-9976-eeceef3e34c2"},{"timestamp":1611072714581,"Type":"child_added","available_slots":2,"child_id":"Tishang_953b3d18-be39-4a53-811c-654c58b6f943"},{"timestamp":1611072723682,"Type":"child_added","available_slots":1,"child_id":"Shwetha_0456e67c-43a5-4d6b-b629-b9bcf29c58ab"},{"timestamp":1611072735295,"Type":"child_added","available_slots":0,"child_id":"Yash_c9b3e0d6-2936-476a-93c7-00604ac5a3e0"}]