[{"timestamp":1611070596505,"log":{"from":"server","to":"Amar_1f2d8953-ccc2-4561-804f-89cbb7d3abf0","context":"PARENT","data":"{\"peer\":\"Shashwat_05bdbebd-6994-47d1-907f-c8cee3a67d02\"}"}},{"timestamp":1611070596505,"log":"Parent : Shashwat_05bdbebd-6994-47d1-907f-c8cee3a67d02"},{"timestamp":1611070597006,"log":{"from":"Shashwat_05bdbebd-6994-47d1-907f-c8cee3a67d02","to":"Amar_1f2d8953-ccc2-4561-804f-89cbb7d3abf0","context":"CONNECT_ACK","data":"{\"roomID\":\"123456\"}"}},{"timestamp":1611070597006,"log":"Connection ACK from parent : Shashwat_05bdbebd-6994-47d1-907f-c8cee3a67d02"},{"timestamp":1611070597009,"log":"received sdp from peer : Shashwat_05bdbebd-6994-47d1-907f-c8cee3a67d02"},{"timestamp":1611070597011,"log":"received ice from peer : Shashwat_05bdbebd-6994-47d1-907f-c8cee3a67d02"},{"timestamp":1611070597013,"log":"received ice from peer : Shashwat_05bdbebd-6994-47d1-907f-c8cee3a67d02"},{"timestamp":1611070597015,"log":"remote stream received"},{"timestamp":1611070597015,"log":{}},{"timestamp":1611070597015,"log":"remote stream received"},{"timestamp":1611070597015,"log":{}},{"timestamp":1611070597018,"log":"created description for peer : Shashwat_05bdbebd-6994-47d1-907f-c8cee3a67d02"},{"timestamp":1611070597022,"log":"connection with peer Shashwat_05bdbebd-6994-47d1-907f-c8cee3a67d02 checking"},{"timestamp":1611070597023,"log":"ice: Amar_1f2d8953-ccc2-4561-804f-89cbb7d3abf0 to Shashwat_05bdbebd-6994-47d1-907f-c8cee3a67d02"},{"timestamp":1611070597024,"log":"connection with peer Shashwat_05bdbebd-6994-47d1-907f-c8cee3a67d02 connected"},{"timestamp":1611070597024,"log":"ice: Amar_1f2d8953-ccc2-4561-804f-89cbb7d3abf0 to Shashwat_05bdbebd-6994-47d1-907f-c8cee3a67d02"},{"timestamp":1611070597042,"log":"received ice from peer : Shashwat_05bdbebd-6994-47d1-907f-c8cee3a67d02"},{"timestamp":1611070597043,"log":"received ice from peer : Shashwat_05bdbebd-6994-47d1-907f-c8cee3a67d02"}]