{"Shivam_d3c79d6a-f882-41f2-a578-970ee49ff3dd":[{"from":"Shivam_d3c79d6a-f882-41f2-a578-970ee49ff3dd","to":"Vidhi_255eb67e-08c0-4975-a44a-b7b5a2b624c8","Audio":{"timestamp":1611072749107.618,"packetsReceived":159,"packetsLost":0},"Type":"inbound-rtp","Video":{"timestamp":1611072749107.618,"packetsReceived":0,"packetsLost":0}},{"from":"Shivam_d3c79d6a-f882-41f2-a578-970ee49ff3dd","to":"Vidhi_255eb67e-08c0-4975-a44a-b7b5a2b624c8","Audio":{"timestamp":1611072749107.618,"packetsReceived":159,"packetsLost":0},"Type":"inbound-rtp","Video":{"timestamp":1611072749107.618,"packetsReceived":0,"packetsLost":0}},{"from":"Shivam_d3c79d6a-f882-41f2-a578-970ee49ff3dd","to":"Vidhi_255eb67e-08c0-4975-a44a-b7b5a2b624c8","Audio":{"timestamp":1611072754105.467,"packetsReceived":409,"packetsLost":0},"Type":"inbound-rtp","Video":{"timestamp":1611072754105.467,"packetsReceived":41,"packetsLost":0}},{"from":"Shivam_d3c79d6a-f882-41f2-a578-970ee49ff3dd","to":"Vidhi_255eb67e-08c0-4975-a44a-b7b5a2b624c8","Audio":{"timestamp":1611072754105.467,"packetsReceived":409,"packetsLost":0},"Type":"inbound-rtp","Video":{"timestamp":1611072754105.467,"packetsReceived":41,"packetsLost":0}},{"from":"Shivam_d3c79d6a-f882-41f2-a578-970ee49ff3dd","to":"Vidhi_255eb67e-08c0-4975-a44a-b7b5a2b624c8","Audio":{"timestamp":1611072759105.328,"packetsReceived":659,"packetsLost":0},"Type":"inbound-rtp","Video":{"timestamp":1611072759105.328,"packetsReceived":48,"packetsLost":0}},{"from":"Shivam_d3c79d6a-f882-41f2-a578-970ee49ff3dd","to":"Vidhi_255eb67e-08c0-4975-a44a-b7b5a2b624c8","Audio":{"timestamp":1611072759105.328,"packetsReceived":659,"packetsLost":0},"Type":"inbound-rtp","Video":{"timestamp":1611072759105.328,"packetsReceived":48,"packetsLost":0}},{"from":"Shivam_d3c79d6a-f882-41f2-a578-970ee49ff3dd","to":"Vidhi_255eb67e-08c0-4975-a44a-b7b5a2b624c8","Audio":{"timestamp":1611072764105.371,"packetsReceived":909,"packetsLost":0},"Type":"inbound-rtp","Video":{"timestamp":1611072764105.371,"packetsReceived":52,"packetsLost":0}},{"from":"Shivam_d3c79d6a-f882-41f2-a578-970ee49ff3dd","to":"Vidhi_255eb67e-08c0-4975-a44a-b7b5a2b624c8","Audio":{"timestamp":1611072764105.371,"packetsReceived":909,"packetsLost":0},"Type":"inbound-rtp","Video":{"timestamp":1611072764105.371,"packetsReceived":52,"packetsLost":0}},{"from":"Shivam_d3c79d6a-f882-41f2-a578-970ee49ff3dd","to":"Vidhi_255eb67e-08c0-4975-a44a-b7b5a2b624c8","Audio":{"timestamp":1611072769105.419,"packetsReceived":1159,"packetsLost":0},"Type":"inbound-rtp","Video":{"timestamp":1611072769105.419,"packetsReceived":59,"packetsLost":0}},{"from":"Shivam_d3c79d6a-f882-41f2-a578-970ee49ff3dd","to":"Vidhi_255eb67e-08c0-4975-a44a-b7b5a2b624c8","Audio":{"timestamp":1611072769105.419,"packetsReceived":1159,"packetsLost":0},"Type":"inbound-rtp","Video":{"timestamp":1611072769105.419,"packetsReceived":59,"packetsLost":0}},{"from":"Shivam_d3c79d6a-f882-41f2-a578-970ee49ff3dd","to":"Vidhi_255eb67e-08c0-4975-a44a-b7b5a2b624c8","Audio":{"timestamp":1611072774105.528,"packetsReceived":1409,"packetsLost":0},"Type":"inbound-rtp","Video":{"timestamp":1611072774105.528,"packetsReceived":107,"packetsLost":0}},{"from":"Shivam_d3c79d6a-f882-41f2-a578-970ee49ff3dd","to":"Vidhi_255eb67e-08c0-4975-a44a-b7b5a2b624c8","Audio":{"timestamp":1611072774105.528,"packetsReceived":1409,"packetsLost":0},"Type":"inbound-rtp","Video":{"timestamp":1611072774105.528,"packetsReceived":107,"packetsLost":0}},{"from":"Shivam_d3c79d6a-f882-41f2-a578-970ee49ff3dd","to":"Vidhi_255eb67e-08c0-4975-a44a-b7b5a2b624c8","Audio":{"timestamp":1611072779105.397,"packetsReceived":1659,"packetsLost":0},"Type":"inbound-rtp","Video":{"timestamp":1611072779105.397,"packetsReceived":114,"packetsLost":0}},{"from":"Shivam_d3c79d6a-f882-41f2-a578-970ee49ff3dd","to":"Vidhi_255eb67e-08c0-4975-a44a-b7b5a2b624c8","Audio":{"timestamp":1611072779105.397,"packetsReceived":1659,"packetsLost":0},"Type":"inbound-rtp","Video":{"timestamp":1611072779105.397,"packetsReceived":114,"packetsLost":0}},{"from":"Shivam_d3c79d6a-f882-41f2-a578-970ee49ff3dd","to":"Vidhi_255eb67e-08c0-4975-a44a-b7b5a2b624c8","Audio":{"timestamp":1611072784105.425,"packetsReceived":1909,"packetsLost":0},"Type":"inbound-rtp","Video":{"timestamp":1611072784105.425,"packetsReceived":122,"packetsLost":0}},{"from":"Shivam_d3c79d6a-f882-41f2-a578-970ee49ff3dd","to":"Vidhi_255eb67e-08c0-4975-a44a-b7b5a2b624c8","Audio":{"timestamp":1611072784105.425,"packetsReceived":1909,"packetsLost":0},"Type":"inbound-rtp","Video":{"timestamp":1611072784105.425,"packetsReceived":122,"packetsLost":0}},{"from":"Shivam_d3c79d6a-f882-41f2-a578-970ee49ff3dd","to":"Vidhi_255eb67e-08c0-4975-a44a-b7b5a2b624c8","Audio":{"timestamp":1611072789105.453,"packetsReceived":2159,"packetsLost":0},"Type":"inbound-rtp","Video":{"timestamp":1611072789105.453,"packetsReceived":127,"packetsLost":0}},{"from":"Shivam_d3c79d6a-f882-41f2-a578-970ee49ff3dd","to":"Vidhi_255eb67e-08c0-4975-a44a-b7b5a2b624c8","Audio":{"timestamp":1611072789105.453,"packetsReceived":2159,"packetsLost":0},"Type":"inbound-rtp","Video":{"timestamp":1611072789105.453,"packetsReceived":127,"packetsLost":0}},{"from":"Shivam_d3c79d6a-f882-41f2-a578-970ee49ff3dd","to":"Vidhi_255eb67e-08c0-4975-a44a-b7b5a2b624c8","Audio":{"timestamp":1611072794105.362,"packetsReceived":2409,"packetsLost":0},"Type":"inbound-rtp","Video":{"timestamp":1611072794105.362,"packetsReceived":131,"packetsLost":0}},{"from":"Shivam_d3c79d6a-f882-41f2-a578-970ee49ff3dd","to":"Vidhi_255eb67e-08c0-4975-a44a-b7b5a2b624c8","Audio":{"timestamp":1611072794105.362,"packetsReceived":2409,"packetsLost":0},"Type":"inbound-rtp","Video":{"timestamp":1611072794105.362,"packetsReceived":131,"packetsLost":0}},{"from":"Shivam_d3c79d6a-f882-41f2-a578-970ee49ff3dd","to":"Vidhi_255eb67e-08c0-4975-a44a-b7b5a2b624c8","Audio":{"timestamp":1611072799105.402,"packetsReceived":2659,"packetsLost":0},"Type":"inbound-rtp","Video":{"timestamp":1611072799105.402,"packetsReceived":136,"packetsLost":0}},{"from":"Shivam_d3c79d6a-f882-41f2-a578-970ee49ff3dd","to":"Vidhi_255eb67e-08c0-4975-a44a-b7b5a2b624c8","Audio":{"timestamp":1611072799105.402,"packetsReceived":2659,"packetsLost":0},"Type":"inbound-rtp","Video":{"timestamp":1611072799105.402,"packetsReceived":136,"packetsLost":0}},{"from":"Shivam_d3c79d6a-f882-41f2-a578-970ee49ff3dd","to":"Vidhi_255eb67e-08c0-4975-a44a-b7b5a2b624c8","Audio":{"timestamp":1611072804105.441,"packetsReceived":2909,"packetsLost":0},"Type":"inbound-rtp","Video":{"timestamp":1611072804105.441,"packetsReceived":141,"packetsLost":0}},{"from":"Shivam_d3c79d6a-f882-41f2-a578-970ee49ff3dd","to":"Vidhi_255eb67e-08c0-4975-a44a-b7b5a2b624c8","Audio":{"timestamp":1611072804105.441,"packetsReceived":2909,"packetsLost":0},"Type":"inbound-rtp","Video":{"timestamp":1611072804105.441,"packetsReceived":141,"packetsLost":0}},{"from":"Shivam_d3c79d6a-f882-41f2-a578-970ee49ff3dd","to":"Vidhi_255eb67e-08c0-4975-a44a-b7b5a2b624c8","Audio":{"timestamp":1611072809105.348,"packetsReceived":3159,"packetsLost":0},"Type":"inbound-rtp","Video":{"timestamp":1611072809105.348,"packetsReceived":145,"packetsLost":0}},{"from":"Shivam_d3c79d6a-f882-41f2-a578-970ee49ff3dd","to":"Vidhi_255eb67e-08c0-4975-a44a-b7b5a2b624c8","Audio":{"timestamp":1611072809105.348,"packetsReceived":3159,"packetsLost":0},"Type":"inbound-rtp","Video":{"timestamp":1611072809105.348,"packetsReceived":145,"packetsLost":0}},{"from":"Shivam_d3c79d6a-f882-41f2-a578-970ee49ff3dd","to":"Vidhi_255eb67e-08c0-4975-a44a-b7b5a2b624c8","Audio":{"timestamp":1611072814105.367,"packetsReceived":3409,"packetsLost":0},"Type":"inbound-rtp","Video":{"timestamp":1611072814105.367,"packetsReceived":150,"packetsLost":0}},{"from":"Shivam_d3c79d6a-f882-41f2-a578-970ee49ff3dd","to":"Vidhi_255eb67e-08c0-4975-a44a-b7b5a2b624c8","Audio":{"timestamp":1611072814105.367,"packetsReceived":3409,"packetsLost":0},"Type":"inbound-rtp","Video":{"timestamp":1611072814105.367,"packetsReceived":150,"packetsLost":0}},{"from":"Shivam_d3c79d6a-f882-41f2-a578-970ee49ff3dd","to":"Vidhi_255eb67e-08c0-4975-a44a-b7b5a2b624c8","Audio":{"timestamp":1611072819105.405,"packetsReceived":3659,"packetsLost":0},"Type":"inbound-rtp","Video":{"timestamp":1611072819105.405,"packetsReceived":215,"packetsLost":0}},{"from":"Shivam_d3c79d6a-f882-41f2-a578-970ee49ff3dd","to":"Vidhi_255eb67e-08c0-4975-a44a-b7b5a2b624c8","Audio":{"timestamp":1611072819105.405,"packetsReceived":3659,"packetsLost":0},"Type":"inbound-rtp","Video":{"timestamp":1611072819105.405,"packetsReceived":215,"packetsLost":0}},{"from":"Shivam_d3c79d6a-f882-41f2-a578-970ee49ff3dd","to":"Vidhi_255eb67e-08c0-4975-a44a-b7b5a2b624c8","Audio":{"timestamp":1611072824105.312,"packetsReceived":3909,"packetsLost":0},"Type":"inbound-rtp","Video":{"timestamp":1611072824105.312,"packetsReceived":219,"packetsLost":0}},{"from":"Shivam_d3c79d6a-f882-41f2-a578-970ee49ff3dd","to":"Vidhi_255eb67e-08c0-4975-a44a-b7b5a2b624c8","Audio":{"timestamp":1611072824105.312,"packetsReceived":3909,"packetsLost":0},"Type":"inbound-rtp","Video":{"timestamp":1611072824105.312,"packetsReceived":219,"packetsLost":0}},{"from":"Shivam_d3c79d6a-f882-41f2-a578-970ee49ff3dd","to":"Vidhi_255eb67e-08c0-4975-a44a-b7b5a2b624c8","Audio":{"timestamp":1611072829105.368,"packetsReceived":4159,"packetsLost":0},"Type":"inbound-rtp","Video":{"timestamp":1611072829105.368,"packetsReceived":224,"packetsLost":0}},{"from":"Shivam_d3c79d6a-f882-41f2-a578-970ee49ff3dd","to":"Vidhi_255eb67e-08c0-4975-a44a-b7b5a2b624c8","Audio":{"timestamp":1611072829105.368,"packetsReceived":4159,"packetsLost":0},"Type":"inbound-rtp","Video":{"timestamp":1611072829105.368,"packetsReceived":224,"packetsLost":0}},{"from":"Shivam_d3c79d6a-f882-41f2-a578-970ee49ff3dd","to":"Vidhi_255eb67e-08c0-4975-a44a-b7b5a2b624c8","Audio":{"timestamp":1611072834105.371,"packetsReceived":4409,"packetsLost":0},"Type":"inbound-rtp","Video":{"timestamp":1611072834105.371,"packetsReceived":229,"packetsLost":0}},{"from":"Shivam_d3c79d6a-f882-41f2-a578-970ee49ff3dd","to":"Vidhi_255eb67e-08c0-4975-a44a-b7b5a2b624c8","Audio":{"timestamp":1611072834105.371,"packetsReceived":4409,"packetsLost":0},"Type":"inbound-rtp","Video":{"timestamp":1611072834105.371,"packetsReceived":229,"packetsLost":0}},{"from":"Shivam_d3c79d6a-f882-41f2-a578-970ee49ff3dd","to":"Vidhi_255eb67e-08c0-4975-a44a-b7b5a2b624c8","Audio":{"timestamp":1611072839105.348,"packetsReceived":4659,"packetsLost":0},"Type":"inbound-rtp","Video":{"timestamp":1611072839105.348,"packetsReceived":234,"packetsLost":0}},{"from":"Shivam_d3c79d6a-f882-41f2-a578-970ee49ff3dd","to":"Vidhi_255eb67e-08c0-4975-a44a-b7b5a2b624c8","Audio":{"timestamp":1611072839105.348,"packetsReceived":4659,"packetsLost":0},"Type":"inbound-rtp","Video":{"timestamp":1611072839105.348,"packetsReceived":234,"packetsLost":0}},{"from":"Shivam_d3c79d6a-f882-41f2-a578-970ee49ff3dd","to":"Vidhi_255eb67e-08c0-4975-a44a-b7b5a2b624c8","Audio":{"timestamp":1611072844105.421,"packetsReceived":4909,"packetsLost":0},"Type":"inbound-rtp","Video":{"timestamp":1611072844105.421,"packetsReceived":238,"packetsLost":0}},{"from":"Shivam_d3c79d6a-f882-41f2-a578-970ee49ff3dd","to":"Vidhi_255eb67e-08c0-4975-a44a-b7b5a2b624c8","Audio":{"timestamp":1611072844105.421,"packetsReceived":4909,"packetsLost":0},"Type":"inbound-rtp","Video":{"timestamp":1611072844105.421,"packetsReceived":238,"packetsLost":0}},{"from":"Shivam_d3c79d6a-f882-41f2-a578-970ee49ff3dd","to":"Vidhi_255eb67e-08c0-4975-a44a-b7b5a2b624c8","Audio":{"timestamp":1611072849105.435,"packetsReceived":5159,"packetsLost":0},"Type":"inbound-rtp","Video":{"timestamp":1611072849105.435,"packetsReceived":243,"packetsLost":0}},{"from":"Shivam_d3c79d6a-f882-41f2-a578-970ee49ff3dd","to":"Vidhi_255eb67e-08c0-4975-a44a-b7b5a2b624c8","Audio":{"timestamp":1611072849105.435,"packetsReceived":5159,"packetsLost":0},"Type":"inbound-rtp","Video":{"timestamp":1611072849105.435,"packetsReceived":243,"packetsLost":0}},{"from":"Shivam_d3c79d6a-f882-41f2-a578-970ee49ff3dd","to":"Vidhi_255eb67e-08c0-4975-a44a-b7b5a2b624c8","Audio":{"timestamp":1611072854105.43,"packetsReceived":5409,"packetsLost":0},"Type":"inbound-rtp","Video":{"timestamp":1611072854105.43,"packetsReceived":248,"packetsLost":0}},{"from":"Shivam_d3c79d6a-f882-41f2-a578-970ee49ff3dd","to":"Vidhi_255eb67e-08c0-4975-a44a-b7b5a2b624c8","Audio":{"timestamp":1611072854105.43,"packetsReceived":5409,"packetsLost":0},"Type":"inbound-rtp","Video":{"timestamp":1611072854105.43,"packetsReceived":248,"packetsLost":0}},{"from":"Shivam_d3c79d6a-f882-41f2-a578-970ee49ff3dd","to":"Vidhi_255eb67e-08c0-4975-a44a-b7b5a2b624c8","Audio":{"timestamp":1611072859105.393,"packetsReceived":5659,"packetsLost":0},"Type":"inbound-rtp","Video":{"timestamp":1611072859105.393,"packetsReceived":252,"packetsLost":0}},{"from":"Shivam_d3c79d6a-f882-41f2-a578-970ee49ff3dd","to":"Vidhi_255eb67e-08c0-4975-a44a-b7b5a2b624c8","Audio":{"timestamp":1611072859105.393,"packetsReceived":5659,"packetsLost":0},"Type":"inbound-rtp","Video":{"timestamp":1611072859105.393,"packetsReceived":252,"packetsLost":0}},{"from":"Shivam_d3c79d6a-f882-41f2-a578-970ee49ff3dd","to":"Vidhi_255eb67e-08c0-4975-a44a-b7b5a2b624c8","Audio":{"timestamp":1611072864105.423,"packetsReceived":5909,"packetsLost":0},"Type":"inbound-rtp","Video":{"timestamp":1611072864105.423,"packetsReceived":257,"packetsLost":0}},{"from":"Shivam_d3c79d6a-f882-41f2-a578-970ee49ff3dd","to":"Vidhi_255eb67e-08c0-4975-a44a-b7b5a2b624c8","Audio":{"timestamp":1611072864105.423,"packetsReceived":5909,"packetsLost":0},"Type":"inbound-rtp","Video":{"timestamp":1611072864105.423,"packetsReceived":257,"packetsLost":0}},{"from":"Shivam_d3c79d6a-f882-41f2-a578-970ee49ff3dd","to":"Vidhi_255eb67e-08c0-4975-a44a-b7b5a2b624c8","Audio":{"timestamp":1611072869105.379,"packetsReceived":6159,"packetsLost":0},"Type":"inbound-rtp","Video":{"timestamp":1611072869105.379,"packetsReceived":262,"packetsLost":0}},{"from":"Shivam_d3c79d6a-f882-41f2-a578-970ee49ff3dd","to":"Vidhi_255eb67e-08c0-4975-a44a-b7b5a2b624c8","Audio":{"timestamp":1611072869105.379,"packetsReceived":6159,"packetsLost":0},"Type":"inbound-rtp","Video":{"timestamp":1611072869105.379,"packetsReceived":262,"packetsLost":0}},{"from":"Shivam_d3c79d6a-f882-41f2-a578-970ee49ff3dd","to":"Vidhi_255eb67e-08c0-4975-a44a-b7b5a2b624c8","Audio":{"timestamp":1611072874105.591,"packetsReceived":6409,"packetsLost":0},"Type":"inbound-rtp","Video":{"timestamp":1611072874105.591,"packetsReceived":266,"packetsLost":0}},{"from":"Shivam_d3c79d6a-f882-41f2-a578-970ee49ff3dd","to":"Vidhi_255eb67e-08c0-4975-a44a-b7b5a2b624c8","Audio":{"timestamp":1611072874105.591,"packetsReceived":6409,"packetsLost":0},"Type":"inbound-rtp","Video":{"timestamp":1611072874105.591,"packetsReceived":266,"packetsLost":0}},{"from":"Shivam_d3c79d6a-f882-41f2-a578-970ee49ff3dd","to":"Vidhi_255eb67e-08c0-4975-a44a-b7b5a2b624c8","Audio":{"timestamp":1611072879105.493,"packetsReceived":6659,"packetsLost":0},"Type":"inbound-rtp","Video":{"timestamp":1611072879105.493,"packetsReceived":287,"packetsLost":0}},{"from":"Shivam_d3c79d6a-f882-41f2-a578-970ee49ff3dd","to":"Vidhi_255eb67e-08c0-4975-a44a-b7b5a2b624c8","Audio":{"timestamp":1611072879105.493,"packetsReceived":6659,"packetsLost":0},"Type":"inbound-rtp","Video":{"timestamp":1611072879105.493,"packetsReceived":287,"packetsLost":0}},{"from":"Shivam_d3c79d6a-f882-41f2-a578-970ee49ff3dd","to":"Vidhi_255eb67e-08c0-4975-a44a-b7b5a2b624c8","Audio":{"timestamp":1611072884105.426,"packetsReceived":6909,"packetsLost":0},"Type":"inbound-rtp","Video":{"timestamp":1611072884105.426,"packetsReceived":395,"packetsLost":0}},{"from":"Shivam_d3c79d6a-f882-41f2-a578-970ee49ff3dd","to":"Vidhi_255eb67e-08c0-4975-a44a-b7b5a2b624c8","Audio":{"timestamp":1611072884105.426,"packetsReceived":6909,"packetsLost":0},"Type":"inbound-rtp","Video":{"timestamp":1611072884105.426,"packetsReceived":395,"packetsLost":0}},{"from":"Shivam_d3c79d6a-f882-41f2-a578-970ee49ff3dd","to":"Vidhi_255eb67e-08c0-4975-a44a-b7b5a2b624c8","Audio":{"timestamp":1611072889105.428,"packetsReceived":7159,"packetsLost":0},"Type":"inbound-rtp","Video":{"timestamp":1611072889105.428,"packetsReceived":407,"packetsLost":0}},{"from":"Shivam_d3c79d6a-f882-41f2-a578-970ee49ff3dd","to":"Vidhi_255eb67e-08c0-4975-a44a-b7b5a2b624c8","Audio":{"timestamp":1611072889105.428,"packetsReceived":7159,"packetsLost":0},"Type":"inbound-rtp","Video":{"timestamp":1611072889105.428,"packetsReceived":407,"packetsLost":0}},{"from":"Shivam_d3c79d6a-f882-41f2-a578-970ee49ff3dd","to":"Vidhi_255eb67e-08c0-4975-a44a-b7b5a2b624c8","Audio":{"timestamp":1611072894105.41,"packetsReceived":7409,"packetsLost":0},"Type":"inbound-rtp","Video":{"timestamp":1611072894105.41,"packetsReceived":422,"packetsLost":0}},{"from":"Shivam_d3c79d6a-f882-41f2-a578-970ee49ff3dd","to":"Vidhi_255eb67e-08c0-4975-a44a-b7b5a2b624c8","Audio":{"timestamp":1611072894105.41,"packetsReceived":7409,"packetsLost":0},"Type":"inbound-rtp","Video":{"timestamp":1611072894105.41,"packetsReceived":422,"packetsLost":0}},{"from":"Shivam_d3c79d6a-f882-41f2-a578-970ee49ff3dd","to":"Vidhi_255eb67e-08c0-4975-a44a-b7b5a2b624c8","Audio":{"timestamp":1611072899105.366,"packetsReceived":7659,"packetsLost":0},"Type":"inbound-rtp","Video":{"timestamp":1611072899105.366,"packetsReceived":434,"packetsLost":0}},{"from":"Shivam_d3c79d6a-f882-41f2-a578-970ee49ff3dd","to":"Vidhi_255eb67e-08c0-4975-a44a-b7b5a2b624c8","Audio":{"timestamp":1611072899105.366,"packetsReceived":7659,"packetsLost":0},"Type":"inbound-rtp","Video":{"timestamp":1611072899105.366,"packetsReceived":434,"packetsLost":0}},{"from":"Shivam_d3c79d6a-f882-41f2-a578-970ee49ff3dd","to":"Vidhi_255eb67e-08c0-4975-a44a-b7b5a2b624c8","Audio":{"timestamp":1611072904105.456,"packetsReceived":7909,"packetsLost":0},"Type":"inbound-rtp","Video":{"timestamp":1611072904105.456,"packetsReceived":443,"packetsLost":0}},{"from":"Shivam_d3c79d6a-f882-41f2-a578-970ee49ff3dd","to":"Vidhi_255eb67e-08c0-4975-a44a-b7b5a2b624c8","Audio":{"timestamp":1611072904105.456,"packetsReceived":7909,"packetsLost":0},"Type":"inbound-rtp","Video":{"timestamp":1611072904105.456,"packetsReceived":443,"packetsLost":0}},{"from":"Shivam_d3c79d6a-f882-41f2-a578-970ee49ff3dd","to":"Vidhi_255eb67e-08c0-4975-a44a-b7b5a2b624c8","Audio":{"timestamp":1611072909105.471,"packetsReceived":8159,"packetsLost":0},"Type":"inbound-rtp","Video":{"timestamp":1611072909105.471,"packetsReceived":535,"packetsLost":0}},{"from":"Shivam_d3c79d6a-f882-41f2-a578-970ee49ff3dd","to":"Vidhi_255eb67e-08c0-4975-a44a-b7b5a2b624c8","Audio":{"timestamp":1611072909105.471,"packetsReceived":8159,"packetsLost":0},"Type":"inbound-rtp","Video":{"timestamp":1611072909105.471,"packetsReceived":535,"packetsLost":0}},{"from":"Shivam_d3c79d6a-f882-41f2-a578-970ee49ff3dd","to":"Vidhi_255eb67e-08c0-4975-a44a-b7b5a2b624c8","Audio":{"timestamp":1611072914105.333,"packetsReceived":8409,"packetsLost":0},"Type":"inbound-rtp","Video":{"timestamp":1611072914105.333,"packetsReceived":550,"packetsLost":0}},{"from":"Shivam_d3c79d6a-f882-41f2-a578-970ee49ff3dd","to":"Vidhi_255eb67e-08c0-4975-a44a-b7b5a2b624c8","Audio":{"timestamp":1611072914105.333,"packetsReceived":8409,"packetsLost":0},"Type":"inbound-rtp","Video":{"timestamp":1611072914105.333,"packetsReceived":550,"packetsLost":0}},{"from":"Shivam_d3c79d6a-f882-41f2-a578-970ee49ff3dd","to":"Vidhi_255eb67e-08c0-4975-a44a-b7b5a2b624c8","Audio":{"timestamp":1611072919105.433,"packetsReceived":8659,"packetsLost":0},"Type":"inbound-rtp","Video":{"timestamp":1611072919105.433,"packetsReceived":558,"packetsLost":0}},{"from":"Shivam_d3c79d6a-f882-41f2-a578-970ee49ff3dd","to":"Vidhi_255eb67e-08c0-4975-a44a-b7b5a2b624c8","Audio":{"timestamp":1611072919105.433,"packetsReceived":8659,"packetsLost":0},"Type":"inbound-rtp","Video":{"timestamp":1611072919105.433,"packetsReceived":558,"packetsLost":0}},{"from":"Shivam_d3c79d6a-f882-41f2-a578-970ee49ff3dd","to":"Vidhi_255eb67e-08c0-4975-a44a-b7b5a2b624c8","Audio":{"timestamp":1611072924105.414,"packetsReceived":8909,"packetsLost":0},"Type":"inbound-rtp","Video":{"timestamp":1611072924105.414,"packetsReceived":568,"packetsLost":0}},{"from":"Shivam_d3c79d6a-f882-41f2-a578-970ee49ff3dd","to":"Vidhi_255eb67e-08c0-4975-a44a-b7b5a2b624c8","Audio":{"timestamp":1611072924105.414,"packetsReceived":8909,"packetsLost":0},"Type":"inbound-rtp","Video":{"timestamp":1611072924105.414,"packetsReceived":568,"packetsLost":0}},{"from":"Shivam_d3c79d6a-f882-41f2-a578-970ee49ff3dd","to":"Vidhi_255eb67e-08c0-4975-a44a-b7b5a2b624c8","Audio":{"timestamp":1611072929105.394,"packetsReceived":9159,"packetsLost":0},"Type":"inbound-rtp","Video":{"timestamp":1611072929105.394,"packetsReceived":578,"packetsLost":0}},{"from":"Shivam_d3c79d6a-f882-41f2-a578-970ee49ff3dd","to":"Vidhi_255eb67e-08c0-4975-a44a-b7b5a2b624c8","Audio":{"timestamp":1611072929105.394,"packetsReceived":9159,"packetsLost":0},"Type":"inbound-rtp","Video":{"timestamp":1611072929105.394,"packetsReceived":578,"packetsLost":0}},{"from":"Shivam_d3c79d6a-f882-41f2-a578-970ee49ff3dd","to":"Vidhi_255eb67e-08c0-4975-a44a-b7b5a2b624c8","Audio":{"timestamp":1611072934105.463,"packetsReceived":9409,"packetsLost":0},"Type":"inbound-rtp","Video":{"timestamp":1611072934105.463,"packetsReceived":586,"packetsLost":0}},{"from":"Shivam_d3c79d6a-f882-41f2-a578-970ee49ff3dd","to":"Vidhi_255eb67e-08c0-4975-a44a-b7b5a2b624c8","Audio":{"timestamp":1611072934105.463,"packetsReceived":9409,"packetsLost":0},"Type":"inbound-rtp","Video":{"timestamp":1611072934105.463,"packetsReceived":586,"packetsLost":0}},{"from":"Shivam_d3c79d6a-f882-41f2-a578-970ee49ff3dd","to":"Vidhi_255eb67e-08c0-4975-a44a-b7b5a2b624c8","Audio":{"timestamp":1611072939105.427,"packetsReceived":9659,"packetsLost":0},"Type":"inbound-rtp","Video":{"timestamp":1611072939105.427,"packetsReceived":596,"packetsLost":0}},{"from":"Shivam_d3c79d6a-f882-41f2-a578-970ee49ff3dd","to":"Vidhi_255eb67e-08c0-4975-a44a-b7b5a2b624c8","Audio":{"timestamp":1611072939105.427,"packetsReceived":9659,"packetsLost":0},"Type":"inbound-rtp","Video":{"timestamp":1611072939105.427,"packetsReceived":596,"packetsLost":0}},{"from":"Shivam_d3c79d6a-f882-41f2-a578-970ee49ff3dd","to":"Vidhi_255eb67e-08c0-4975-a44a-b7b5a2b624c8","Audio":{"timestamp":1611072944105.304,"packetsReceived":9909,"packetsLost":0},"Type":"inbound-rtp","Video":{"timestamp":1611072944105.304,"packetsReceived":606,"packetsLost":0}},{"from":"Shivam_d3c79d6a-f882-41f2-a578-970ee49ff3dd","to":"Vidhi_255eb67e-08c0-4975-a44a-b7b5a2b624c8","Audio":{"timestamp":1611072944105.304,"packetsReceived":9909,"packetsLost":0},"Type":"inbound-rtp","Video":{"timestamp":1611072944105.304,"packetsReceived":606,"packetsLost":0}},{"from":"Shivam_d3c79d6a-f882-41f2-a578-970ee49ff3dd","to":"Vidhi_255eb67e-08c0-4975-a44a-b7b5a2b624c8","Audio":{"timestamp":1611072949105.447,"packetsReceived":10159,"packetsLost":0},"Type":"inbound-rtp","Video":{"timestamp":1611072949105.447,"packetsReceived":614,"packetsLost":0}},{"from":"Shivam_d3c79d6a-f882-41f2-a578-970ee49ff3dd","to":"Vidhi_255eb67e-08c0-4975-a44a-b7b5a2b624c8","Audio":{"timestamp":1611072949105.447,"packetsReceived":10159,"packetsLost":0},"Type":"inbound-rtp","Video":{"timestamp":1611072949105.447,"packetsReceived":614,"packetsLost":0}},{"from":"Shivam_d3c79d6a-f882-41f2-a578-970ee49ff3dd","to":"Vidhi_255eb67e-08c0-4975-a44a-b7b5a2b624c8","Audio":{"timestamp":1611072954105.382,"packetsReceived":10409,"packetsLost":0},"Type":"inbound-rtp","Video":{"timestamp":1611072954105.382,"packetsReceived":624,"packetsLost":0}},{"from":"Shivam_d3c79d6a-f882-41f2-a578-970ee49ff3dd","to":"Vidhi_255eb67e-08c0-4975-a44a-b7b5a2b624c8","Audio":{"timestamp":1611072954105.382,"packetsReceived":10409,"packetsLost":0},"Type":"inbound-rtp","Video":{"timestamp":1611072954105.382,"packetsReceived":624,"packetsLost":0}},{"from":"Shivam_d3c79d6a-f882-41f2-a578-970ee49ff3dd","to":"Vidhi_255eb67e-08c0-4975-a44a-b7b5a2b624c8","Audio":{"timestamp":1611072959105.525,"packetsReceived":10659,"packetsLost":0},"Type":"inbound-rtp","Video":{"timestamp":1611072959105.525,"packetsReceived":634,"packetsLost":0}},{"from":"Shivam_d3c79d6a-f882-41f2-a578-970ee49ff3dd","to":"Vidhi_255eb67e-08c0-4975-a44a-b7b5a2b624c8","Audio":{"timestamp":1611072959105.525,"packetsReceived":10659,"packetsLost":0},"Type":"inbound-rtp","Video":{"timestamp":1611072959105.525,"packetsReceived":634,"packetsLost":0}},{"from":"Shivam_d3c79d6a-f882-41f2-a578-970ee49ff3dd","to":"Vidhi_255eb67e-08c0-4975-a44a-b7b5a2b624c8","Audio":{"timestamp":1611072964105.269,"packetsReceived":10909,"packetsLost":0},"Type":"inbound-rtp","Video":{"timestamp":1611072964105.269,"packetsReceived":644,"packetsLost":0}},{"from":"Shivam_d3c79d6a-f882-41f2-a578-970ee49ff3dd","to":"Vidhi_255eb67e-08c0-4975-a44a-b7b5a2b624c8","Audio":{"timestamp":1611072964105.269,"packetsReceived":10909,"packetsLost":0},"Type":"inbound-rtp","Video":{"timestamp":1611072964105.269,"packetsReceived":644,"packetsLost":0}},{"from":"Shivam_d3c79d6a-f882-41f2-a578-970ee49ff3dd","to":"Vidhi_255eb67e-08c0-4975-a44a-b7b5a2b624c8","Audio":{"timestamp":1611072969105.402,"packetsReceived":11159,"packetsLost":0},"Type":"inbound-rtp","Video":{"timestamp":1611072969105.402,"packetsReceived":652,"packetsLost":0}},{"from":"Shivam_d3c79d6a-f882-41f2-a578-970ee49ff3dd","to":"Vidhi_255eb67e-08c0-4975-a44a-b7b5a2b624c8","Audio":{"timestamp":1611072969105.402,"packetsReceived":11159,"packetsLost":0},"Type":"inbound-rtp","Video":{"timestamp":1611072969105.402,"packetsReceived":652,"packetsLost":0}},{"from":"Shivam_d3c79d6a-f882-41f2-a578-970ee49ff3dd","to":"Vidhi_255eb67e-08c0-4975-a44a-b7b5a2b624c8","Audio":{"timestamp":1611072974105.39,"packetsReceived":11409,"packetsLost":0},"Type":"inbound-rtp","Video":{"timestamp":1611072974105.39,"packetsReceived":662,"packetsLost":0}},{"from":"Shivam_d3c79d6a-f882-41f2-a578-970ee49ff3dd","to":"Vidhi_255eb67e-08c0-4975-a44a-b7b5a2b624c8","Audio":{"timestamp":1611072974105.39,"packetsReceived":11409,"packetsLost":0},"Type":"inbound-rtp","Video":{"timestamp":1611072974105.39,"packetsReceived":662,"packetsLost":0}},{"from":"Shivam_d3c79d6a-f882-41f2-a578-970ee49ff3dd","to":"Vidhi_255eb67e-08c0-4975-a44a-b7b5a2b624c8","Audio":{"timestamp":1611072979105.273,"packetsReceived":11659,"packetsLost":0},"Type":"inbound-rtp","Video":{"timestamp":1611072979105.273,"packetsReceived":672,"packetsLost":0}},{"from":"Shivam_d3c79d6a-f882-41f2-a578-970ee49ff3dd","to":"Vidhi_255eb67e-08c0-4975-a44a-b7b5a2b624c8","Audio":{"timestamp":1611072979105.273,"packetsReceived":11659,"packetsLost":0},"Type":"inbound-rtp","Video":{"timestamp":1611072979105.273,"packetsReceived":672,"packetsLost":0}},{"from":"Shivam_d3c79d6a-f882-41f2-a578-970ee49ff3dd","to":"Vidhi_255eb67e-08c0-4975-a44a-b7b5a2b624c8","Audio":{"timestamp":1611072984105.452,"packetsReceived":11909,"packetsLost":0},"Type":"inbound-rtp","Video":{"timestamp":1611072984105.452,"packetsReceived":680,"packetsLost":0}},{"from":"Shivam_d3c79d6a-f882-41f2-a578-970ee49ff3dd","to":"Vidhi_255eb67e-08c0-4975-a44a-b7b5a2b624c8","Audio":{"timestamp":1611072984105.452,"packetsReceived":11909,"packetsLost":0},"Type":"inbound-rtp","Video":{"timestamp":1611072984105.452,"packetsReceived":680,"packetsLost":0}},{"from":"Shivam_d3c79d6a-f882-41f2-a578-970ee49ff3dd","to":"Vidhi_255eb67e-08c0-4975-a44a-b7b5a2b624c8","Audio":{"timestamp":1611072989105.424,"packetsReceived":12159,"packetsLost":0},"Type":"inbound-rtp","Video":{"timestamp":1611072989105.424,"packetsReceived":690,"packetsLost":0}},{"from":"Shivam_d3c79d6a-f882-41f2-a578-970ee49ff3dd","to":"Vidhi_255eb67e-08c0-4975-a44a-b7b5a2b624c8","Audio":{"timestamp":1611072989105.424,"packetsReceived":12159,"packetsLost":0},"Type":"inbound-rtp","Video":{"timestamp":1611072989105.424,"packetsReceived":690,"packetsLost":0}},{"from":"Shivam_d3c79d6a-f882-41f2-a578-970ee49ff3dd","to":"Vidhi_255eb67e-08c0-4975-a44a-b7b5a2b624c8","Audio":{"timestamp":1611072994105.369,"packetsReceived":12409,"packetsLost":0},"Type":"inbound-rtp","Video":{"timestamp":1611072994105.369,"packetsReceived":700,"packetsLost":0}},{"from":"Shivam_d3c79d6a-f882-41f2-a578-970ee49ff3dd","to":"Vidhi_255eb67e-08c0-4975-a44a-b7b5a2b624c8","Audio":{"timestamp":1611072994105.369,"packetsReceived":12409,"packetsLost":0},"Type":"inbound-rtp","Video":{"timestamp":1611072994105.369,"packetsReceived":700,"packetsLost":0}},{"from":"Shivam_d3c79d6a-f882-41f2-a578-970ee49ff3dd","to":"Vidhi_255eb67e-08c0-4975-a44a-b7b5a2b624c8","Audio":{"timestamp":1611072999105.446,"packetsReceived":12659,"packetsLost":0},"Type":"inbound-rtp","Video":{"timestamp":1611072999105.446,"packetsReceived":708,"packetsLost":0}},{"from":"Shivam_d3c79d6a-f882-41f2-a578-970ee49ff3dd","to":"Vidhi_255eb67e-08c0-4975-a44a-b7b5a2b624c8","Audio":{"timestamp":1611072999105.446,"packetsReceived":12659,"packetsLost":0},"Type":"inbound-rtp","Video":{"timestamp":1611072999105.446,"packetsReceived":708,"packetsLost":0}},{"from":"Shivam_d3c79d6a-f882-41f2-a578-970ee49ff3dd","to":"Vidhi_255eb67e-08c0-4975-a44a-b7b5a2b624c8","Audio":{"timestamp":1611073004105.425,"packetsReceived":12909,"packetsLost":0},"Type":"inbound-rtp","Video":{"timestamp":1611073004105.425,"packetsReceived":718,"packetsLost":0}},{"from":"Shivam_d3c79d6a-f882-41f2-a578-970ee49ff3dd","to":"Vidhi_255eb67e-08c0-4975-a44a-b7b5a2b624c8","Audio":{"timestamp":1611073004105.425,"packetsReceived":12909,"packetsLost":0},"Type":"inbound-rtp","Video":{"timestamp":1611073004105.425,"packetsReceived":718,"packetsLost":0}},{"from":"Shivam_d3c79d6a-f882-41f2-a578-970ee49ff3dd","to":"Vidhi_255eb67e-08c0-4975-a44a-b7b5a2b624c8","Audio":{"timestamp":1611073009105.36,"packetsReceived":13159,"packetsLost":0},"Type":"inbound-rtp","Video":{"timestamp":1611073009105.36,"packetsReceived":728,"packetsLost":0}},{"from":"Shivam_d3c79d6a-f882-41f2-a578-970ee49ff3dd","to":"Vidhi_255eb67e-08c0-4975-a44a-b7b5a2b624c8","Audio":{"timestamp":1611073009105.36,"packetsReceived":13159,"packetsLost":0},"Type":"inbound-rtp","Video":{"timestamp":1611073009105.36,"packetsReceived":728,"packetsLost":0}},{"from":"Shivam_d3c79d6a-f882-41f2-a578-970ee49ff3dd","to":"Vidhi_255eb67e-08c0-4975-a44a-b7b5a2b624c8","Audio":{"timestamp":1611073014105.445,"packetsReceived":13409,"packetsLost":0},"Type":"inbound-rtp","Video":{"timestamp":1611073014105.445,"packetsReceived":736,"packetsLost":0}},{"from":"Shivam_d3c79d6a-f882-41f2-a578-970ee49ff3dd","to":"Vidhi_255eb67e-08c0-4975-a44a-b7b5a2b624c8","Audio":{"timestamp":1611073014105.445,"packetsReceived":13409,"packetsLost":0},"Type":"inbound-rtp","Video":{"timestamp":1611073014105.445,"packetsReceived":736,"packetsLost":0}},{"from":"Shivam_d3c79d6a-f882-41f2-a578-970ee49ff3dd","to":"Vidhi_255eb67e-08c0-4975-a44a-b7b5a2b624c8","Audio":{"timestamp":1611073019105.435,"packetsReceived":13659,"packetsLost":0},"Type":"inbound-rtp","Video":{"timestamp":1611073019105.435,"packetsReceived":746,"packetsLost":0}},{"from":"Shivam_d3c79d6a-f882-41f2-a578-970ee49ff3dd","to":"Vidhi_255eb67e-08c0-4975-a44a-b7b5a2b624c8","Audio":{"timestamp":1611073019105.435,"packetsReceived":13659,"packetsLost":0},"Type":"inbound-rtp","Video":{"timestamp":1611073019105.435,"packetsReceived":746,"packetsLost":0}},{"from":"Shivam_d3c79d6a-f882-41f2-a578-970ee49ff3dd","to":"Vidhi_255eb67e-08c0-4975-a44a-b7b5a2b624c8","Audio":{"timestamp":1611073024105.407,"packetsReceived":13909,"packetsLost":0},"Type":"inbound-rtp","Video":{"timestamp":1611073024105.407,"packetsReceived":756,"packetsLost":0}},{"from":"Shivam_d3c79d6a-f882-41f2-a578-970ee49ff3dd","to":"Vidhi_255eb67e-08c0-4975-a44a-b7b5a2b624c8","Audio":{"timestamp":1611073024105.407,"packetsReceived":13909,"packetsLost":0},"Type":"inbound-rtp","Video":{"timestamp":1611073024105.407,"packetsReceived":756,"packetsLost":0}},{"from":"Shivam_d3c79d6a-f882-41f2-a578-970ee49ff3dd","to":"Vidhi_255eb67e-08c0-4975-a44a-b7b5a2b624c8","Audio":{"timestamp":1611073029105.404,"packetsReceived":14159,"packetsLost":0},"Type":"inbound-rtp","Video":{"timestamp":1611073029105.404,"packetsReceived":764,"packetsLost":0}},{"from":"Shivam_d3c79d6a-f882-41f2-a578-970ee49ff3dd","to":"Vidhi_255eb67e-08c0-4975-a44a-b7b5a2b624c8","Audio":{"timestamp":1611073029105.404,"packetsReceived":14159,"packetsLost":0},"Type":"inbound-rtp","Video":{"timestamp":1611073029105.404,"packetsReceived":764,"packetsLost":0}},{"from":"Shivam_d3c79d6a-f882-41f2-a578-970ee49ff3dd","to":"Vidhi_255eb67e-08c0-4975-a44a-b7b5a2b624c8","Audio":{"timestamp":1611073034105.442,"packetsReceived":14409,"packetsLost":0},"Type":"inbound-rtp","Video":{"timestamp":1611073034105.442,"packetsReceived":774,"packetsLost":0}},{"from":"Shivam_d3c79d6a-f882-41f2-a578-970ee49ff3dd","to":"Vidhi_255eb67e-08c0-4975-a44a-b7b5a2b624c8","Audio":{"timestamp":1611073034105.442,"packetsReceived":14409,"packetsLost":0},"Type":"inbound-rtp","Video":{"timestamp":1611073034105.442,"packetsReceived":774,"packetsLost":0}},{"from":"Shivam_d3c79d6a-f882-41f2-a578-970ee49ff3dd","to":"Vidhi_255eb67e-08c0-4975-a44a-b7b5a2b624c8","Audio":{"timestamp":1611073039105.404,"packetsReceived":14659,"packetsLost":0},"Type":"inbound-rtp","Video":{"timestamp":1611073039105.404,"packetsReceived":784,"packetsLost":0}},{"from":"Shivam_d3c79d6a-f882-41f2-a578-970ee49ff3dd","to":"Vidhi_255eb67e-08c0-4975-a44a-b7b5a2b624c8","Audio":{"timestamp":1611073039105.404,"packetsReceived":14659,"packetsLost":0},"Type":"inbound-rtp","Video":{"timestamp":1611073039105.404,"packetsReceived":784,"packetsLost":0}},{"from":"Shivam_d3c79d6a-f882-41f2-a578-970ee49ff3dd","to":"Vidhi_255eb67e-08c0-4975-a44a-b7b5a2b624c8","Audio":{"timestamp":1611073044105.439,"packetsReceived":14909,"packetsLost":0},"Type":"inbound-rtp","Video":{"timestamp":1611073044105.439,"packetsReceived":792,"packetsLost":0}},{"from":"Shivam_d3c79d6a-f882-41f2-a578-970ee49ff3dd","to":"Vidhi_255eb67e-08c0-4975-a44a-b7b5a2b624c8","Audio":{"timestamp":1611073044105.439,"packetsReceived":14909,"packetsLost":0},"Type":"inbound-rtp","Video":{"timestamp":1611073044105.439,"packetsReceived":792,"packetsLost":0}},{"from":"Shivam_d3c79d6a-f882-41f2-a578-970ee49ff3dd","to":"Vidhi_255eb67e-08c0-4975-a44a-b7b5a2b624c8","Audio":{"timestamp":1611073049105.405,"packetsReceived":15159,"packetsLost":0},"Type":"inbound-rtp","Video":{"timestamp":1611073049105.405,"packetsReceived":802,"packetsLost":0}},{"from":"Shivam_d3c79d6a-f882-41f2-a578-970ee49ff3dd","to":"Vidhi_255eb67e-08c0-4975-a44a-b7b5a2b624c8","Audio":{"timestamp":1611073049105.405,"packetsReceived":15159,"packetsLost":0},"Type":"inbound-rtp","Video":{"timestamp":1611073049105.405,"packetsReceived":802,"packetsLost":0}},{"from":"Shivam_d3c79d6a-f882-41f2-a578-970ee49ff3dd","to":"Vidhi_255eb67e-08c0-4975-a44a-b7b5a2b624c8","Audio":{"timestamp":1611073054105.384,"packetsReceived":15409,"packetsLost":0},"Type":"inbound-rtp","Video":{"timestamp":1611073054105.384,"packetsReceived":812,"packetsLost":0}},{"from":"Shivam_d3c79d6a-f882-41f2-a578-970ee49ff3dd","to":"Vidhi_255eb67e-08c0-4975-a44a-b7b5a2b624c8","Audio":{"timestamp":1611073054105.384,"packetsReceived":15409,"packetsLost":0},"Type":"inbound-rtp","Video":{"timestamp":1611073054105.384,"packetsReceived":812,"packetsLost":0}},{"from":"Shivam_d3c79d6a-f882-41f2-a578-970ee49ff3dd","to":"Vidhi_255eb67e-08c0-4975-a44a-b7b5a2b624c8","Audio":{"timestamp":1611073059105.435,"packetsReceived":15659,"packetsLost":0},"Type":"inbound-rtp","Video":{"timestamp":1611073059105.435,"packetsReceived":820,"packetsLost":0}},{"from":"Shivam_d3c79d6a-f882-41f2-a578-970ee49ff3dd","to":"Vidhi_255eb67e-08c0-4975-a44a-b7b5a2b624c8","Audio":{"timestamp":1611073059105.435,"packetsReceived":15659,"packetsLost":0},"Type":"inbound-rtp","Video":{"timestamp":1611073059105.435,"packetsReceived":820,"packetsLost":0}},{"from":"Shivam_d3c79d6a-f882-41f2-a578-970ee49ff3dd","to":"Vidhi_255eb67e-08c0-4975-a44a-b7b5a2b624c8","Audio":{"timestamp":1611073064105.385,"packetsReceived":15909,"packetsLost":0},"Type":"inbound-rtp","Video":{"timestamp":1611073064105.385,"packetsReceived":830,"packetsLost":0}},{"from":"Shivam_d3c79d6a-f882-41f2-a578-970ee49ff3dd","to":"Vidhi_255eb67e-08c0-4975-a44a-b7b5a2b624c8","Audio":{"timestamp":1611073064105.385,"packetsReceived":15909,"packetsLost":0},"Type":"inbound-rtp","Video":{"timestamp":1611073064105.385,"packetsReceived":830,"packetsLost":0}},{"from":"Shivam_d3c79d6a-f882-41f2-a578-970ee49ff3dd","to":"Vidhi_255eb67e-08c0-4975-a44a-b7b5a2b624c8","Audio":{"timestamp":1611073069105.415,"packetsReceived":16159,"packetsLost":0},"Type":"inbound-rtp","Video":{"timestamp":1611073069105.415,"packetsReceived":840,"packetsLost":0}},{"from":"Shivam_d3c79d6a-f882-41f2-a578-970ee49ff3dd","to":"Vidhi_255eb67e-08c0-4975-a44a-b7b5a2b624c8","Audio":{"timestamp":1611073069105.415,"packetsReceived":16159,"packetsLost":0},"Type":"inbound-rtp","Video":{"timestamp":1611073069105.415,"packetsReceived":840,"packetsLost":0}},{"from":"Shivam_d3c79d6a-f882-41f2-a578-970ee49ff3dd","to":"Vidhi_255eb67e-08c0-4975-a44a-b7b5a2b624c8","Audio":{"timestamp":1611073074105.428,"packetsReceived":16409,"packetsLost":0},"Type":"inbound-rtp","Video":{"timestamp":1611073074105.428,"packetsReceived":848,"packetsLost":0}},{"from":"Shivam_d3c79d6a-f882-41f2-a578-970ee49ff3dd","to":"Vidhi_255eb67e-08c0-4975-a44a-b7b5a2b624c8","Audio":{"timestamp":1611073074105.428,"packetsReceived":16409,"packetsLost":0},"Type":"inbound-rtp","Video":{"timestamp":1611073074105.428,"packetsReceived":848,"packetsLost":0}},{"from":"Shivam_d3c79d6a-f882-41f2-a578-970ee49ff3dd","to":"Vidhi_255eb67e-08c0-4975-a44a-b7b5a2b624c8","Audio":{"timestamp":1611073079105.458,"packetsReceived":16659,"packetsLost":0},"Type":"inbound-rtp","Video":{"timestamp":1611073079105.458,"packetsReceived":858,"packetsLost":0}},{"from":"Shivam_d3c79d6a-f882-41f2-a578-970ee49ff3dd","to":"Vidhi_255eb67e-08c0-4975-a44a-b7b5a2b624c8","Audio":{"timestamp":1611073079105.458,"packetsReceived":16659,"packetsLost":0},"Type":"inbound-rtp","Video":{"timestamp":1611073079105.458,"packetsReceived":858,"packetsLost":0}},{"from":"Shivam_d3c79d6a-f882-41f2-a578-970ee49ff3dd","to":"Vidhi_255eb67e-08c0-4975-a44a-b7b5a2b624c8","Audio":{"timestamp":1611073084105.395,"packetsReceived":16909,"packetsLost":0},"Type":"inbound-rtp","Video":{"timestamp":1611073084105.395,"packetsReceived":868,"packetsLost":0}},{"from":"Shivam_d3c79d6a-f882-41f2-a578-970ee49ff3dd","to":"Vidhi_255eb67e-08c0-4975-a44a-b7b5a2b624c8","Audio":{"timestamp":1611073084105.395,"packetsReceived":16909,"packetsLost":0},"Type":"inbound-rtp","Video":{"timestamp":1611073084105.395,"packetsReceived":868,"packetsLost":0}},{"from":"Shivam_d3c79d6a-f882-41f2-a578-970ee49ff3dd","to":"Vidhi_255eb67e-08c0-4975-a44a-b7b5a2b624c8","Audio":{"timestamp":1611073089105.435,"packetsReceived":17159,"packetsLost":0},"Type":"inbound-rtp","Video":{"timestamp":1611073089105.435,"packetsReceived":876,"packetsLost":0}},{"from":"Shivam_d3c79d6a-f882-41f2-a578-970ee49ff3dd","to":"Vidhi_255eb67e-08c0-4975-a44a-b7b5a2b624c8","Audio":{"timestamp":1611073089105.435,"packetsReceived":17159,"packetsLost":0},"Type":"inbound-rtp","Video":{"timestamp":1611073089105.435,"packetsReceived":876,"packetsLost":0}},{"from":"Shivam_d3c79d6a-f882-41f2-a578-970ee49ff3dd","to":"Vidhi_255eb67e-08c0-4975-a44a-b7b5a2b624c8","Audio":{"timestamp":1611073094105.377,"packetsReceived":17409,"packetsLost":0},"Type":"inbound-rtp","Video":{"timestamp":1611073094105.377,"packetsReceived":886,"packetsLost":0}},{"from":"Shivam_d3c79d6a-f882-41f2-a578-970ee49ff3dd","to":"Vidhi_255eb67e-08c0-4975-a44a-b7b5a2b624c8","Audio":{"timestamp":1611073094105.377,"packetsReceived":17409,"packetsLost":0},"Type":"inbound-rtp","Video":{"timestamp":1611073094105.377,"packetsReceived":886,"packetsLost":0}},{"from":"Shivam_d3c79d6a-f882-41f2-a578-970ee49ff3dd","to":"Vidhi_255eb67e-08c0-4975-a44a-b7b5a2b624c8","Audio":{"timestamp":1611073099105.295,"packetsReceived":17659,"packetsLost":0},"Type":"inbound-rtp","Video":{"timestamp":1611073099105.295,"packetsReceived":896,"packetsLost":0}},{"from":"Shivam_d3c79d6a-f882-41f2-a578-970ee49ff3dd","to":"Vidhi_255eb67e-08c0-4975-a44a-b7b5a2b624c8","Audio":{"timestamp":1611073099105.295,"packetsReceived":17659,"packetsLost":0},"Type":"inbound-rtp","Video":{"timestamp":1611073099105.295,"packetsReceived":896,"packetsLost":0}},{"from":"Shivam_d3c79d6a-f882-41f2-a578-970ee49ff3dd","to":"Vidhi_255eb67e-08c0-4975-a44a-b7b5a2b624c8","Audio":{"timestamp":1611073104105.462,"packetsReceived":17909,"packetsLost":0},"Type":"inbound-rtp","Video":{"timestamp":1611073104105.462,"packetsReceived":904,"packetsLost":0}},{"from":"Shivam_d3c79d6a-f882-41f2-a578-970ee49ff3dd","to":"Vidhi_255eb67e-08c0-4975-a44a-b7b5a2b624c8","Audio":{"timestamp":1611073104105.462,"packetsReceived":17909,"packetsLost":0},"Type":"inbound-rtp","Video":{"timestamp":1611073104105.462,"packetsReceived":904,"packetsLost":0}},{"from":"Shivam_d3c79d6a-f882-41f2-a578-970ee49ff3dd","to":"Vidhi_255eb67e-08c0-4975-a44a-b7b5a2b624c8","Audio":{"timestamp":1611073109105.383,"packetsReceived":18159,"packetsLost":0},"Type":"inbound-rtp","Video":{"timestamp":1611073109105.383,"packetsReceived":914,"packetsLost":0}},{"from":"Shivam_d3c79d6a-f882-41f2-a578-970ee49ff3dd","to":"Vidhi_255eb67e-08c0-4975-a44a-b7b5a2b624c8","Audio":{"timestamp":1611073109105.383,"packetsReceived":18159,"packetsLost":0},"Type":"inbound-rtp","Video":{"timestamp":1611073109105.383,"packetsReceived":914,"packetsLost":0}},{"from":"Shivam_d3c79d6a-f882-41f2-a578-970ee49ff3dd","to":"Vidhi_255eb67e-08c0-4975-a44a-b7b5a2b624c8","Audio":{"timestamp":1611073114105.43,"packetsReceived":18409,"packetsLost":0},"Type":"inbound-rtp","Video":{"timestamp":1611073114105.43,"packetsReceived":924,"packetsLost":0}},{"from":"Shivam_d3c79d6a-f882-41f2-a578-970ee49ff3dd","to":"Vidhi_255eb67e-08c0-4975-a44a-b7b5a2b624c8","Audio":{"timestamp":1611073114105.43,"packetsReceived":18409,"packetsLost":0},"Type":"inbound-rtp","Video":{"timestamp":1611073114105.43,"packetsReceived":924,"packetsLost":0}},{"from":"Shivam_d3c79d6a-f882-41f2-a578-970ee49ff3dd","to":"Vidhi_255eb67e-08c0-4975-a44a-b7b5a2b624c8","Audio":{"timestamp":1611073119105.292,"packetsReceived":18659,"packetsLost":0},"Type":"inbound-rtp","Video":{"timestamp":1611073119105.292,"packetsReceived":934,"packetsLost":0}},{"from":"Shivam_d3c79d6a-f882-41f2-a578-970ee49ff3dd","to":"Vidhi_255eb67e-08c0-4975-a44a-b7b5a2b624c8","Audio":{"timestamp":1611073119105.292,"packetsReceived":18659,"packetsLost":0},"Type":"inbound-rtp","Video":{"timestamp":1611073119105.292,"packetsReceived":934,"packetsLost":0}},{"from":"Shivam_d3c79d6a-f882-41f2-a578-970ee49ff3dd","to":"Vidhi_255eb67e-08c0-4975-a44a-b7b5a2b624c8","Audio":{"timestamp":1611073124105.454,"packetsReceived":18909,"packetsLost":0},"Type":"inbound-rtp","Video":{"timestamp":1611073124105.454,"packetsReceived":942,"packetsLost":0}},{"from":"Shivam_d3c79d6a-f882-41f2-a578-970ee49ff3dd","to":"Vidhi_255eb67e-08c0-4975-a44a-b7b5a2b624c8","Audio":{"timestamp":1611073124105.454,"packetsReceived":18909,"packetsLost":0},"Type":"inbound-rtp","Video":{"timestamp":1611073124105.454,"packetsReceived":942,"packetsLost":0}},{"from":"Shivam_d3c79d6a-f882-41f2-a578-970ee49ff3dd","to":"Vidhi_255eb67e-08c0-4975-a44a-b7b5a2b624c8","Audio":{"timestamp":1611073129105.424,"packetsReceived":19159,"packetsLost":0},"Type":"inbound-rtp","Video":{"timestamp":1611073129105.424,"packetsReceived":952,"packetsLost":0}},{"from":"Shivam_d3c79d6a-f882-41f2-a578-970ee49ff3dd","to":"Vidhi_255eb67e-08c0-4975-a44a-b7b5a2b624c8","Audio":{"timestamp":1611073129105.424,"packetsReceived":19159,"packetsLost":0},"Type":"inbound-rtp","Video":{"timestamp":1611073129105.424,"packetsReceived":952,"packetsLost":0}},{"from":"Shivam_d3c79d6a-f882-41f2-a578-970ee49ff3dd","to":"Vidhi_255eb67e-08c0-4975-a44a-b7b5a2b624c8","Audio":{"timestamp":1611073134105.284,"packetsReceived":19409,"packetsLost":0},"Type":"inbound-rtp","Video":{"timestamp":1611073134105.284,"packetsReceived":962,"packetsLost":0}},{"from":"Shivam_d3c79d6a-f882-41f2-a578-970ee49ff3dd","to":"Vidhi_255eb67e-08c0-4975-a44a-b7b5a2b624c8","Audio":{"timestamp":1611073134105.284,"packetsReceived":19409,"packetsLost":0},"Type":"inbound-rtp","Video":{"timestamp":1611073134105.284,"packetsReceived":962,"packetsLost":0}},{"from":"Shivam_d3c79d6a-f882-41f2-a578-970ee49ff3dd","to":"Vidhi_255eb67e-08c0-4975-a44a-b7b5a2b624c8","Audio":{"timestamp":1611073139105.428,"packetsReceived":19659,"packetsLost":0},"Type":"inbound-rtp","Video":{"timestamp":1611073139105.428,"packetsReceived":970,"packetsLost":0}},{"from":"Shivam_d3c79d6a-f882-41f2-a578-970ee49ff3dd","to":"Vidhi_255eb67e-08c0-4975-a44a-b7b5a2b624c8","Audio":{"timestamp":1611073139105.428,"packetsReceived":19659,"packetsLost":0},"Type":"inbound-rtp","Video":{"timestamp":1611073139105.428,"packetsReceived":970,"packetsLost":0}},{"from":"Shivam_d3c79d6a-f882-41f2-a578-970ee49ff3dd","to":"Vidhi_255eb67e-08c0-4975-a44a-b7b5a2b624c8","Audio":{"timestamp":1611073144105.333,"packetsReceived":19909,"packetsLost":0},"Type":"inbound-rtp","Video":{"timestamp":1611073144105.333,"packetsReceived":1006,"packetsLost":0}},{"from":"Shivam_d3c79d6a-f882-41f2-a578-970ee49ff3dd","to":"Vidhi_255eb67e-08c0-4975-a44a-b7b5a2b624c8","Audio":{"timestamp":1611073144105.333,"packetsReceived":19909,"packetsLost":0},"Type":"inbound-rtp","Video":{"timestamp":1611073144105.333,"packetsReceived":1006,"packetsLost":0}},{"from":"Shivam_d3c79d6a-f882-41f2-a578-970ee49ff3dd","to":"Vidhi_255eb67e-08c0-4975-a44a-b7b5a2b624c8","Audio":{"timestamp":1611073149105.433,"packetsReceived":20159,"packetsLost":0},"Type":"inbound-rtp","Video":{"timestamp":1611073149105.433,"packetsReceived":1144,"packetsLost":0}},{"from":"Shivam_d3c79d6a-f882-41f2-a578-970ee49ff3dd","to":"Vidhi_255eb67e-08c0-4975-a44a-b7b5a2b624c8","Audio":{"timestamp":1611073149105.433,"packetsReceived":20159,"packetsLost":0},"Type":"inbound-rtp","Video":{"timestamp":1611073149105.433,"packetsReceived":1144,"packetsLost":0}},{"from":"Shivam_d3c79d6a-f882-41f2-a578-970ee49ff3dd","to":"Vidhi_255eb67e-08c0-4975-a44a-b7b5a2b624c8","Audio":{"timestamp":1611073154105.308,"packetsReceived":20409,"packetsLost":0},"Type":"inbound-rtp","Video":{"timestamp":1611073154105.308,"packetsReceived":1509,"packetsLost":0}},{"from":"Shivam_d3c79d6a-f882-41f2-a578-970ee49ff3dd","to":"Vidhi_255eb67e-08c0-4975-a44a-b7b5a2b624c8","Audio":{"timestamp":1611073154105.308,"packetsReceived":20409,"packetsLost":0},"Type":"inbound-rtp","Video":{"timestamp":1611073154105.308,"packetsReceived":1509,"packetsLost":0}},{"from":"Shivam_d3c79d6a-f882-41f2-a578-970ee49ff3dd","to":"Vidhi_255eb67e-08c0-4975-a44a-b7b5a2b624c8","Audio":{"timestamp":1611073159105.331,"packetsReceived":20659,"packetsLost":0},"Type":"inbound-rtp","Video":{"timestamp":1611073159105.331,"packetsReceived":1693,"packetsLost":0}},{"from":"Shivam_d3c79d6a-f882-41f2-a578-970ee49ff3dd","to":"Vidhi_255eb67e-08c0-4975-a44a-b7b5a2b624c8","Audio":{"timestamp":1611073159105.331,"packetsReceived":20659,"packetsLost":0},"Type":"inbound-rtp","Video":{"timestamp":1611073159105.331,"packetsReceived":1693,"packetsLost":0}},{"from":"Shivam_d3c79d6a-f882-41f2-a578-970ee49ff3dd","to":"Vidhi_255eb67e-08c0-4975-a44a-b7b5a2b624c8","Audio":{"timestamp":1611073164105.35,"packetsReceived":20909,"packetsLost":0},"Type":"inbound-rtp","Video":{"timestamp":1611073164105.35,"packetsReceived":1851,"packetsLost":0}},{"from":"Shivam_d3c79d6a-f882-41f2-a578-970ee49ff3dd","to":"Vidhi_255eb67e-08c0-4975-a44a-b7b5a2b624c8","Audio":{"timestamp":1611073164105.35,"packetsReceived":20909,"packetsLost":0},"Type":"inbound-rtp","Video":{"timestamp":1611073164105.35,"packetsReceived":1851,"packetsLost":0}},{"from":"Shivam_d3c79d6a-f882-41f2-a578-970ee49ff3dd","to":"Vidhi_255eb67e-08c0-4975-a44a-b7b5a2b624c8","Audio":{"timestamp":1611073169105.352,"packetsReceived":21159,"packetsLost":0},"Type":"inbound-rtp","Video":{"timestamp":1611073169105.352,"packetsReceived":2033,"packetsLost":0}},{"from":"Shivam_d3c79d6a-f882-41f2-a578-970ee49ff3dd","to":"Vidhi_255eb67e-08c0-4975-a44a-b7b5a2b624c8","Audio":{"timestamp":1611073169105.352,"packetsReceived":21159,"packetsLost":0},"Type":"inbound-rtp","Video":{"timestamp":1611073169105.352,"packetsReceived":2033,"packetsLost":0}},{"from":"Shivam_d3c79d6a-f882-41f2-a578-970ee49ff3dd","to":"Vidhi_255eb67e-08c0-4975-a44a-b7b5a2b624c8","Audio":{"timestamp":1611073174105.388,"packetsReceived":21409,"packetsLost":0},"Type":"inbound-rtp","Video":{"timestamp":1611073174105.388,"packetsReceived":2232,"packetsLost":0}},{"from":"Shivam_d3c79d6a-f882-41f2-a578-970ee49ff3dd","to":"Vidhi_255eb67e-08c0-4975-a44a-b7b5a2b624c8","Audio":{"timestamp":1611073174105.388,"packetsReceived":21409,"packetsLost":0},"Type":"inbound-rtp","Video":{"timestamp":1611073174105.388,"packetsReceived":2232,"packetsLost":0}},{"from":"Shivam_d3c79d6a-f882-41f2-a578-970ee49ff3dd","to":"Vidhi_255eb67e-08c0-4975-a44a-b7b5a2b624c8","Audio":{"timestamp":1611073179105.376,"packetsReceived":21659,"packetsLost":0},"Type":"inbound-rtp","Video":{"timestamp":1611073179105.376,"packetsReceived":2465,"packetsLost":0}},{"from":"Shivam_d3c79d6a-f882-41f2-a578-970ee49ff3dd","to":"Vidhi_255eb67e-08c0-4975-a44a-b7b5a2b624c8","Audio":{"timestamp":1611073179105.376,"packetsReceived":21659,"packetsLost":0},"Type":"inbound-rtp","Video":{"timestamp":1611073179105.376,"packetsReceived":2465,"packetsLost":0}},{"from":"Shivam_d3c79d6a-f882-41f2-a578-970ee49ff3dd","to":"Vidhi_255eb67e-08c0-4975-a44a-b7b5a2b624c8","Audio":{"timestamp":1611073184105.306,"packetsReceived":21909,"packetsLost":0},"Type":"inbound-rtp","Video":{"timestamp":1611073184105.306,"packetsReceived":2713,"packetsLost":0}},{"from":"Shivam_d3c79d6a-f882-41f2-a578-970ee49ff3dd","to":"Vidhi_255eb67e-08c0-4975-a44a-b7b5a2b624c8","Audio":{"timestamp":1611073184105.306,"packetsReceived":21909,"packetsLost":0},"Type":"inbound-rtp","Video":{"timestamp":1611073184105.306,"packetsReceived":2713,"packetsLost":0}},{"from":"Shivam_d3c79d6a-f882-41f2-a578-970ee49ff3dd","to":"Vidhi_255eb67e-08c0-4975-a44a-b7b5a2b624c8","Audio":{"timestamp":1611073189105.395,"packetsReceived":22159,"packetsLost":0},"Type":"inbound-rtp","Video":{"timestamp":1611073189105.395,"packetsReceived":3126,"packetsLost":0}},{"from":"Shivam_d3c79d6a-f882-41f2-a578-970ee49ff3dd","to":"Vidhi_255eb67e-08c0-4975-a44a-b7b5a2b624c8","Audio":{"timestamp":1611073189105.395,"packetsReceived":22159,"packetsLost":0},"Type":"inbound-rtp","Video":{"timestamp":1611073189105.395,"packetsReceived":3126,"packetsLost":0}},{"from":"Shivam_d3c79d6a-f882-41f2-a578-970ee49ff3dd","to":"Vidhi_255eb67e-08c0-4975-a44a-b7b5a2b624c8","Audio":{"timestamp":1611073194105.379,"packetsReceived":22409,"packetsLost":0},"Type":"inbound-rtp","Video":{"timestamp":1611073194105.379,"packetsReceived":3429,"packetsLost":0}},{"from":"Shivam_d3c79d6a-f882-41f2-a578-970ee49ff3dd","to":"Vidhi_255eb67e-08c0-4975-a44a-b7b5a2b624c8","Audio":{"timestamp":1611073194105.379,"packetsReceived":22409,"packetsLost":0},"Type":"inbound-rtp","Video":{"timestamp":1611073194105.379,"packetsReceived":3429,"packetsLost":0}},{"from":"Shivam_d3c79d6a-f882-41f2-a578-970ee49ff3dd","to":"Vidhi_255eb67e-08c0-4975-a44a-b7b5a2b624c8","Audio":{"timestamp":1611073199105.357,"packetsReceived":22659,"packetsLost":0},"Type":"inbound-rtp","Video":{"timestamp":1611073199105.357,"packetsReceived":3987,"packetsLost":0}},{"from":"Shivam_d3c79d6a-f882-41f2-a578-970ee49ff3dd","to":"Vidhi_255eb67e-08c0-4975-a44a-b7b5a2b624c8","Audio":{"timestamp":1611073199105.357,"packetsReceived":22659,"packetsLost":0},"Type":"inbound-rtp","Video":{"timestamp":1611073199105.357,"packetsReceived":3987,"packetsLost":0}},{"from":"Shivam_d3c79d6a-f882-41f2-a578-970ee49ff3dd","to":"Vidhi_255eb67e-08c0-4975-a44a-b7b5a2b624c8","Audio":{"timestamp":1611073204105.427,"packetsReceived":22909,"packetsLost":0},"Type":"inbound-rtp","Video":{"timestamp":1611073204105.427,"packetsReceived":4625,"packetsLost":0}},{"from":"Shivam_d3c79d6a-f882-41f2-a578-970ee49ff3dd","to":"Vidhi_255eb67e-08c0-4975-a44a-b7b5a2b624c8","Audio":{"timestamp":1611073204105.427,"packetsReceived":22909,"packetsLost":0},"Type":"inbound-rtp","Video":{"timestamp":1611073204105.427,"packetsReceived":4625,"packetsLost":0}},{"from":"Shivam_d3c79d6a-f882-41f2-a578-970ee49ff3dd","to":"Vidhi_255eb67e-08c0-4975-a44a-b7b5a2b624c8","Audio":{"timestamp":1611073209105.392,"packetsReceived":23159,"packetsLost":0},"Type":"inbound-rtp","Video":{"timestamp":1611073209105.392,"packetsReceived":5296,"packetsLost":0}},{"from":"Shivam_d3c79d6a-f882-41f2-a578-970ee49ff3dd","to":"Vidhi_255eb67e-08c0-4975-a44a-b7b5a2b624c8","Audio":{"timestamp":1611073209105.392,"packetsReceived":23159,"packetsLost":0},"Type":"inbound-rtp","Video":{"timestamp":1611073209105.392,"packetsReceived":5296,"packetsLost":0}},{"from":"Shivam_d3c79d6a-f882-41f2-a578-970ee49ff3dd","to":"Vidhi_255eb67e-08c0-4975-a44a-b7b5a2b624c8","Audio":{"timestamp":1611073214105.384,"packetsReceived":23409,"packetsLost":0},"Type":"inbound-rtp","Video":{"timestamp":1611073214105.384,"packetsReceived":6266,"packetsLost":0}},{"from":"Shivam_d3c79d6a-f882-41f2-a578-970ee49ff3dd","to":"Vidhi_255eb67e-08c0-4975-a44a-b7b5a2b624c8","Audio":{"timestamp":1611073214105.384,"packetsReceived":23409,"packetsLost":0},"Type":"inbound-rtp","Video":{"timestamp":1611073214105.384,"packetsReceived":6266,"packetsLost":0}},{"from":"Shivam_d3c79d6a-f882-41f2-a578-970ee49ff3dd","to":"Vidhi_255eb67e-08c0-4975-a44a-b7b5a2b624c8","Audio":{"timestamp":1611073219105.756,"packetsReceived":23659,"packetsLost":0},"Type":"inbound-rtp","Video":{"timestamp":1611073219105.756,"packetsReceived":7228,"packetsLost":0}},{"from":"Shivam_d3c79d6a-f882-41f2-a578-970ee49ff3dd","to":"Vidhi_255eb67e-08c0-4975-a44a-b7b5a2b624c8","Audio":{"timestamp":1611073219105.756,"packetsReceived":23659,"packetsLost":0},"Type":"inbound-rtp","Video":{"timestamp":1611073219105.756,"packetsReceived":7228,"packetsLost":0}},{"from":"Shivam_d3c79d6a-f882-41f2-a578-970ee49ff3dd","to":"Vidhi_255eb67e-08c0-4975-a44a-b7b5a2b624c8","Audio":{"timestamp":1611073224105.301,"packetsReceived":23908,"packetsLost":0},"Type":"inbound-rtp","Video":{"timestamp":1611073224105.301,"packetsReceived":7988,"packetsLost":0}},{"from":"Shivam_d3c79d6a-f882-41f2-a578-970ee49ff3dd","to":"Vidhi_255eb67e-08c0-4975-a44a-b7b5a2b624c8","Audio":{"timestamp":1611073224105.301,"packetsReceived":23908,"packetsLost":0},"Type":"inbound-rtp","Video":{"timestamp":1611073224105.301,"packetsReceived":7988,"packetsLost":0}},{"from":"Shivam_d3c79d6a-f882-41f2-a578-970ee49ff3dd","to":"Vidhi_255eb67e-08c0-4975-a44a-b7b5a2b624c8","Audio":{"timestamp":1611073229105.309,"packetsReceived":24159,"packetsLost":0},"Type":"inbound-rtp","Video":{"timestamp":1611073229105.309,"packetsReceived":8820,"packetsLost":0}},{"from":"Shivam_d3c79d6a-f882-41f2-a578-970ee49ff3dd","to":"Vidhi_255eb67e-08c0-4975-a44a-b7b5a2b624c8","Audio":{"timestamp":1611073229105.309,"packetsReceived":24159,"packetsLost":0},"Type":"inbound-rtp","Video":{"timestamp":1611073229105.309,"packetsReceived":8820,"packetsLost":0}},{"from":"Shivam_d3c79d6a-f882-41f2-a578-970ee49ff3dd","to":"Vidhi_255eb67e-08c0-4975-a44a-b7b5a2b624c8","Audio":{"timestamp":1611073234105.355,"packetsReceived":24409,"packetsLost":0},"Type":"inbound-rtp","Video":{"timestamp":1611073234105.355,"packetsReceived":9510,"packetsLost":0}},{"from":"Shivam_d3c79d6a-f882-41f2-a578-970ee49ff3dd","to":"Vidhi_255eb67e-08c0-4975-a44a-b7b5a2b624c8","Audio":{"timestamp":1611073234105.355,"packetsReceived":24409,"packetsLost":0},"Type":"inbound-rtp","Video":{"timestamp":1611073234105.355,"packetsReceived":9510,"packetsLost":0}},{"from":"Shivam_d3c79d6a-f882-41f2-a578-970ee49ff3dd","to":"Vidhi_255eb67e-08c0-4975-a44a-b7b5a2b624c8","Audio":{"timestamp":1611073239105.379,"packetsReceived":24659,"packetsLost":0},"Type":"inbound-rtp","Video":{"timestamp":1611073239105.379,"packetsReceived":10039,"packetsLost":0}},{"from":"Shivam_d3c79d6a-f882-41f2-a578-970ee49ff3dd","to":"Vidhi_255eb67e-08c0-4975-a44a-b7b5a2b624c8","Audio":{"timestamp":1611073239105.379,"packetsReceived":24659,"packetsLost":0},"Type":"inbound-rtp","Video":{"timestamp":1611073239105.379,"packetsReceived":10039,"packetsLost":0}},{"from":"Shivam_d3c79d6a-f882-41f2-a578-970ee49ff3dd","to":"Vidhi_255eb67e-08c0-4975-a44a-b7b5a2b624c8","Audio":{"timestamp":1611073244105.31,"packetsReceived":24909,"packetsLost":0},"Type":"inbound-rtp","Video":{"timestamp":1611073244105.31,"packetsReceived":10319,"packetsLost":0}},{"from":"Shivam_d3c79d6a-f882-41f2-a578-970ee49ff3dd","to":"Vidhi_255eb67e-08c0-4975-a44a-b7b5a2b624c8","Audio":{"timestamp":1611073244105.31,"packetsReceived":24909,"packetsLost":0},"Type":"inbound-rtp","Video":{"timestamp":1611073244105.31,"packetsReceived":10319,"packetsLost":0}},{"from":"Shivam_d3c79d6a-f882-41f2-a578-970ee49ff3dd","to":"Vidhi_255eb67e-08c0-4975-a44a-b7b5a2b624c8","Audio":{"timestamp":1611073249105.423,"packetsReceived":25159,"packetsLost":0},"Type":"inbound-rtp","Video":{"timestamp":1611073249105.423,"packetsReceived":10560,"packetsLost":0}},{"from":"Shivam_d3c79d6a-f882-41f2-a578-970ee49ff3dd","to":"Vidhi_255eb67e-08c0-4975-a44a-b7b5a2b624c8","Audio":{"timestamp":1611073249105.423,"packetsReceived":25159,"packetsLost":0},"Type":"inbound-rtp","Video":{"timestamp":1611073249105.423,"packetsReceived":10560,"packetsLost":0}},{"from":"Shivam_d3c79d6a-f882-41f2-a578-970ee49ff3dd","to":"Vidhi_255eb67e-08c0-4975-a44a-b7b5a2b624c8","Audio":{"timestamp":1611073254105.467,"packetsReceived":25409,"packetsLost":0},"Type":"inbound-rtp","Video":{"timestamp":1611073254105.467,"packetsReceived":10873,"packetsLost":0}},{"from":"Shivam_d3c79d6a-f882-41f2-a578-970ee49ff3dd","to":"Vidhi_255eb67e-08c0-4975-a44a-b7b5a2b624c8","Audio":{"timestamp":1611073254105.467,"packetsReceived":25409,"packetsLost":0},"Type":"inbound-rtp","Video":{"timestamp":1611073254105.467,"packetsReceived":10873,"packetsLost":0}},{"from":"Shivam_d3c79d6a-f882-41f2-a578-970ee49ff3dd","to":"Vidhi_255eb67e-08c0-4975-a44a-b7b5a2b624c8","Audio":{"timestamp":1611073259105.313,"packetsReceived":25659,"packetsLost":0},"Type":"inbound-rtp","Video":{"timestamp":1611073259105.313,"packetsReceived":11224,"packetsLost":0}},{"from":"Shivam_d3c79d6a-f882-41f2-a578-970ee49ff3dd","to":"Vidhi_255eb67e-08c0-4975-a44a-b7b5a2b624c8","Audio":{"timestamp":1611073259105.313,"packetsReceived":25659,"packetsLost":0},"Type":"inbound-rtp","Video":{"timestamp":1611073259105.313,"packetsReceived":11224,"packetsLost":0}},{"from":"Shivam_d3c79d6a-f882-41f2-a578-970ee49ff3dd","to":"Vidhi_255eb67e-08c0-4975-a44a-b7b5a2b624c8","Audio":{"timestamp":1611073264105.392,"packetsReceived":25909,"packetsLost":0},"Type":"inbound-rtp","Video":{"timestamp":1611073264105.392,"packetsReceived":11547,"packetsLost":0}},{"from":"Shivam_d3c79d6a-f882-41f2-a578-970ee49ff3dd","to":"Vidhi_255eb67e-08c0-4975-a44a-b7b5a2b624c8","Audio":{"timestamp":1611073264105.392,"packetsReceived":25909,"packetsLost":0},"Type":"inbound-rtp","Video":{"timestamp":1611073264105.392,"packetsReceived":11547,"packetsLost":0}},{"from":"Shivam_d3c79d6a-f882-41f2-a578-970ee49ff3dd","to":"Vidhi_255eb67e-08c0-4975-a44a-b7b5a2b624c8","Audio":{"timestamp":1611073269105.434,"packetsReceived":26159,"packetsLost":0},"Type":"inbound-rtp","Video":{"timestamp":1611073269105.434,"packetsReceived":12083,"packetsLost":0}},{"from":"Shivam_d3c79d6a-f882-41f2-a578-970ee49ff3dd","to":"Vidhi_255eb67e-08c0-4975-a44a-b7b5a2b624c8","Audio":{"timestamp":1611073269105.434,"packetsReceived":26159,"packetsLost":0},"Type":"inbound-rtp","Video":{"timestamp":1611073269105.434,"packetsReceived":12083,"packetsLost":0}},{"from":"Shivam_d3c79d6a-f882-41f2-a578-970ee49ff3dd","to":"Vidhi_255eb67e-08c0-4975-a44a-b7b5a2b624c8","Audio":{"timestamp":1611073274105.33,"packetsReceived":26409,"packetsLost":0},"Type":"inbound-rtp","Video":{"timestamp":1611073274105.33,"packetsReceived":12688,"packetsLost":0}},{"from":"Shivam_d3c79d6a-f882-41f2-a578-970ee49ff3dd","to":"Vidhi_255eb67e-08c0-4975-a44a-b7b5a2b624c8","Audio":{"timestamp":1611073274105.33,"packetsReceived":26409,"packetsLost":0},"Type":"inbound-rtp","Video":{"timestamp":1611073274105.33,"packetsReceived":12688,"packetsLost":0}},{"from":"Shivam_d3c79d6a-f882-41f2-a578-970ee49ff3dd","to":"Vidhi_255eb67e-08c0-4975-a44a-b7b5a2b624c8","Audio":{"timestamp":1611073279938.497,"packetsReceived":26700,"packetsLost":0},"Type":"inbound-rtp","Video":{"timestamp":1611073279938.497,"packetsReceived":13497,"packetsLost":0}},{"from":"Shivam_d3c79d6a-f882-41f2-a578-970ee49ff3dd","to":"Vidhi_255eb67e-08c0-4975-a44a-b7b5a2b624c8","Audio":{"timestamp":1611073279938.497,"packetsReceived":26700,"packetsLost":0},"Type":"inbound-rtp","Video":{"timestamp":1611073279938.497,"packetsReceived":13497,"packetsLost":0}},{"from":"Shivam_d3c79d6a-f882-41f2-a578-970ee49ff3dd","to":"Vidhi_255eb67e-08c0-4975-a44a-b7b5a2b624c8","Audio":{"timestamp":1611073284938.479,"packetsReceived":26950,"packetsLost":0},"Type":"inbound-rtp","Video":{"timestamp":1611073284938.479,"packetsReceived":14038,"packetsLost":0}},{"from":"Shivam_d3c79d6a-f882-41f2-a578-970ee49ff3dd","to":"Vidhi_255eb67e-08c0-4975-a44a-b7b5a2b624c8","Audio":{"timestamp":1611073284938.479,"packetsReceived":26950,"packetsLost":0},"Type":"inbound-rtp","Video":{"timestamp":1611073284938.479,"packetsReceived":14038,"packetsLost":0}},{"from":"Shivam_d3c79d6a-f882-41f2-a578-970ee49ff3dd","to":"Vidhi_255eb67e-08c0-4975-a44a-b7b5a2b624c8","Audio":{"timestamp":1611073289938.465,"packetsReceived":27200,"packetsLost":0},"Type":"inbound-rtp","Video":{"timestamp":1611073289938.465,"packetsReceived":14687,"packetsLost":0}},{"from":"Shivam_d3c79d6a-f882-41f2-a578-970ee49ff3dd","to":"Vidhi_255eb67e-08c0-4975-a44a-b7b5a2b624c8","Audio":{"timestamp":1611073289938.465,"packetsReceived":27200,"packetsLost":0},"Type":"inbound-rtp","Video":{"timestamp":1611073289938.465,"packetsReceived":14687,"packetsLost":0}},{"from":"Shivam_d3c79d6a-f882-41f2-a578-970ee49ff3dd","to":"Vidhi_255eb67e-08c0-4975-a44a-b7b5a2b624c8","Audio":{"timestamp":1611073294938.572,"packetsReceived":27450,"packetsLost":0},"Type":"inbound-rtp","Video":{"timestamp":1611073294938.572,"packetsReceived":15231,"packetsLost":0}},{"from":"Shivam_d3c79d6a-f882-41f2-a578-970ee49ff3dd","to":"Vidhi_255eb67e-08c0-4975-a44a-b7b5a2b624c8","Audio":{"timestamp":1611073294938.572,"packetsReceived":27450,"packetsLost":0},"Type":"inbound-rtp","Video":{"timestamp":1611073294938.572,"packetsReceived":15231,"packetsLost":0}},{"from":"Shivam_d3c79d6a-f882-41f2-a578-970ee49ff3dd","to":"Vidhi_255eb67e-08c0-4975-a44a-b7b5a2b624c8","Audio":{"timestamp":1611073299938.55,"packetsReceived":27701,"packetsLost":0},"Type":"inbound-rtp","Video":{"timestamp":1611073299938.55,"packetsReceived":15660,"packetsLost":0}},{"from":"Shivam_d3c79d6a-f882-41f2-a578-970ee49ff3dd","to":"Vidhi_255eb67e-08c0-4975-a44a-b7b5a2b624c8","Audio":{"timestamp":1611073299938.55,"packetsReceived":27701,"packetsLost":0},"Type":"inbound-rtp","Video":{"timestamp":1611073299938.55,"packetsReceived":15660,"packetsLost":0}},{"from":"Shivam_d3c79d6a-f882-41f2-a578-970ee49ff3dd","to":"Vidhi_255eb67e-08c0-4975-a44a-b7b5a2b624c8","Audio":{"timestamp":1611073304938.493,"packetsReceived":27951,"packetsLost":0},"Type":"inbound-rtp","Video":{"timestamp":1611073304938.493,"packetsReceived":15944,"packetsLost":0}},{"from":"Shivam_d3c79d6a-f882-41f2-a578-970ee49ff3dd","to":"Vidhi_255eb67e-08c0-4975-a44a-b7b5a2b624c8","Audio":{"timestamp":1611073304938.493,"packetsReceived":27951,"packetsLost":0},"Type":"inbound-rtp","Video":{"timestamp":1611073304938.493,"packetsReceived":15944,"packetsLost":0}},{"from":"Shivam_d3c79d6a-f882-41f2-a578-970ee49ff3dd","to":"Vidhi_255eb67e-08c0-4975-a44a-b7b5a2b624c8","Audio":{"timestamp":1611073309938.602,"packetsReceived":28200,"packetsLost":0},"Type":"inbound-rtp","Video":{"timestamp":1611073309938.602,"packetsReceived":16211,"packetsLost":0}},{"from":"Shivam_d3c79d6a-f882-41f2-a578-970ee49ff3dd","to":"Vidhi_255eb67e-08c0-4975-a44a-b7b5a2b624c8","Audio":{"timestamp":1611073309938.602,"packetsReceived":28200,"packetsLost":0},"Type":"inbound-rtp","Video":{"timestamp":1611073309938.602,"packetsReceived":16211,"packetsLost":0}},{"from":"Shivam_d3c79d6a-f882-41f2-a578-970ee49ff3dd","to":"Vidhi_255eb67e-08c0-4975-a44a-b7b5a2b624c8","Audio":{"timestamp":1611073314938.619,"packetsReceived":28450,"packetsLost":0},"Type":"inbound-rtp","Video":{"timestamp":1611073314938.619,"packetsReceived":16447,"packetsLost":0}},{"from":"Shivam_d3c79d6a-f882-41f2-a578-970ee49ff3dd","to":"Vidhi_255eb67e-08c0-4975-a44a-b7b5a2b624c8","Audio":{"timestamp":1611073314938.619,"packetsReceived":28450,"packetsLost":0},"Type":"inbound-rtp","Video":{"timestamp":1611073314938.619,"packetsReceived":16447,"packetsLost":0}},{"from":"Shivam_d3c79d6a-f882-41f2-a578-970ee49ff3dd","to":"Vidhi_255eb67e-08c0-4975-a44a-b7b5a2b624c8","Audio":{"timestamp":1611073319938.512,"packetsReceived":28701,"packetsLost":0},"Type":"inbound-rtp","Video":{"timestamp":1611073319938.512,"packetsReceived":16776,"packetsLost":0}},{"from":"Shivam_d3c79d6a-f882-41f2-a578-970ee49ff3dd","to":"Vidhi_255eb67e-08c0-4975-a44a-b7b5a2b624c8","Audio":{"timestamp":1611073319938.512,"packetsReceived":28701,"packetsLost":0},"Type":"inbound-rtp","Video":{"timestamp":1611073319938.512,"packetsReceived":16776,"packetsLost":0}},{"from":"Shivam_d3c79d6a-f882-41f2-a578-970ee49ff3dd","to":"Vidhi_255eb67e-08c0-4975-a44a-b7b5a2b624c8","Audio":{"timestamp":1611073324938.682,"packetsReceived":28951,"packetsLost":0},"Type":"inbound-rtp","Video":{"timestamp":1611073324938.682,"packetsReceived":16974,"packetsLost":0}},{"from":"Shivam_d3c79d6a-f882-41f2-a578-970ee49ff3dd","to":"Vidhi_255eb67e-08c0-4975-a44a-b7b5a2b624c8","Audio":{"timestamp":1611073324938.682,"packetsReceived":28951,"packetsLost":0},"Type":"inbound-rtp","Video":{"timestamp":1611073324938.682,"packetsReceived":16974,"packetsLost":0}},{"from":"Shivam_d3c79d6a-f882-41f2-a578-970ee49ff3dd","to":"Vidhi_255eb67e-08c0-4975-a44a-b7b5a2b624c8","Audio":{"timestamp":1611073329938.554,"packetsReceived":29201,"packetsLost":0},"Type":"inbound-rtp","Video":{"timestamp":1611073329938.554,"packetsReceived":17025,"packetsLost":0}},{"from":"Shivam_d3c79d6a-f882-41f2-a578-970ee49ff3dd","to":"Vidhi_255eb67e-08c0-4975-a44a-b7b5a2b624c8","Audio":{"timestamp":1611073329938.554,"packetsReceived":29201,"packetsLost":0},"Type":"inbound-rtp","Video":{"timestamp":1611073329938.554,"packetsReceived":17025,"packetsLost":0}},{"from":"Shivam_d3c79d6a-f882-41f2-a578-970ee49ff3dd","to":"Vidhi_255eb67e-08c0-4975-a44a-b7b5a2b624c8","Audio":{"timestamp":1611073334938.553,"packetsReceived":29450,"packetsLost":0},"Type":"inbound-rtp","Video":{"timestamp":1611073334938.553,"packetsReceived":17086,"packetsLost":0}},{"from":"Shivam_d3c79d6a-f882-41f2-a578-970ee49ff3dd","to":"Vidhi_255eb67e-08c0-4975-a44a-b7b5a2b624c8","Audio":{"timestamp":1611073334938.553,"packetsReceived":29450,"packetsLost":0},"Type":"inbound-rtp","Video":{"timestamp":1611073334938.553,"packetsReceived":17086,"packetsLost":0}},{"from":"Shivam_d3c79d6a-f882-41f2-a578-970ee49ff3dd","to":"Vidhi_255eb67e-08c0-4975-a44a-b7b5a2b624c8","Audio":{"timestamp":1611073339938.508,"packetsReceived":29700,"packetsLost":0},"Type":"inbound-rtp","Video":{"timestamp":1611073339938.508,"packetsReceived":17215,"packetsLost":0}},{"from":"Shivam_d3c79d6a-f882-41f2-a578-970ee49ff3dd","to":"Vidhi_255eb67e-08c0-4975-a44a-b7b5a2b624c8","Audio":{"timestamp":1611073339938.508,"packetsReceived":29700,"packetsLost":0},"Type":"inbound-rtp","Video":{"timestamp":1611073339938.508,"packetsReceived":17215,"packetsLost":0}},{"from":"Shivam_d3c79d6a-f882-41f2-a578-970ee49ff3dd","to":"Vidhi_255eb67e-08c0-4975-a44a-b7b5a2b624c8","Audio":{"timestamp":1611073344938.665,"packetsReceived":29950,"packetsLost":0},"Type":"inbound-rtp","Video":{"timestamp":1611073344938.665,"packetsReceived":17223,"packetsLost":0}},{"from":"Shivam_d3c79d6a-f882-41f2-a578-970ee49ff3dd","to":"Vidhi_255eb67e-08c0-4975-a44a-b7b5a2b624c8","Audio":{"timestamp":1611073344938.665,"packetsReceived":29950,"packetsLost":0},"Type":"inbound-rtp","Video":{"timestamp":1611073344938.665,"packetsReceived":17223,"packetsLost":0}},{"from":"Shivam_d3c79d6a-f882-41f2-a578-970ee49ff3dd","to":"Vidhi_255eb67e-08c0-4975-a44a-b7b5a2b624c8","Audio":{"timestamp":1611073349938.604,"packetsReceived":30201,"packetsLost":0},"Type":"inbound-rtp","Video":{"timestamp":1611073349938.604,"packetsReceived":17228,"packetsLost":0}},{"from":"Shivam_d3c79d6a-f882-41f2-a578-970ee49ff3dd","to":"Vidhi_255eb67e-08c0-4975-a44a-b7b5a2b624c8","Audio":{"timestamp":1611073349938.604,"packetsReceived":30201,"packetsLost":0},"Type":"inbound-rtp","Video":{"timestamp":1611073349938.604,"packetsReceived":17228,"packetsLost":0}},{"from":"Shivam_d3c79d6a-f882-41f2-a578-970ee49ff3dd","to":"Vidhi_255eb67e-08c0-4975-a44a-b7b5a2b624c8","Audio":{"timestamp":1611073354938.603,"packetsReceived":30451,"packetsLost":0},"Type":"inbound-rtp","Video":{"timestamp":1611073354938.603,"packetsReceived":17233,"packetsLost":0}},{"from":"Shivam_d3c79d6a-f882-41f2-a578-970ee49ff3dd","to":"Vidhi_255eb67e-08c0-4975-a44a-b7b5a2b624c8","Audio":{"timestamp":1611073354938.603,"packetsReceived":30451,"packetsLost":0},"Type":"inbound-rtp","Video":{"timestamp":1611073354938.603,"packetsReceived":17233,"packetsLost":0}},{"from":"Shivam_d3c79d6a-f882-41f2-a578-970ee49ff3dd","to":"Vidhi_255eb67e-08c0-4975-a44a-b7b5a2b624c8","Audio":{"timestamp":1611073359938.636,"packetsReceived":30700,"packetsLost":0},"Type":"inbound-rtp","Video":{"timestamp":1611073359938.636,"packetsReceived":17237,"packetsLost":0}},{"from":"Shivam_d3c79d6a-f882-41f2-a578-970ee49ff3dd","to":"Vidhi_255eb67e-08c0-4975-a44a-b7b5a2b624c8","Audio":{"timestamp":1611073359938.636,"packetsReceived":30700,"packetsLost":0},"Type":"inbound-rtp","Video":{"timestamp":1611073359938.636,"packetsReceived":17237,"packetsLost":0}},{"from":"Shivam_d3c79d6a-f882-41f2-a578-970ee49ff3dd","to":"Vidhi_255eb67e-08c0-4975-a44a-b7b5a2b624c8","Audio":{"timestamp":1611073364938.46,"packetsReceived":30950,"packetsLost":0},"Type":"inbound-rtp","Video":{"timestamp":1611073364938.46,"packetsReceived":17242,"packetsLost":0}},{"from":"Shivam_d3c79d6a-f882-41f2-a578-970ee49ff3dd","to":"Vidhi_255eb67e-08c0-4975-a44a-b7b5a2b624c8","Audio":{"timestamp":1611073364938.46,"packetsReceived":30950,"packetsLost":0},"Type":"inbound-rtp","Video":{"timestamp":1611073364938.46,"packetsReceived":17242,"packetsLost":0}},{"from":"Shivam_d3c79d6a-f882-41f2-a578-970ee49ff3dd","to":"Vidhi_255eb67e-08c0-4975-a44a-b7b5a2b624c8","Audio":{"timestamp":1611073369938.595,"packetsReceived":31201,"packetsLost":0},"Type":"inbound-rtp","Video":{"timestamp":1611073369938.595,"packetsReceived":17247,"packetsLost":0}},{"from":"Shivam_d3c79d6a-f882-41f2-a578-970ee49ff3dd","to":"Vidhi_255eb67e-08c0-4975-a44a-b7b5a2b624c8","Audio":{"timestamp":1611073369938.595,"packetsReceived":31201,"packetsLost":0},"Type":"inbound-rtp","Video":{"timestamp":1611073369938.595,"packetsReceived":17247,"packetsLost":0}},{"from":"Shivam_d3c79d6a-f882-41f2-a578-970ee49ff3dd","to":"Vidhi_255eb67e-08c0-4975-a44a-b7b5a2b624c8","Audio":{"timestamp":1611073374938.64,"packetsReceived":31451,"packetsLost":0},"Type":"inbound-rtp","Video":{"timestamp":1611073374938.64,"packetsReceived":17252,"packetsLost":0}},{"from":"Shivam_d3c79d6a-f882-41f2-a578-970ee49ff3dd","to":"Vidhi_255eb67e-08c0-4975-a44a-b7b5a2b624c8","Audio":{"timestamp":1611073374938.64,"packetsReceived":31451,"packetsLost":0},"Type":"inbound-rtp","Video":{"timestamp":1611073374938.64,"packetsReceived":17252,"packetsLost":0}},{"from":"Shivam_d3c79d6a-f882-41f2-a578-970ee49ff3dd","to":"Vidhi_255eb67e-08c0-4975-a44a-b7b5a2b624c8","Audio":{"timestamp":1611073379938.525,"packetsReceived":31701,"packetsLost":0},"Type":"inbound-rtp","Video":{"timestamp":1611073379938.525,"packetsReceived":17257,"packetsLost":0}},{"from":"Shivam_d3c79d6a-f882-41f2-a578-970ee49ff3dd","to":"Vidhi_255eb67e-08c0-4975-a44a-b7b5a2b624c8","Audio":{"timestamp":1611073379938.525,"packetsReceived":31701,"packetsLost":0},"Type":"inbound-rtp","Video":{"timestamp":1611073379938.525,"packetsReceived":17257,"packetsLost":0}},{"from":"Shivam_d3c79d6a-f882-41f2-a578-970ee49ff3dd","to":"Vidhi_255eb67e-08c0-4975-a44a-b7b5a2b624c8","Audio":{"timestamp":1611073384938.619,"packetsReceived":31951,"packetsLost":0},"Type":"inbound-rtp","Video":{"timestamp":1611073384938.619,"packetsReceived":17262,"packetsLost":0}},{"from":"Shivam_d3c79d6a-f882-41f2-a578-970ee49ff3dd","to":"Vidhi_255eb67e-08c0-4975-a44a-b7b5a2b624c8","Audio":{"timestamp":1611073384938.619,"packetsReceived":31951,"packetsLost":0},"Type":"inbound-rtp","Video":{"timestamp":1611073384938.619,"packetsReceived":17262,"packetsLost":0}},{"from":"Shivam_d3c79d6a-f882-41f2-a578-970ee49ff3dd","to":"Vidhi_255eb67e-08c0-4975-a44a-b7b5a2b624c8","Audio":{"timestamp":1611073389938.653,"packetsReceived":32200,"packetsLost":0},"Type":"inbound-rtp","Video":{"timestamp":1611073389938.653,"packetsReceived":17266,"packetsLost":0}},{"from":"Shivam_d3c79d6a-f882-41f2-a578-970ee49ff3dd","to":"Vidhi_255eb67e-08c0-4975-a44a-b7b5a2b624c8","Audio":{"timestamp":1611073389938.653,"packetsReceived":32200,"packetsLost":0},"Type":"inbound-rtp","Video":{"timestamp":1611073389938.653,"packetsReceived":17266,"packetsLost":0}},{"from":"Shivam_d3c79d6a-f882-41f2-a578-970ee49ff3dd","to":"Vidhi_255eb67e-08c0-4975-a44a-b7b5a2b624c8","Audio":{"timestamp":1611073394938.618,"packetsReceived":32451,"packetsLost":0},"Type":"inbound-rtp","Video":{"timestamp":1611073394938.618,"packetsReceived":17271,"packetsLost":0}},{"from":"Shivam_d3c79d6a-f882-41f2-a578-970ee49ff3dd","to":"Vidhi_255eb67e-08c0-4975-a44a-b7b5a2b624c8","Audio":{"timestamp":1611073394938.618,"packetsReceived":32451,"packetsLost":0},"Type":"inbound-rtp","Video":{"timestamp":1611073394938.618,"packetsReceived":17271,"packetsLost":0}},{"from":"Shivam_d3c79d6a-f882-41f2-a578-970ee49ff3dd","to":"Vidhi_255eb67e-08c0-4975-a44a-b7b5a2b624c8","Audio":{"timestamp":1611073399938.621,"packetsReceived":32700,"packetsLost":0},"Type":"inbound-rtp","Video":{"timestamp":1611073399938.621,"packetsReceived":17276,"packetsLost":0}},{"from":"Shivam_d3c79d6a-f882-41f2-a578-970ee49ff3dd","to":"Vidhi_255eb67e-08c0-4975-a44a-b7b5a2b624c8","Audio":{"timestamp":1611073399938.621,"packetsReceived":32700,"packetsLost":0},"Type":"inbound-rtp","Video":{"timestamp":1611073399938.621,"packetsReceived":17276,"packetsLost":0}},{"from":"Shivam_d3c79d6a-f882-41f2-a578-970ee49ff3dd","to":"Vidhi_255eb67e-08c0-4975-a44a-b7b5a2b624c8","Audio":{"timestamp":1611073404938.58,"packetsReceived":32951,"packetsLost":0},"Type":"inbound-rtp","Video":{"timestamp":1611073404938.58,"packetsReceived":17280,"packetsLost":0}},{"from":"Shivam_d3c79d6a-f882-41f2-a578-970ee49ff3dd","to":"Vidhi_255eb67e-08c0-4975-a44a-b7b5a2b624c8","Audio":{"timestamp":1611073404938.58,"packetsReceived":32951,"packetsLost":0},"Type":"inbound-rtp","Video":{"timestamp":1611073404938.58,"packetsReceived":17280,"packetsLost":0}},{"from":"Shivam_d3c79d6a-f882-41f2-a578-970ee49ff3dd","to":"Vidhi_255eb67e-08c0-4975-a44a-b7b5a2b624c8","Audio":{"timestamp":1611073409938.683,"packetsReceived":33201,"packetsLost":0},"Type":"inbound-rtp","Video":{"timestamp":1611073409938.683,"packetsReceived":17285,"packetsLost":0}},{"from":"Shivam_d3c79d6a-f882-41f2-a578-970ee49ff3dd","to":"Vidhi_255eb67e-08c0-4975-a44a-b7b5a2b624c8","Audio":{"timestamp":1611073409938.683,"packetsReceived":33201,"packetsLost":0},"Type":"inbound-rtp","Video":{"timestamp":1611073409938.683,"packetsReceived":17285,"packetsLost":0}},{"from":"Shivam_d3c79d6a-f882-41f2-a578-970ee49ff3dd","to":"Vidhi_255eb67e-08c0-4975-a44a-b7b5a2b624c8","Audio":{"timestamp":1611073414938.657,"packetsReceived":33450,"packetsLost":0},"Type":"inbound-rtp","Video":{"timestamp":1611073414938.657,"packetsReceived":17290,"packetsLost":0}},{"from":"Shivam_d3c79d6a-f882-41f2-a578-970ee49ff3dd","to":"Vidhi_255eb67e-08c0-4975-a44a-b7b5a2b624c8","Audio":{"timestamp":1611073414938.657,"packetsReceived":33450,"packetsLost":0},"Type":"inbound-rtp","Video":{"timestamp":1611073414938.657,"packetsReceived":17290,"packetsLost":0}},{"from":"Shivam_d3c79d6a-f882-41f2-a578-970ee49ff3dd","to":"Vidhi_255eb67e-08c0-4975-a44a-b7b5a2b624c8","Audio":{"timestamp":1611073419938.593,"packetsReceived":33700,"packetsLost":0},"Type":"inbound-rtp","Video":{"timestamp":1611073419938.593,"packetsReceived":17294,"packetsLost":0}},{"from":"Shivam_d3c79d6a-f882-41f2-a578-970ee49ff3dd","to":"Vidhi_255eb67e-08c0-4975-a44a-b7b5a2b624c8","Audio":{"timestamp":1611073419938.593,"packetsReceived":33700,"packetsLost":0},"Type":"inbound-rtp","Video":{"timestamp":1611073419938.593,"packetsReceived":17294,"packetsLost":0}},{"from":"Shivam_d3c79d6a-f882-41f2-a578-970ee49ff3dd","to":"Vidhi_255eb67e-08c0-4975-a44a-b7b5a2b624c8","Audio":{"timestamp":1611073424938.592,"packetsReceived":33951,"packetsLost":0},"Type":"inbound-rtp","Video":{"timestamp":1611073424938.592,"packetsReceived":17299,"packetsLost":0}},{"from":"Shivam_d3c79d6a-f882-41f2-a578-970ee49ff3dd","to":"Vidhi_255eb67e-08c0-4975-a44a-b7b5a2b624c8","Audio":{"timestamp":1611073424938.592,"packetsReceived":33951,"packetsLost":0},"Type":"inbound-rtp","Video":{"timestamp":1611073424938.592,"packetsReceived":17299,"packetsLost":0}},{"from":"Shivam_d3c79d6a-f882-41f2-a578-970ee49ff3dd","to":"Vidhi_255eb67e-08c0-4975-a44a-b7b5a2b624c8","Audio":{"timestamp":1611073429938.455,"packetsReceived":34201,"packetsLost":0},"Type":"inbound-rtp","Video":{"timestamp":1611073429938.455,"packetsReceived":17398,"packetsLost":0}},{"from":"Shivam_d3c79d6a-f882-41f2-a578-970ee49ff3dd","to":"Vidhi_255eb67e-08c0-4975-a44a-b7b5a2b624c8","Audio":{"timestamp":1611073429938.455,"packetsReceived":34201,"packetsLost":0},"Type":"inbound-rtp","Video":{"timestamp":1611073429938.455,"packetsReceived":17398,"packetsLost":0}},{"from":"Shivam_d3c79d6a-f882-41f2-a578-970ee49ff3dd","to":"Vidhi_255eb67e-08c0-4975-a44a-b7b5a2b624c8","Audio":{"timestamp":1611073434938.54,"packetsReceived":34450,"packetsLost":0},"Type":"inbound-rtp","Video":{"timestamp":1611073434938.54,"packetsReceived":17410,"packetsLost":0}},{"from":"Shivam_d3c79d6a-f882-41f2-a578-970ee49ff3dd","to":"Vidhi_255eb67e-08c0-4975-a44a-b7b5a2b624c8","Audio":{"timestamp":1611073434938.54,"packetsReceived":34450,"packetsLost":0},"Type":"inbound-rtp","Video":{"timestamp":1611073434938.54,"packetsReceived":17410,"packetsLost":0}},{"from":"Shivam_d3c79d6a-f882-41f2-a578-970ee49ff3dd","to":"Vidhi_255eb67e-08c0-4975-a44a-b7b5a2b624c8","Audio":{"timestamp":1611073439938.744,"packetsReceived":34700,"packetsLost":0},"Type":"inbound-rtp","Video":{"timestamp":1611073439938.744,"packetsReceived":17418,"packetsLost":0}},{"from":"Shivam_d3c79d6a-f882-41f2-a578-970ee49ff3dd","to":"Vidhi_255eb67e-08c0-4975-a44a-b7b5a2b624c8","Audio":{"timestamp":1611073439938.744,"packetsReceived":34700,"packetsLost":0},"Type":"inbound-rtp","Video":{"timestamp":1611073439938.744,"packetsReceived":17418,"packetsLost":0}},{"from":"Shivam_d3c79d6a-f882-41f2-a578-970ee49ff3dd","to":"Vidhi_255eb67e-08c0-4975-a44a-b7b5a2b624c8","Audio":{"timestamp":1611073444938.683,"packetsReceived":34950,"packetsLost":0},"Type":"inbound-rtp","Video":{"timestamp":1611073444938.683,"packetsReceived":17428,"packetsLost":0}},{"from":"Shivam_d3c79d6a-f882-41f2-a578-970ee49ff3dd","to":"Vidhi_255eb67e-08c0-4975-a44a-b7b5a2b624c8","Audio":{"timestamp":1611073444938.683,"packetsReceived":34950,"packetsLost":0},"Type":"inbound-rtp","Video":{"timestamp":1611073444938.683,"packetsReceived":17428,"packetsLost":0}},{"from":"Shivam_d3c79d6a-f882-41f2-a578-970ee49ff3dd","to":"Vidhi_255eb67e-08c0-4975-a44a-b7b5a2b624c8","Audio":{"timestamp":1611073449938.537,"packetsReceived":35200,"packetsLost":0},"Type":"inbound-rtp","Video":{"timestamp":1611073449938.537,"packetsReceived":17438,"packetsLost":0}},{"from":"Shivam_d3c79d6a-f882-41f2-a578-970ee49ff3dd","to":"Vidhi_255eb67e-08c0-4975-a44a-b7b5a2b624c8","Audio":{"timestamp":1611073449938.537,"packetsReceived":35200,"packetsLost":0},"Type":"inbound-rtp","Video":{"timestamp":1611073449938.537,"packetsReceived":17438,"packetsLost":0}},{"from":"Shivam_d3c79d6a-f882-41f2-a578-970ee49ff3dd","to":"Vidhi_255eb67e-08c0-4975-a44a-b7b5a2b624c8","Audio":{"timestamp":1611073454938.584,"packetsReceived":35451,"packetsLost":0},"Type":"inbound-rtp","Video":{"timestamp":1611073454938.584,"packetsReceived":17446,"packetsLost":0}},{"from":"Shivam_d3c79d6a-f882-41f2-a578-970ee49ff3dd","to":"Vidhi_255eb67e-08c0-4975-a44a-b7b5a2b624c8","Audio":{"timestamp":1611073454938.584,"packetsReceived":35451,"packetsLost":0},"Type":"inbound-rtp","Video":{"timestamp":1611073454938.584,"packetsReceived":17446,"packetsLost":0}},{"from":"Shivam_d3c79d6a-f882-41f2-a578-970ee49ff3dd","to":"Vidhi_255eb67e-08c0-4975-a44a-b7b5a2b624c8","Audio":{"timestamp":1611073459938.479,"packetsReceived":35701,"packetsLost":0},"Type":"inbound-rtp","Video":{"timestamp":1611073459938.479,"packetsReceived":17456,"packetsLost":0}},{"from":"Shivam_d3c79d6a-f882-41f2-a578-970ee49ff3dd","to":"Vidhi_255eb67e-08c0-4975-a44a-b7b5a2b624c8","Audio":{"timestamp":1611073459938.479,"packetsReceived":35701,"packetsLost":0},"Type":"inbound-rtp","Video":{"timestamp":1611073459938.479,"packetsReceived":17456,"packetsLost":0}},{"from":"Shivam_d3c79d6a-f882-41f2-a578-970ee49ff3dd","to":"Vidhi_255eb67e-08c0-4975-a44a-b7b5a2b624c8","Audio":{"timestamp":1611073464938.514,"packetsReceived":35951,"packetsLost":0},"Type":"inbound-rtp","Video":{"timestamp":1611073464938.514,"packetsReceived":17466,"packetsLost":0}},{"from":"Shivam_d3c79d6a-f882-41f2-a578-970ee49ff3dd","to":"Vidhi_255eb67e-08c0-4975-a44a-b7b5a2b624c8","Audio":{"timestamp":1611073464938.514,"packetsReceived":35951,"packetsLost":0},"Type":"inbound-rtp","Video":{"timestamp":1611073464938.514,"packetsReceived":17466,"packetsLost":0}},{"from":"Shivam_d3c79d6a-f882-41f2-a578-970ee49ff3dd","to":"Vidhi_255eb67e-08c0-4975-a44a-b7b5a2b624c8","Audio":{"timestamp":1611073469938.557,"packetsReceived":36200,"packetsLost":0},"Type":"inbound-rtp","Video":{"timestamp":1611073469938.557,"packetsReceived":17476,"packetsLost":0}},{"from":"Shivam_d3c79d6a-f882-41f2-a578-970ee49ff3dd","to":"Vidhi_255eb67e-08c0-4975-a44a-b7b5a2b624c8","Audio":{"timestamp":1611073469938.557,"packetsReceived":36200,"packetsLost":0},"Type":"inbound-rtp","Video":{"timestamp":1611073469938.557,"packetsReceived":17476,"packetsLost":0}},{"from":"Shivam_d3c79d6a-f882-41f2-a578-970ee49ff3dd","to":"Vidhi_255eb67e-08c0-4975-a44a-b7b5a2b624c8","Audio":{"timestamp":1611073474938.709,"packetsReceived":36450,"packetsLost":0},"Type":"inbound-rtp","Video":{"timestamp":1611073474938.709,"packetsReceived":17486,"packetsLost":0}},{"from":"Shivam_d3c79d6a-f882-41f2-a578-970ee49ff3dd","to":"Vidhi_255eb67e-08c0-4975-a44a-b7b5a2b624c8","Audio":{"timestamp":1611073474938.709,"packetsReceived":36450,"packetsLost":0},"Type":"inbound-rtp","Video":{"timestamp":1611073474938.709,"packetsReceived":17486,"packetsLost":0}},{"from":"Shivam_d3c79d6a-f882-41f2-a578-970ee49ff3dd","to":"Vidhi_255eb67e-08c0-4975-a44a-b7b5a2b624c8","Audio":{"timestamp":1611073479938.473,"packetsReceived":36700,"packetsLost":0},"Type":"inbound-rtp","Video":{"timestamp":1611073479938.473,"packetsReceived":17496,"packetsLost":0}},{"from":"Shivam_d3c79d6a-f882-41f2-a578-970ee49ff3dd","to":"Vidhi_255eb67e-08c0-4975-a44a-b7b5a2b624c8","Audio":{"timestamp":1611073479938.473,"packetsReceived":36700,"packetsLost":0},"Type":"inbound-rtp","Video":{"timestamp":1611073479938.473,"packetsReceived":17496,"packetsLost":0}},{"from":"Shivam_d3c79d6a-f882-41f2-a578-970ee49ff3dd","to":"Vidhi_255eb67e-08c0-4975-a44a-b7b5a2b624c8","Audio":{"timestamp":1611073484938.649,"packetsReceived":36950,"packetsLost":0},"Type":"inbound-rtp","Video":{"timestamp":1611073484938.649,"packetsReceived":17504,"packetsLost":0}},{"from":"Shivam_d3c79d6a-f882-41f2-a578-970ee49ff3dd","to":"Vidhi_255eb67e-08c0-4975-a44a-b7b5a2b624c8","Audio":{"timestamp":1611073484938.649,"packetsReceived":36950,"packetsLost":0},"Type":"inbound-rtp","Video":{"timestamp":1611073484938.649,"packetsReceived":17504,"packetsLost":0}},{"from":"Shivam_d3c79d6a-f882-41f2-a578-970ee49ff3dd","to":"Vidhi_255eb67e-08c0-4975-a44a-b7b5a2b624c8","Audio":{"timestamp":1611073489939.006,"packetsReceived":37201,"packetsLost":0},"Type":"inbound-rtp","Video":{"timestamp":1611073489939.006,"packetsReceived":17537,"packetsLost":0}},{"from":"Shivam_d3c79d6a-f882-41f2-a578-970ee49ff3dd","to":"Vidhi_255eb67e-08c0-4975-a44a-b7b5a2b624c8","Audio":{"timestamp":1611073489939.006,"packetsReceived":37201,"packetsLost":0},"Type":"inbound-rtp","Video":{"timestamp":1611073489939.006,"packetsReceived":17537,"packetsLost":0}},{"from":"Shivam_d3c79d6a-f882-41f2-a578-970ee49ff3dd","to":"Vidhi_255eb67e-08c0-4975-a44a-b7b5a2b624c8","Audio":{"timestamp":1611073494938.526,"packetsReceived":37450,"packetsLost":0},"Type":"inbound-rtp","Video":{"timestamp":1611073494938.526,"packetsReceived":17621,"packetsLost":0}},{"from":"Shivam_d3c79d6a-f882-41f2-a578-970ee49ff3dd","to":"Vidhi_255eb67e-08c0-4975-a44a-b7b5a2b624c8","Audio":{"timestamp":1611073494938.526,"packetsReceived":37450,"packetsLost":0},"Type":"inbound-rtp","Video":{"timestamp":1611073494938.526,"packetsReceived":17621,"packetsLost":0}},{"from":"Shivam_d3c79d6a-f882-41f2-a578-970ee49ff3dd","to":"Vidhi_255eb67e-08c0-4975-a44a-b7b5a2b624c8","Audio":{"timestamp":1611073499938.556,"packetsReceived":37700,"packetsLost":0},"Type":"inbound-rtp","Video":{"timestamp":1611073499938.556,"packetsReceived":17677,"packetsLost":0}},{"from":"Shivam_d3c79d6a-f882-41f2-a578-970ee49ff3dd","to":"Vidhi_255eb67e-08c0-4975-a44a-b7b5a2b624c8","Audio":{"timestamp":1611073499938.556,"packetsReceived":37700,"packetsLost":0},"Type":"inbound-rtp","Video":{"timestamp":1611073499938.556,"packetsReceived":17677,"packetsLost":0}},{"from":"Shivam_d3c79d6a-f882-41f2-a578-970ee49ff3dd","to":"Vidhi_255eb67e-08c0-4975-a44a-b7b5a2b624c8","Audio":{"timestamp":1611073504938.635,"packetsReceived":37950,"packetsLost":0},"Type":"inbound-rtp","Video":{"timestamp":1611073504938.635,"packetsReceived":17704,"packetsLost":0}},{"from":"Shivam_d3c79d6a-f882-41f2-a578-970ee49ff3dd","to":"Vidhi_255eb67e-08c0-4975-a44a-b7b5a2b624c8","Audio":{"timestamp":1611073504938.635,"packetsReceived":37950,"packetsLost":0},"Type":"inbound-rtp","Video":{"timestamp":1611073504938.635,"packetsReceived":17704,"packetsLost":0}},{"from":"Shivam_d3c79d6a-f882-41f2-a578-970ee49ff3dd","to":"Vidhi_255eb67e-08c0-4975-a44a-b7b5a2b624c8","Audio":{"timestamp":1611073509938.644,"packetsReceived":38201,"packetsLost":0},"Type":"inbound-rtp","Video":{"timestamp":1611073509938.644,"packetsReceived":17798,"packetsLost":0}},{"from":"Shivam_d3c79d6a-f882-41f2-a578-970ee49ff3dd","to":"Vidhi_255eb67e-08c0-4975-a44a-b7b5a2b624c8","Audio":{"timestamp":1611073509938.644,"packetsReceived":38201,"packetsLost":0},"Type":"inbound-rtp","Video":{"timestamp":1611073509938.644,"packetsReceived":17798,"packetsLost":0}},{"from":"Shivam_d3c79d6a-f882-41f2-a578-970ee49ff3dd","to":"Vidhi_255eb67e-08c0-4975-a44a-b7b5a2b624c8","Audio":{"timestamp":1611073514938.601,"packetsReceived":38451,"packetsLost":0},"Type":"inbound-rtp","Video":{"timestamp":1611073514938.601,"packetsReceived":17874,"packetsLost":0}},{"from":"Shivam_d3c79d6a-f882-41f2-a578-970ee49ff3dd","to":"Vidhi_255eb67e-08c0-4975-a44a-b7b5a2b624c8","Audio":{"timestamp":1611073514938.601,"packetsReceived":38451,"packetsLost":0},"Type":"inbound-rtp","Video":{"timestamp":1611073514938.601,"packetsReceived":17874,"packetsLost":0}},{"from":"Shivam_d3c79d6a-f882-41f2-a578-970ee49ff3dd","to":"Vidhi_255eb67e-08c0-4975-a44a-b7b5a2b624c8","Audio":{"timestamp":1611073519938.611,"packetsReceived":38700,"packetsLost":0},"Type":"inbound-rtp","Video":{"timestamp":1611073519938.611,"packetsReceived":17926,"packetsLost":0}},{"from":"Shivam_d3c79d6a-f882-41f2-a578-970ee49ff3dd","to":"Vidhi_255eb67e-08c0-4975-a44a-b7b5a2b624c8","Audio":{"timestamp":1611073519938.611,"packetsReceived":38700,"packetsLost":0},"Type":"inbound-rtp","Video":{"timestamp":1611073519938.611,"packetsReceived":17926,"packetsLost":0}},{"from":"Shivam_d3c79d6a-f882-41f2-a578-970ee49ff3dd","to":"Vidhi_255eb67e-08c0-4975-a44a-b7b5a2b624c8","Audio":{"timestamp":1611073524938.51,"packetsReceived":38950,"packetsLost":0},"Type":"inbound-rtp","Video":{"timestamp":1611073524938.51,"packetsReceived":17986,"packetsLost":0}},{"from":"Shivam_d3c79d6a-f882-41f2-a578-970ee49ff3dd","to":"Vidhi_255eb67e-08c0-4975-a44a-b7b5a2b624c8","Audio":{"timestamp":1611073524938.51,"packetsReceived":38950,"packetsLost":0},"Type":"inbound-rtp","Video":{"timestamp":1611073524938.51,"packetsReceived":17986,"packetsLost":0}},{"from":"Shivam_d3c79d6a-f882-41f2-a578-970ee49ff3dd","to":"Vidhi_255eb67e-08c0-4975-a44a-b7b5a2b624c8","Audio":{"timestamp":1611073529939.005,"packetsReceived":39200,"packetsLost":0},"Type":"inbound-rtp","Video":{"timestamp":1611073529939.005,"packetsReceived":18059,"packetsLost":0}},{"from":"Shivam_d3c79d6a-f882-41f2-a578-970ee49ff3dd","to":"Vidhi_255eb67e-08c0-4975-a44a-b7b5a2b624c8","Audio":{"timestamp":1611073529939.005,"packetsReceived":39200,"packetsLost":0},"Type":"inbound-rtp","Video":{"timestamp":1611073529939.005,"packetsReceived":18059,"packetsLost":0}},{"from":"Shivam_d3c79d6a-f882-41f2-a578-970ee49ff3dd","to":"Vidhi_255eb67e-08c0-4975-a44a-b7b5a2b624c8","Audio":{"timestamp":1611073534111.944,"packetsReceived":39409,"packetsLost":0},"Type":"inbound-rtp","Video":{"timestamp":1611073534111.944,"packetsReceived":18111,"packetsLost":0}},{"from":"Shivam_d3c79d6a-f882-41f2-a578-970ee49ff3dd","to":"Vidhi_255eb67e-08c0-4975-a44a-b7b5a2b624c8","Audio":{"timestamp":1611073534111.944,"packetsReceived":39409,"packetsLost":0},"Type":"inbound-rtp","Video":{"timestamp":1611073534111.944,"packetsReceived":18111,"packetsLost":0}}]}