[{"timestamp":1611072745095,"log":{"from":"server","to":"Vidhi_255eb67e-08c0-4975-a44a-b7b5a2b624c8","context":"PARENT","data":"{\"peer\":\"Shivam_d3c79d6a-f882-41f2-a578-970ee49ff3dd\"}"}},{"timestamp":1611072745095,"log":"Parent : Shivam_d3c79d6a-f882-41f2-a578-970ee49ff3dd"},{"timestamp":1611072745588,"log":{"from":"Shivam_d3c79d6a-f882-41f2-a578-970ee49ff3dd","to":"Vidhi_255eb67e-08c0-4975-a44a-b7b5a2b624c8","context":"CONNECT_ACK","data":"{\"roomID\":\"123456\"}"}},{"timestamp":1611072745588,"log":"Connection ACK from parent : Shivam_d3c79d6a-f882-41f2-a578-970ee49ff3dd"},{"timestamp":1611072745596,"log":"received sdp from peer : Shivam_d3c79d6a-f882-41f2-a578-970ee49ff3dd"},{"timestamp":1611072745599,"log":"received ice from peer : Shivam_d3c79d6a-f882-41f2-a578-970ee49ff3dd"},{"timestamp":1611072745602,"log":"received ice from peer : Shivam_d3c79d6a-f882-41f2-a578-970ee49ff3dd"},{"timestamp":1611072745603,"log":"remote stream received"},{"timestamp":1611072745603,"log":{}},{"timestamp":1611072745603,"log":"remote stream received"},{"timestamp":1611072745604,"log":{}},{"timestamp":1611072745608,"log":"created description for peer : Shivam_d3c79d6a-f882-41f2-a578-970ee49ff3dd"},{"timestamp":1611072745616,"log":"connection with peer Shivam_d3c79d6a-f882-41f2-a578-970ee49ff3dd checking"},{"timestamp":1611072745617,"log":"ice: Vidhi_255eb67e-08c0-4975-a44a-b7b5a2b624c8 to Shivam_d3c79d6a-f882-41f2-a578-970ee49ff3dd"},{"timestamp":1611072745633,"log":"received ice from peer : Shivam_d3c79d6a-f882-41f2-a578-970ee49ff3dd"},{"timestamp":1611072745633,"log":"received ice from peer : Shivam_d3c79d6a-f882-41f2-a578-970ee49ff3dd"},{"timestamp":1611072745653,"log":"ice: Vidhi_255eb67e-08c0-4975-a44a-b7b5a2b624c8 to Shivam_d3c79d6a-f882-41f2-a578-970ee49ff3dd"},{"timestamp":1611072745909,"log":"ice: Vidhi_255eb67e-08c0-4975-a44a-b7b5a2b624c8 to Shivam_d3c79d6a-f882-41f2-a578-970ee49ff3dd"},{"timestamp":1611072745909,"log":"connection with peer Shivam_d3c79d6a-f882-41f2-a578-970ee49ff3dd connected"}]