[{"timestamp":1611072536293,"log":{"from":"server","to":"Shashwat_82598673-3576-4db8-97d0-b4e7a4c1d850","context":"PARENT","data":"{\"peer\":\"Ayush_240836e4-37ab-4157-a976-d7e1443bfa33\"}"}},{"timestamp":1611072536293,"log":"Parent : Ayush_240836e4-37ab-4157-a976-d7e1443bfa33"},{"timestamp":1611072536790,"log":{"from":"Ayush_240836e4-37ab-4157-a976-d7e1443bfa33","to":"Shashwat_82598673-3576-4db8-97d0-b4e7a4c1d850","context":"CONNECT_ACK","data":"{\"roomID\":\"123456\"}"}},{"timestamp":1611072536790,"log":"Connection ACK from parent : Ayush_240836e4-37ab-4157-a976-d7e1443bfa33"},{"timestamp":1611072536797,"log":"received sdp from peer : Ayush_240836e4-37ab-4157-a976-d7e1443bfa33"},{"timestamp":1611072536800,"log":"received ice from peer : Ayush_240836e4-37ab-4157-a976-d7e1443bfa33"},{"timestamp":1611072536805,"log":"received ice from peer : Ayush_240836e4-37ab-4157-a976-d7e1443bfa33"},{"timestamp":1611072536806,"log":"remote stream received"},{"timestamp":1611072536806,"log":{}},{"timestamp":1611072536806,"log":"remote stream received"},{"timestamp":1611072536806,"log":{}},{"timestamp":1611072536810,"log":"created description for peer : Ayush_240836e4-37ab-4157-a976-d7e1443bfa33"},{"timestamp":1611072536814,"log":"connection with peer Ayush_240836e4-37ab-4157-a976-d7e1443bfa33 checking"},{"timestamp":1611072536815,"log":"ice: Shashwat_82598673-3576-4db8-97d0-b4e7a4c1d850 to Ayush_240836e4-37ab-4157-a976-d7e1443bfa33"},{"timestamp":1611072536815,"log":"connection with peer Ayush_240836e4-37ab-4157-a976-d7e1443bfa33 connected"},{"timestamp":1611072536815,"log":"ice: Shashwat_82598673-3576-4db8-97d0-b4e7a4c1d850 to Ayush_240836e4-37ab-4157-a976-d7e1443bfa33"},{"timestamp":1611072537044,"log":"received ice from peer : Ayush_240836e4-37ab-4157-a976-d7e1443bfa33"},{"timestamp":1611072537045,"log":"received ice from peer : Ayush_240836e4-37ab-4157-a976-d7e1443bfa33"}]