[{"timestamp":1611069511520,"log":{"from":"server","to":"Parth_76f53bdf-f7bc-427b-82f3-d8c41a941ed2","context":"DIRECTCHILDOFSOURCE","data":"{\"parent\":\"Source_dd9137a1-f8d6-427f-84a2-b427855b696f\"}"}},{"timestamp":1611069511520,"log":"Child of Source"},{"timestamp":1611069512038,"log":{"from":"Source_dd9137a1-f8d6-427f-84a2-b427855b696f","to":"Parth_76f53bdf-f7bc-427b-82f3-d8c41a941ed2","context":"CONNECT_ACK","data":"{\"roomID\":\"123456\"}"}},{"timestamp":1611069512038,"log":"Connection ACK from parent : Source_dd9137a1-f8d6-427f-84a2-b427855b696f"},{"timestamp":1611069512055,"log":"received sdp from peer : Source_dd9137a1-f8d6-427f-84a2-b427855b696f"},{"timestamp":1611069512060,"log":"received ice from peer : Source_dd9137a1-f8d6-427f-84a2-b427855b696f"},{"timestamp":1611069512066,"log":"remote stream received"},{"timestamp":1611069512067,"log":{}},{"timestamp":1611069512067,"log":"remote stream received"},{"timestamp":1611069512068,"log":{}},{"timestamp":1611069512068,"log":"received ice from peer : Source_dd9137a1-f8d6-427f-84a2-b427855b696f"},{"timestamp":1611069512073,"log":"created description for peer : Source_dd9137a1-f8d6-427f-84a2-b427855b696f"},{"timestamp":1611069512082,"log":"connection with peer Source_dd9137a1-f8d6-427f-84a2-b427855b696f checking"},{"timestamp":1611069512083,"log":"ice: Parth_76f53bdf-f7bc-427b-82f3-d8c41a941ed2 to Source_dd9137a1-f8d6-427f-84a2-b427855b696f"},{"timestamp":1611069512085,"log":"received ice from peer : Source_dd9137a1-f8d6-427f-84a2-b427855b696f"},{"timestamp":1611069512116,"log":"ice: Parth_76f53bdf-f7bc-427b-82f3-d8c41a941ed2 to Source_dd9137a1-f8d6-427f-84a2-b427855b696f"},{"timestamp":1611069512297,"log":"received ice from peer : Source_dd9137a1-f8d6-427f-84a2-b427855b696f"},{"timestamp":1611069512298,"log":"received ice from peer : Source_dd9137a1-f8d6-427f-84a2-b427855b696f"},{"timestamp":1611069512298,"log":"received ice from peer : Source_dd9137a1-f8d6-427f-84a2-b427855b696f"},{"timestamp":1611069512499,"log":"ice: Parth_76f53bdf-f7bc-427b-82f3-d8c41a941ed2 to Source_dd9137a1-f8d6-427f-84a2-b427855b696f"},{"timestamp":1611069512499,"log":"connection with peer Source_dd9137a1-f8d6-427f-84a2-b427855b696f connected"},{"timestamp":1611069563568,"log":{"from":"Sumit_c3b4b6df-baa4-4279-a1ad-3f6798fb7b64","to":"Parth_76f53bdf-f7bc-427b-82f3-d8c41a941ed2","context":"CONNECT","data":"{\"roomID\":\"123456\"}"}},{"timestamp":1611069563569,"log":"Connect request from Child : Sumit_c3b4b6df-baa4-4279-a1ad-3f6798fb7b64"},{"timestamp":1611069563570,"log":"adding tracks"},{"timestamp":1611069563572,"log":"call inititated: Parth_76f53bdf-f7bc-427b-82f3-d8c41a941ed2 to Sumit_c3b4b6df-baa4-4279-a1ad-3f6798fb7b64"},{"timestamp":1611069563575,"log":"created description for peer : Sumit_c3b4b6df-baa4-4279-a1ad-3f6798fb7b64"},{"timestamp":1611069563584,"log":"ice: Parth_76f53bdf-f7bc-427b-82f3-d8c41a941ed2 to Sumit_c3b4b6df-baa4-4279-a1ad-3f6798fb7b64"},{"timestamp":1611069563585,"log":"ice: Parth_76f53bdf-f7bc-427b-82f3-d8c41a941ed2 to Sumit_c3b4b6df-baa4-4279-a1ad-3f6798fb7b64"},{"timestamp":1611069563617,"log":"ice: Parth_76f53bdf-f7bc-427b-82f3-d8c41a941ed2 to Sumit_c3b4b6df-baa4-4279-a1ad-3f6798fb7b64"},{"timestamp":1611069563620,"log":"ice: Parth_76f53bdf-f7bc-427b-82f3-d8c41a941ed2 to Sumit_c3b4b6df-baa4-4279-a1ad-3f6798fb7b64"},{"timestamp":1611069563870,"log":"connection with peer Sumit_c3b4b6df-baa4-4279-a1ad-3f6798fb7b64 checking"},{"timestamp":1611069564128,"log":"received sdp from peer : Sumit_c3b4b6df-baa4-4279-a1ad-3f6798fb7b64"},{"timestamp":1611069564130,"log":"received ice from peer : Sumit_c3b4b6df-baa4-4279-a1ad-3f6798fb7b64"},{"timestamp":1611069564134,"log":"connection with peer Sumit_c3b4b6df-baa4-4279-a1ad-3f6798fb7b64 connected"},{"timestamp":1611069564134,"log":"ice: Parth_76f53bdf-f7bc-427b-82f3-d8c41a941ed2 to Sumit_c3b4b6df-baa4-4279-a1ad-3f6798fb7b64"},{"timestamp":1611069640314,"log":{"from":"Ashmesh_6994197c-862c-4ffd-871b-82ae2d48b813","to":"Parth_76f53bdf-f7bc-427b-82f3-d8c41a941ed2","context":"CONNECT","data":"{\"roomID\":\"123456\"}"}},{"timestamp":1611069640314,"log":"Connect request from Child : Ashmesh_6994197c-862c-4ffd-871b-82ae2d48b813"},{"timestamp":1611069640315,"log":"adding tracks"},{"timestamp":1611069640316,"log":"call inititated: Parth_76f53bdf-f7bc-427b-82f3-d8c41a941ed2 to Ashmesh_6994197c-862c-4ffd-871b-82ae2d48b813"},{"timestamp":1611069640318,"log":"created description for peer : Ashmesh_6994197c-862c-4ffd-871b-82ae2d48b813"},{"timestamp":1611069640322,"log":"ice: Parth_76f53bdf-f7bc-427b-82f3-d8c41a941ed2 to Ashmesh_6994197c-862c-4ffd-871b-82ae2d48b813"},{"timestamp":1611069640323,"log":"ice: Parth_76f53bdf-f7bc-427b-82f3-d8c41a941ed2 to Ashmesh_6994197c-862c-4ffd-871b-82ae2d48b813"},{"timestamp":1611069640354,"log":"ice: Parth_76f53bdf-f7bc-427b-82f3-d8c41a941ed2 to Ashmesh_6994197c-862c-4ffd-871b-82ae2d48b813"},{"timestamp":1611069640355,"log":"ice: Parth_76f53bdf-f7bc-427b-82f3-d8c41a941ed2 to Ashmesh_6994197c-862c-4ffd-871b-82ae2d48b813"},{"timestamp":1611069640602,"log":"connection with peer Ashmesh_6994197c-862c-4ffd-871b-82ae2d48b813 checking"},{"timestamp":1611069640848,"log":"received sdp from peer : Ashmesh_6994197c-862c-4ffd-871b-82ae2d48b813"},{"timestamp":1611069640850,"log":"received ice from peer : Ashmesh_6994197c-862c-4ffd-871b-82ae2d48b813"},{"timestamp":1611069640854,"log":"connection with peer Ashmesh_6994197c-862c-4ffd-871b-82ae2d48b813 connected"},{"timestamp":1611069640854,"log":"ice: Parth_76f53bdf-f7bc-427b-82f3-d8c41a941ed2 to Ashmesh_6994197c-862c-4ffd-871b-82ae2d48b813"}]