[{"timestamp":1611072453079,"log":{"from":"server","to":"Basant_ccf6dfac-bc61-43a3-bbdc-dbed01a835e4","context":"PARENT","data":"{\"peer\":\"Ashmesh_8687c9a5-c3fb-4484-a42c-dffd19a21047\"}"}},{"timestamp":1611072453079,"log":"Parent : Ashmesh_8687c9a5-c3fb-4484-a42c-dffd19a21047"},{"timestamp":1611072453565,"log":{"from":"Ashmesh_8687c9a5-c3fb-4484-a42c-dffd19a21047","to":"Basant_ccf6dfac-bc61-43a3-bbdc-dbed01a835e4","context":"CONNECT_ACK","data":"{\"roomID\":\"123456\"}"}},{"timestamp":1611072453565,"log":"Connection ACK from parent : Ashmesh_8687c9a5-c3fb-4484-a42c-dffd19a21047"},{"timestamp":1611072453575,"log":"received sdp from peer : Ashmesh_8687c9a5-c3fb-4484-a42c-dffd19a21047"},{"timestamp":1611072453578,"log":"received ice from peer : Ashmesh_8687c9a5-c3fb-4484-a42c-dffd19a21047"},{"timestamp":1611072453581,"log":"received ice from peer : Ashmesh_8687c9a5-c3fb-4484-a42c-dffd19a21047"},{"timestamp":1611072453582,"log":"remote stream received"},{"timestamp":1611072453583,"log":{}},{"timestamp":1611072453583,"log":"remote stream received"},{"timestamp":1611072453583,"log":{}},{"timestamp":1611072453587,"log":"created description for peer : Ashmesh_8687c9a5-c3fb-4484-a42c-dffd19a21047"},{"timestamp":1611072453591,"log":"connection with peer Ashmesh_8687c9a5-c3fb-4484-a42c-dffd19a21047 checking"},{"timestamp":1611072453592,"log":"ice: Basant_ccf6dfac-bc61-43a3-bbdc-dbed01a835e4 to Ashmesh_8687c9a5-c3fb-4484-a42c-dffd19a21047"},{"timestamp":1611072453593,"log":"connection with peer Ashmesh_8687c9a5-c3fb-4484-a42c-dffd19a21047 connected"},{"timestamp":1611072453593,"log":"ice: Basant_ccf6dfac-bc61-43a3-bbdc-dbed01a835e4 to Ashmesh_8687c9a5-c3fb-4484-a42c-dffd19a21047"},{"timestamp":1611072453607,"log":"received ice from peer : Ashmesh_8687c9a5-c3fb-4484-a42c-dffd19a21047"},{"timestamp":1611072453608,"log":"received ice from peer : Ashmesh_8687c9a5-c3fb-4484-a42c-dffd19a21047"}]