{"Sankalp_5070585a-5c03-45fd-9d0a-94cb7b78cebb":[{"from":"Sankalp_5070585a-5c03-45fd-9d0a-94cb7b78cebb","to":"Niket_cbe63b56-ad18-4a90-9e39-5efc9c440b46","Audio":{"timestamp":1611072668093,"packetsReceived":146,"packetsLost":0},"Type":"inbound-rtp","Video":{"timestamp":1611072668093,"packetsReceived":0,"packetsLost":0}},{"from":"Sankalp_5070585a-5c03-45fd-9d0a-94cb7b78cebb","to":"Niket_cbe63b56-ad18-4a90-9e39-5efc9c440b46","Audio":{"timestamp":1611072668093,"packetsReceived":146,"packetsLost":0},"Type":"inbound-rtp","Video":{"timestamp":1611072668093,"packetsReceived":0,"packetsLost":0}},{"from":"Sankalp_5070585a-5c03-45fd-9d0a-94cb7b78cebb","to":"Niket_cbe63b56-ad18-4a90-9e39-5efc9c440b46","Audio":{"timestamp":1611072673093,"packetsReceived":396,"packetsLost":0},"Type":"inbound-rtp","Video":{"timestamp":1611072673093,"packetsReceived":39,"packetsLost":0}},{"from":"Sankalp_5070585a-5c03-45fd-9d0a-94cb7b78cebb","to":"Niket_cbe63b56-ad18-4a90-9e39-5efc9c440b46","Audio":{"timestamp":1611072673093,"packetsReceived":396,"packetsLost":0},"Type":"inbound-rtp","Video":{"timestamp":1611072673093,"packetsReceived":39,"packetsLost":0}},{"from":"Sankalp_5070585a-5c03-45fd-9d0a-94cb7b78cebb","to":"Niket_cbe63b56-ad18-4a90-9e39-5efc9c440b46","Audio":{"timestamp":1611072678093,"packetsReceived":646,"packetsLost":0},"Type":"inbound-rtp","Video":{"timestamp":1611072678093,"packetsReceived":45,"packetsLost":0}},{"from":"Sankalp_5070585a-5c03-45fd-9d0a-94cb7b78cebb","to":"Niket_cbe63b56-ad18-4a90-9e39-5efc9c440b46","Audio":{"timestamp":1611072678093,"packetsReceived":646,"packetsLost":0},"Type":"inbound-rtp","Video":{"timestamp":1611072678093,"packetsReceived":45,"packetsLost":0}},{"from":"Sankalp_5070585a-5c03-45fd-9d0a-94cb7b78cebb","to":"Niket_cbe63b56-ad18-4a90-9e39-5efc9c440b46","Audio":{"timestamp":1611072683093,"packetsReceived":896,"packetsLost":0},"Type":"inbound-rtp","Video":{"timestamp":1611072683093,"packetsReceived":50,"packetsLost":0}},{"from":"Sankalp_5070585a-5c03-45fd-9d0a-94cb7b78cebb","to":"Niket_cbe63b56-ad18-4a90-9e39-5efc9c440b46","Audio":{"timestamp":1611072683093,"packetsReceived":896,"packetsLost":0},"Type":"inbound-rtp","Video":{"timestamp":1611072683093,"packetsReceived":50,"packetsLost":0}},{"from":"Sankalp_5070585a-5c03-45fd-9d0a-94cb7b78cebb","to":"Niket_cbe63b56-ad18-4a90-9e39-5efc9c440b46","Audio":{"timestamp":1611072688093,"packetsReceived":1146,"packetsLost":0},"Type":"inbound-rtp","Video":{"timestamp":1611072688093,"packetsReceived":54,"packetsLost":0}},{"from":"Sankalp_5070585a-5c03-45fd-9d0a-94cb7b78cebb","to":"Niket_cbe63b56-ad18-4a90-9e39-5efc9c440b46","Audio":{"timestamp":1611072688093,"packetsReceived":1146,"packetsLost":0},"Type":"inbound-rtp","Video":{"timestamp":1611072688093,"packetsReceived":54,"packetsLost":0}},{"from":"Sankalp_5070585a-5c03-45fd-9d0a-94cb7b78cebb","to":"Niket_cbe63b56-ad18-4a90-9e39-5efc9c440b46","Audio":{"timestamp":1611072693094,"packetsReceived":1396,"packetsLost":0},"Type":"inbound-rtp","Video":{"timestamp":1611072693094,"packetsReceived":59,"packetsLost":0}},{"from":"Sankalp_5070585a-5c03-45fd-9d0a-94cb7b78cebb","to":"Niket_cbe63b56-ad18-4a90-9e39-5efc9c440b46","Audio":{"timestamp":1611072693094,"packetsReceived":1396,"packetsLost":0},"Type":"inbound-rtp","Video":{"timestamp":1611072693094,"packetsReceived":59,"packetsLost":0}},{"from":"Sankalp_5070585a-5c03-45fd-9d0a-94cb7b78cebb","to":"Niket_cbe63b56-ad18-4a90-9e39-5efc9c440b46","Audio":{"timestamp":1611072698094,"packetsReceived":1646,"packetsLost":0},"Type":"inbound-rtp","Video":{"timestamp":1611072698094,"packetsReceived":64,"packetsLost":0}},{"from":"Sankalp_5070585a-5c03-45fd-9d0a-94cb7b78cebb","to":"Niket_cbe63b56-ad18-4a90-9e39-5efc9c440b46","Audio":{"timestamp":1611072698094,"packetsReceived":1646,"packetsLost":0},"Type":"inbound-rtp","Video":{"timestamp":1611072698094,"packetsReceived":64,"packetsLost":0}},{"from":"Sankalp_5070585a-5c03-45fd-9d0a-94cb7b78cebb","to":"Niket_cbe63b56-ad18-4a90-9e39-5efc9c440b46","Audio":{"timestamp":1611072703093,"packetsReceived":1897,"packetsLost":0},"Type":"inbound-rtp","Video":{"timestamp":1611072703093,"packetsReceived":68,"packetsLost":0}},{"from":"Sankalp_5070585a-5c03-45fd-9d0a-94cb7b78cebb","to":"Niket_cbe63b56-ad18-4a90-9e39-5efc9c440b46","Audio":{"timestamp":1611072703093,"packetsReceived":1897,"packetsLost":0},"Type":"inbound-rtp","Video":{"timestamp":1611072703093,"packetsReceived":68,"packetsLost":0}},{"from":"Sankalp_5070585a-5c03-45fd-9d0a-94cb7b78cebb","to":"Niket_cbe63b56-ad18-4a90-9e39-5efc9c440b46","Audio":{"timestamp":1611072708094,"packetsReceived":2146,"packetsLost":0},"Type":"inbound-rtp","Video":{"timestamp":1611072708094,"packetsReceived":73,"packetsLost":0}},{"from":"Sankalp_5070585a-5c03-45fd-9d0a-94cb7b78cebb","to":"Niket_cbe63b56-ad18-4a90-9e39-5efc9c440b46","Audio":{"timestamp":1611072708094,"packetsReceived":2146,"packetsLost":0},"Type":"inbound-rtp","Video":{"timestamp":1611072708094,"packetsReceived":73,"packetsLost":0}},{"from":"Sankalp_5070585a-5c03-45fd-9d0a-94cb7b78cebb","to":"Niket_cbe63b56-ad18-4a90-9e39-5efc9c440b46","Audio":{"timestamp":1611072713094,"packetsReceived":2397,"packetsLost":0},"Type":"inbound-rtp","Video":{"timestamp":1611072713094,"packetsReceived":78,"packetsLost":0}},{"from":"Sankalp_5070585a-5c03-45fd-9d0a-94cb7b78cebb","to":"Niket_cbe63b56-ad18-4a90-9e39-5efc9c440b46","Audio":{"timestamp":1611072713094,"packetsReceived":2397,"packetsLost":0},"Type":"inbound-rtp","Video":{"timestamp":1611072713094,"packetsReceived":78,"packetsLost":0}},{"from":"Sankalp_5070585a-5c03-45fd-9d0a-94cb7b78cebb","to":"Niket_cbe63b56-ad18-4a90-9e39-5efc9c440b46","Audio":{"timestamp":1611072718395,"packetsReceived":2661,"packetsLost":0},"Type":"inbound-rtp","Video":{"timestamp":1611072718395,"packetsReceived":83,"packetsLost":0}},{"from":"Sankalp_5070585a-5c03-45fd-9d0a-94cb7b78cebb","to":"Niket_cbe63b56-ad18-4a90-9e39-5efc9c440b46","Audio":{"timestamp":1611072718395,"packetsReceived":2661,"packetsLost":0},"Type":"inbound-rtp","Video":{"timestamp":1611072718395,"packetsReceived":83,"packetsLost":0}},{"from":"Sankalp_5070585a-5c03-45fd-9d0a-94cb7b78cebb","to":"Niket_cbe63b56-ad18-4a90-9e39-5efc9c440b46","Audio":{"timestamp":1611072723395,"packetsReceived":2912,"packetsLost":0},"Type":"inbound-rtp","Video":{"timestamp":1611072723395,"packetsReceived":87,"packetsLost":0}},{"from":"Sankalp_5070585a-5c03-45fd-9d0a-94cb7b78cebb","to":"Niket_cbe63b56-ad18-4a90-9e39-5efc9c440b46","Audio":{"timestamp":1611072723395,"packetsReceived":2912,"packetsLost":0},"Type":"inbound-rtp","Video":{"timestamp":1611072723395,"packetsReceived":87,"packetsLost":0}},{"from":"Sankalp_5070585a-5c03-45fd-9d0a-94cb7b78cebb","to":"Niket_cbe63b56-ad18-4a90-9e39-5efc9c440b46","Audio":{"timestamp":1611072728395,"packetsReceived":3161,"packetsLost":0},"Type":"inbound-rtp","Video":{"timestamp":1611072728395,"packetsReceived":92,"packetsLost":0}},{"from":"Sankalp_5070585a-5c03-45fd-9d0a-94cb7b78cebb","to":"Niket_cbe63b56-ad18-4a90-9e39-5efc9c440b46","Audio":{"timestamp":1611072728395,"packetsReceived":3161,"packetsLost":0},"Type":"inbound-rtp","Video":{"timestamp":1611072728395,"packetsReceived":92,"packetsLost":0}},{"from":"Sankalp_5070585a-5c03-45fd-9d0a-94cb7b78cebb","to":"Niket_cbe63b56-ad18-4a90-9e39-5efc9c440b46","Audio":{"timestamp":1611072733395,"packetsReceived":3411,"packetsLost":0},"Type":"inbound-rtp","Video":{"timestamp":1611072733395,"packetsReceived":114,"packetsLost":0}},{"from":"Sankalp_5070585a-5c03-45fd-9d0a-94cb7b78cebb","to":"Niket_cbe63b56-ad18-4a90-9e39-5efc9c440b46","Audio":{"timestamp":1611072733395,"packetsReceived":3411,"packetsLost":0},"Type":"inbound-rtp","Video":{"timestamp":1611072733395,"packetsReceived":114,"packetsLost":0}},{"from":"Sankalp_5070585a-5c03-45fd-9d0a-94cb7b78cebb","to":"Niket_cbe63b56-ad18-4a90-9e39-5efc9c440b46","Audio":{"timestamp":1611072738395,"packetsReceived":3661,"packetsLost":0},"Type":"inbound-rtp","Video":{"timestamp":1611072738395,"packetsReceived":179,"packetsLost":0}},{"from":"Sankalp_5070585a-5c03-45fd-9d0a-94cb7b78cebb","to":"Niket_cbe63b56-ad18-4a90-9e39-5efc9c440b46","Audio":{"timestamp":1611072738395,"packetsReceived":3661,"packetsLost":0},"Type":"inbound-rtp","Video":{"timestamp":1611072738395,"packetsReceived":179,"packetsLost":0}},{"from":"Sankalp_5070585a-5c03-45fd-9d0a-94cb7b78cebb","to":"Niket_cbe63b56-ad18-4a90-9e39-5efc9c440b46","Audio":{"timestamp":1611072743396,"packetsReceived":3911,"packetsLost":0},"Type":"inbound-rtp","Video":{"timestamp":1611072743396,"packetsReceived":185,"packetsLost":0}},{"from":"Sankalp_5070585a-5c03-45fd-9d0a-94cb7b78cebb","to":"Niket_cbe63b56-ad18-4a90-9e39-5efc9c440b46","Audio":{"timestamp":1611072743396,"packetsReceived":3911,"packetsLost":0},"Type":"inbound-rtp","Video":{"timestamp":1611072743396,"packetsReceived":185,"packetsLost":0}},{"from":"Sankalp_5070585a-5c03-45fd-9d0a-94cb7b78cebb","to":"Niket_cbe63b56-ad18-4a90-9e39-5efc9c440b46","Audio":{"timestamp":1611072748396,"packetsReceived":4161,"packetsLost":0},"Type":"inbound-rtp","Video":{"timestamp":1611072748396,"packetsReceived":190,"packetsLost":0}},{"from":"Sankalp_5070585a-5c03-45fd-9d0a-94cb7b78cebb","to":"Niket_cbe63b56-ad18-4a90-9e39-5efc9c440b46","Audio":{"timestamp":1611072748396,"packetsReceived":4161,"packetsLost":0},"Type":"inbound-rtp","Video":{"timestamp":1611072748396,"packetsReceived":190,"packetsLost":0}},{"from":"Sankalp_5070585a-5c03-45fd-9d0a-94cb7b78cebb","to":"Niket_cbe63b56-ad18-4a90-9e39-5efc9c440b46","Audio":{"timestamp":1611072753396,"packetsReceived":4412,"packetsLost":0},"Type":"inbound-rtp","Video":{"timestamp":1611072753396,"packetsReceived":194,"packetsLost":0}},{"from":"Sankalp_5070585a-5c03-45fd-9d0a-94cb7b78cebb","to":"Niket_cbe63b56-ad18-4a90-9e39-5efc9c440b46","Audio":{"timestamp":1611072753396,"packetsReceived":4412,"packetsLost":0},"Type":"inbound-rtp","Video":{"timestamp":1611072753396,"packetsReceived":194,"packetsLost":0}},{"from":"Sankalp_5070585a-5c03-45fd-9d0a-94cb7b78cebb","to":"Niket_cbe63b56-ad18-4a90-9e39-5efc9c440b46","Audio":{"timestamp":1611072758395,"packetsReceived":4661,"packetsLost":0},"Type":"inbound-rtp","Video":{"timestamp":1611072758395,"packetsReceived":199,"packetsLost":0}},{"from":"Sankalp_5070585a-5c03-45fd-9d0a-94cb7b78cebb","to":"Niket_cbe63b56-ad18-4a90-9e39-5efc9c440b46","Audio":{"timestamp":1611072758395,"packetsReceived":4661,"packetsLost":0},"Type":"inbound-rtp","Video":{"timestamp":1611072758395,"packetsReceived":199,"packetsLost":0}},{"from":"Sankalp_5070585a-5c03-45fd-9d0a-94cb7b78cebb","to":"Niket_cbe63b56-ad18-4a90-9e39-5efc9c440b46","Audio":{"timestamp":1611072763396,"packetsReceived":4911,"packetsLost":0},"Type":"inbound-rtp","Video":{"timestamp":1611072763396,"packetsReceived":204,"packetsLost":0}},{"from":"Sankalp_5070585a-5c03-45fd-9d0a-94cb7b78cebb","to":"Niket_cbe63b56-ad18-4a90-9e39-5efc9c440b46","Audio":{"timestamp":1611072763396,"packetsReceived":4911,"packetsLost":0},"Type":"inbound-rtp","Video":{"timestamp":1611072763396,"packetsReceived":204,"packetsLost":0}},{"from":"Sankalp_5070585a-5c03-45fd-9d0a-94cb7b78cebb","to":"Niket_cbe63b56-ad18-4a90-9e39-5efc9c440b46","Audio":{"timestamp":1611072768396,"packetsReceived":5161,"packetsLost":0},"Type":"inbound-rtp","Video":{"timestamp":1611072768396,"packetsReceived":209,"packetsLost":0}},{"from":"Sankalp_5070585a-5c03-45fd-9d0a-94cb7b78cebb","to":"Niket_cbe63b56-ad18-4a90-9e39-5efc9c440b46","Audio":{"timestamp":1611072768396,"packetsReceived":5161,"packetsLost":0},"Type":"inbound-rtp","Video":{"timestamp":1611072768396,"packetsReceived":209,"packetsLost":0}},{"from":"Sankalp_5070585a-5c03-45fd-9d0a-94cb7b78cebb","to":"Niket_cbe63b56-ad18-4a90-9e39-5efc9c440b46","Audio":{"timestamp":1611072773396,"packetsReceived":5412,"packetsLost":0},"Type":"inbound-rtp","Video":{"timestamp":1611072773396,"packetsReceived":214,"packetsLost":0}},{"from":"Sankalp_5070585a-5c03-45fd-9d0a-94cb7b78cebb","to":"Niket_cbe63b56-ad18-4a90-9e39-5efc9c440b46","Audio":{"timestamp":1611072773396,"packetsReceived":5412,"packetsLost":0},"Type":"inbound-rtp","Video":{"timestamp":1611072773396,"packetsReceived":214,"packetsLost":0}},{"from":"Sankalp_5070585a-5c03-45fd-9d0a-94cb7b78cebb","to":"Niket_cbe63b56-ad18-4a90-9e39-5efc9c440b46","Audio":{"timestamp":1611072778397,"packetsReceived":5662,"packetsLost":0},"Type":"inbound-rtp","Video":{"timestamp":1611072778397,"packetsReceived":219,"packetsLost":0}},{"from":"Sankalp_5070585a-5c03-45fd-9d0a-94cb7b78cebb","to":"Niket_cbe63b56-ad18-4a90-9e39-5efc9c440b46","Audio":{"timestamp":1611072778397,"packetsReceived":5662,"packetsLost":0},"Type":"inbound-rtp","Video":{"timestamp":1611072778397,"packetsReceived":219,"packetsLost":0}},{"from":"Sankalp_5070585a-5c03-45fd-9d0a-94cb7b78cebb","to":"Niket_cbe63b56-ad18-4a90-9e39-5efc9c440b46","Audio":{"timestamp":1611072783397,"packetsReceived":5911,"packetsLost":0},"Type":"inbound-rtp","Video":{"timestamp":1611072783397,"packetsReceived":224,"packetsLost":0}},{"from":"Sankalp_5070585a-5c03-45fd-9d0a-94cb7b78cebb","to":"Niket_cbe63b56-ad18-4a90-9e39-5efc9c440b46","Audio":{"timestamp":1611072783397,"packetsReceived":5911,"packetsLost":0},"Type":"inbound-rtp","Video":{"timestamp":1611072783397,"packetsReceived":224,"packetsLost":0}},{"from":"Sankalp_5070585a-5c03-45fd-9d0a-94cb7b78cebb","to":"Niket_cbe63b56-ad18-4a90-9e39-5efc9c440b46","Audio":{"timestamp":1611072788397,"packetsReceived":6161,"packetsLost":0},"Type":"inbound-rtp","Video":{"timestamp":1611072788397,"packetsReceived":228,"packetsLost":0}},{"from":"Sankalp_5070585a-5c03-45fd-9d0a-94cb7b78cebb","to":"Niket_cbe63b56-ad18-4a90-9e39-5efc9c440b46","Audio":{"timestamp":1611072788397,"packetsReceived":6161,"packetsLost":0},"Type":"inbound-rtp","Video":{"timestamp":1611072788397,"packetsReceived":228,"packetsLost":0}},{"from":"Sankalp_5070585a-5c03-45fd-9d0a-94cb7b78cebb","to":"Niket_cbe63b56-ad18-4a90-9e39-5efc9c440b46","Audio":{"timestamp":1611072793396,"packetsReceived":6412,"packetsLost":0},"Type":"inbound-rtp","Video":{"timestamp":1611072793396,"packetsReceived":233,"packetsLost":0}},{"from":"Sankalp_5070585a-5c03-45fd-9d0a-94cb7b78cebb","to":"Niket_cbe63b56-ad18-4a90-9e39-5efc9c440b46","Audio":{"timestamp":1611072793396,"packetsReceived":6412,"packetsLost":0},"Type":"inbound-rtp","Video":{"timestamp":1611072793396,"packetsReceived":233,"packetsLost":0}},{"from":"Sankalp_5070585a-5c03-45fd-9d0a-94cb7b78cebb","to":"Niket_cbe63b56-ad18-4a90-9e39-5efc9c440b46","Audio":{"timestamp":1611072798397,"packetsReceived":6662,"packetsLost":0},"Type":"inbound-rtp","Video":{"timestamp":1611072798397,"packetsReceived":254,"packetsLost":0}},{"from":"Sankalp_5070585a-5c03-45fd-9d0a-94cb7b78cebb","to":"Niket_cbe63b56-ad18-4a90-9e39-5efc9c440b46","Audio":{"timestamp":1611072798397,"packetsReceived":6662,"packetsLost":0},"Type":"inbound-rtp","Video":{"timestamp":1611072798397,"packetsReceived":254,"packetsLost":0}},{"from":"Sankalp_5070585a-5c03-45fd-9d0a-94cb7b78cebb","to":"Niket_cbe63b56-ad18-4a90-9e39-5efc9c440b46","Audio":{"timestamp":1611072803397,"packetsReceived":6912,"packetsLost":0},"Type":"inbound-rtp","Video":{"timestamp":1611072803397,"packetsReceived":360,"packetsLost":0}},{"from":"Sankalp_5070585a-5c03-45fd-9d0a-94cb7b78cebb","to":"Niket_cbe63b56-ad18-4a90-9e39-5efc9c440b46","Audio":{"timestamp":1611072803397,"packetsReceived":6912,"packetsLost":0},"Type":"inbound-rtp","Video":{"timestamp":1611072803397,"packetsReceived":360,"packetsLost":0}},{"from":"Sankalp_5070585a-5c03-45fd-9d0a-94cb7b78cebb","to":"Niket_cbe63b56-ad18-4a90-9e39-5efc9c440b46","Audio":{"timestamp":1611072808397,"packetsReceived":7161,"packetsLost":0},"Type":"inbound-rtp","Video":{"timestamp":1611072808397,"packetsReceived":375,"packetsLost":0}},{"from":"Sankalp_5070585a-5c03-45fd-9d0a-94cb7b78cebb","to":"Niket_cbe63b56-ad18-4a90-9e39-5efc9c440b46","Audio":{"timestamp":1611072808397,"packetsReceived":7161,"packetsLost":0},"Type":"inbound-rtp","Video":{"timestamp":1611072808397,"packetsReceived":375,"packetsLost":0}},{"from":"Sankalp_5070585a-5c03-45fd-9d0a-94cb7b78cebb","to":"Niket_cbe63b56-ad18-4a90-9e39-5efc9c440b46","Audio":{"timestamp":1611072813398,"packetsReceived":7411,"packetsLost":0},"Type":"inbound-rtp","Video":{"timestamp":1611072813398,"packetsReceived":390,"packetsLost":0}},{"from":"Sankalp_5070585a-5c03-45fd-9d0a-94cb7b78cebb","to":"Niket_cbe63b56-ad18-4a90-9e39-5efc9c440b46","Audio":{"timestamp":1611072813398,"packetsReceived":7411,"packetsLost":0},"Type":"inbound-rtp","Video":{"timestamp":1611072813398,"packetsReceived":390,"packetsLost":0}},{"from":"Sankalp_5070585a-5c03-45fd-9d0a-94cb7b78cebb","to":"Niket_cbe63b56-ad18-4a90-9e39-5efc9c440b46","Audio":{"timestamp":1611072818398,"packetsReceived":7661,"packetsLost":0},"Type":"inbound-rtp","Video":{"timestamp":1611072818398,"packetsReceived":402,"packetsLost":0}},{"from":"Sankalp_5070585a-5c03-45fd-9d0a-94cb7b78cebb","to":"Niket_cbe63b56-ad18-4a90-9e39-5efc9c440b46","Audio":{"timestamp":1611072818398,"packetsReceived":7661,"packetsLost":0},"Type":"inbound-rtp","Video":{"timestamp":1611072818398,"packetsReceived":402,"packetsLost":0}},{"from":"Sankalp_5070585a-5c03-45fd-9d0a-94cb7b78cebb","to":"Niket_cbe63b56-ad18-4a90-9e39-5efc9c440b46","Audio":{"timestamp":1611072823398,"packetsReceived":7912,"packetsLost":0},"Type":"inbound-rtp","Video":{"timestamp":1611072823398,"packetsReceived":417,"packetsLost":0}},{"from":"Sankalp_5070585a-5c03-45fd-9d0a-94cb7b78cebb","to":"Niket_cbe63b56-ad18-4a90-9e39-5efc9c440b46","Audio":{"timestamp":1611072823398,"packetsReceived":7912,"packetsLost":0},"Type":"inbound-rtp","Video":{"timestamp":1611072823398,"packetsReceived":417,"packetsLost":0}},{"from":"Sankalp_5070585a-5c03-45fd-9d0a-94cb7b78cebb","to":"Niket_cbe63b56-ad18-4a90-9e39-5efc9c440b46","Audio":{"timestamp":1611072828397,"packetsReceived":8162,"packetsLost":0},"Type":"inbound-rtp","Video":{"timestamp":1611072828397,"packetsReceived":432,"packetsLost":0}},{"from":"Sankalp_5070585a-5c03-45fd-9d0a-94cb7b78cebb","to":"Niket_cbe63b56-ad18-4a90-9e39-5efc9c440b46","Audio":{"timestamp":1611072828397,"packetsReceived":8162,"packetsLost":0},"Type":"inbound-rtp","Video":{"timestamp":1611072828397,"packetsReceived":432,"packetsLost":0}},{"from":"Sankalp_5070585a-5c03-45fd-9d0a-94cb7b78cebb","to":"Niket_cbe63b56-ad18-4a90-9e39-5efc9c440b46","Audio":{"timestamp":1611072833398,"packetsReceived":8412,"packetsLost":0},"Type":"inbound-rtp","Video":{"timestamp":1611072833398,"packetsReceived":444,"packetsLost":0}},{"from":"Sankalp_5070585a-5c03-45fd-9d0a-94cb7b78cebb","to":"Niket_cbe63b56-ad18-4a90-9e39-5efc9c440b46","Audio":{"timestamp":1611072833398,"packetsReceived":8412,"packetsLost":0},"Type":"inbound-rtp","Video":{"timestamp":1611072833398,"packetsReceived":444,"packetsLost":0}},{"from":"Sankalp_5070585a-5c03-45fd-9d0a-94cb7b78cebb","to":"Niket_cbe63b56-ad18-4a90-9e39-5efc9c440b46","Audio":{"timestamp":1611072838398,"packetsReceived":8661,"packetsLost":0},"Type":"inbound-rtp","Video":{"timestamp":1611072838398,"packetsReceived":458,"packetsLost":0}},{"from":"Sankalp_5070585a-5c03-45fd-9d0a-94cb7b78cebb","to":"Niket_cbe63b56-ad18-4a90-9e39-5efc9c440b46","Audio":{"timestamp":1611072838398,"packetsReceived":8661,"packetsLost":0},"Type":"inbound-rtp","Video":{"timestamp":1611072838398,"packetsReceived":458,"packetsLost":0}},{"from":"Sankalp_5070585a-5c03-45fd-9d0a-94cb7b78cebb","to":"Niket_cbe63b56-ad18-4a90-9e39-5efc9c440b46","Audio":{"timestamp":1611072843398,"packetsReceived":8911,"packetsLost":0},"Type":"inbound-rtp","Video":{"timestamp":1611072843398,"packetsReceived":468,"packetsLost":0}},{"from":"Sankalp_5070585a-5c03-45fd-9d0a-94cb7b78cebb","to":"Niket_cbe63b56-ad18-4a90-9e39-5efc9c440b46","Audio":{"timestamp":1611072843398,"packetsReceived":8911,"packetsLost":0},"Type":"inbound-rtp","Video":{"timestamp":1611072843398,"packetsReceived":468,"packetsLost":0}},{"from":"Sankalp_5070585a-5c03-45fd-9d0a-94cb7b78cebb","to":"Niket_cbe63b56-ad18-4a90-9e39-5efc9c440b46","Audio":{"timestamp":1611072848399,"packetsReceived":9162,"packetsLost":0},"Type":"inbound-rtp","Video":{"timestamp":1611072848399,"packetsReceived":477,"packetsLost":0}},{"from":"Sankalp_5070585a-5c03-45fd-9d0a-94cb7b78cebb","to":"Niket_cbe63b56-ad18-4a90-9e39-5efc9c440b46","Audio":{"timestamp":1611072848399,"packetsReceived":9162,"packetsLost":0},"Type":"inbound-rtp","Video":{"timestamp":1611072848399,"packetsReceived":477,"packetsLost":0}},{"from":"Sankalp_5070585a-5c03-45fd-9d0a-94cb7b78cebb","to":"Niket_cbe63b56-ad18-4a90-9e39-5efc9c440b46","Audio":{"timestamp":1611072853399,"packetsReceived":9412,"packetsLost":0},"Type":"inbound-rtp","Video":{"timestamp":1611072853399,"packetsReceived":491,"packetsLost":0}},{"from":"Sankalp_5070585a-5c03-45fd-9d0a-94cb7b78cebb","to":"Niket_cbe63b56-ad18-4a90-9e39-5efc9c440b46","Audio":{"timestamp":1611072853399,"packetsReceived":9412,"packetsLost":0},"Type":"inbound-rtp","Video":{"timestamp":1611072853399,"packetsReceived":491,"packetsLost":0}},{"from":"Sankalp_5070585a-5c03-45fd-9d0a-94cb7b78cebb","to":"Niket_cbe63b56-ad18-4a90-9e39-5efc9c440b46","Audio":{"timestamp":1611072858398,"packetsReceived":9662,"packetsLost":0},"Type":"inbound-rtp","Video":{"timestamp":1611072858398,"packetsReceived":506,"packetsLost":0}},{"from":"Sankalp_5070585a-5c03-45fd-9d0a-94cb7b78cebb","to":"Niket_cbe63b56-ad18-4a90-9e39-5efc9c440b46","Audio":{"timestamp":1611072858398,"packetsReceived":9662,"packetsLost":0},"Type":"inbound-rtp","Video":{"timestamp":1611072858398,"packetsReceived":506,"packetsLost":0}},{"from":"Sankalp_5070585a-5c03-45fd-9d0a-94cb7b78cebb","to":"Niket_cbe63b56-ad18-4a90-9e39-5efc9c440b46","Audio":{"timestamp":1611072863398,"packetsReceived":9911,"packetsLost":0},"Type":"inbound-rtp","Video":{"timestamp":1611072863398,"packetsReceived":533,"packetsLost":0}},{"from":"Sankalp_5070585a-5c03-45fd-9d0a-94cb7b78cebb","to":"Niket_cbe63b56-ad18-4a90-9e39-5efc9c440b46","Audio":{"timestamp":1611072863398,"packetsReceived":9911,"packetsLost":0},"Type":"inbound-rtp","Video":{"timestamp":1611072863398,"packetsReceived":533,"packetsLost":0}},{"from":"Sankalp_5070585a-5c03-45fd-9d0a-94cb7b78cebb","to":"Niket_cbe63b56-ad18-4a90-9e39-5efc9c440b46","Audio":{"timestamp":1611072868399,"packetsReceived":10161,"packetsLost":0},"Type":"inbound-rtp","Video":{"timestamp":1611072868399,"packetsReceived":711,"packetsLost":0}},{"from":"Sankalp_5070585a-5c03-45fd-9d0a-94cb7b78cebb","to":"Niket_cbe63b56-ad18-4a90-9e39-5efc9c440b46","Audio":{"timestamp":1611072868399,"packetsReceived":10161,"packetsLost":0},"Type":"inbound-rtp","Video":{"timestamp":1611072868399,"packetsReceived":711,"packetsLost":0}},{"from":"Sankalp_5070585a-5c03-45fd-9d0a-94cb7b78cebb","to":"Niket_cbe63b56-ad18-4a90-9e39-5efc9c440b46","Audio":{"timestamp":1611072873399,"packetsReceived":10412,"packetsLost":0},"Type":"inbound-rtp","Video":{"timestamp":1611072873399,"packetsReceived":807,"packetsLost":0}},{"from":"Sankalp_5070585a-5c03-45fd-9d0a-94cb7b78cebb","to":"Niket_cbe63b56-ad18-4a90-9e39-5efc9c440b46","Audio":{"timestamp":1611072873399,"packetsReceived":10412,"packetsLost":0},"Type":"inbound-rtp","Video":{"timestamp":1611072873399,"packetsReceived":807,"packetsLost":0}},{"from":"Sankalp_5070585a-5c03-45fd-9d0a-94cb7b78cebb","to":"Niket_cbe63b56-ad18-4a90-9e39-5efc9c440b46","Audio":{"timestamp":1611072878399,"packetsReceived":10661,"packetsLost":0},"Type":"inbound-rtp","Video":{"timestamp":1611072878399,"packetsReceived":815,"packetsLost":0}},{"from":"Sankalp_5070585a-5c03-45fd-9d0a-94cb7b78cebb","to":"Niket_cbe63b56-ad18-4a90-9e39-5efc9c440b46","Audio":{"timestamp":1611072878399,"packetsReceived":10661,"packetsLost":0},"Type":"inbound-rtp","Video":{"timestamp":1611072878399,"packetsReceived":815,"packetsLost":0}},{"from":"Sankalp_5070585a-5c03-45fd-9d0a-94cb7b78cebb","to":"Niket_cbe63b56-ad18-4a90-9e39-5efc9c440b46","Audio":{"timestamp":1611072883400,"packetsReceived":10912,"packetsLost":0},"Type":"inbound-rtp","Video":{"timestamp":1611072883400,"packetsReceived":825,"packetsLost":0}},{"from":"Sankalp_5070585a-5c03-45fd-9d0a-94cb7b78cebb","to":"Niket_cbe63b56-ad18-4a90-9e39-5efc9c440b46","Audio":{"timestamp":1611072883400,"packetsReceived":10912,"packetsLost":0},"Type":"inbound-rtp","Video":{"timestamp":1611072883400,"packetsReceived":825,"packetsLost":0}},{"from":"Sankalp_5070585a-5c03-45fd-9d0a-94cb7b78cebb","to":"Niket_cbe63b56-ad18-4a90-9e39-5efc9c440b46","Audio":{"timestamp":1611072888400,"packetsReceived":11161,"packetsLost":0},"Type":"inbound-rtp","Video":{"timestamp":1611072888400,"packetsReceived":835,"packetsLost":0}},{"from":"Sankalp_5070585a-5c03-45fd-9d0a-94cb7b78cebb","to":"Niket_cbe63b56-ad18-4a90-9e39-5efc9c440b46","Audio":{"timestamp":1611072888400,"packetsReceived":11161,"packetsLost":0},"Type":"inbound-rtp","Video":{"timestamp":1611072888400,"packetsReceived":835,"packetsLost":0}},{"from":"Sankalp_5070585a-5c03-45fd-9d0a-94cb7b78cebb","to":"Niket_cbe63b56-ad18-4a90-9e39-5efc9c440b46","Audio":{"timestamp":1611072893399,"packetsReceived":11412,"packetsLost":0},"Type":"inbound-rtp","Video":{"timestamp":1611072893399,"packetsReceived":845,"packetsLost":0}},{"from":"Sankalp_5070585a-5c03-45fd-9d0a-94cb7b78cebb","to":"Niket_cbe63b56-ad18-4a90-9e39-5efc9c440b46","Audio":{"timestamp":1611072893399,"packetsReceived":11412,"packetsLost":0},"Type":"inbound-rtp","Video":{"timestamp":1611072893399,"packetsReceived":845,"packetsLost":0}},{"from":"Sankalp_5070585a-5c03-45fd-9d0a-94cb7b78cebb","to":"Niket_cbe63b56-ad18-4a90-9e39-5efc9c440b46","Audio":{"timestamp":1611072898399,"packetsReceived":11662,"packetsLost":0},"Type":"inbound-rtp","Video":{"timestamp":1611072898399,"packetsReceived":853,"packetsLost":0}},{"from":"Sankalp_5070585a-5c03-45fd-9d0a-94cb7b78cebb","to":"Niket_cbe63b56-ad18-4a90-9e39-5efc9c440b46","Audio":{"timestamp":1611072898399,"packetsReceived":11662,"packetsLost":0},"Type":"inbound-rtp","Video":{"timestamp":1611072898399,"packetsReceived":853,"packetsLost":0}},{"from":"Sankalp_5070585a-5c03-45fd-9d0a-94cb7b78cebb","to":"Niket_cbe63b56-ad18-4a90-9e39-5efc9c440b46","Audio":{"timestamp":1611072903400,"packetsReceived":11912,"packetsLost":0},"Type":"inbound-rtp","Video":{"timestamp":1611072903400,"packetsReceived":863,"packetsLost":0}},{"from":"Sankalp_5070585a-5c03-45fd-9d0a-94cb7b78cebb","to":"Niket_cbe63b56-ad18-4a90-9e39-5efc9c440b46","Audio":{"timestamp":1611072903400,"packetsReceived":11912,"packetsLost":0},"Type":"inbound-rtp","Video":{"timestamp":1611072903400,"packetsReceived":863,"packetsLost":0}},{"from":"Sankalp_5070585a-5c03-45fd-9d0a-94cb7b78cebb","to":"Niket_cbe63b56-ad18-4a90-9e39-5efc9c440b46","Audio":{"timestamp":1611072908400,"packetsReceived":12162,"packetsLost":0},"Type":"inbound-rtp","Video":{"timestamp":1611072908400,"packetsReceived":873,"packetsLost":0}},{"from":"Sankalp_5070585a-5c03-45fd-9d0a-94cb7b78cebb","to":"Niket_cbe63b56-ad18-4a90-9e39-5efc9c440b46","Audio":{"timestamp":1611072908400,"packetsReceived":12162,"packetsLost":0},"Type":"inbound-rtp","Video":{"timestamp":1611072908400,"packetsReceived":873,"packetsLost":0}},{"from":"Sankalp_5070585a-5c03-45fd-9d0a-94cb7b78cebb","to":"Niket_cbe63b56-ad18-4a90-9e39-5efc9c440b46","Audio":{"timestamp":1611072913400,"packetsReceived":12412,"packetsLost":0},"Type":"inbound-rtp","Video":{"timestamp":1611072913400,"packetsReceived":881,"packetsLost":0}},{"from":"Sankalp_5070585a-5c03-45fd-9d0a-94cb7b78cebb","to":"Niket_cbe63b56-ad18-4a90-9e39-5efc9c440b46","Audio":{"timestamp":1611072913400,"packetsReceived":12412,"packetsLost":0},"Type":"inbound-rtp","Video":{"timestamp":1611072913400,"packetsReceived":881,"packetsLost":0}},{"from":"Sankalp_5070585a-5c03-45fd-9d0a-94cb7b78cebb","to":"Niket_cbe63b56-ad18-4a90-9e39-5efc9c440b46","Audio":{"timestamp":1611072918401,"packetsReceived":12661,"packetsLost":0},"Type":"inbound-rtp","Video":{"timestamp":1611072918401,"packetsReceived":891,"packetsLost":0}},{"from":"Sankalp_5070585a-5c03-45fd-9d0a-94cb7b78cebb","to":"Niket_cbe63b56-ad18-4a90-9e39-5efc9c440b46","Audio":{"timestamp":1611072918401,"packetsReceived":12661,"packetsLost":0},"Type":"inbound-rtp","Video":{"timestamp":1611072918401,"packetsReceived":891,"packetsLost":0}},{"from":"Sankalp_5070585a-5c03-45fd-9d0a-94cb7b78cebb","to":"Niket_cbe63b56-ad18-4a90-9e39-5efc9c440b46","Audio":{"timestamp":1611072923401,"packetsReceived":12912,"packetsLost":0},"Type":"inbound-rtp","Video":{"timestamp":1611072923401,"packetsReceived":901,"packetsLost":0}},{"from":"Sankalp_5070585a-5c03-45fd-9d0a-94cb7b78cebb","to":"Niket_cbe63b56-ad18-4a90-9e39-5efc9c440b46","Audio":{"timestamp":1611072923401,"packetsReceived":12912,"packetsLost":0},"Type":"inbound-rtp","Video":{"timestamp":1611072923401,"packetsReceived":901,"packetsLost":0}},{"from":"Sankalp_5070585a-5c03-45fd-9d0a-94cb7b78cebb","to":"Niket_cbe63b56-ad18-4a90-9e39-5efc9c440b46","Audio":{"timestamp":1611072928400,"packetsReceived":13162,"packetsLost":0},"Type":"inbound-rtp","Video":{"timestamp":1611072928400,"packetsReceived":909,"packetsLost":0}},{"from":"Sankalp_5070585a-5c03-45fd-9d0a-94cb7b78cebb","to":"Niket_cbe63b56-ad18-4a90-9e39-5efc9c440b46","Audio":{"timestamp":1611072928400,"packetsReceived":13162,"packetsLost":0},"Type":"inbound-rtp","Video":{"timestamp":1611072928400,"packetsReceived":909,"packetsLost":0}},{"from":"Sankalp_5070585a-5c03-45fd-9d0a-94cb7b78cebb","to":"Niket_cbe63b56-ad18-4a90-9e39-5efc9c440b46","Audio":{"timestamp":1611072933400,"packetsReceived":13412,"packetsLost":0},"Type":"inbound-rtp","Video":{"timestamp":1611072933400,"packetsReceived":919,"packetsLost":0}},{"from":"Sankalp_5070585a-5c03-45fd-9d0a-94cb7b78cebb","to":"Niket_cbe63b56-ad18-4a90-9e39-5efc9c440b46","Audio":{"timestamp":1611072933400,"packetsReceived":13412,"packetsLost":0},"Type":"inbound-rtp","Video":{"timestamp":1611072933400,"packetsReceived":919,"packetsLost":0}},{"from":"Sankalp_5070585a-5c03-45fd-9d0a-94cb7b78cebb","to":"Niket_cbe63b56-ad18-4a90-9e39-5efc9c440b46","Audio":{"timestamp":1611072938401,"packetsReceived":13662,"packetsLost":0},"Type":"inbound-rtp","Video":{"timestamp":1611072938401,"packetsReceived":929,"packetsLost":0}},{"from":"Sankalp_5070585a-5c03-45fd-9d0a-94cb7b78cebb","to":"Niket_cbe63b56-ad18-4a90-9e39-5efc9c440b46","Audio":{"timestamp":1611072938401,"packetsReceived":13662,"packetsLost":0},"Type":"inbound-rtp","Video":{"timestamp":1611072938401,"packetsReceived":929,"packetsLost":0}},{"from":"Sankalp_5070585a-5c03-45fd-9d0a-94cb7b78cebb","to":"Niket_cbe63b56-ad18-4a90-9e39-5efc9c440b46","Audio":{"timestamp":1611072943401,"packetsReceived":13911,"packetsLost":0},"Type":"inbound-rtp","Video":{"timestamp":1611072943401,"packetsReceived":937,"packetsLost":0}},{"from":"Sankalp_5070585a-5c03-45fd-9d0a-94cb7b78cebb","to":"Niket_cbe63b56-ad18-4a90-9e39-5efc9c440b46","Audio":{"timestamp":1611072943401,"packetsReceived":13911,"packetsLost":0},"Type":"inbound-rtp","Video":{"timestamp":1611072943401,"packetsReceived":937,"packetsLost":0}},{"from":"Sankalp_5070585a-5c03-45fd-9d0a-94cb7b78cebb","to":"Niket_cbe63b56-ad18-4a90-9e39-5efc9c440b46","Audio":{"timestamp":1611072948401,"packetsReceived":14162,"packetsLost":0},"Type":"inbound-rtp","Video":{"timestamp":1611072948401,"packetsReceived":947,"packetsLost":0}},{"from":"Sankalp_5070585a-5c03-45fd-9d0a-94cb7b78cebb","to":"Niket_cbe63b56-ad18-4a90-9e39-5efc9c440b46","Audio":{"timestamp":1611072948401,"packetsReceived":14162,"packetsLost":0},"Type":"inbound-rtp","Video":{"timestamp":1611072948401,"packetsReceived":947,"packetsLost":0}},{"from":"Sankalp_5070585a-5c03-45fd-9d0a-94cb7b78cebb","to":"Niket_cbe63b56-ad18-4a90-9e39-5efc9c440b46","Audio":{"timestamp":1611072953402,"packetsReceived":14412,"packetsLost":0},"Type":"inbound-rtp","Video":{"timestamp":1611072953402,"packetsReceived":957,"packetsLost":0}},{"from":"Sankalp_5070585a-5c03-45fd-9d0a-94cb7b78cebb","to":"Niket_cbe63b56-ad18-4a90-9e39-5efc9c440b46","Audio":{"timestamp":1611072953402,"packetsReceived":14412,"packetsLost":0},"Type":"inbound-rtp","Video":{"timestamp":1611072953402,"packetsReceived":957,"packetsLost":0}},{"from":"Sankalp_5070585a-5c03-45fd-9d0a-94cb7b78cebb","to":"Niket_cbe63b56-ad18-4a90-9e39-5efc9c440b46","Audio":{"timestamp":1611072958402,"packetsReceived":14662,"packetsLost":0},"Type":"inbound-rtp","Video":{"timestamp":1611072958402,"packetsReceived":965,"packetsLost":0}},{"from":"Sankalp_5070585a-5c03-45fd-9d0a-94cb7b78cebb","to":"Niket_cbe63b56-ad18-4a90-9e39-5efc9c440b46","Audio":{"timestamp":1611072958402,"packetsReceived":14662,"packetsLost":0},"Type":"inbound-rtp","Video":{"timestamp":1611072958402,"packetsReceived":965,"packetsLost":0}},{"from":"Sankalp_5070585a-5c03-45fd-9d0a-94cb7b78cebb","to":"Niket_cbe63b56-ad18-4a90-9e39-5efc9c440b46","Audio":{"timestamp":1611072963401,"packetsReceived":14912,"packetsLost":0},"Type":"inbound-rtp","Video":{"timestamp":1611072963401,"packetsReceived":975,"packetsLost":0}},{"from":"Sankalp_5070585a-5c03-45fd-9d0a-94cb7b78cebb","to":"Niket_cbe63b56-ad18-4a90-9e39-5efc9c440b46","Audio":{"timestamp":1611072963401,"packetsReceived":14912,"packetsLost":0},"Type":"inbound-rtp","Video":{"timestamp":1611072963401,"packetsReceived":975,"packetsLost":0}},{"from":"Sankalp_5070585a-5c03-45fd-9d0a-94cb7b78cebb","to":"Niket_cbe63b56-ad18-4a90-9e39-5efc9c440b46","Audio":{"timestamp":1611072968401,"packetsReceived":15162,"packetsLost":0},"Type":"inbound-rtp","Video":{"timestamp":1611072968401,"packetsReceived":985,"packetsLost":0}},{"from":"Sankalp_5070585a-5c03-45fd-9d0a-94cb7b78cebb","to":"Niket_cbe63b56-ad18-4a90-9e39-5efc9c440b46","Audio":{"timestamp":1611072968401,"packetsReceived":15162,"packetsLost":0},"Type":"inbound-rtp","Video":{"timestamp":1611072968401,"packetsReceived":985,"packetsLost":0}},{"from":"Sankalp_5070585a-5c03-45fd-9d0a-94cb7b78cebb","to":"Niket_cbe63b56-ad18-4a90-9e39-5efc9c440b46","Audio":{"timestamp":1611072973402,"packetsReceived":15412,"packetsLost":0},"Type":"inbound-rtp","Video":{"timestamp":1611072973402,"packetsReceived":993,"packetsLost":0}},{"from":"Sankalp_5070585a-5c03-45fd-9d0a-94cb7b78cebb","to":"Niket_cbe63b56-ad18-4a90-9e39-5efc9c440b46","Audio":{"timestamp":1611072973402,"packetsReceived":15412,"packetsLost":0},"Type":"inbound-rtp","Video":{"timestamp":1611072973402,"packetsReceived":993,"packetsLost":0}},{"from":"Sankalp_5070585a-5c03-45fd-9d0a-94cb7b78cebb","to":"Niket_cbe63b56-ad18-4a90-9e39-5efc9c440b46","Audio":{"timestamp":1611072978402,"packetsReceived":15662,"packetsLost":0},"Type":"inbound-rtp","Video":{"timestamp":1611072978402,"packetsReceived":1003,"packetsLost":0}},{"from":"Sankalp_5070585a-5c03-45fd-9d0a-94cb7b78cebb","to":"Niket_cbe63b56-ad18-4a90-9e39-5efc9c440b46","Audio":{"timestamp":1611072978402,"packetsReceived":15662,"packetsLost":0},"Type":"inbound-rtp","Video":{"timestamp":1611072978402,"packetsReceived":1003,"packetsLost":0}},{"from":"Sankalp_5070585a-5c03-45fd-9d0a-94cb7b78cebb","to":"Niket_cbe63b56-ad18-4a90-9e39-5efc9c440b46","Audio":{"timestamp":1611072983403,"packetsReceived":15912,"packetsLost":0},"Type":"inbound-rtp","Video":{"timestamp":1611072983403,"packetsReceived":1013,"packetsLost":0}},{"from":"Sankalp_5070585a-5c03-45fd-9d0a-94cb7b78cebb","to":"Niket_cbe63b56-ad18-4a90-9e39-5efc9c440b46","Audio":{"timestamp":1611072983403,"packetsReceived":15912,"packetsLost":0},"Type":"inbound-rtp","Video":{"timestamp":1611072983403,"packetsReceived":1013,"packetsLost":0}},{"from":"Sankalp_5070585a-5c03-45fd-9d0a-94cb7b78cebb","to":"Niket_cbe63b56-ad18-4a90-9e39-5efc9c440b46","Audio":{"timestamp":1611072988402,"packetsReceived":16162,"packetsLost":0},"Type":"inbound-rtp","Video":{"timestamp":1611072988402,"packetsReceived":1021,"packetsLost":0}},{"from":"Sankalp_5070585a-5c03-45fd-9d0a-94cb7b78cebb","to":"Niket_cbe63b56-ad18-4a90-9e39-5efc9c440b46","Audio":{"timestamp":1611072988402,"packetsReceived":16162,"packetsLost":0},"Type":"inbound-rtp","Video":{"timestamp":1611072988402,"packetsReceived":1021,"packetsLost":0}},{"from":"Sankalp_5070585a-5c03-45fd-9d0a-94cb7b78cebb","to":"Niket_cbe63b56-ad18-4a90-9e39-5efc9c440b46","Audio":{"timestamp":1611072993402,"packetsReceived":16412,"packetsLost":0},"Type":"inbound-rtp","Video":{"timestamp":1611072993402,"packetsReceived":1031,"packetsLost":0}},{"from":"Sankalp_5070585a-5c03-45fd-9d0a-94cb7b78cebb","to":"Niket_cbe63b56-ad18-4a90-9e39-5efc9c440b46","Audio":{"timestamp":1611072993402,"packetsReceived":16412,"packetsLost":0},"Type":"inbound-rtp","Video":{"timestamp":1611072993402,"packetsReceived":1031,"packetsLost":0}},{"from":"Sankalp_5070585a-5c03-45fd-9d0a-94cb7b78cebb","to":"Niket_cbe63b56-ad18-4a90-9e39-5efc9c440b46","Audio":{"timestamp":1611072998402,"packetsReceived":16662,"packetsLost":0},"Type":"inbound-rtp","Video":{"timestamp":1611072998402,"packetsReceived":1041,"packetsLost":0}},{"from":"Sankalp_5070585a-5c03-45fd-9d0a-94cb7b78cebb","to":"Niket_cbe63b56-ad18-4a90-9e39-5efc9c440b46","Audio":{"timestamp":1611072998402,"packetsReceived":16662,"packetsLost":0},"Type":"inbound-rtp","Video":{"timestamp":1611072998402,"packetsReceived":1041,"packetsLost":0}},{"from":"Sankalp_5070585a-5c03-45fd-9d0a-94cb7b78cebb","to":"Niket_cbe63b56-ad18-4a90-9e39-5efc9c440b46","Audio":{"timestamp":1611073003402,"packetsReceived":16912,"packetsLost":0},"Type":"inbound-rtp","Video":{"timestamp":1611073003402,"packetsReceived":1049,"packetsLost":0}},{"from":"Sankalp_5070585a-5c03-45fd-9d0a-94cb7b78cebb","to":"Niket_cbe63b56-ad18-4a90-9e39-5efc9c440b46","Audio":{"timestamp":1611073003402,"packetsReceived":16912,"packetsLost":0},"Type":"inbound-rtp","Video":{"timestamp":1611073003402,"packetsReceived":1049,"packetsLost":0}},{"from":"Sankalp_5070585a-5c03-45fd-9d0a-94cb7b78cebb","to":"Niket_cbe63b56-ad18-4a90-9e39-5efc9c440b46","Audio":{"timestamp":1611073008402,"packetsReceived":17162,"packetsLost":0},"Type":"inbound-rtp","Video":{"timestamp":1611073008402,"packetsReceived":1233,"packetsLost":0}},{"from":"Sankalp_5070585a-5c03-45fd-9d0a-94cb7b78cebb","to":"Niket_cbe63b56-ad18-4a90-9e39-5efc9c440b46","Audio":{"timestamp":1611073008402,"packetsReceived":17162,"packetsLost":0},"Type":"inbound-rtp","Video":{"timestamp":1611073008402,"packetsReceived":1233,"packetsLost":0}},{"from":"Sankalp_5070585a-5c03-45fd-9d0a-94cb7b78cebb","to":"Niket_cbe63b56-ad18-4a90-9e39-5efc9c440b46","Audio":{"timestamp":1611073013403,"packetsReceived":17412,"packetsLost":0},"Type":"inbound-rtp","Video":{"timestamp":1611073013403,"packetsReceived":1269,"packetsLost":0}},{"from":"Sankalp_5070585a-5c03-45fd-9d0a-94cb7b78cebb","to":"Niket_cbe63b56-ad18-4a90-9e39-5efc9c440b46","Audio":{"timestamp":1611073013403,"packetsReceived":17412,"packetsLost":0},"Type":"inbound-rtp","Video":{"timestamp":1611073013403,"packetsReceived":1269,"packetsLost":0}},{"from":"Sankalp_5070585a-5c03-45fd-9d0a-94cb7b78cebb","to":"Niket_cbe63b56-ad18-4a90-9e39-5efc9c440b46","Audio":{"timestamp":1611073018403,"packetsReceived":17662,"packetsLost":0},"Type":"inbound-rtp","Video":{"timestamp":1611073018403,"packetsReceived":1293,"packetsLost":0}},{"from":"Sankalp_5070585a-5c03-45fd-9d0a-94cb7b78cebb","to":"Niket_cbe63b56-ad18-4a90-9e39-5efc9c440b46","Audio":{"timestamp":1611073018403,"packetsReceived":17662,"packetsLost":0},"Type":"inbound-rtp","Video":{"timestamp":1611073018403,"packetsReceived":1293,"packetsLost":0}},{"from":"Sankalp_5070585a-5c03-45fd-9d0a-94cb7b78cebb","to":"Niket_cbe63b56-ad18-4a90-9e39-5efc9c440b46","Audio":{"timestamp":1611073023403,"packetsReceived":17911,"packetsLost":0},"Type":"inbound-rtp","Video":{"timestamp":1611073023403,"packetsReceived":1320,"packetsLost":0}},{"from":"Sankalp_5070585a-5c03-45fd-9d0a-94cb7b78cebb","to":"Niket_cbe63b56-ad18-4a90-9e39-5efc9c440b46","Audio":{"timestamp":1611073023403,"packetsReceived":17911,"packetsLost":0},"Type":"inbound-rtp","Video":{"timestamp":1611073023403,"packetsReceived":1320,"packetsLost":0}},{"from":"Sankalp_5070585a-5c03-45fd-9d0a-94cb7b78cebb","to":"Niket_cbe63b56-ad18-4a90-9e39-5efc9c440b46","Audio":{"timestamp":1611073028403,"packetsReceived":18162,"packetsLost":0},"Type":"inbound-rtp","Video":{"timestamp":1611073028403,"packetsReceived":1345,"packetsLost":0}},{"from":"Sankalp_5070585a-5c03-45fd-9d0a-94cb7b78cebb","to":"Niket_cbe63b56-ad18-4a90-9e39-5efc9c440b46","Audio":{"timestamp":1611073028403,"packetsReceived":18162,"packetsLost":0},"Type":"inbound-rtp","Video":{"timestamp":1611073028403,"packetsReceived":1345,"packetsLost":0}},{"from":"Sankalp_5070585a-5c03-45fd-9d0a-94cb7b78cebb","to":"Niket_cbe63b56-ad18-4a90-9e39-5efc9c440b46","Audio":{"timestamp":1611073033412,"packetsReceived":18411,"packetsLost":0},"Type":"inbound-rtp","Video":{"timestamp":1611073033412,"packetsReceived":1365,"packetsLost":0}},{"from":"Sankalp_5070585a-5c03-45fd-9d0a-94cb7b78cebb","to":"Niket_cbe63b56-ad18-4a90-9e39-5efc9c440b46","Audio":{"timestamp":1611073033412,"packetsReceived":18411,"packetsLost":0},"Type":"inbound-rtp","Video":{"timestamp":1611073033412,"packetsReceived":1365,"packetsLost":0}},{"from":"Sankalp_5070585a-5c03-45fd-9d0a-94cb7b78cebb","to":"Niket_cbe63b56-ad18-4a90-9e39-5efc9c440b46","Audio":{"timestamp":1611073038403,"packetsReceived":18662,"packetsLost":0},"Type":"inbound-rtp","Video":{"timestamp":1611073038403,"packetsReceived":1390,"packetsLost":0}},{"from":"Sankalp_5070585a-5c03-45fd-9d0a-94cb7b78cebb","to":"Niket_cbe63b56-ad18-4a90-9e39-5efc9c440b46","Audio":{"timestamp":1611073038403,"packetsReceived":18662,"packetsLost":0},"Type":"inbound-rtp","Video":{"timestamp":1611073038403,"packetsReceived":1390,"packetsLost":0}},{"from":"Sankalp_5070585a-5c03-45fd-9d0a-94cb7b78cebb","to":"Niket_cbe63b56-ad18-4a90-9e39-5efc9c440b46","Audio":{"timestamp":1611073043404,"packetsReceived":18912,"packetsLost":0},"Type":"inbound-rtp","Video":{"timestamp":1611073043404,"packetsReceived":1420,"packetsLost":0}},{"from":"Sankalp_5070585a-5c03-45fd-9d0a-94cb7b78cebb","to":"Niket_cbe63b56-ad18-4a90-9e39-5efc9c440b46","Audio":{"timestamp":1611073043404,"packetsReceived":18912,"packetsLost":0},"Type":"inbound-rtp","Video":{"timestamp":1611073043404,"packetsReceived":1420,"packetsLost":0}},{"from":"Sankalp_5070585a-5c03-45fd-9d0a-94cb7b78cebb","to":"Niket_cbe63b56-ad18-4a90-9e39-5efc9c440b46","Audio":{"timestamp":1611073048404,"packetsReceived":19162,"packetsLost":0},"Type":"inbound-rtp","Video":{"timestamp":1611073048404,"packetsReceived":1445,"packetsLost":0}},{"from":"Sankalp_5070585a-5c03-45fd-9d0a-94cb7b78cebb","to":"Niket_cbe63b56-ad18-4a90-9e39-5efc9c440b46","Audio":{"timestamp":1611073048404,"packetsReceived":19162,"packetsLost":0},"Type":"inbound-rtp","Video":{"timestamp":1611073048404,"packetsReceived":1445,"packetsLost":0}},{"from":"Sankalp_5070585a-5c03-45fd-9d0a-94cb7b78cebb","to":"Niket_cbe63b56-ad18-4a90-9e39-5efc9c440b46","Audio":{"timestamp":1611073053404,"packetsReceived":19412,"packetsLost":0},"Type":"inbound-rtp","Video":{"timestamp":1611073053404,"packetsReceived":1465,"packetsLost":0}},{"from":"Sankalp_5070585a-5c03-45fd-9d0a-94cb7b78cebb","to":"Niket_cbe63b56-ad18-4a90-9e39-5efc9c440b46","Audio":{"timestamp":1611073053404,"packetsReceived":19412,"packetsLost":0},"Type":"inbound-rtp","Video":{"timestamp":1611073053404,"packetsReceived":1465,"packetsLost":0}},{"from":"Sankalp_5070585a-5c03-45fd-9d0a-94cb7b78cebb","to":"Niket_cbe63b56-ad18-4a90-9e39-5efc9c440b46","Audio":{"timestamp":1611073058404,"packetsReceived":19662,"packetsLost":0},"Type":"inbound-rtp","Video":{"timestamp":1611073058404,"packetsReceived":1490,"packetsLost":0}},{"from":"Sankalp_5070585a-5c03-45fd-9d0a-94cb7b78cebb","to":"Niket_cbe63b56-ad18-4a90-9e39-5efc9c440b46","Audio":{"timestamp":1611073058404,"packetsReceived":19662,"packetsLost":0},"Type":"inbound-rtp","Video":{"timestamp":1611073058404,"packetsReceived":1490,"packetsLost":0}},{"from":"Sankalp_5070585a-5c03-45fd-9d0a-94cb7b78cebb","to":"Niket_cbe63b56-ad18-4a90-9e39-5efc9c440b46","Audio":{"timestamp":1611073063404,"packetsReceived":19912,"packetsLost":0},"Type":"inbound-rtp","Video":{"timestamp":1611073063404,"packetsReceived":1515,"packetsLost":0}},{"from":"Sankalp_5070585a-5c03-45fd-9d0a-94cb7b78cebb","to":"Niket_cbe63b56-ad18-4a90-9e39-5efc9c440b46","Audio":{"timestamp":1611073063404,"packetsReceived":19912,"packetsLost":0},"Type":"inbound-rtp","Video":{"timestamp":1611073063404,"packetsReceived":1515,"packetsLost":0}},{"from":"Sankalp_5070585a-5c03-45fd-9d0a-94cb7b78cebb","to":"Niket_cbe63b56-ad18-4a90-9e39-5efc9c440b46","Audio":{"timestamp":1611073068404,"packetsReceived":20162,"packetsLost":0},"Type":"inbound-rtp","Video":{"timestamp":1611073068404,"packetsReceived":1535,"packetsLost":0}},{"from":"Sankalp_5070585a-5c03-45fd-9d0a-94cb7b78cebb","to":"Niket_cbe63b56-ad18-4a90-9e39-5efc9c440b46","Audio":{"timestamp":1611073068404,"packetsReceived":20162,"packetsLost":0},"Type":"inbound-rtp","Video":{"timestamp":1611073068404,"packetsReceived":1535,"packetsLost":0}},{"from":"Sankalp_5070585a-5c03-45fd-9d0a-94cb7b78cebb","to":"Niket_cbe63b56-ad18-4a90-9e39-5efc9c440b46","Audio":{"timestamp":1611073073404,"packetsReceived":20412,"packetsLost":0},"Type":"inbound-rtp","Video":{"timestamp":1611073073404,"packetsReceived":1560,"packetsLost":0}},{"from":"Sankalp_5070585a-5c03-45fd-9d0a-94cb7b78cebb","to":"Niket_cbe63b56-ad18-4a90-9e39-5efc9c440b46","Audio":{"timestamp":1611073073404,"packetsReceived":20412,"packetsLost":0},"Type":"inbound-rtp","Video":{"timestamp":1611073073404,"packetsReceived":1560,"packetsLost":0}},{"from":"Sankalp_5070585a-5c03-45fd-9d0a-94cb7b78cebb","to":"Niket_cbe63b56-ad18-4a90-9e39-5efc9c440b46","Audio":{"timestamp":1611073078405,"packetsReceived":20662,"packetsLost":0},"Type":"inbound-rtp","Video":{"timestamp":1611073078405,"packetsReceived":1585,"packetsLost":0}},{"from":"Sankalp_5070585a-5c03-45fd-9d0a-94cb7b78cebb","to":"Niket_cbe63b56-ad18-4a90-9e39-5efc9c440b46","Audio":{"timestamp":1611073078405,"packetsReceived":20662,"packetsLost":0},"Type":"inbound-rtp","Video":{"timestamp":1611073078405,"packetsReceived":1585,"packetsLost":0}},{"from":"Sankalp_5070585a-5c03-45fd-9d0a-94cb7b78cebb","to":"Niket_cbe63b56-ad18-4a90-9e39-5efc9c440b46","Audio":{"timestamp":1611073083405,"packetsReceived":20912,"packetsLost":0},"Type":"inbound-rtp","Video":{"timestamp":1611073083405,"packetsReceived":1605,"packetsLost":0}},{"from":"Sankalp_5070585a-5c03-45fd-9d0a-94cb7b78cebb","to":"Niket_cbe63b56-ad18-4a90-9e39-5efc9c440b46","Audio":{"timestamp":1611073083405,"packetsReceived":20912,"packetsLost":0},"Type":"inbound-rtp","Video":{"timestamp":1611073083405,"packetsReceived":1605,"packetsLost":0}},{"from":"Sankalp_5070585a-5c03-45fd-9d0a-94cb7b78cebb","to":"Niket_cbe63b56-ad18-4a90-9e39-5efc9c440b46","Audio":{"timestamp":1611073088404,"packetsReceived":21162,"packetsLost":0},"Type":"inbound-rtp","Video":{"timestamp":1611073088404,"packetsReceived":1630,"packetsLost":0}},{"from":"Sankalp_5070585a-5c03-45fd-9d0a-94cb7b78cebb","to":"Niket_cbe63b56-ad18-4a90-9e39-5efc9c440b46","Audio":{"timestamp":1611073088404,"packetsReceived":21162,"packetsLost":0},"Type":"inbound-rtp","Video":{"timestamp":1611073088404,"packetsReceived":1630,"packetsLost":0}},{"from":"Sankalp_5070585a-5c03-45fd-9d0a-94cb7b78cebb","to":"Niket_cbe63b56-ad18-4a90-9e39-5efc9c440b46","Audio":{"timestamp":1611073093405,"packetsReceived":21412,"packetsLost":0},"Type":"inbound-rtp","Video":{"timestamp":1611073093405,"packetsReceived":1655,"packetsLost":0}},{"from":"Sankalp_5070585a-5c03-45fd-9d0a-94cb7b78cebb","to":"Niket_cbe63b56-ad18-4a90-9e39-5efc9c440b46","Audio":{"timestamp":1611073093405,"packetsReceived":21412,"packetsLost":0},"Type":"inbound-rtp","Video":{"timestamp":1611073093405,"packetsReceived":1655,"packetsLost":0}},{"from":"Sankalp_5070585a-5c03-45fd-9d0a-94cb7b78cebb","to":"Niket_cbe63b56-ad18-4a90-9e39-5efc9c440b46","Audio":{"timestamp":1611073098405,"packetsReceived":21662,"packetsLost":0},"Type":"inbound-rtp","Video":{"timestamp":1611073098405,"packetsReceived":1675,"packetsLost":0}},{"from":"Sankalp_5070585a-5c03-45fd-9d0a-94cb7b78cebb","to":"Niket_cbe63b56-ad18-4a90-9e39-5efc9c440b46","Audio":{"timestamp":1611073098405,"packetsReceived":21662,"packetsLost":0},"Type":"inbound-rtp","Video":{"timestamp":1611073098405,"packetsReceived":1675,"packetsLost":0}},{"from":"Sankalp_5070585a-5c03-45fd-9d0a-94cb7b78cebb","to":"Niket_cbe63b56-ad18-4a90-9e39-5efc9c440b46","Audio":{"timestamp":1611073103405,"packetsReceived":21912,"packetsLost":0},"Type":"inbound-rtp","Video":{"timestamp":1611073103405,"packetsReceived":1700,"packetsLost":0}},{"from":"Sankalp_5070585a-5c03-45fd-9d0a-94cb7b78cebb","to":"Niket_cbe63b56-ad18-4a90-9e39-5efc9c440b46","Audio":{"timestamp":1611073103405,"packetsReceived":21912,"packetsLost":0},"Type":"inbound-rtp","Video":{"timestamp":1611073103405,"packetsReceived":1700,"packetsLost":0}},{"from":"Sankalp_5070585a-5c03-45fd-9d0a-94cb7b78cebb","to":"Niket_cbe63b56-ad18-4a90-9e39-5efc9c440b46","Audio":{"timestamp":1611073108405,"packetsReceived":22162,"packetsLost":0},"Type":"inbound-rtp","Video":{"timestamp":1611073108405,"packetsReceived":1725,"packetsLost":0}},{"from":"Sankalp_5070585a-5c03-45fd-9d0a-94cb7b78cebb","to":"Niket_cbe63b56-ad18-4a90-9e39-5efc9c440b46","Audio":{"timestamp":1611073108405,"packetsReceived":22162,"packetsLost":0},"Type":"inbound-rtp","Video":{"timestamp":1611073108405,"packetsReceived":1725,"packetsLost":0}},{"from":"Sankalp_5070585a-5c03-45fd-9d0a-94cb7b78cebb","to":"Niket_cbe63b56-ad18-4a90-9e39-5efc9c440b46","Audio":{"timestamp":1611073113409,"packetsReceived":22412,"packetsLost":0},"Type":"inbound-rtp","Video":{"timestamp":1611073113409,"packetsReceived":1745,"packetsLost":0}},{"from":"Sankalp_5070585a-5c03-45fd-9d0a-94cb7b78cebb","to":"Niket_cbe63b56-ad18-4a90-9e39-5efc9c440b46","Audio":{"timestamp":1611073113409,"packetsReceived":22412,"packetsLost":0},"Type":"inbound-rtp","Video":{"timestamp":1611073113409,"packetsReceived":1745,"packetsLost":0}},{"from":"Sankalp_5070585a-5c03-45fd-9d0a-94cb7b78cebb","to":"Niket_cbe63b56-ad18-4a90-9e39-5efc9c440b46","Audio":{"timestamp":1611073118406,"packetsReceived":22662,"packetsLost":0},"Type":"inbound-rtp","Video":{"timestamp":1611073118406,"packetsReceived":1770,"packetsLost":0}},{"from":"Sankalp_5070585a-5c03-45fd-9d0a-94cb7b78cebb","to":"Niket_cbe63b56-ad18-4a90-9e39-5efc9c440b46","Audio":{"timestamp":1611073118406,"packetsReceived":22662,"packetsLost":0},"Type":"inbound-rtp","Video":{"timestamp":1611073118406,"packetsReceived":1770,"packetsLost":0}},{"from":"Sankalp_5070585a-5c03-45fd-9d0a-94cb7b78cebb","to":"Niket_cbe63b56-ad18-4a90-9e39-5efc9c440b46","Audio":{"timestamp":1611073123405,"packetsReceived":22912,"packetsLost":0},"Type":"inbound-rtp","Video":{"timestamp":1611073123405,"packetsReceived":1795,"packetsLost":0}},{"from":"Sankalp_5070585a-5c03-45fd-9d0a-94cb7b78cebb","to":"Niket_cbe63b56-ad18-4a90-9e39-5efc9c440b46","Audio":{"timestamp":1611073123405,"packetsReceived":22912,"packetsLost":0},"Type":"inbound-rtp","Video":{"timestamp":1611073123405,"packetsReceived":1795,"packetsLost":0}},{"from":"Sankalp_5070585a-5c03-45fd-9d0a-94cb7b78cebb","to":"Niket_cbe63b56-ad18-4a90-9e39-5efc9c440b46","Audio":{"timestamp":1611073128406,"packetsReceived":23162,"packetsLost":0},"Type":"inbound-rtp","Video":{"timestamp":1611073128406,"packetsReceived":1815,"packetsLost":0}},{"from":"Sankalp_5070585a-5c03-45fd-9d0a-94cb7b78cebb","to":"Niket_cbe63b56-ad18-4a90-9e39-5efc9c440b46","Audio":{"timestamp":1611073128406,"packetsReceived":23162,"packetsLost":0},"Type":"inbound-rtp","Video":{"timestamp":1611073128406,"packetsReceived":1815,"packetsLost":0}},{"from":"Sankalp_5070585a-5c03-45fd-9d0a-94cb7b78cebb","to":"Niket_cbe63b56-ad18-4a90-9e39-5efc9c440b46","Audio":{"timestamp":1611073133406,"packetsReceived":23412,"packetsLost":0},"Type":"inbound-rtp","Video":{"timestamp":1611073133406,"packetsReceived":1840,"packetsLost":0}},{"from":"Sankalp_5070585a-5c03-45fd-9d0a-94cb7b78cebb","to":"Niket_cbe63b56-ad18-4a90-9e39-5efc9c440b46","Audio":{"timestamp":1611073133406,"packetsReceived":23412,"packetsLost":0},"Type":"inbound-rtp","Video":{"timestamp":1611073133406,"packetsReceived":1840,"packetsLost":0}},{"from":"Sankalp_5070585a-5c03-45fd-9d0a-94cb7b78cebb","to":"Niket_cbe63b56-ad18-4a90-9e39-5efc9c440b46","Audio":{"timestamp":1611073138406,"packetsReceived":23662,"packetsLost":0},"Type":"inbound-rtp","Video":{"timestamp":1611073138406,"packetsReceived":1865,"packetsLost":0}},{"from":"Sankalp_5070585a-5c03-45fd-9d0a-94cb7b78cebb","to":"Niket_cbe63b56-ad18-4a90-9e39-5efc9c440b46","Audio":{"timestamp":1611073138406,"packetsReceived":23662,"packetsLost":0},"Type":"inbound-rtp","Video":{"timestamp":1611073138406,"packetsReceived":1865,"packetsLost":0}},{"from":"Sankalp_5070585a-5c03-45fd-9d0a-94cb7b78cebb","to":"Niket_cbe63b56-ad18-4a90-9e39-5efc9c440b46","Audio":{"timestamp":1611073143406,"packetsReceived":23912,"packetsLost":0},"Type":"inbound-rtp","Video":{"timestamp":1611073143406,"packetsReceived":1905,"packetsLost":0}},{"from":"Sankalp_5070585a-5c03-45fd-9d0a-94cb7b78cebb","to":"Niket_cbe63b56-ad18-4a90-9e39-5efc9c440b46","Audio":{"timestamp":1611073143406,"packetsReceived":23912,"packetsLost":0},"Type":"inbound-rtp","Video":{"timestamp":1611073143406,"packetsReceived":1905,"packetsLost":0}},{"from":"Sankalp_5070585a-5c03-45fd-9d0a-94cb7b78cebb","to":"Niket_cbe63b56-ad18-4a90-9e39-5efc9c440b46","Audio":{"timestamp":1611073148407,"packetsReceived":24162,"packetsLost":0},"Type":"inbound-rtp","Video":{"timestamp":1611073148407,"packetsReceived":2078,"packetsLost":0}},{"from":"Sankalp_5070585a-5c03-45fd-9d0a-94cb7b78cebb","to":"Niket_cbe63b56-ad18-4a90-9e39-5efc9c440b46","Audio":{"timestamp":1611073148407,"packetsReceived":24162,"packetsLost":0},"Type":"inbound-rtp","Video":{"timestamp":1611073148407,"packetsReceived":2078,"packetsLost":0}},{"from":"Sankalp_5070585a-5c03-45fd-9d0a-94cb7b78cebb","to":"Niket_cbe63b56-ad18-4a90-9e39-5efc9c440b46","Audio":{"timestamp":1611073153407,"packetsReceived":24412,"packetsLost":0},"Type":"inbound-rtp","Video":{"timestamp":1611073153407,"packetsReceived":2498,"packetsLost":0}},{"from":"Sankalp_5070585a-5c03-45fd-9d0a-94cb7b78cebb","to":"Niket_cbe63b56-ad18-4a90-9e39-5efc9c440b46","Audio":{"timestamp":1611073153407,"packetsReceived":24412,"packetsLost":0},"Type":"inbound-rtp","Video":{"timestamp":1611073153407,"packetsReceived":2498,"packetsLost":0}},{"from":"Sankalp_5070585a-5c03-45fd-9d0a-94cb7b78cebb","to":"Niket_cbe63b56-ad18-4a90-9e39-5efc9c440b46","Audio":{"timestamp":1611073158406,"packetsReceived":24662,"packetsLost":0},"Type":"inbound-rtp","Video":{"timestamp":1611073158406,"packetsReceived":3022,"packetsLost":0}},{"from":"Sankalp_5070585a-5c03-45fd-9d0a-94cb7b78cebb","to":"Niket_cbe63b56-ad18-4a90-9e39-5efc9c440b46","Audio":{"timestamp":1611073158406,"packetsReceived":24662,"packetsLost":0},"Type":"inbound-rtp","Video":{"timestamp":1611073158406,"packetsReceived":3022,"packetsLost":0}},{"from":"Sankalp_5070585a-5c03-45fd-9d0a-94cb7b78cebb","to":"Niket_cbe63b56-ad18-4a90-9e39-5efc9c440b46","Audio":{"timestamp":1611073163407,"packetsReceived":24912,"packetsLost":0},"Type":"inbound-rtp","Video":{"timestamp":1611073163407,"packetsReceived":3363,"packetsLost":0}},{"from":"Sankalp_5070585a-5c03-45fd-9d0a-94cb7b78cebb","to":"Niket_cbe63b56-ad18-4a90-9e39-5efc9c440b46","Audio":{"timestamp":1611073163407,"packetsReceived":24912,"packetsLost":0},"Type":"inbound-rtp","Video":{"timestamp":1611073163407,"packetsReceived":3363,"packetsLost":0}},{"from":"Sankalp_5070585a-5c03-45fd-9d0a-94cb7b78cebb","to":"Niket_cbe63b56-ad18-4a90-9e39-5efc9c440b46","Audio":{"timestamp":1611073168407,"packetsReceived":25162,"packetsLost":0},"Type":"inbound-rtp","Video":{"timestamp":1611073168407,"packetsReceived":3621,"packetsLost":0}},{"from":"Sankalp_5070585a-5c03-45fd-9d0a-94cb7b78cebb","to":"Niket_cbe63b56-ad18-4a90-9e39-5efc9c440b46","Audio":{"timestamp":1611073168407,"packetsReceived":25162,"packetsLost":0},"Type":"inbound-rtp","Video":{"timestamp":1611073168407,"packetsReceived":3621,"packetsLost":0}},{"from":"Sankalp_5070585a-5c03-45fd-9d0a-94cb7b78cebb","to":"Niket_cbe63b56-ad18-4a90-9e39-5efc9c440b46","Audio":{"timestamp":1611073173407,"packetsReceived":25412,"packetsLost":0},"Type":"inbound-rtp","Video":{"timestamp":1611073173407,"packetsReceived":3934,"packetsLost":0}},{"from":"Sankalp_5070585a-5c03-45fd-9d0a-94cb7b78cebb","to":"Niket_cbe63b56-ad18-4a90-9e39-5efc9c440b46","Audio":{"timestamp":1611073173407,"packetsReceived":25412,"packetsLost":0},"Type":"inbound-rtp","Video":{"timestamp":1611073173407,"packetsReceived":3934,"packetsLost":0}},{"from":"Sankalp_5070585a-5c03-45fd-9d0a-94cb7b78cebb","to":"Niket_cbe63b56-ad18-4a90-9e39-5efc9c440b46","Audio":{"timestamp":1611073178407,"packetsReceived":25662,"packetsLost":0},"Type":"inbound-rtp","Video":{"timestamp":1611073178407,"packetsReceived":4395,"packetsLost":0}},{"from":"Sankalp_5070585a-5c03-45fd-9d0a-94cb7b78cebb","to":"Niket_cbe63b56-ad18-4a90-9e39-5efc9c440b46","Audio":{"timestamp":1611073178407,"packetsReceived":25662,"packetsLost":0},"Type":"inbound-rtp","Video":{"timestamp":1611073178407,"packetsReceived":4395,"packetsLost":0}},{"from":"Sankalp_5070585a-5c03-45fd-9d0a-94cb7b78cebb","to":"Niket_cbe63b56-ad18-4a90-9e39-5efc9c440b46","Audio":{"timestamp":1611073183407,"packetsReceived":25912,"packetsLost":0},"Type":"inbound-rtp","Video":{"timestamp":1611073183407,"packetsReceived":4813,"packetsLost":0}},{"from":"Sankalp_5070585a-5c03-45fd-9d0a-94cb7b78cebb","to":"Niket_cbe63b56-ad18-4a90-9e39-5efc9c440b46","Audio":{"timestamp":1611073183407,"packetsReceived":25912,"packetsLost":0},"Type":"inbound-rtp","Video":{"timestamp":1611073183407,"packetsReceived":4813,"packetsLost":0}},{"from":"Sankalp_5070585a-5c03-45fd-9d0a-94cb7b78cebb","to":"Niket_cbe63b56-ad18-4a90-9e39-5efc9c440b46","Audio":{"timestamp":1611073188407,"packetsReceived":26162,"packetsLost":0},"Type":"inbound-rtp","Video":{"timestamp":1611073188407,"packetsReceived":5332,"packetsLost":0}},{"from":"Sankalp_5070585a-5c03-45fd-9d0a-94cb7b78cebb","to":"Niket_cbe63b56-ad18-4a90-9e39-5efc9c440b46","Audio":{"timestamp":1611073188407,"packetsReceived":26162,"packetsLost":0},"Type":"inbound-rtp","Video":{"timestamp":1611073188407,"packetsReceived":5332,"packetsLost":0}},{"from":"Sankalp_5070585a-5c03-45fd-9d0a-94cb7b78cebb","to":"Niket_cbe63b56-ad18-4a90-9e39-5efc9c440b46","Audio":{"timestamp":1611073193410,"packetsReceived":26412,"packetsLost":0},"Type":"inbound-rtp","Video":{"timestamp":1611073193410,"packetsReceived":5970,"packetsLost":0}},{"from":"Sankalp_5070585a-5c03-45fd-9d0a-94cb7b78cebb","to":"Niket_cbe63b56-ad18-4a90-9e39-5efc9c440b46","Audio":{"timestamp":1611073193410,"packetsReceived":26412,"packetsLost":0},"Type":"inbound-rtp","Video":{"timestamp":1611073193410,"packetsReceived":5970,"packetsLost":0}},{"from":"Sankalp_5070585a-5c03-45fd-9d0a-94cb7b78cebb","to":"Niket_cbe63b56-ad18-4a90-9e39-5efc9c440b46","Audio":{"timestamp":1611073198408,"packetsReceived":26662,"packetsLost":0},"Type":"inbound-rtp","Video":{"timestamp":1611073198408,"packetsReceived":6909,"packetsLost":0}},{"from":"Sankalp_5070585a-5c03-45fd-9d0a-94cb7b78cebb","to":"Niket_cbe63b56-ad18-4a90-9e39-5efc9c440b46","Audio":{"timestamp":1611073198408,"packetsReceived":26662,"packetsLost":0},"Type":"inbound-rtp","Video":{"timestamp":1611073198408,"packetsReceived":6909,"packetsLost":0}},{"from":"Sankalp_5070585a-5c03-45fd-9d0a-94cb7b78cebb","to":"Niket_cbe63b56-ad18-4a90-9e39-5efc9c440b46","Audio":{"timestamp":1611073203408,"packetsReceived":26912,"packetsLost":0},"Type":"inbound-rtp","Video":{"timestamp":1611073203408,"packetsReceived":7890,"packetsLost":0}},{"from":"Sankalp_5070585a-5c03-45fd-9d0a-94cb7b78cebb","to":"Niket_cbe63b56-ad18-4a90-9e39-5efc9c440b46","Audio":{"timestamp":1611073203408,"packetsReceived":26912,"packetsLost":0},"Type":"inbound-rtp","Video":{"timestamp":1611073203408,"packetsReceived":7890,"packetsLost":0}},{"from":"Sankalp_5070585a-5c03-45fd-9d0a-94cb7b78cebb","to":"Niket_cbe63b56-ad18-4a90-9e39-5efc9c440b46","Audio":{"timestamp":1611073208408,"packetsReceived":27162,"packetsLost":0},"Type":"inbound-rtp","Video":{"timestamp":1611073208408,"packetsReceived":9000,"packetsLost":0}},{"from":"Sankalp_5070585a-5c03-45fd-9d0a-94cb7b78cebb","to":"Niket_cbe63b56-ad18-4a90-9e39-5efc9c440b46","Audio":{"timestamp":1611073208408,"packetsReceived":27162,"packetsLost":0},"Type":"inbound-rtp","Video":{"timestamp":1611073208408,"packetsReceived":9000,"packetsLost":0}},{"from":"Sankalp_5070585a-5c03-45fd-9d0a-94cb7b78cebb","to":"Niket_cbe63b56-ad18-4a90-9e39-5efc9c440b46","Audio":{"timestamp":1611073213408,"packetsReceived":27412,"packetsLost":0},"Type":"inbound-rtp","Video":{"timestamp":1611073213408,"packetsReceived":10384,"packetsLost":0}},{"from":"Sankalp_5070585a-5c03-45fd-9d0a-94cb7b78cebb","to":"Niket_cbe63b56-ad18-4a90-9e39-5efc9c440b46","Audio":{"timestamp":1611073213408,"packetsReceived":27412,"packetsLost":0},"Type":"inbound-rtp","Video":{"timestamp":1611073213408,"packetsReceived":10384,"packetsLost":0}},{"from":"Sankalp_5070585a-5c03-45fd-9d0a-94cb7b78cebb","to":"Niket_cbe63b56-ad18-4a90-9e39-5efc9c440b46","Audio":{"timestamp":1611073218409,"packetsReceived":27662,"packetsLost":0},"Type":"inbound-rtp","Video":{"timestamp":1611073218409,"packetsReceived":11694,"packetsLost":0}},{"from":"Sankalp_5070585a-5c03-45fd-9d0a-94cb7b78cebb","to":"Niket_cbe63b56-ad18-4a90-9e39-5efc9c440b46","Audio":{"timestamp":1611073218409,"packetsReceived":27662,"packetsLost":0},"Type":"inbound-rtp","Video":{"timestamp":1611073218409,"packetsReceived":11694,"packetsLost":0}},{"from":"Sankalp_5070585a-5c03-45fd-9d0a-94cb7b78cebb","to":"Niket_cbe63b56-ad18-4a90-9e39-5efc9c440b46","Audio":{"timestamp":1611073223408,"packetsReceived":27912,"packetsLost":0},"Type":"inbound-rtp","Video":{"timestamp":1611073223408,"packetsReceived":12866,"packetsLost":0}},{"from":"Sankalp_5070585a-5c03-45fd-9d0a-94cb7b78cebb","to":"Niket_cbe63b56-ad18-4a90-9e39-5efc9c440b46","Audio":{"timestamp":1611073223408,"packetsReceived":27912,"packetsLost":0},"Type":"inbound-rtp","Video":{"timestamp":1611073223408,"packetsReceived":12866,"packetsLost":0}},{"from":"Sankalp_5070585a-5c03-45fd-9d0a-94cb7b78cebb","to":"Niket_cbe63b56-ad18-4a90-9e39-5efc9c440b46","Audio":{"timestamp":1611073228408,"packetsReceived":28162,"packetsLost":0},"Type":"inbound-rtp","Video":{"timestamp":1611073228408,"packetsReceived":13824,"packetsLost":0}},{"from":"Sankalp_5070585a-5c03-45fd-9d0a-94cb7b78cebb","to":"Niket_cbe63b56-ad18-4a90-9e39-5efc9c440b46","Audio":{"timestamp":1611073228408,"packetsReceived":28162,"packetsLost":0},"Type":"inbound-rtp","Video":{"timestamp":1611073228408,"packetsReceived":13824,"packetsLost":0}},{"from":"Sankalp_5070585a-5c03-45fd-9d0a-94cb7b78cebb","to":"Niket_cbe63b56-ad18-4a90-9e39-5efc9c440b46","Audio":{"timestamp":1611073233409,"packetsReceived":28412,"packetsLost":0},"Type":"inbound-rtp","Video":{"timestamp":1611073233409,"packetsReceived":14802,"packetsLost":0}},{"from":"Sankalp_5070585a-5c03-45fd-9d0a-94cb7b78cebb","to":"Niket_cbe63b56-ad18-4a90-9e39-5efc9c440b46","Audio":{"timestamp":1611073233409,"packetsReceived":28412,"packetsLost":0},"Type":"inbound-rtp","Video":{"timestamp":1611073233409,"packetsReceived":14802,"packetsLost":0}},{"from":"Sankalp_5070585a-5c03-45fd-9d0a-94cb7b78cebb","to":"Niket_cbe63b56-ad18-4a90-9e39-5efc9c440b46","Audio":{"timestamp":1611073238409,"packetsReceived":28662,"packetsLost":0},"Type":"inbound-rtp","Video":{"timestamp":1611073238409,"packetsReceived":15719,"packetsLost":0}},{"from":"Sankalp_5070585a-5c03-45fd-9d0a-94cb7b78cebb","to":"Niket_cbe63b56-ad18-4a90-9e39-5efc9c440b46","Audio":{"timestamp":1611073238409,"packetsReceived":28662,"packetsLost":0},"Type":"inbound-rtp","Video":{"timestamp":1611073238409,"packetsReceived":15719,"packetsLost":0}},{"from":"Sankalp_5070585a-5c03-45fd-9d0a-94cb7b78cebb","to":"Niket_cbe63b56-ad18-4a90-9e39-5efc9c440b46","Audio":{"timestamp":1611073243409,"packetsReceived":28912,"packetsLost":0},"Type":"inbound-rtp","Video":{"timestamp":1611073243409,"packetsReceived":16100,"packetsLost":0}},{"from":"Sankalp_5070585a-5c03-45fd-9d0a-94cb7b78cebb","to":"Niket_cbe63b56-ad18-4a90-9e39-5efc9c440b46","Audio":{"timestamp":1611073243409,"packetsReceived":28912,"packetsLost":0},"Type":"inbound-rtp","Video":{"timestamp":1611073243409,"packetsReceived":16100,"packetsLost":0}},{"from":"Sankalp_5070585a-5c03-45fd-9d0a-94cb7b78cebb","to":"Niket_cbe63b56-ad18-4a90-9e39-5efc9c440b46","Audio":{"timestamp":1611073248414,"packetsReceived":29162,"packetsLost":0},"Type":"inbound-rtp","Video":{"timestamp":1611073248414,"packetsReceived":16591,"packetsLost":0}},{"from":"Sankalp_5070585a-5c03-45fd-9d0a-94cb7b78cebb","to":"Niket_cbe63b56-ad18-4a90-9e39-5efc9c440b46","Audio":{"timestamp":1611073248414,"packetsReceived":29162,"packetsLost":0},"Type":"inbound-rtp","Video":{"timestamp":1611073248414,"packetsReceived":16591,"packetsLost":0}},{"from":"Sankalp_5070585a-5c03-45fd-9d0a-94cb7b78cebb","to":"Niket_cbe63b56-ad18-4a90-9e39-5efc9c440b46","Audio":{"timestamp":1611073253409,"packetsReceived":29412,"packetsLost":0},"Type":"inbound-rtp","Video":{"timestamp":1611073253409,"packetsReceived":17037,"packetsLost":0}},{"from":"Sankalp_5070585a-5c03-45fd-9d0a-94cb7b78cebb","to":"Niket_cbe63b56-ad18-4a90-9e39-5efc9c440b46","Audio":{"timestamp":1611073253409,"packetsReceived":29412,"packetsLost":0},"Type":"inbound-rtp","Video":{"timestamp":1611073253409,"packetsReceived":17037,"packetsLost":0}},{"from":"Sankalp_5070585a-5c03-45fd-9d0a-94cb7b78cebb","to":"Niket_cbe63b56-ad18-4a90-9e39-5efc9c440b46","Audio":{"timestamp":1611073258409,"packetsReceived":29662,"packetsLost":0},"Type":"inbound-rtp","Video":{"timestamp":1611073258409,"packetsReceived":17511,"packetsLost":0}},{"from":"Sankalp_5070585a-5c03-45fd-9d0a-94cb7b78cebb","to":"Niket_cbe63b56-ad18-4a90-9e39-5efc9c440b46","Audio":{"timestamp":1611073258409,"packetsReceived":29662,"packetsLost":0},"Type":"inbound-rtp","Video":{"timestamp":1611073258409,"packetsReceived":17511,"packetsLost":0}},{"from":"Sankalp_5070585a-5c03-45fd-9d0a-94cb7b78cebb","to":"Niket_cbe63b56-ad18-4a90-9e39-5efc9c440b46","Audio":{"timestamp":1611073263409,"packetsReceived":29912,"packetsLost":0},"Type":"inbound-rtp","Video":{"timestamp":1611073263409,"packetsReceived":18062,"packetsLost":0}},{"from":"Sankalp_5070585a-5c03-45fd-9d0a-94cb7b78cebb","to":"Niket_cbe63b56-ad18-4a90-9e39-5efc9c440b46","Audio":{"timestamp":1611073263409,"packetsReceived":29912,"packetsLost":0},"Type":"inbound-rtp","Video":{"timestamp":1611073263409,"packetsReceived":18062,"packetsLost":0}},{"from":"Sankalp_5070585a-5c03-45fd-9d0a-94cb7b78cebb","to":"Niket_cbe63b56-ad18-4a90-9e39-5efc9c440b46","Audio":{"timestamp":1611073268410,"packetsReceived":30162,"packetsLost":0},"Type":"inbound-rtp","Video":{"timestamp":1611073268410,"packetsReceived":18668,"packetsLost":0}},{"from":"Sankalp_5070585a-5c03-45fd-9d0a-94cb7b78cebb","to":"Niket_cbe63b56-ad18-4a90-9e39-5efc9c440b46","Audio":{"timestamp":1611073268410,"packetsReceived":30162,"packetsLost":0},"Type":"inbound-rtp","Video":{"timestamp":1611073268410,"packetsReceived":18668,"packetsLost":0}},{"from":"Sankalp_5070585a-5c03-45fd-9d0a-94cb7b78cebb","to":"Niket_cbe63b56-ad18-4a90-9e39-5efc9c440b46","Audio":{"timestamp":1611073273410,"packetsReceived":30412,"packetsLost":0},"Type":"inbound-rtp","Video":{"timestamp":1611073273410,"packetsReceived":19584,"packetsLost":0}},{"from":"Sankalp_5070585a-5c03-45fd-9d0a-94cb7b78cebb","to":"Niket_cbe63b56-ad18-4a90-9e39-5efc9c440b46","Audio":{"timestamp":1611073273410,"packetsReceived":30412,"packetsLost":0},"Type":"inbound-rtp","Video":{"timestamp":1611073273410,"packetsReceived":19584,"packetsLost":0}},{"from":"Sankalp_5070585a-5c03-45fd-9d0a-94cb7b78cebb","to":"Niket_cbe63b56-ad18-4a90-9e39-5efc9c440b46","Audio":{"timestamp":1611073278410,"packetsReceived":30662,"packetsLost":0},"Type":"inbound-rtp","Video":{"timestamp":1611073278410,"packetsReceived":20360,"packetsLost":0}},{"from":"Sankalp_5070585a-5c03-45fd-9d0a-94cb7b78cebb","to":"Niket_cbe63b56-ad18-4a90-9e39-5efc9c440b46","Audio":{"timestamp":1611073278410,"packetsReceived":30662,"packetsLost":0},"Type":"inbound-rtp","Video":{"timestamp":1611073278410,"packetsReceived":20360,"packetsLost":0}},{"from":"Sankalp_5070585a-5c03-45fd-9d0a-94cb7b78cebb","to":"Niket_cbe63b56-ad18-4a90-9e39-5efc9c440b46","Audio":{"timestamp":1611073283409,"packetsReceived":30912,"packetsLost":0},"Type":"inbound-rtp","Video":{"timestamp":1611073283409,"packetsReceived":21420,"packetsLost":0}},{"from":"Sankalp_5070585a-5c03-45fd-9d0a-94cb7b78cebb","to":"Niket_cbe63b56-ad18-4a90-9e39-5efc9c440b46","Audio":{"timestamp":1611073283409,"packetsReceived":30912,"packetsLost":0},"Type":"inbound-rtp","Video":{"timestamp":1611073283409,"packetsReceived":21420,"packetsLost":0}},{"from":"Sankalp_5070585a-5c03-45fd-9d0a-94cb7b78cebb","to":"Niket_cbe63b56-ad18-4a90-9e39-5efc9c440b46","Audio":{"timestamp":1611073288410,"packetsReceived":31162,"packetsLost":0},"Type":"inbound-rtp","Video":{"timestamp":1611073288410,"packetsReceived":22188,"packetsLost":0}},{"from":"Sankalp_5070585a-5c03-45fd-9d0a-94cb7b78cebb","to":"Niket_cbe63b56-ad18-4a90-9e39-5efc9c440b46","Audio":{"timestamp":1611073288410,"packetsReceived":31162,"packetsLost":0},"Type":"inbound-rtp","Video":{"timestamp":1611073288410,"packetsReceived":22188,"packetsLost":0}},{"from":"Sankalp_5070585a-5c03-45fd-9d0a-94cb7b78cebb","to":"Niket_cbe63b56-ad18-4a90-9e39-5efc9c440b46","Audio":{"timestamp":1611073293410,"packetsReceived":31412,"packetsLost":0},"Type":"inbound-rtp","Video":{"timestamp":1611073293410,"packetsReceived":22992,"packetsLost":0}},{"from":"Sankalp_5070585a-5c03-45fd-9d0a-94cb7b78cebb","to":"Niket_cbe63b56-ad18-4a90-9e39-5efc9c440b46","Audio":{"timestamp":1611073293410,"packetsReceived":31412,"packetsLost":0},"Type":"inbound-rtp","Video":{"timestamp":1611073293410,"packetsReceived":22992,"packetsLost":0}},{"from":"Sankalp_5070585a-5c03-45fd-9d0a-94cb7b78cebb","to":"Niket_cbe63b56-ad18-4a90-9e39-5efc9c440b46","Audio":{"timestamp":1611073298410,"packetsReceived":31662,"packetsLost":0},"Type":"inbound-rtp","Video":{"timestamp":1611073298410,"packetsReceived":24011,"packetsLost":0}},{"from":"Sankalp_5070585a-5c03-45fd-9d0a-94cb7b78cebb","to":"Niket_cbe63b56-ad18-4a90-9e39-5efc9c440b46","Audio":{"timestamp":1611073298410,"packetsReceived":31662,"packetsLost":0},"Type":"inbound-rtp","Video":{"timestamp":1611073298410,"packetsReceived":24011,"packetsLost":0}},{"from":"Sankalp_5070585a-5c03-45fd-9d0a-94cb7b78cebb","to":"Niket_cbe63b56-ad18-4a90-9e39-5efc9c440b46","Audio":{"timestamp":1611073303411,"packetsReceived":31912,"packetsLost":0},"Type":"inbound-rtp","Video":{"timestamp":1611073303411,"packetsReceived":24745,"packetsLost":0}},{"from":"Sankalp_5070585a-5c03-45fd-9d0a-94cb7b78cebb","to":"Niket_cbe63b56-ad18-4a90-9e39-5efc9c440b46","Audio":{"timestamp":1611073303411,"packetsReceived":31912,"packetsLost":0},"Type":"inbound-rtp","Video":{"timestamp":1611073303411,"packetsReceived":24745,"packetsLost":0}},{"from":"Sankalp_5070585a-5c03-45fd-9d0a-94cb7b78cebb","to":"Niket_cbe63b56-ad18-4a90-9e39-5efc9c440b46","Audio":{"timestamp":1611073308411,"packetsReceived":32162,"packetsLost":0},"Type":"inbound-rtp","Video":{"timestamp":1611073308411,"packetsReceived":25421,"packetsLost":0}},{"from":"Sankalp_5070585a-5c03-45fd-9d0a-94cb7b78cebb","to":"Niket_cbe63b56-ad18-4a90-9e39-5efc9c440b46","Audio":{"timestamp":1611073308411,"packetsReceived":32162,"packetsLost":0},"Type":"inbound-rtp","Video":{"timestamp":1611073308411,"packetsReceived":25421,"packetsLost":0}},{"from":"Sankalp_5070585a-5c03-45fd-9d0a-94cb7b78cebb","to":"Niket_cbe63b56-ad18-4a90-9e39-5efc9c440b46","Audio":{"timestamp":1611073313411,"packetsReceived":32413,"packetsLost":0},"Type":"inbound-rtp","Video":{"timestamp":1611073313411,"packetsReceived":25992,"packetsLost":0}},{"from":"Sankalp_5070585a-5c03-45fd-9d0a-94cb7b78cebb","to":"Niket_cbe63b56-ad18-4a90-9e39-5efc9c440b46","Audio":{"timestamp":1611073313411,"packetsReceived":32413,"packetsLost":0},"Type":"inbound-rtp","Video":{"timestamp":1611073313411,"packetsReceived":25992,"packetsLost":0}},{"from":"Sankalp_5070585a-5c03-45fd-9d0a-94cb7b78cebb","to":"Niket_cbe63b56-ad18-4a90-9e39-5efc9c440b46","Audio":{"timestamp":1611073318410,"packetsReceived":32662,"packetsLost":0},"Type":"inbound-rtp","Video":{"timestamp":1611073318410,"packetsReceived":26778,"packetsLost":0}},{"from":"Sankalp_5070585a-5c03-45fd-9d0a-94cb7b78cebb","to":"Niket_cbe63b56-ad18-4a90-9e39-5efc9c440b46","Audio":{"timestamp":1611073318410,"packetsReceived":32662,"packetsLost":0},"Type":"inbound-rtp","Video":{"timestamp":1611073318410,"packetsReceived":26778,"packetsLost":0}},{"from":"Sankalp_5070585a-5c03-45fd-9d0a-94cb7b78cebb","to":"Niket_cbe63b56-ad18-4a90-9e39-5efc9c440b46","Audio":{"timestamp":1611073323411,"packetsReceived":32912,"packetsLost":0},"Type":"inbound-rtp","Video":{"timestamp":1611073323411,"packetsReceived":27668,"packetsLost":0}},{"from":"Sankalp_5070585a-5c03-45fd-9d0a-94cb7b78cebb","to":"Niket_cbe63b56-ad18-4a90-9e39-5efc9c440b46","Audio":{"timestamp":1611073323411,"packetsReceived":32912,"packetsLost":0},"Type":"inbound-rtp","Video":{"timestamp":1611073323411,"packetsReceived":27668,"packetsLost":0}},{"from":"Sankalp_5070585a-5c03-45fd-9d0a-94cb7b78cebb","to":"Niket_cbe63b56-ad18-4a90-9e39-5efc9c440b46","Audio":{"timestamp":1611073328413,"packetsReceived":33162,"packetsLost":0},"Type":"inbound-rtp","Video":{"timestamp":1611073328413,"packetsReceived":27801,"packetsLost":0}},{"from":"Sankalp_5070585a-5c03-45fd-9d0a-94cb7b78cebb","to":"Niket_cbe63b56-ad18-4a90-9e39-5efc9c440b46","Audio":{"timestamp":1611073328413,"packetsReceived":33162,"packetsLost":0},"Type":"inbound-rtp","Video":{"timestamp":1611073328413,"packetsReceived":27801,"packetsLost":0}},{"from":"Sankalp_5070585a-5c03-45fd-9d0a-94cb7b78cebb","to":"Niket_cbe63b56-ad18-4a90-9e39-5efc9c440b46","Audio":{"timestamp":1611073333411,"packetsReceived":33412,"packetsLost":0},"Type":"inbound-rtp","Video":{"timestamp":1611073333411,"packetsReceived":27946,"packetsLost":0}},{"from":"Sankalp_5070585a-5c03-45fd-9d0a-94cb7b78cebb","to":"Niket_cbe63b56-ad18-4a90-9e39-5efc9c440b46","Audio":{"timestamp":1611073333411,"packetsReceived":33412,"packetsLost":0},"Type":"inbound-rtp","Video":{"timestamp":1611073333411,"packetsReceived":27946,"packetsLost":0}},{"from":"Sankalp_5070585a-5c03-45fd-9d0a-94cb7b78cebb","to":"Niket_cbe63b56-ad18-4a90-9e39-5efc9c440b46","Audio":{"timestamp":1611073338412,"packetsReceived":33662,"packetsLost":0},"Type":"inbound-rtp","Video":{"timestamp":1611073338412,"packetsReceived":28092,"packetsLost":0}},{"from":"Sankalp_5070585a-5c03-45fd-9d0a-94cb7b78cebb","to":"Niket_cbe63b56-ad18-4a90-9e39-5efc9c440b46","Audio":{"timestamp":1611073338412,"packetsReceived":33662,"packetsLost":0},"Type":"inbound-rtp","Video":{"timestamp":1611073338412,"packetsReceived":28092,"packetsLost":0}},{"from":"Sankalp_5070585a-5c03-45fd-9d0a-94cb7b78cebb","to":"Niket_cbe63b56-ad18-4a90-9e39-5efc9c440b46","Audio":{"timestamp":1611073343412,"packetsReceived":33912,"packetsLost":0},"Type":"inbound-rtp","Video":{"timestamp":1611073343412,"packetsReceived":28257,"packetsLost":0}},{"from":"Sankalp_5070585a-5c03-45fd-9d0a-94cb7b78cebb","to":"Niket_cbe63b56-ad18-4a90-9e39-5efc9c440b46","Audio":{"timestamp":1611073343412,"packetsReceived":33912,"packetsLost":0},"Type":"inbound-rtp","Video":{"timestamp":1611073343412,"packetsReceived":28257,"packetsLost":0}},{"from":"Sankalp_5070585a-5c03-45fd-9d0a-94cb7b78cebb","to":"Niket_cbe63b56-ad18-4a90-9e39-5efc9c440b46","Audio":{"timestamp":1611073348412,"packetsReceived":34162,"packetsLost":0},"Type":"inbound-rtp","Video":{"timestamp":1611073348412,"packetsReceived":28286,"packetsLost":0}},{"from":"Sankalp_5070585a-5c03-45fd-9d0a-94cb7b78cebb","to":"Niket_cbe63b56-ad18-4a90-9e39-5efc9c440b46","Audio":{"timestamp":1611073348412,"packetsReceived":34162,"packetsLost":0},"Type":"inbound-rtp","Video":{"timestamp":1611073348412,"packetsReceived":28286,"packetsLost":0}},{"from":"Sankalp_5070585a-5c03-45fd-9d0a-94cb7b78cebb","to":"Niket_cbe63b56-ad18-4a90-9e39-5efc9c440b46","Audio":{"timestamp":1611073353411,"packetsReceived":34412,"packetsLost":0},"Type":"inbound-rtp","Video":{"timestamp":1611073353411,"packetsReceived":28303,"packetsLost":0}},{"from":"Sankalp_5070585a-5c03-45fd-9d0a-94cb7b78cebb","to":"Niket_cbe63b56-ad18-4a90-9e39-5efc9c440b46","Audio":{"timestamp":1611073353411,"packetsReceived":34412,"packetsLost":0},"Type":"inbound-rtp","Video":{"timestamp":1611073353411,"packetsReceived":28303,"packetsLost":0}},{"from":"Sankalp_5070585a-5c03-45fd-9d0a-94cb7b78cebb","to":"Niket_cbe63b56-ad18-4a90-9e39-5efc9c440b46","Audio":{"timestamp":1611073358412,"packetsReceived":34662,"packetsLost":0},"Type":"inbound-rtp","Video":{"timestamp":1611073358412,"packetsReceived":28324,"packetsLost":0}},{"from":"Sankalp_5070585a-5c03-45fd-9d0a-94cb7b78cebb","to":"Niket_cbe63b56-ad18-4a90-9e39-5efc9c440b46","Audio":{"timestamp":1611073358412,"packetsReceived":34662,"packetsLost":0},"Type":"inbound-rtp","Video":{"timestamp":1611073358412,"packetsReceived":28324,"packetsLost":0}},{"from":"Sankalp_5070585a-5c03-45fd-9d0a-94cb7b78cebb","to":"Niket_cbe63b56-ad18-4a90-9e39-5efc9c440b46","Audio":{"timestamp":1611073363412,"packetsReceived":34912,"packetsLost":0},"Type":"inbound-rtp","Video":{"timestamp":1611073363412,"packetsReceived":28346,"packetsLost":0}},{"from":"Sankalp_5070585a-5c03-45fd-9d0a-94cb7b78cebb","to":"Niket_cbe63b56-ad18-4a90-9e39-5efc9c440b46","Audio":{"timestamp":1611073363412,"packetsReceived":34912,"packetsLost":0},"Type":"inbound-rtp","Video":{"timestamp":1611073363412,"packetsReceived":28346,"packetsLost":0}},{"from":"Sankalp_5070585a-5c03-45fd-9d0a-94cb7b78cebb","to":"Niket_cbe63b56-ad18-4a90-9e39-5efc9c440b46","Audio":{"timestamp":1611073368412,"packetsReceived":35162,"packetsLost":0},"Type":"inbound-rtp","Video":{"timestamp":1611073368412,"packetsReceived":28362,"packetsLost":0}},{"from":"Sankalp_5070585a-5c03-45fd-9d0a-94cb7b78cebb","to":"Niket_cbe63b56-ad18-4a90-9e39-5efc9c440b46","Audio":{"timestamp":1611073368412,"packetsReceived":35162,"packetsLost":0},"Type":"inbound-rtp","Video":{"timestamp":1611073368412,"packetsReceived":28362,"packetsLost":0}},{"from":"Sankalp_5070585a-5c03-45fd-9d0a-94cb7b78cebb","to":"Niket_cbe63b56-ad18-4a90-9e39-5efc9c440b46","Audio":{"timestamp":1611073373413,"packetsReceived":35412,"packetsLost":0},"Type":"inbound-rtp","Video":{"timestamp":1611073373413,"packetsReceived":28384,"packetsLost":0}},{"from":"Sankalp_5070585a-5c03-45fd-9d0a-94cb7b78cebb","to":"Niket_cbe63b56-ad18-4a90-9e39-5efc9c440b46","Audio":{"timestamp":1611073373413,"packetsReceived":35412,"packetsLost":0},"Type":"inbound-rtp","Video":{"timestamp":1611073373413,"packetsReceived":28384,"packetsLost":0}},{"from":"Sankalp_5070585a-5c03-45fd-9d0a-94cb7b78cebb","to":"Niket_cbe63b56-ad18-4a90-9e39-5efc9c440b46","Audio":{"timestamp":1611073378413,"packetsReceived":35662,"packetsLost":0},"Type":"inbound-rtp","Video":{"timestamp":1611073378413,"packetsReceived":28409,"packetsLost":0}},{"from":"Sankalp_5070585a-5c03-45fd-9d0a-94cb7b78cebb","to":"Niket_cbe63b56-ad18-4a90-9e39-5efc9c440b46","Audio":{"timestamp":1611073378413,"packetsReceived":35662,"packetsLost":0},"Type":"inbound-rtp","Video":{"timestamp":1611073378413,"packetsReceived":28409,"packetsLost":0}},{"from":"Sankalp_5070585a-5c03-45fd-9d0a-94cb7b78cebb","to":"Niket_cbe63b56-ad18-4a90-9e39-5efc9c440b46","Audio":{"timestamp":1611073383413,"packetsReceived":35912,"packetsLost":0},"Type":"inbound-rtp","Video":{"timestamp":1611073383413,"packetsReceived":28425,"packetsLost":0}},{"from":"Sankalp_5070585a-5c03-45fd-9d0a-94cb7b78cebb","to":"Niket_cbe63b56-ad18-4a90-9e39-5efc9c440b46","Audio":{"timestamp":1611073383413,"packetsReceived":35912,"packetsLost":0},"Type":"inbound-rtp","Video":{"timestamp":1611073383413,"packetsReceived":28425,"packetsLost":0}},{"from":"Sankalp_5070585a-5c03-45fd-9d0a-94cb7b78cebb","to":"Niket_cbe63b56-ad18-4a90-9e39-5efc9c440b46","Audio":{"timestamp":1611073388412,"packetsReceived":36162,"packetsLost":0},"Type":"inbound-rtp","Video":{"timestamp":1611073388412,"packetsReceived":28445,"packetsLost":0}},{"from":"Sankalp_5070585a-5c03-45fd-9d0a-94cb7b78cebb","to":"Niket_cbe63b56-ad18-4a90-9e39-5efc9c440b46","Audio":{"timestamp":1611073388412,"packetsReceived":36162,"packetsLost":0},"Type":"inbound-rtp","Video":{"timestamp":1611073388412,"packetsReceived":28445,"packetsLost":0}},{"from":"Sankalp_5070585a-5c03-45fd-9d0a-94cb7b78cebb","to":"Niket_cbe63b56-ad18-4a90-9e39-5efc9c440b46","Audio":{"timestamp":1611073393413,"packetsReceived":36413,"packetsLost":0},"Type":"inbound-rtp","Video":{"timestamp":1611073393413,"packetsReceived":28465,"packetsLost":0}},{"from":"Sankalp_5070585a-5c03-45fd-9d0a-94cb7b78cebb","to":"Niket_cbe63b56-ad18-4a90-9e39-5efc9c440b46","Audio":{"timestamp":1611073393413,"packetsReceived":36413,"packetsLost":0},"Type":"inbound-rtp","Video":{"timestamp":1611073393413,"packetsReceived":28465,"packetsLost":0}},{"from":"Sankalp_5070585a-5c03-45fd-9d0a-94cb7b78cebb","to":"Niket_cbe63b56-ad18-4a90-9e39-5efc9c440b46","Audio":{"timestamp":1611073398413,"packetsReceived":36662,"packetsLost":0},"Type":"inbound-rtp","Video":{"timestamp":1611073398413,"packetsReceived":28485,"packetsLost":0}},{"from":"Sankalp_5070585a-5c03-45fd-9d0a-94cb7b78cebb","to":"Niket_cbe63b56-ad18-4a90-9e39-5efc9c440b46","Audio":{"timestamp":1611073398413,"packetsReceived":36662,"packetsLost":0},"Type":"inbound-rtp","Video":{"timestamp":1611073398413,"packetsReceived":28485,"packetsLost":0}},{"from":"Sankalp_5070585a-5c03-45fd-9d0a-94cb7b78cebb","to":"Niket_cbe63b56-ad18-4a90-9e39-5efc9c440b46","Audio":{"timestamp":1611073403413,"packetsReceived":36912,"packetsLost":0},"Type":"inbound-rtp","Video":{"timestamp":1611073403413,"packetsReceived":28501,"packetsLost":0}},{"from":"Sankalp_5070585a-5c03-45fd-9d0a-94cb7b78cebb","to":"Niket_cbe63b56-ad18-4a90-9e39-5efc9c440b46","Audio":{"timestamp":1611073403413,"packetsReceived":36912,"packetsLost":0},"Type":"inbound-rtp","Video":{"timestamp":1611073403413,"packetsReceived":28501,"packetsLost":0}},{"from":"Sankalp_5070585a-5c03-45fd-9d0a-94cb7b78cebb","to":"Niket_cbe63b56-ad18-4a90-9e39-5efc9c440b46","Audio":{"timestamp":1611073408414,"packetsReceived":37162,"packetsLost":0},"Type":"inbound-rtp","Video":{"timestamp":1611073408414,"packetsReceived":28521,"packetsLost":0}},{"from":"Sankalp_5070585a-5c03-45fd-9d0a-94cb7b78cebb","to":"Niket_cbe63b56-ad18-4a90-9e39-5efc9c440b46","Audio":{"timestamp":1611073408414,"packetsReceived":37162,"packetsLost":0},"Type":"inbound-rtp","Video":{"timestamp":1611073408414,"packetsReceived":28521,"packetsLost":0}},{"from":"Sankalp_5070585a-5c03-45fd-9d0a-94cb7b78cebb","to":"Niket_cbe63b56-ad18-4a90-9e39-5efc9c440b46","Audio":{"timestamp":1611073413414,"packetsReceived":37412,"packetsLost":0},"Type":"inbound-rtp","Video":{"timestamp":1611073413414,"packetsReceived":28541,"packetsLost":0}},{"from":"Sankalp_5070585a-5c03-45fd-9d0a-94cb7b78cebb","to":"Niket_cbe63b56-ad18-4a90-9e39-5efc9c440b46","Audio":{"timestamp":1611073413414,"packetsReceived":37412,"packetsLost":0},"Type":"inbound-rtp","Video":{"timestamp":1611073413414,"packetsReceived":28541,"packetsLost":0}},{"from":"Sankalp_5070585a-5c03-45fd-9d0a-94cb7b78cebb","to":"Niket_cbe63b56-ad18-4a90-9e39-5efc9c440b46","Audio":{"timestamp":1611073418413,"packetsReceived":37663,"packetsLost":0},"Type":"inbound-rtp","Video":{"timestamp":1611073418413,"packetsReceived":28557,"packetsLost":0}},{"from":"Sankalp_5070585a-5c03-45fd-9d0a-94cb7b78cebb","to":"Niket_cbe63b56-ad18-4a90-9e39-5efc9c440b46","Audio":{"timestamp":1611073418413,"packetsReceived":37663,"packetsLost":0},"Type":"inbound-rtp","Video":{"timestamp":1611073418413,"packetsReceived":28557,"packetsLost":0}},{"from":"Sankalp_5070585a-5c03-45fd-9d0a-94cb7b78cebb","to":"Niket_cbe63b56-ad18-4a90-9e39-5efc9c440b46","Audio":{"timestamp":1611073423413,"packetsReceived":37912,"packetsLost":0},"Type":"inbound-rtp","Video":{"timestamp":1611073423413,"packetsReceived":28577,"packetsLost":0}},{"from":"Sankalp_5070585a-5c03-45fd-9d0a-94cb7b78cebb","to":"Niket_cbe63b56-ad18-4a90-9e39-5efc9c440b46","Audio":{"timestamp":1611073423413,"packetsReceived":37912,"packetsLost":0},"Type":"inbound-rtp","Video":{"timestamp":1611073423413,"packetsReceived":28577,"packetsLost":0}},{"from":"Sankalp_5070585a-5c03-45fd-9d0a-94cb7b78cebb","to":"Niket_cbe63b56-ad18-4a90-9e39-5efc9c440b46","Audio":{"timestamp":1611073428414,"packetsReceived":38162,"packetsLost":0},"Type":"inbound-rtp","Video":{"timestamp":1611073428414,"packetsReceived":28597,"packetsLost":0}},{"from":"Sankalp_5070585a-5c03-45fd-9d0a-94cb7b78cebb","to":"Niket_cbe63b56-ad18-4a90-9e39-5efc9c440b46","Audio":{"timestamp":1611073428414,"packetsReceived":38162,"packetsLost":0},"Type":"inbound-rtp","Video":{"timestamp":1611073428414,"packetsReceived":28597,"packetsLost":0}},{"from":"Sankalp_5070585a-5c03-45fd-9d0a-94cb7b78cebb","to":"Niket_cbe63b56-ad18-4a90-9e39-5efc9c440b46","Audio":{"timestamp":1611073433414,"packetsReceived":38412,"packetsLost":0},"Type":"inbound-rtp","Video":{"timestamp":1611073433414,"packetsReceived":28613,"packetsLost":0}},{"from":"Sankalp_5070585a-5c03-45fd-9d0a-94cb7b78cebb","to":"Niket_cbe63b56-ad18-4a90-9e39-5efc9c440b46","Audio":{"timestamp":1611073433414,"packetsReceived":38412,"packetsLost":0},"Type":"inbound-rtp","Video":{"timestamp":1611073433414,"packetsReceived":28613,"packetsLost":0}},{"from":"Sankalp_5070585a-5c03-45fd-9d0a-94cb7b78cebb","to":"Niket_cbe63b56-ad18-4a90-9e39-5efc9c440b46","Audio":{"timestamp":1611073438414,"packetsReceived":38662,"packetsLost":0},"Type":"inbound-rtp","Video":{"timestamp":1611073438414,"packetsReceived":28633,"packetsLost":0}},{"from":"Sankalp_5070585a-5c03-45fd-9d0a-94cb7b78cebb","to":"Niket_cbe63b56-ad18-4a90-9e39-5efc9c440b46","Audio":{"timestamp":1611073438414,"packetsReceived":38662,"packetsLost":0},"Type":"inbound-rtp","Video":{"timestamp":1611073438414,"packetsReceived":28633,"packetsLost":0}},{"from":"Sankalp_5070585a-5c03-45fd-9d0a-94cb7b78cebb","to":"Niket_cbe63b56-ad18-4a90-9e39-5efc9c440b46","Audio":{"timestamp":1611073443415,"packetsReceived":38913,"packetsLost":0},"Type":"inbound-rtp","Video":{"timestamp":1611073443415,"packetsReceived":28653,"packetsLost":0}},{"from":"Sankalp_5070585a-5c03-45fd-9d0a-94cb7b78cebb","to":"Niket_cbe63b56-ad18-4a90-9e39-5efc9c440b46","Audio":{"timestamp":1611073443415,"packetsReceived":38913,"packetsLost":0},"Type":"inbound-rtp","Video":{"timestamp":1611073443415,"packetsReceived":28653,"packetsLost":0}},{"from":"Sankalp_5070585a-5c03-45fd-9d0a-94cb7b78cebb","to":"Niket_cbe63b56-ad18-4a90-9e39-5efc9c440b46","Audio":{"timestamp":1611073448414,"packetsReceived":39162,"packetsLost":0},"Type":"inbound-rtp","Video":{"timestamp":1611073448414,"packetsReceived":28669,"packetsLost":0}},{"from":"Sankalp_5070585a-5c03-45fd-9d0a-94cb7b78cebb","to":"Niket_cbe63b56-ad18-4a90-9e39-5efc9c440b46","Audio":{"timestamp":1611073448414,"packetsReceived":39162,"packetsLost":0},"Type":"inbound-rtp","Video":{"timestamp":1611073448414,"packetsReceived":28669,"packetsLost":0}},{"from":"Sankalp_5070585a-5c03-45fd-9d0a-94cb7b78cebb","to":"Niket_cbe63b56-ad18-4a90-9e39-5efc9c440b46","Audio":{"timestamp":1611073453414,"packetsReceived":39412,"packetsLost":0},"Type":"inbound-rtp","Video":{"timestamp":1611073453414,"packetsReceived":28689,"packetsLost":0}},{"from":"Sankalp_5070585a-5c03-45fd-9d0a-94cb7b78cebb","to":"Niket_cbe63b56-ad18-4a90-9e39-5efc9c440b46","Audio":{"timestamp":1611073453414,"packetsReceived":39412,"packetsLost":0},"Type":"inbound-rtp","Video":{"timestamp":1611073453414,"packetsReceived":28689,"packetsLost":0}},{"from":"Sankalp_5070585a-5c03-45fd-9d0a-94cb7b78cebb","to":"Niket_cbe63b56-ad18-4a90-9e39-5efc9c440b46","Audio":{"timestamp":1611073458414,"packetsReceived":39662,"packetsLost":0},"Type":"inbound-rtp","Video":{"timestamp":1611073458414,"packetsReceived":28709,"packetsLost":0}},{"from":"Sankalp_5070585a-5c03-45fd-9d0a-94cb7b78cebb","to":"Niket_cbe63b56-ad18-4a90-9e39-5efc9c440b46","Audio":{"timestamp":1611073458414,"packetsReceived":39662,"packetsLost":0},"Type":"inbound-rtp","Video":{"timestamp":1611073458414,"packetsReceived":28709,"packetsLost":0}},{"from":"Sankalp_5070585a-5c03-45fd-9d0a-94cb7b78cebb","to":"Niket_cbe63b56-ad18-4a90-9e39-5efc9c440b46","Audio":{"timestamp":1611073463415,"packetsReceived":39912,"packetsLost":0},"Type":"inbound-rtp","Video":{"timestamp":1611073463415,"packetsReceived":28725,"packetsLost":0}},{"from":"Sankalp_5070585a-5c03-45fd-9d0a-94cb7b78cebb","to":"Niket_cbe63b56-ad18-4a90-9e39-5efc9c440b46","Audio":{"timestamp":1611073463415,"packetsReceived":39912,"packetsLost":0},"Type":"inbound-rtp","Video":{"timestamp":1611073463415,"packetsReceived":28725,"packetsLost":0}},{"from":"Sankalp_5070585a-5c03-45fd-9d0a-94cb7b78cebb","to":"Niket_cbe63b56-ad18-4a90-9e39-5efc9c440b46","Audio":{"timestamp":1611073468415,"packetsReceived":40163,"packetsLost":0},"Type":"inbound-rtp","Video":{"timestamp":1611073468415,"packetsReceived":28745,"packetsLost":0}},{"from":"Sankalp_5070585a-5c03-45fd-9d0a-94cb7b78cebb","to":"Niket_cbe63b56-ad18-4a90-9e39-5efc9c440b46","Audio":{"timestamp":1611073468415,"packetsReceived":40163,"packetsLost":0},"Type":"inbound-rtp","Video":{"timestamp":1611073468415,"packetsReceived":28745,"packetsLost":0}},{"from":"Sankalp_5070585a-5c03-45fd-9d0a-94cb7b78cebb","to":"Niket_cbe63b56-ad18-4a90-9e39-5efc9c440b46","Audio":{"timestamp":1611073473415,"packetsReceived":40413,"packetsLost":0},"Type":"inbound-rtp","Video":{"timestamp":1611073473415,"packetsReceived":28765,"packetsLost":0}},{"from":"Sankalp_5070585a-5c03-45fd-9d0a-94cb7b78cebb","to":"Niket_cbe63b56-ad18-4a90-9e39-5efc9c440b46","Audio":{"timestamp":1611073473415,"packetsReceived":40413,"packetsLost":0},"Type":"inbound-rtp","Video":{"timestamp":1611073473415,"packetsReceived":28765,"packetsLost":0}},{"from":"Sankalp_5070585a-5c03-45fd-9d0a-94cb7b78cebb","to":"Niket_cbe63b56-ad18-4a90-9e39-5efc9c440b46","Audio":{"timestamp":1611073478416,"packetsReceived":40662,"packetsLost":0},"Type":"inbound-rtp","Video":{"timestamp":1611073478416,"packetsReceived":28781,"packetsLost":0}},{"from":"Sankalp_5070585a-5c03-45fd-9d0a-94cb7b78cebb","to":"Niket_cbe63b56-ad18-4a90-9e39-5efc9c440b46","Audio":{"timestamp":1611073478416,"packetsReceived":40662,"packetsLost":0},"Type":"inbound-rtp","Video":{"timestamp":1611073478416,"packetsReceived":28781,"packetsLost":0}},{"from":"Sankalp_5070585a-5c03-45fd-9d0a-94cb7b78cebb","to":"Niket_cbe63b56-ad18-4a90-9e39-5efc9c440b46","Audio":{"timestamp":1611073483416,"packetsReceived":40912,"packetsLost":0},"Type":"inbound-rtp","Video":{"timestamp":1611073483416,"packetsReceived":28801,"packetsLost":0}},{"from":"Sankalp_5070585a-5c03-45fd-9d0a-94cb7b78cebb","to":"Niket_cbe63b56-ad18-4a90-9e39-5efc9c440b46","Audio":{"timestamp":1611073483416,"packetsReceived":40912,"packetsLost":0},"Type":"inbound-rtp","Video":{"timestamp":1611073483416,"packetsReceived":28801,"packetsLost":0}},{"from":"Sankalp_5070585a-5c03-45fd-9d0a-94cb7b78cebb","to":"Niket_cbe63b56-ad18-4a90-9e39-5efc9c440b46","Audio":{"timestamp":1611073488415,"packetsReceived":41162,"packetsLost":0},"Type":"inbound-rtp","Video":{"timestamp":1611073488415,"packetsReceived":28821,"packetsLost":0}},{"from":"Sankalp_5070585a-5c03-45fd-9d0a-94cb7b78cebb","to":"Niket_cbe63b56-ad18-4a90-9e39-5efc9c440b46","Audio":{"timestamp":1611073488415,"packetsReceived":41162,"packetsLost":0},"Type":"inbound-rtp","Video":{"timestamp":1611073488415,"packetsReceived":28821,"packetsLost":0}},{"from":"Sankalp_5070585a-5c03-45fd-9d0a-94cb7b78cebb","to":"Niket_cbe63b56-ad18-4a90-9e39-5efc9c440b46","Audio":{"timestamp":1611073493415,"packetsReceived":41412,"packetsLost":0},"Type":"inbound-rtp","Video":{"timestamp":1611073493415,"packetsReceived":28976,"packetsLost":0}},{"from":"Sankalp_5070585a-5c03-45fd-9d0a-94cb7b78cebb","to":"Niket_cbe63b56-ad18-4a90-9e39-5efc9c440b46","Audio":{"timestamp":1611073493415,"packetsReceived":41412,"packetsLost":0},"Type":"inbound-rtp","Video":{"timestamp":1611073493415,"packetsReceived":28976,"packetsLost":0}},{"from":"Sankalp_5070585a-5c03-45fd-9d0a-94cb7b78cebb","to":"Niket_cbe63b56-ad18-4a90-9e39-5efc9c440b46","Audio":{"timestamp":1611073498416,"packetsReceived":41663,"packetsLost":0},"Type":"inbound-rtp","Video":{"timestamp":1611073498416,"packetsReceived":29097,"packetsLost":0}},{"from":"Sankalp_5070585a-5c03-45fd-9d0a-94cb7b78cebb","to":"Niket_cbe63b56-ad18-4a90-9e39-5efc9c440b46","Audio":{"timestamp":1611073498416,"packetsReceived":41663,"packetsLost":0},"Type":"inbound-rtp","Video":{"timestamp":1611073498416,"packetsReceived":29097,"packetsLost":0}},{"from":"Sankalp_5070585a-5c03-45fd-9d0a-94cb7b78cebb","to":"Niket_cbe63b56-ad18-4a90-9e39-5efc9c440b46","Audio":{"timestamp":1611073503416,"packetsReceived":41912,"packetsLost":0},"Type":"inbound-rtp","Video":{"timestamp":1611073503416,"packetsReceived":29135,"packetsLost":0}},{"from":"Sankalp_5070585a-5c03-45fd-9d0a-94cb7b78cebb","to":"Niket_cbe63b56-ad18-4a90-9e39-5efc9c440b46","Audio":{"timestamp":1611073503416,"packetsReceived":41912,"packetsLost":0},"Type":"inbound-rtp","Video":{"timestamp":1611073503416,"packetsReceived":29135,"packetsLost":0}},{"from":"Sankalp_5070585a-5c03-45fd-9d0a-94cb7b78cebb","to":"Niket_cbe63b56-ad18-4a90-9e39-5efc9c440b46","Audio":{"timestamp":1611073508416,"packetsReceived":42163,"packetsLost":0},"Type":"inbound-rtp","Video":{"timestamp":1611073508416,"packetsReceived":29229,"packetsLost":0}},{"from":"Sankalp_5070585a-5c03-45fd-9d0a-94cb7b78cebb","to":"Niket_cbe63b56-ad18-4a90-9e39-5efc9c440b46","Audio":{"timestamp":1611073508416,"packetsReceived":42163,"packetsLost":0},"Type":"inbound-rtp","Video":{"timestamp":1611073508416,"packetsReceived":29229,"packetsLost":0}},{"from":"Sankalp_5070585a-5c03-45fd-9d0a-94cb7b78cebb","to":"Niket_cbe63b56-ad18-4a90-9e39-5efc9c440b46","Audio":{"timestamp":1611073513416,"packetsReceived":42412,"packetsLost":0},"Type":"inbound-rtp","Video":{"timestamp":1611073513416,"packetsReceived":29430,"packetsLost":0}},{"from":"Sankalp_5070585a-5c03-45fd-9d0a-94cb7b78cebb","to":"Niket_cbe63b56-ad18-4a90-9e39-5efc9c440b46","Audio":{"timestamp":1611073513416,"packetsReceived":42412,"packetsLost":0},"Type":"inbound-rtp","Video":{"timestamp":1611073513416,"packetsReceived":29430,"packetsLost":0}},{"from":"Sankalp_5070585a-5c03-45fd-9d0a-94cb7b78cebb","to":"Niket_cbe63b56-ad18-4a90-9e39-5efc9c440b46","Audio":{"timestamp":1611073518416,"packetsReceived":42662,"packetsLost":0},"Type":"inbound-rtp","Video":{"timestamp":1611073518416,"packetsReceived":29498,"packetsLost":0}},{"from":"Sankalp_5070585a-5c03-45fd-9d0a-94cb7b78cebb","to":"Niket_cbe63b56-ad18-4a90-9e39-5efc9c440b46","Audio":{"timestamp":1611073518416,"packetsReceived":42662,"packetsLost":0},"Type":"inbound-rtp","Video":{"timestamp":1611073518416,"packetsReceived":29498,"packetsLost":0}},{"from":"Sankalp_5070585a-5c03-45fd-9d0a-94cb7b78cebb","to":"Niket_cbe63b56-ad18-4a90-9e39-5efc9c440b46","Audio":{"timestamp":1611073523416,"packetsReceived":42913,"packetsLost":0},"Type":"inbound-rtp","Video":{"timestamp":1611073523416,"packetsReceived":29576,"packetsLost":0}},{"from":"Sankalp_5070585a-5c03-45fd-9d0a-94cb7b78cebb","to":"Niket_cbe63b56-ad18-4a90-9e39-5efc9c440b46","Audio":{"timestamp":1611073523416,"packetsReceived":42913,"packetsLost":0},"Type":"inbound-rtp","Video":{"timestamp":1611073523416,"packetsReceived":29576,"packetsLost":0}},{"from":"Sankalp_5070585a-5c03-45fd-9d0a-94cb7b78cebb","to":"Niket_cbe63b56-ad18-4a90-9e39-5efc9c440b46","Audio":{"timestamp":1611073528416,"packetsReceived":43162,"packetsLost":0},"Type":"inbound-rtp","Video":{"timestamp":1611073528416,"packetsReceived":29687,"packetsLost":0}},{"from":"Sankalp_5070585a-5c03-45fd-9d0a-94cb7b78cebb","to":"Niket_cbe63b56-ad18-4a90-9e39-5efc9c440b46","Audio":{"timestamp":1611073528416,"packetsReceived":43162,"packetsLost":0},"Type":"inbound-rtp","Video":{"timestamp":1611073528416,"packetsReceived":29687,"packetsLost":0}},{"from":"Sankalp_5070585a-5c03-45fd-9d0a-94cb7b78cebb","to":"Niket_cbe63b56-ad18-4a90-9e39-5efc9c440b46","Audio":{"timestamp":1611073533417,"packetsReceived":43412,"packetsLost":0},"Type":"inbound-rtp","Video":{"timestamp":1611073533417,"packetsReceived":29781,"packetsLost":0}},{"from":"Sankalp_5070585a-5c03-45fd-9d0a-94cb7b78cebb","to":"Niket_cbe63b56-ad18-4a90-9e39-5efc9c440b46","Audio":{"timestamp":1611073533417,"packetsReceived":43412,"packetsLost":0},"Type":"inbound-rtp","Video":{"timestamp":1611073533417,"packetsReceived":29781,"packetsLost":0}},{"from":"Sankalp_5070585a-5c03-45fd-9d0a-94cb7b78cebb","to":"Niket_cbe63b56-ad18-4a90-9e39-5efc9c440b46","Audio":{"timestamp":1611073538417,"packetsReceived":43662,"packetsLost":0},"Type":"inbound-rtp","Video":{"timestamp":1611073538417,"packetsReceived":29868,"packetsLost":0}},{"from":"Sankalp_5070585a-5c03-45fd-9d0a-94cb7b78cebb","to":"Niket_cbe63b56-ad18-4a90-9e39-5efc9c440b46","Audio":{"timestamp":1611073538417,"packetsReceived":43662,"packetsLost":0},"Type":"inbound-rtp","Video":{"timestamp":1611073538417,"packetsReceived":29868,"packetsLost":0}},{"from":"Sankalp_5070585a-5c03-45fd-9d0a-94cb7b78cebb","to":"Niket_cbe63b56-ad18-4a90-9e39-5efc9c440b46","Audio":{"timestamp":1611073543417,"packetsReceived":43913,"packetsLost":0},"Type":"inbound-rtp","Video":{"timestamp":1611073543417,"packetsReceived":30017,"packetsLost":0}},{"from":"Sankalp_5070585a-5c03-45fd-9d0a-94cb7b78cebb","to":"Niket_cbe63b56-ad18-4a90-9e39-5efc9c440b46","Audio":{"timestamp":1611073543417,"packetsReceived":43913,"packetsLost":0},"Type":"inbound-rtp","Video":{"timestamp":1611073543417,"packetsReceived":30017,"packetsLost":0}},{"from":"Sankalp_5070585a-5c03-45fd-9d0a-94cb7b78cebb","to":"Niket_cbe63b56-ad18-4a90-9e39-5efc9c440b46","Audio":{"timestamp":1611073548418,"packetsReceived":44163,"packetsLost":0},"Type":"inbound-rtp","Video":{"timestamp":1611073548418,"packetsReceived":30029,"packetsLost":0}},{"from":"Sankalp_5070585a-5c03-45fd-9d0a-94cb7b78cebb","to":"Niket_cbe63b56-ad18-4a90-9e39-5efc9c440b46","Audio":{"timestamp":1611073548418,"packetsReceived":44163,"packetsLost":0},"Type":"inbound-rtp","Video":{"timestamp":1611073548418,"packetsReceived":30029,"packetsLost":0}},{"from":"Sankalp_5070585a-5c03-45fd-9d0a-94cb7b78cebb","to":"Niket_cbe63b56-ad18-4a90-9e39-5efc9c440b46","Audio":{"timestamp":1611073553417,"packetsReceived":44413,"packetsLost":0},"Type":"inbound-rtp","Video":{"timestamp":1611073553417,"packetsReceived":30037,"packetsLost":0}},{"from":"Sankalp_5070585a-5c03-45fd-9d0a-94cb7b78cebb","to":"Niket_cbe63b56-ad18-4a90-9e39-5efc9c440b46","Audio":{"timestamp":1611073553417,"packetsReceived":44413,"packetsLost":0},"Type":"inbound-rtp","Video":{"timestamp":1611073553417,"packetsReceived":30037,"packetsLost":0}},{"from":"Sankalp_5070585a-5c03-45fd-9d0a-94cb7b78cebb","to":"Niket_cbe63b56-ad18-4a90-9e39-5efc9c440b46","Audio":{"timestamp":1611073558116,"packetsReceived":44648,"packetsLost":0},"Type":"inbound-rtp","Video":{"timestamp":1611073558116,"packetsReceived":30047,"packetsLost":0}},{"from":"Sankalp_5070585a-5c03-45fd-9d0a-94cb7b78cebb","to":"Niket_cbe63b56-ad18-4a90-9e39-5efc9c440b46","Audio":{"timestamp":1611073558116,"packetsReceived":44648,"packetsLost":0},"Type":"inbound-rtp","Video":{"timestamp":1611073558116,"packetsReceived":30047,"packetsLost":0}}]}