[{"timestamp":1611072664091,"log":{"from":"server","to":"Niket_cbe63b56-ad18-4a90-9e39-5efc9c440b46","context":"PARENT","data":"{\"peer\":\"Sankalp_5070585a-5c03-45fd-9d0a-94cb7b78cebb\"}"}},{"timestamp":1611072664091,"log":"Parent : Sankalp_5070585a-5c03-45fd-9d0a-94cb7b78cebb"},{"timestamp":1611072664584,"log":{"from":"Sankalp_5070585a-5c03-45fd-9d0a-94cb7b78cebb","to":"Niket_cbe63b56-ad18-4a90-9e39-5efc9c440b46","context":"CONNECT_ACK","data":"{\"roomID\":\"123456\"}"}},{"timestamp":1611072664584,"log":"Connection ACK from parent : Sankalp_5070585a-5c03-45fd-9d0a-94cb7b78cebb"},{"timestamp":1611072664601,"log":"received sdp from peer : Sankalp_5070585a-5c03-45fd-9d0a-94cb7b78cebb"},{"timestamp":1611072664607,"log":"received ice from peer : Sankalp_5070585a-5c03-45fd-9d0a-94cb7b78cebb"},{"timestamp":1611072664617,"log":"remote stream received"},{"timestamp":1611072664617,"log":{}},{"timestamp":1611072664618,"log":"remote stream received"},{"timestamp":1611072664618,"log":{}},{"timestamp":1611072664621,"log":"received ice from peer : Sankalp_5070585a-5c03-45fd-9d0a-94cb7b78cebb"},{"timestamp":1611072664640,"log":"created description for peer : Sankalp_5070585a-5c03-45fd-9d0a-94cb7b78cebb"},{"timestamp":1611072664655,"log":"received ice from peer : Sankalp_5070585a-5c03-45fd-9d0a-94cb7b78cebb"},{"timestamp":1611072664663,"log":"connection with peer Sankalp_5070585a-5c03-45fd-9d0a-94cb7b78cebb checking"},{"timestamp":1611072664666,"log":"ice: Niket_cbe63b56-ad18-4a90-9e39-5efc9c440b46 to Sankalp_5070585a-5c03-45fd-9d0a-94cb7b78cebb"},{"timestamp":1611072664666,"log":"connection with peer Sankalp_5070585a-5c03-45fd-9d0a-94cb7b78cebb connected"},{"timestamp":1611072664666,"log":"ice: Niket_cbe63b56-ad18-4a90-9e39-5efc9c440b46 to Sankalp_5070585a-5c03-45fd-9d0a-94cb7b78cebb"},{"timestamp":1611072664841,"log":"received ice from peer : Sankalp_5070585a-5c03-45fd-9d0a-94cb7b78cebb"}]