[{"joining_timestamp":1611072262877,"available_slots":4},{"media_timestamp":1611072264434},{"timestamp":1611072296628,"Type":"child_added","available_slots":3,"child_id":"Unique_676d6f67-4353-47e5-a8e0-e04872e652cb"},{"timestamp":1611072307754,"Type":"child_added","available_slots":2,"child_id":"Ayush_240836e4-37ab-4157-a976-d7e1443bfa33"},{"timestamp":1611072316978,"Type":"child_added","available_slots":1,"child_id":"Ansh_7d76d88f-3f4d-4420-a512-a5cc2f44d116"},{"timestamp":1611072326084,"Type":"child_added","available_slots":0,"child_id":"ChinmaySahoo_eedc6722-1252-4ec7-86d5-54c965df35c5"}]