[{"timestamp":1611072988342,"log":{"from":"server","to":"Prashant_OnBehalf_6ba043ac-5bcd-447b-a3e9-ada0dd480be5","context":"PARENT","data":"{\"peer\":\"Ruchika_0da44a7c-3443-41e4-99df-a68fe2dab10b\"}"}},{"timestamp":1611072988342,"log":"Parent : Ruchika_0da44a7c-3443-41e4-99df-a68fe2dab10b"},{"timestamp":1611072988869,"log":{"from":"Ruchika_0da44a7c-3443-41e4-99df-a68fe2dab10b","to":"Prashant_OnBehalf_6ba043ac-5bcd-447b-a3e9-ada0dd480be5","context":"CONNECT_ACK","data":"{\"roomID\":\"123456\"}"}},{"timestamp":1611072988869,"log":"Connection ACK from parent : Ruchika_0da44a7c-3443-41e4-99df-a68fe2dab10b"},{"timestamp":1611072988887,"log":"received sdp from peer : Ruchika_0da44a7c-3443-41e4-99df-a68fe2dab10b"},{"timestamp":1611072988891,"log":"received ice from peer : Ruchika_0da44a7c-3443-41e4-99df-a68fe2dab10b"},{"timestamp":1611072988897,"log":"remote stream received"},{"timestamp":1611072988898,"log":{}},{"timestamp":1611072988898,"log":"remote stream received"},{"timestamp":1611072988898,"log":{}},{"timestamp":1611072988905,"log":"received ice from peer : Ruchika_0da44a7c-3443-41e4-99df-a68fe2dab10b"},{"timestamp":1611072988911,"log":"created description for peer : Ruchika_0da44a7c-3443-41e4-99df-a68fe2dab10b"},{"timestamp":1611072988930,"log":"ice: Prashant_OnBehalf_6ba043ac-5bcd-447b-a3e9-ada0dd480be5 to Ruchika_0da44a7c-3443-41e4-99df-a68fe2dab10b"},{"timestamp":1611072988930,"log":"received ice from peer : Ruchika_0da44a7c-3443-41e4-99df-a68fe2dab10b"},{"timestamp":1611072988934,"log":"received ice from peer : Ruchika_0da44a7c-3443-41e4-99df-a68fe2dab10b"},{"timestamp":1611072988937,"log":"connection with peer Ruchika_0da44a7c-3443-41e4-99df-a68fe2dab10b checking"},{"timestamp":1611072989025,"log":"ice: Prashant_OnBehalf_6ba043ac-5bcd-447b-a3e9-ada0dd480be5 to Ruchika_0da44a7c-3443-41e4-99df-a68fe2dab10b"},{"timestamp":1611072989036,"log":"ice: Prashant_OnBehalf_6ba043ac-5bcd-447b-a3e9-ada0dd480be5 to Ruchika_0da44a7c-3443-41e4-99df-a68fe2dab10b"},{"timestamp":1611072989404,"log":"ice: Prashant_OnBehalf_6ba043ac-5bcd-447b-a3e9-ada0dd480be5 to Ruchika_0da44a7c-3443-41e4-99df-a68fe2dab10b"},{"timestamp":1611072989404,"log":"connection with peer Ruchika_0da44a7c-3443-41e4-99df-a68fe2dab10b connected"}]