{"Ruchika_0da44a7c-3443-41e4-99df-a68fe2dab10b":[{"from":"Ruchika_0da44a7c-3443-41e4-99df-a68fe2dab10b","to":"Prashant_OnBehalf_6ba043ac-5bcd-447b-a3e9-ada0dd480be5","Audio":{"timestamp":1611072992266.253,"packetsReceived":134,"packetsLost":0},"Type":"inbound-rtp","Video":{"timestamp":1611072992266.253,"packetsReceived":0,"packetsLost":0}},{"from":"Ruchika_0da44a7c-3443-41e4-99df-a68fe2dab10b","to":"Prashant_OnBehalf_6ba043ac-5bcd-447b-a3e9-ada0dd480be5","Audio":{"timestamp":1611072992266.253,"packetsReceived":134,"packetsLost":0},"Type":"inbound-rtp","Video":{"timestamp":1611072992266.253,"packetsReceived":0,"packetsLost":0}},{"from":"Ruchika_0da44a7c-3443-41e4-99df-a68fe2dab10b","to":"Prashant_OnBehalf_6ba043ac-5bcd-447b-a3e9-ada0dd480be5","Audio":{"timestamp":1611072997265.549,"packetsReceived":384,"packetsLost":0},"Type":"inbound-rtp","Video":{"timestamp":1611072997265.549,"packetsReceived":26,"packetsLost":0}},{"from":"Ruchika_0da44a7c-3443-41e4-99df-a68fe2dab10b","to":"Prashant_OnBehalf_6ba043ac-5bcd-447b-a3e9-ada0dd480be5","Audio":{"timestamp":1611072997265.549,"packetsReceived":384,"packetsLost":0},"Type":"inbound-rtp","Video":{"timestamp":1611072997265.549,"packetsReceived":26,"packetsLost":0}},{"from":"Ruchika_0da44a7c-3443-41e4-99df-a68fe2dab10b","to":"Prashant_OnBehalf_6ba043ac-5bcd-447b-a3e9-ada0dd480be5","Audio":{"timestamp":1611073002265.471,"packetsReceived":633,"packetsLost":1},"Type":"inbound-rtp","Video":{"timestamp":1611073002265.471,"packetsReceived":30,"packetsLost":0}},{"from":"Ruchika_0da44a7c-3443-41e4-99df-a68fe2dab10b","to":"Prashant_OnBehalf_6ba043ac-5bcd-447b-a3e9-ada0dd480be5","Audio":{"timestamp":1611073002265.471,"packetsReceived":633,"packetsLost":1},"Type":"inbound-rtp","Video":{"timestamp":1611073002265.471,"packetsReceived":30,"packetsLost":0}},{"from":"Ruchika_0da44a7c-3443-41e4-99df-a68fe2dab10b","to":"Prashant_OnBehalf_6ba043ac-5bcd-447b-a3e9-ada0dd480be5","Audio":{"timestamp":1611073007265.479,"packetsReceived":883,"packetsLost":1},"Type":"inbound-rtp","Video":{"timestamp":1611073007265.479,"packetsReceived":38,"packetsLost":0}},{"from":"Ruchika_0da44a7c-3443-41e4-99df-a68fe2dab10b","to":"Prashant_OnBehalf_6ba043ac-5bcd-447b-a3e9-ada0dd480be5","Audio":{"timestamp":1611073007265.479,"packetsReceived":883,"packetsLost":1},"Type":"inbound-rtp","Video":{"timestamp":1611073007265.479,"packetsReceived":38,"packetsLost":0}},{"from":"Ruchika_0da44a7c-3443-41e4-99df-a68fe2dab10b","to":"Prashant_OnBehalf_6ba043ac-5bcd-447b-a3e9-ada0dd480be5","Audio":{"timestamp":1611073012265.504,"packetsReceived":1133,"packetsLost":1},"Type":"inbound-rtp","Video":{"timestamp":1611073012265.504,"packetsReceived":48,"packetsLost":0}},{"from":"Ruchika_0da44a7c-3443-41e4-99df-a68fe2dab10b","to":"Prashant_OnBehalf_6ba043ac-5bcd-447b-a3e9-ada0dd480be5","Audio":{"timestamp":1611073012265.504,"packetsReceived":1133,"packetsLost":1},"Type":"inbound-rtp","Video":{"timestamp":1611073012265.504,"packetsReceived":48,"packetsLost":0}},{"from":"Ruchika_0da44a7c-3443-41e4-99df-a68fe2dab10b","to":"Prashant_OnBehalf_6ba043ac-5bcd-447b-a3e9-ada0dd480be5","Audio":{"timestamp":1611073017265.474,"packetsReceived":1383,"packetsLost":1},"Type":"inbound-rtp","Video":{"timestamp":1611073017265.474,"packetsReceived":56,"packetsLost":0}},{"from":"Ruchika_0da44a7c-3443-41e4-99df-a68fe2dab10b","to":"Prashant_OnBehalf_6ba043ac-5bcd-447b-a3e9-ada0dd480be5","Audio":{"timestamp":1611073017265.474,"packetsReceived":1383,"packetsLost":1},"Type":"inbound-rtp","Video":{"timestamp":1611073017265.474,"packetsReceived":56,"packetsLost":0}},{"from":"Ruchika_0da44a7c-3443-41e4-99df-a68fe2dab10b","to":"Prashant_OnBehalf_6ba043ac-5bcd-447b-a3e9-ada0dd480be5","Audio":{"timestamp":1611073022265.458,"packetsReceived":1628,"packetsLost":5},"Type":"inbound-rtp","Video":{"timestamp":1611073022265.458,"packetsReceived":66,"packetsLost":0}},{"from":"Ruchika_0da44a7c-3443-41e4-99df-a68fe2dab10b","to":"Prashant_OnBehalf_6ba043ac-5bcd-447b-a3e9-ada0dd480be5","Audio":{"timestamp":1611073022265.458,"packetsReceived":1628,"packetsLost":5},"Type":"inbound-rtp","Video":{"timestamp":1611073022265.458,"packetsReceived":66,"packetsLost":0}},{"from":"Ruchika_0da44a7c-3443-41e4-99df-a68fe2dab10b","to":"Prashant_OnBehalf_6ba043ac-5bcd-447b-a3e9-ada0dd480be5","Audio":{"timestamp":1611073027265.403,"packetsReceived":1876,"packetsLost":8},"Type":"inbound-rtp","Video":{"timestamp":1611073027265.403,"packetsReceived":76,"packetsLost":0}},{"from":"Ruchika_0da44a7c-3443-41e4-99df-a68fe2dab10b","to":"Prashant_OnBehalf_6ba043ac-5bcd-447b-a3e9-ada0dd480be5","Audio":{"timestamp":1611073027265.403,"packetsReceived":1876,"packetsLost":8},"Type":"inbound-rtp","Video":{"timestamp":1611073027265.403,"packetsReceived":76,"packetsLost":0}},{"from":"Ruchika_0da44a7c-3443-41e4-99df-a68fe2dab10b","to":"Prashant_OnBehalf_6ba043ac-5bcd-447b-a3e9-ada0dd480be5","Audio":{"timestamp":1611073032265.444,"packetsReceived":2123,"packetsLost":11},"Type":"inbound-rtp","Video":{"timestamp":1611073032265.444,"packetsReceived":84,"packetsLost":0}},{"from":"Ruchika_0da44a7c-3443-41e4-99df-a68fe2dab10b","to":"Prashant_OnBehalf_6ba043ac-5bcd-447b-a3e9-ada0dd480be5","Audio":{"timestamp":1611073032265.444,"packetsReceived":2123,"packetsLost":11},"Type":"inbound-rtp","Video":{"timestamp":1611073032265.444,"packetsReceived":84,"packetsLost":0}},{"from":"Ruchika_0da44a7c-3443-41e4-99df-a68fe2dab10b","to":"Prashant_OnBehalf_6ba043ac-5bcd-447b-a3e9-ada0dd480be5","Audio":{"timestamp":1611073037265.482,"packetsReceived":2371,"packetsLost":12},"Type":"inbound-rtp","Video":{"timestamp":1611073037265.482,"packetsReceived":94,"packetsLost":0}},{"from":"Ruchika_0da44a7c-3443-41e4-99df-a68fe2dab10b","to":"Prashant_OnBehalf_6ba043ac-5bcd-447b-a3e9-ada0dd480be5","Audio":{"timestamp":1611073037265.482,"packetsReceived":2371,"packetsLost":12},"Type":"inbound-rtp","Video":{"timestamp":1611073037265.482,"packetsReceived":94,"packetsLost":0}},{"from":"Ruchika_0da44a7c-3443-41e4-99df-a68fe2dab10b","to":"Prashant_OnBehalf_6ba043ac-5bcd-447b-a3e9-ada0dd480be5","Audio":{"timestamp":1611073042265.482,"packetsReceived":2619,"packetsLost":15},"Type":"inbound-rtp","Video":{"timestamp":1611073042265.482,"packetsReceived":103,"packetsLost":1}},{"from":"Ruchika_0da44a7c-3443-41e4-99df-a68fe2dab10b","to":"Prashant_OnBehalf_6ba043ac-5bcd-447b-a3e9-ada0dd480be5","Audio":{"timestamp":1611073042265.482,"packetsReceived":2619,"packetsLost":15},"Type":"inbound-rtp","Video":{"timestamp":1611073042265.482,"packetsReceived":103,"packetsLost":1}},{"from":"Ruchika_0da44a7c-3443-41e4-99df-a68fe2dab10b","to":"Prashant_OnBehalf_6ba043ac-5bcd-447b-a3e9-ada0dd480be5","Audio":{"timestamp":1611073047265.441,"packetsReceived":2866,"packetsLost":17},"Type":"inbound-rtp","Video":{"timestamp":1611073047265.441,"packetsReceived":111,"packetsLost":1}},{"from":"Ruchika_0da44a7c-3443-41e4-99df-a68fe2dab10b","to":"Prashant_OnBehalf_6ba043ac-5bcd-447b-a3e9-ada0dd480be5","Audio":{"timestamp":1611073047265.441,"packetsReceived":2866,"packetsLost":17},"Type":"inbound-rtp","Video":{"timestamp":1611073047265.441,"packetsReceived":111,"packetsLost":1}},{"from":"Ruchika_0da44a7c-3443-41e4-99df-a68fe2dab10b","to":"Prashant_OnBehalf_6ba043ac-5bcd-447b-a3e9-ada0dd480be5","Audio":{"timestamp":1611073052265.474,"packetsReceived":3114,"packetsLost":19},"Type":"inbound-rtp","Video":{"timestamp":1611073052265.474,"packetsReceived":121,"packetsLost":1}},{"from":"Ruchika_0da44a7c-3443-41e4-99df-a68fe2dab10b","to":"Prashant_OnBehalf_6ba043ac-5bcd-447b-a3e9-ada0dd480be5","Audio":{"timestamp":1611073052265.474,"packetsReceived":3114,"packetsLost":19},"Type":"inbound-rtp","Video":{"timestamp":1611073052265.474,"packetsReceived":121,"packetsLost":1}},{"from":"Ruchika_0da44a7c-3443-41e4-99df-a68fe2dab10b","to":"Prashant_OnBehalf_6ba043ac-5bcd-447b-a3e9-ada0dd480be5","Audio":{"timestamp":1611073057265.455,"packetsReceived":3363,"packetsLost":21},"Type":"inbound-rtp","Video":{"timestamp":1611073057265.455,"packetsReceived":131,"packetsLost":1}},{"from":"Ruchika_0da44a7c-3443-41e4-99df-a68fe2dab10b","to":"Prashant_OnBehalf_6ba043ac-5bcd-447b-a3e9-ada0dd480be5","Audio":{"timestamp":1611073057265.455,"packetsReceived":3363,"packetsLost":21},"Type":"inbound-rtp","Video":{"timestamp":1611073057265.455,"packetsReceived":131,"packetsLost":1}},{"from":"Ruchika_0da44a7c-3443-41e4-99df-a68fe2dab10b","to":"Prashant_OnBehalf_6ba043ac-5bcd-447b-a3e9-ada0dd480be5","Audio":{"timestamp":1611073062265.511,"packetsReceived":3611,"packetsLost":23},"Type":"inbound-rtp","Video":{"timestamp":1611073062265.511,"packetsReceived":175,"packetsLost":3}},{"from":"Ruchika_0da44a7c-3443-41e4-99df-a68fe2dab10b","to":"Prashant_OnBehalf_6ba043ac-5bcd-447b-a3e9-ada0dd480be5","Audio":{"timestamp":1611073062265.511,"packetsReceived":3611,"packetsLost":23},"Type":"inbound-rtp","Video":{"timestamp":1611073062265.511,"packetsReceived":175,"packetsLost":3}},{"from":"Ruchika_0da44a7c-3443-41e4-99df-a68fe2dab10b","to":"Prashant_OnBehalf_6ba043ac-5bcd-447b-a3e9-ada0dd480be5","Audio":{"timestamp":1611073067265.473,"packetsReceived":3858,"packetsLost":26},"Type":"inbound-rtp","Video":{"timestamp":1611073067265.473,"packetsReceived":184,"packetsLost":3}},{"from":"Ruchika_0da44a7c-3443-41e4-99df-a68fe2dab10b","to":"Prashant_OnBehalf_6ba043ac-5bcd-447b-a3e9-ada0dd480be5","Audio":{"timestamp":1611073067265.473,"packetsReceived":3858,"packetsLost":26},"Type":"inbound-rtp","Video":{"timestamp":1611073067265.473,"packetsReceived":184,"packetsLost":3}},{"from":"Ruchika_0da44a7c-3443-41e4-99df-a68fe2dab10b","to":"Prashant_OnBehalf_6ba043ac-5bcd-447b-a3e9-ada0dd480be5","Audio":{"timestamp":1611073072265.443,"packetsReceived":4105,"packetsLost":29},"Type":"inbound-rtp","Video":{"timestamp":1611073072265.443,"packetsReceived":194,"packetsLost":4}},{"from":"Ruchika_0da44a7c-3443-41e4-99df-a68fe2dab10b","to":"Prashant_OnBehalf_6ba043ac-5bcd-447b-a3e9-ada0dd480be5","Audio":{"timestamp":1611073072265.443,"packetsReceived":4105,"packetsLost":29},"Type":"inbound-rtp","Video":{"timestamp":1611073072265.443,"packetsReceived":194,"packetsLost":4}},{"from":"Ruchika_0da44a7c-3443-41e4-99df-a68fe2dab10b","to":"Prashant_OnBehalf_6ba043ac-5bcd-447b-a3e9-ada0dd480be5","Audio":{"timestamp":1611073077265.443,"packetsReceived":4350,"packetsLost":34},"Type":"inbound-rtp","Video":{"timestamp":1611073077265.443,"packetsReceived":201,"packetsLost":5}},{"from":"Ruchika_0da44a7c-3443-41e4-99df-a68fe2dab10b","to":"Prashant_OnBehalf_6ba043ac-5bcd-447b-a3e9-ada0dd480be5","Audio":{"timestamp":1611073077265.443,"packetsReceived":4350,"packetsLost":34},"Type":"inbound-rtp","Video":{"timestamp":1611073077265.443,"packetsReceived":201,"packetsLost":5}},{"from":"Ruchika_0da44a7c-3443-41e4-99df-a68fe2dab10b","to":"Prashant_OnBehalf_6ba043ac-5bcd-447b-a3e9-ada0dd480be5","Audio":{"timestamp":1611073082265.428,"packetsReceived":4592,"packetsLost":41},"Type":"inbound-rtp","Video":{"timestamp":1611073082265.428,"packetsReceived":211,"packetsLost":5}},{"from":"Ruchika_0da44a7c-3443-41e4-99df-a68fe2dab10b","to":"Prashant_OnBehalf_6ba043ac-5bcd-447b-a3e9-ada0dd480be5","Audio":{"timestamp":1611073082265.428,"packetsReceived":4592,"packetsLost":41},"Type":"inbound-rtp","Video":{"timestamp":1611073082265.428,"packetsReceived":211,"packetsLost":5}},{"from":"Ruchika_0da44a7c-3443-41e4-99df-a68fe2dab10b","to":"Prashant_OnBehalf_6ba043ac-5bcd-447b-a3e9-ada0dd480be5","Audio":{"timestamp":1611073087265.477,"packetsReceived":4840,"packetsLost":44},"Type":"inbound-rtp","Video":{"timestamp":1611073087265.477,"packetsReceived":221,"packetsLost":5}},{"from":"Ruchika_0da44a7c-3443-41e4-99df-a68fe2dab10b","to":"Prashant_OnBehalf_6ba043ac-5bcd-447b-a3e9-ada0dd480be5","Audio":{"timestamp":1611073087265.477,"packetsReceived":4840,"packetsLost":44},"Type":"inbound-rtp","Video":{"timestamp":1611073087265.477,"packetsReceived":221,"packetsLost":5}},{"from":"Ruchika_0da44a7c-3443-41e4-99df-a68fe2dab10b","to":"Prashant_OnBehalf_6ba043ac-5bcd-447b-a3e9-ada0dd480be5","Audio":{"timestamp":1611073092265.543,"packetsReceived":5087,"packetsLost":47},"Type":"inbound-rtp","Video":{"timestamp":1611073092265.543,"packetsReceived":229,"packetsLost":5}},{"from":"Ruchika_0da44a7c-3443-41e4-99df-a68fe2dab10b","to":"Prashant_OnBehalf_6ba043ac-5bcd-447b-a3e9-ada0dd480be5","Audio":{"timestamp":1611073092265.543,"packetsReceived":5087,"packetsLost":47},"Type":"inbound-rtp","Video":{"timestamp":1611073092265.543,"packetsReceived":229,"packetsLost":5}},{"from":"Ruchika_0da44a7c-3443-41e4-99df-a68fe2dab10b","to":"Prashant_OnBehalf_6ba043ac-5bcd-447b-a3e9-ada0dd480be5","Audio":{"timestamp":1611073097265.516,"packetsReceived":5330,"packetsLost":54},"Type":"inbound-rtp","Video":{"timestamp":1611073097265.516,"packetsReceived":239,"packetsLost":5}},{"from":"Ruchika_0da44a7c-3443-41e4-99df-a68fe2dab10b","to":"Prashant_OnBehalf_6ba043ac-5bcd-447b-a3e9-ada0dd480be5","Audio":{"timestamp":1611073097265.516,"packetsReceived":5330,"packetsLost":54},"Type":"inbound-rtp","Video":{"timestamp":1611073097265.516,"packetsReceived":239,"packetsLost":5}},{"from":"Ruchika_0da44a7c-3443-41e4-99df-a68fe2dab10b","to":"Prashant_OnBehalf_6ba043ac-5bcd-447b-a3e9-ada0dd480be5","Audio":{"timestamp":1611073102265.494,"packetsReceived":5575,"packetsLost":58},"Type":"inbound-rtp","Video":{"timestamp":1611073102265.494,"packetsReceived":249,"packetsLost":5}},{"from":"Ruchika_0da44a7c-3443-41e4-99df-a68fe2dab10b","to":"Prashant_OnBehalf_6ba043ac-5bcd-447b-a3e9-ada0dd480be5","Audio":{"timestamp":1611073102265.494,"packetsReceived":5575,"packetsLost":58},"Type":"inbound-rtp","Video":{"timestamp":1611073102265.494,"packetsReceived":249,"packetsLost":5}},{"from":"Ruchika_0da44a7c-3443-41e4-99df-a68fe2dab10b","to":"Prashant_OnBehalf_6ba043ac-5bcd-447b-a3e9-ada0dd480be5","Audio":{"timestamp":1611073107265.598,"packetsReceived":5816,"packetsLost":67},"Type":"inbound-rtp","Video":{"timestamp":1611073107265.598,"packetsReceived":256,"packetsLost":5}},{"from":"Ruchika_0da44a7c-3443-41e4-99df-a68fe2dab10b","to":"Prashant_OnBehalf_6ba043ac-5bcd-447b-a3e9-ada0dd480be5","Audio":{"timestamp":1611073107265.598,"packetsReceived":5816,"packetsLost":67},"Type":"inbound-rtp","Video":{"timestamp":1611073107265.598,"packetsReceived":256,"packetsLost":5}},{"from":"Ruchika_0da44a7c-3443-41e4-99df-a68fe2dab10b","to":"Prashant_OnBehalf_6ba043ac-5bcd-447b-a3e9-ada0dd480be5","Audio":{"timestamp":1611073112266.083,"packetsReceived":6064,"packetsLost":70},"Type":"inbound-rtp","Video":{"timestamp":1611073112266.083,"packetsReceived":316,"packetsLost":8}},{"from":"Ruchika_0da44a7c-3443-41e4-99df-a68fe2dab10b","to":"Prashant_OnBehalf_6ba043ac-5bcd-447b-a3e9-ada0dd480be5","Audio":{"timestamp":1611073112266.083,"packetsReceived":6064,"packetsLost":70},"Type":"inbound-rtp","Video":{"timestamp":1611073112266.083,"packetsReceived":316,"packetsLost":8}},{"from":"Ruchika_0da44a7c-3443-41e4-99df-a68fe2dab10b","to":"Prashant_OnBehalf_6ba043ac-5bcd-447b-a3e9-ada0dd480be5","Audio":{"timestamp":1611073117265.488,"packetsReceived":6312,"packetsLost":72},"Type":"inbound-rtp","Video":{"timestamp":1611073117265.488,"packetsReceived":341,"packetsLost":9}},{"from":"Ruchika_0da44a7c-3443-41e4-99df-a68fe2dab10b","to":"Prashant_OnBehalf_6ba043ac-5bcd-447b-a3e9-ada0dd480be5","Audio":{"timestamp":1611073117265.488,"packetsReceived":6312,"packetsLost":72},"Type":"inbound-rtp","Video":{"timestamp":1611073117265.488,"packetsReceived":341,"packetsLost":9}},{"from":"Ruchika_0da44a7c-3443-41e4-99df-a68fe2dab10b","to":"Prashant_OnBehalf_6ba043ac-5bcd-447b-a3e9-ada0dd480be5","Audio":{"timestamp":1611073122265.484,"packetsReceived":6561,"packetsLost":73},"Type":"inbound-rtp","Video":{"timestamp":1611073122265.484,"packetsReceived":349,"packetsLost":9}},{"from":"Ruchika_0da44a7c-3443-41e4-99df-a68fe2dab10b","to":"Prashant_OnBehalf_6ba043ac-5bcd-447b-a3e9-ada0dd480be5","Audio":{"timestamp":1611073122265.484,"packetsReceived":6561,"packetsLost":73},"Type":"inbound-rtp","Video":{"timestamp":1611073122265.484,"packetsReceived":349,"packetsLost":9}},{"from":"Ruchika_0da44a7c-3443-41e4-99df-a68fe2dab10b","to":"Prashant_OnBehalf_6ba043ac-5bcd-447b-a3e9-ada0dd480be5","Audio":{"timestamp":1611073127265.629,"packetsReceived":6806,"packetsLost":77},"Type":"inbound-rtp","Video":{"timestamp":1611073127265.629,"packetsReceived":446,"packetsLost":12}},{"from":"Ruchika_0da44a7c-3443-41e4-99df-a68fe2dab10b","to":"Prashant_OnBehalf_6ba043ac-5bcd-447b-a3e9-ada0dd480be5","Audio":{"timestamp":1611073127265.629,"packetsReceived":6806,"packetsLost":77},"Type":"inbound-rtp","Video":{"timestamp":1611073127265.629,"packetsReceived":446,"packetsLost":12}},{"from":"Ruchika_0da44a7c-3443-41e4-99df-a68fe2dab10b","to":"Prashant_OnBehalf_6ba043ac-5bcd-447b-a3e9-ada0dd480be5","Audio":{"timestamp":1611073132266.188,"packetsReceived":7051,"packetsLost":82},"Type":"inbound-rtp","Video":{"timestamp":1611073132266.188,"packetsReceived":456,"packetsLost":12}},{"from":"Ruchika_0da44a7c-3443-41e4-99df-a68fe2dab10b","to":"Prashant_OnBehalf_6ba043ac-5bcd-447b-a3e9-ada0dd480be5","Audio":{"timestamp":1611073132266.188,"packetsReceived":7051,"packetsLost":82},"Type":"inbound-rtp","Video":{"timestamp":1611073132266.188,"packetsReceived":456,"packetsLost":12}},{"from":"Ruchika_0da44a7c-3443-41e4-99df-a68fe2dab10b","to":"Prashant_OnBehalf_6ba043ac-5bcd-447b-a3e9-ada0dd480be5","Audio":{"timestamp":1611073137686.473,"packetsReceived":7320,"packetsLost":85},"Type":"inbound-rtp","Video":{"timestamp":1611073137686.473,"packetsReceived":466,"packetsLost":12}},{"from":"Ruchika_0da44a7c-3443-41e4-99df-a68fe2dab10b","to":"Prashant_OnBehalf_6ba043ac-5bcd-447b-a3e9-ada0dd480be5","Audio":{"timestamp":1611073137686.473,"packetsReceived":7320,"packetsLost":85},"Type":"inbound-rtp","Video":{"timestamp":1611073137686.473,"packetsReceived":466,"packetsLost":12}},{"from":"Ruchika_0da44a7c-3443-41e4-99df-a68fe2dab10b","to":"Prashant_OnBehalf_6ba043ac-5bcd-447b-a3e9-ada0dd480be5","Audio":{"timestamp":1611073142290.572,"packetsReceived":7547,"packetsLost":88},"Type":"inbound-rtp","Video":{"timestamp":1611073142290.572,"packetsReceived":508,"packetsLost":12}},{"from":"Ruchika_0da44a7c-3443-41e4-99df-a68fe2dab10b","to":"Prashant_OnBehalf_6ba043ac-5bcd-447b-a3e9-ada0dd480be5","Audio":{"timestamp":1611073142290.572,"packetsReceived":7547,"packetsLost":88},"Type":"inbound-rtp","Video":{"timestamp":1611073142290.572,"packetsReceived":508,"packetsLost":12}},{"from":"Ruchika_0da44a7c-3443-41e4-99df-a68fe2dab10b","to":"Prashant_OnBehalf_6ba043ac-5bcd-447b-a3e9-ada0dd480be5","Audio":{"timestamp":1611073147265.627,"packetsReceived":7794,"packetsLost":90},"Type":"inbound-rtp","Video":{"timestamp":1611073147265.627,"packetsReceived":600,"packetsLost":15}},{"from":"Ruchika_0da44a7c-3443-41e4-99df-a68fe2dab10b","to":"Prashant_OnBehalf_6ba043ac-5bcd-447b-a3e9-ada0dd480be5","Audio":{"timestamp":1611073147265.627,"packetsReceived":7794,"packetsLost":90},"Type":"inbound-rtp","Video":{"timestamp":1611073147265.627,"packetsReceived":600,"packetsLost":15}},{"from":"Ruchika_0da44a7c-3443-41e4-99df-a68fe2dab10b","to":"Prashant_OnBehalf_6ba043ac-5bcd-447b-a3e9-ada0dd480be5","Audio":{"timestamp":1611073152265.566,"packetsReceived":8037,"packetsLost":96},"Type":"inbound-rtp","Video":{"timestamp":1611073152265.566,"packetsReceived":991,"packetsLost":30}},{"from":"Ruchika_0da44a7c-3443-41e4-99df-a68fe2dab10b","to":"Prashant_OnBehalf_6ba043ac-5bcd-447b-a3e9-ada0dd480be5","Audio":{"timestamp":1611073152265.566,"packetsReceived":8037,"packetsLost":96},"Type":"inbound-rtp","Video":{"timestamp":1611073152265.566,"packetsReceived":991,"packetsLost":30}},{"from":"Ruchika_0da44a7c-3443-41e4-99df-a68fe2dab10b","to":"Prashant_OnBehalf_6ba043ac-5bcd-447b-a3e9-ada0dd480be5","Audio":{"timestamp":1611073157268.486,"packetsReceived":8286,"packetsLost":98},"Type":"inbound-rtp","Video":{"timestamp":1611073157268.486,"packetsReceived":1491,"packetsLost":42}},{"from":"Ruchika_0da44a7c-3443-41e4-99df-a68fe2dab10b","to":"Prashant_OnBehalf_6ba043ac-5bcd-447b-a3e9-ada0dd480be5","Audio":{"timestamp":1611073157268.486,"packetsReceived":8286,"packetsLost":98},"Type":"inbound-rtp","Video":{"timestamp":1611073157268.486,"packetsReceived":1491,"packetsLost":42}},{"from":"Ruchika_0da44a7c-3443-41e4-99df-a68fe2dab10b","to":"Prashant_OnBehalf_6ba043ac-5bcd-447b-a3e9-ada0dd480be5","Audio":{"timestamp":1611073162266.353,"packetsReceived":8533,"packetsLost":101},"Type":"inbound-rtp","Video":{"timestamp":1611073162266.353,"packetsReceived":2000,"packetsLost":66}},{"from":"Ruchika_0da44a7c-3443-41e4-99df-a68fe2dab10b","to":"Prashant_OnBehalf_6ba043ac-5bcd-447b-a3e9-ada0dd480be5","Audio":{"timestamp":1611073162266.353,"packetsReceived":8533,"packetsLost":101},"Type":"inbound-rtp","Video":{"timestamp":1611073162266.353,"packetsReceived":2000,"packetsLost":66}},{"from":"Ruchika_0da44a7c-3443-41e4-99df-a68fe2dab10b","to":"Prashant_OnBehalf_6ba043ac-5bcd-447b-a3e9-ada0dd480be5","Audio":{"timestamp":1611073167265.482,"packetsReceived":8779,"packetsLost":105},"Type":"inbound-rtp","Video":{"timestamp":1611073167265.482,"packetsReceived":2427,"packetsLost":91}},{"from":"Ruchika_0da44a7c-3443-41e4-99df-a68fe2dab10b","to":"Prashant_OnBehalf_6ba043ac-5bcd-447b-a3e9-ada0dd480be5","Audio":{"timestamp":1611073167265.482,"packetsReceived":8779,"packetsLost":105},"Type":"inbound-rtp","Video":{"timestamp":1611073167265.482,"packetsReceived":2427,"packetsLost":91}},{"from":"Ruchika_0da44a7c-3443-41e4-99df-a68fe2dab10b","to":"Prashant_OnBehalf_6ba043ac-5bcd-447b-a3e9-ada0dd480be5","Audio":{"timestamp":1611073172265.467,"packetsReceived":9028,"packetsLost":106},"Type":"inbound-rtp","Video":{"timestamp":1611073172265.467,"packetsReceived":2905,"packetsLost":104}},{"from":"Ruchika_0da44a7c-3443-41e4-99df-a68fe2dab10b","to":"Prashant_OnBehalf_6ba043ac-5bcd-447b-a3e9-ada0dd480be5","Audio":{"timestamp":1611073172265.467,"packetsReceived":9028,"packetsLost":106},"Type":"inbound-rtp","Video":{"timestamp":1611073172265.467,"packetsReceived":2905,"packetsLost":104}},{"from":"Ruchika_0da44a7c-3443-41e4-99df-a68fe2dab10b","to":"Prashant_OnBehalf_6ba043ac-5bcd-447b-a3e9-ada0dd480be5","Audio":{"timestamp":1611073177265.534,"packetsReceived":9274,"packetsLost":110},"Type":"inbound-rtp","Video":{"timestamp":1611073177265.534,"packetsReceived":3545,"packetsLost":141}},{"from":"Ruchika_0da44a7c-3443-41e4-99df-a68fe2dab10b","to":"Prashant_OnBehalf_6ba043ac-5bcd-447b-a3e9-ada0dd480be5","Audio":{"timestamp":1611073177265.534,"packetsReceived":9274,"packetsLost":110},"Type":"inbound-rtp","Video":{"timestamp":1611073177265.534,"packetsReceived":3545,"packetsLost":141}},{"from":"Ruchika_0da44a7c-3443-41e4-99df-a68fe2dab10b","to":"Prashant_OnBehalf_6ba043ac-5bcd-447b-a3e9-ada0dd480be5","Audio":{"timestamp":1611073182265.472,"packetsReceived":9521,"packetsLost":112},"Type":"inbound-rtp","Video":{"timestamp":1611073182265.472,"packetsReceived":4304,"packetsLost":162}},{"from":"Ruchika_0da44a7c-3443-41e4-99df-a68fe2dab10b","to":"Prashant_OnBehalf_6ba043ac-5bcd-447b-a3e9-ada0dd480be5","Audio":{"timestamp":1611073182265.472,"packetsReceived":9521,"packetsLost":112},"Type":"inbound-rtp","Video":{"timestamp":1611073182265.472,"packetsReceived":4304,"packetsLost":162}},{"from":"Ruchika_0da44a7c-3443-41e4-99df-a68fe2dab10b","to":"Prashant_OnBehalf_6ba043ac-5bcd-447b-a3e9-ada0dd480be5","Audio":{"timestamp":1611073187265.506,"packetsReceived":9768,"packetsLost":115},"Type":"inbound-rtp","Video":{"timestamp":1611073187265.506,"packetsReceived":5240,"packetsLost":191}},{"from":"Ruchika_0da44a7c-3443-41e4-99df-a68fe2dab10b","to":"Prashant_OnBehalf_6ba043ac-5bcd-447b-a3e9-ada0dd480be5","Audio":{"timestamp":1611073187265.506,"packetsReceived":9768,"packetsLost":115},"Type":"inbound-rtp","Video":{"timestamp":1611073187265.506,"packetsReceived":5240,"packetsLost":191}},{"from":"Ruchika_0da44a7c-3443-41e4-99df-a68fe2dab10b","to":"Prashant_OnBehalf_6ba043ac-5bcd-447b-a3e9-ada0dd480be5","Audio":{"timestamp":1611073192265.578,"packetsReceived":10014,"packetsLost":120},"Type":"inbound-rtp","Video":{"timestamp":1611073192265.578,"packetsReceived":6213,"packetsLost":231}},{"from":"Ruchika_0da44a7c-3443-41e4-99df-a68fe2dab10b","to":"Prashant_OnBehalf_6ba043ac-5bcd-447b-a3e9-ada0dd480be5","Audio":{"timestamp":1611073192265.578,"packetsReceived":10014,"packetsLost":120},"Type":"inbound-rtp","Video":{"timestamp":1611073192265.578,"packetsReceived":6213,"packetsLost":231}},{"from":"Ruchika_0da44a7c-3443-41e4-99df-a68fe2dab10b","to":"Prashant_OnBehalf_6ba043ac-5bcd-447b-a3e9-ada0dd480be5","Audio":{"timestamp":1611073197265.459,"packetsReceived":10260,"packetsLost":124},"Type":"inbound-rtp","Video":{"timestamp":1611073197265.459,"packetsReceived":7426,"packetsLost":277}},{"from":"Ruchika_0da44a7c-3443-41e4-99df-a68fe2dab10b","to":"Prashant_OnBehalf_6ba043ac-5bcd-447b-a3e9-ada0dd480be5","Audio":{"timestamp":1611073197265.459,"packetsReceived":10260,"packetsLost":124},"Type":"inbound-rtp","Video":{"timestamp":1611073197265.459,"packetsReceived":7426,"packetsLost":277}},{"from":"Ruchika_0da44a7c-3443-41e4-99df-a68fe2dab10b","to":"Prashant_OnBehalf_6ba043ac-5bcd-447b-a3e9-ada0dd480be5","Audio":{"timestamp":1611073202265.667,"packetsReceived":10507,"packetsLost":127},"Type":"inbound-rtp","Video":{"timestamp":1611073202265.667,"packetsReceived":9147,"packetsLost":370}},{"from":"Ruchika_0da44a7c-3443-41e4-99df-a68fe2dab10b","to":"Prashant_OnBehalf_6ba043ac-5bcd-447b-a3e9-ada0dd480be5","Audio":{"timestamp":1611073202265.667,"packetsReceived":10507,"packetsLost":127},"Type":"inbound-rtp","Video":{"timestamp":1611073202265.667,"packetsReceived":9147,"packetsLost":370}},{"from":"Ruchika_0da44a7c-3443-41e4-99df-a68fe2dab10b","to":"Prashant_OnBehalf_6ba043ac-5bcd-447b-a3e9-ada0dd480be5","Audio":{"timestamp":1611073207265.534,"packetsReceived":10751,"packetsLost":132},"Type":"inbound-rtp","Video":{"timestamp":1611073207265.534,"packetsReceived":10870,"packetsLost":449}},{"from":"Ruchika_0da44a7c-3443-41e4-99df-a68fe2dab10b","to":"Prashant_OnBehalf_6ba043ac-5bcd-447b-a3e9-ada0dd480be5","Audio":{"timestamp":1611073207265.534,"packetsReceived":10751,"packetsLost":132},"Type":"inbound-rtp","Video":{"timestamp":1611073207265.534,"packetsReceived":10870,"packetsLost":449}},{"from":"Ruchika_0da44a7c-3443-41e4-99df-a68fe2dab10b","to":"Prashant_OnBehalf_6ba043ac-5bcd-447b-a3e9-ada0dd480be5","Audio":{"timestamp":1611073212266.486,"packetsReceived":10989,"packetsLost":144},"Type":"inbound-rtp","Video":{"timestamp":1611073212266.486,"packetsReceived":12629,"packetsLost":567}},{"from":"Ruchika_0da44a7c-3443-41e4-99df-a68fe2dab10b","to":"Prashant_OnBehalf_6ba043ac-5bcd-447b-a3e9-ada0dd480be5","Audio":{"timestamp":1611073212266.486,"packetsReceived":10989,"packetsLost":144},"Type":"inbound-rtp","Video":{"timestamp":1611073212266.486,"packetsReceived":12629,"packetsLost":567}},{"from":"Ruchika_0da44a7c-3443-41e4-99df-a68fe2dab10b","to":"Prashant_OnBehalf_6ba043ac-5bcd-447b-a3e9-ada0dd480be5","Audio":{"timestamp":1611073217265.5,"packetsReceived":11233,"packetsLost":150},"Type":"inbound-rtp","Video":{"timestamp":1611073217265.5,"packetsReceived":14722,"packetsLost":700}},{"from":"Ruchika_0da44a7c-3443-41e4-99df-a68fe2dab10b","to":"Prashant_OnBehalf_6ba043ac-5bcd-447b-a3e9-ada0dd480be5","Audio":{"timestamp":1611073217265.5,"packetsReceived":11233,"packetsLost":150},"Type":"inbound-rtp","Video":{"timestamp":1611073217265.5,"packetsReceived":14722,"packetsLost":700}},{"from":"Ruchika_0da44a7c-3443-41e4-99df-a68fe2dab10b","to":"Prashant_OnBehalf_6ba043ac-5bcd-447b-a3e9-ada0dd480be5","Audio":{"timestamp":1611073222265.565,"packetsReceived":11478,"packetsLost":156},"Type":"inbound-rtp","Video":{"timestamp":1611073222265.565,"packetsReceived":16278,"packetsLost":777}},{"from":"Ruchika_0da44a7c-3443-41e4-99df-a68fe2dab10b","to":"Prashant_OnBehalf_6ba043ac-5bcd-447b-a3e9-ada0dd480be5","Audio":{"timestamp":1611073222265.565,"packetsReceived":11478,"packetsLost":156},"Type":"inbound-rtp","Video":{"timestamp":1611073222265.565,"packetsReceived":16278,"packetsLost":777}},{"from":"Ruchika_0da44a7c-3443-41e4-99df-a68fe2dab10b","to":"Prashant_OnBehalf_6ba043ac-5bcd-447b-a3e9-ada0dd480be5","Audio":{"timestamp":1611073227267.23,"packetsReceived":11719,"packetsLost":164},"Type":"inbound-rtp","Video":{"timestamp":1611073227267.23,"packetsReceived":17806,"packetsLost":862}},{"from":"Ruchika_0da44a7c-3443-41e4-99df-a68fe2dab10b","to":"Prashant_OnBehalf_6ba043ac-5bcd-447b-a3e9-ada0dd480be5","Audio":{"timestamp":1611073227267.23,"packetsReceived":11719,"packetsLost":164},"Type":"inbound-rtp","Video":{"timestamp":1611073227267.23,"packetsReceived":17806,"packetsLost":862}},{"from":"Ruchika_0da44a7c-3443-41e4-99df-a68fe2dab10b","to":"Prashant_OnBehalf_6ba043ac-5bcd-447b-a3e9-ada0dd480be5","Audio":{"timestamp":1611073232265.575,"packetsReceived":11965,"packetsLost":168},"Type":"inbound-rtp","Video":{"timestamp":1611073232265.575,"packetsReceived":19491,"packetsLost":928}},{"from":"Ruchika_0da44a7c-3443-41e4-99df-a68fe2dab10b","to":"Prashant_OnBehalf_6ba043ac-5bcd-447b-a3e9-ada0dd480be5","Audio":{"timestamp":1611073232265.575,"packetsReceived":11965,"packetsLost":168},"Type":"inbound-rtp","Video":{"timestamp":1611073232265.575,"packetsReceived":19491,"packetsLost":928}},{"from":"Ruchika_0da44a7c-3443-41e4-99df-a68fe2dab10b","to":"Prashant_OnBehalf_6ba043ac-5bcd-447b-a3e9-ada0dd480be5","Audio":{"timestamp":1611073237265.495,"packetsReceived":12208,"packetsLost":175},"Type":"inbound-rtp","Video":{"timestamp":1611073237265.495,"packetsReceived":21310,"packetsLost":1009}},{"from":"Ruchika_0da44a7c-3443-41e4-99df-a68fe2dab10b","to":"Prashant_OnBehalf_6ba043ac-5bcd-447b-a3e9-ada0dd480be5","Audio":{"timestamp":1611073237265.495,"packetsReceived":12208,"packetsLost":175},"Type":"inbound-rtp","Video":{"timestamp":1611073237265.495,"packetsReceived":21310,"packetsLost":1009}},{"from":"Ruchika_0da44a7c-3443-41e4-99df-a68fe2dab10b","to":"Prashant_OnBehalf_6ba043ac-5bcd-447b-a3e9-ada0dd480be5","Audio":{"timestamp":1611073242265.465,"packetsReceived":12456,"packetsLost":177},"Type":"inbound-rtp","Video":{"timestamp":1611073242265.465,"packetsReceived":23084,"packetsLost":1076}},{"from":"Ruchika_0da44a7c-3443-41e4-99df-a68fe2dab10b","to":"Prashant_OnBehalf_6ba043ac-5bcd-447b-a3e9-ada0dd480be5","Audio":{"timestamp":1611073242265.465,"packetsReceived":12456,"packetsLost":177},"Type":"inbound-rtp","Video":{"timestamp":1611073242265.465,"packetsReceived":23084,"packetsLost":1076}},{"from":"Ruchika_0da44a7c-3443-41e4-99df-a68fe2dab10b","to":"Prashant_OnBehalf_6ba043ac-5bcd-447b-a3e9-ada0dd480be5","Audio":{"timestamp":1611073247265.477,"packetsReceived":12704,"packetsLost":179},"Type":"inbound-rtp","Video":{"timestamp":1611073247265.477,"packetsReceived":24548,"packetsLost":1123}},{"from":"Ruchika_0da44a7c-3443-41e4-99df-a68fe2dab10b","to":"Prashant_OnBehalf_6ba043ac-5bcd-447b-a3e9-ada0dd480be5","Audio":{"timestamp":1611073247265.477,"packetsReceived":12704,"packetsLost":179},"Type":"inbound-rtp","Video":{"timestamp":1611073247265.477,"packetsReceived":24548,"packetsLost":1123}},{"from":"Ruchika_0da44a7c-3443-41e4-99df-a68fe2dab10b","to":"Prashant_OnBehalf_6ba043ac-5bcd-447b-a3e9-ada0dd480be5","Audio":{"timestamp":1611073252265.475,"packetsReceived":12949,"packetsLost":185},"Type":"inbound-rtp","Video":{"timestamp":1611073252265.475,"packetsReceived":25971,"packetsLost":1185}},{"from":"Ruchika_0da44a7c-3443-41e4-99df-a68fe2dab10b","to":"Prashant_OnBehalf_6ba043ac-5bcd-447b-a3e9-ada0dd480be5","Audio":{"timestamp":1611073252265.475,"packetsReceived":12949,"packetsLost":185},"Type":"inbound-rtp","Video":{"timestamp":1611073252265.475,"packetsReceived":25971,"packetsLost":1185}},{"from":"Ruchika_0da44a7c-3443-41e4-99df-a68fe2dab10b","to":"Prashant_OnBehalf_6ba043ac-5bcd-447b-a3e9-ada0dd480be5","Audio":{"timestamp":1611073257265.978,"packetsReceived":13195,"packetsLost":189},"Type":"inbound-rtp","Video":{"timestamp":1611073257265.978,"packetsReceived":27645,"packetsLost":1236}},{"from":"Ruchika_0da44a7c-3443-41e4-99df-a68fe2dab10b","to":"Prashant_OnBehalf_6ba043ac-5bcd-447b-a3e9-ada0dd480be5","Audio":{"timestamp":1611073257265.978,"packetsReceived":13195,"packetsLost":189},"Type":"inbound-rtp","Video":{"timestamp":1611073257265.978,"packetsReceived":27645,"packetsLost":1236}},{"from":"Ruchika_0da44a7c-3443-41e4-99df-a68fe2dab10b","to":"Prashant_OnBehalf_6ba043ac-5bcd-447b-a3e9-ada0dd480be5","Audio":{"timestamp":1611073262265.51,"packetsReceived":13439,"packetsLost":194},"Type":"inbound-rtp","Video":{"timestamp":1611073262265.51,"packetsReceived":29251,"packetsLost":1296}},{"from":"Ruchika_0da44a7c-3443-41e4-99df-a68fe2dab10b","to":"Prashant_OnBehalf_6ba043ac-5bcd-447b-a3e9-ada0dd480be5","Audio":{"timestamp":1611073262265.51,"packetsReceived":13439,"packetsLost":194},"Type":"inbound-rtp","Video":{"timestamp":1611073262265.51,"packetsReceived":29251,"packetsLost":1296}},{"from":"Ruchika_0da44a7c-3443-41e4-99df-a68fe2dab10b","to":"Prashant_OnBehalf_6ba043ac-5bcd-447b-a3e9-ada0dd480be5","Audio":{"timestamp":1611073267265.583,"packetsReceived":13683,"packetsLost":200},"Type":"inbound-rtp","Video":{"timestamp":1611073267265.583,"packetsReceived":30688,"packetsLost":1353}},{"from":"Ruchika_0da44a7c-3443-41e4-99df-a68fe2dab10b","to":"Prashant_OnBehalf_6ba043ac-5bcd-447b-a3e9-ada0dd480be5","Audio":{"timestamp":1611073267265.583,"packetsReceived":13683,"packetsLost":200},"Type":"inbound-rtp","Video":{"timestamp":1611073267265.583,"packetsReceived":30688,"packetsLost":1353}},{"from":"Ruchika_0da44a7c-3443-41e4-99df-a68fe2dab10b","to":"Prashant_OnBehalf_6ba043ac-5bcd-447b-a3e9-ada0dd480be5","Audio":{"timestamp":1611073272265.763,"packetsReceived":13931,"packetsLost":203},"Type":"inbound-rtp","Video":{"timestamp":1611073272265.763,"packetsReceived":32572,"packetsLost":1443}},{"from":"Ruchika_0da44a7c-3443-41e4-99df-a68fe2dab10b","to":"Prashant_OnBehalf_6ba043ac-5bcd-447b-a3e9-ada0dd480be5","Audio":{"timestamp":1611073272265.763,"packetsReceived":13931,"packetsLost":203},"Type":"inbound-rtp","Video":{"timestamp":1611073272265.763,"packetsReceived":32572,"packetsLost":1443}},{"from":"Ruchika_0da44a7c-3443-41e4-99df-a68fe2dab10b","to":"Prashant_OnBehalf_6ba043ac-5bcd-447b-a3e9-ada0dd480be5","Audio":{"timestamp":1611073277265.458,"packetsReceived":14173,"packetsLost":211},"Type":"inbound-rtp","Video":{"timestamp":1611073277265.458,"packetsReceived":34182,"packetsLost":1528}},{"from":"Ruchika_0da44a7c-3443-41e4-99df-a68fe2dab10b","to":"Prashant_OnBehalf_6ba043ac-5bcd-447b-a3e9-ada0dd480be5","Audio":{"timestamp":1611073277265.458,"packetsReceived":14173,"packetsLost":211},"Type":"inbound-rtp","Video":{"timestamp":1611073277265.458,"packetsReceived":34182,"packetsLost":1528}},{"from":"Ruchika_0da44a7c-3443-41e4-99df-a68fe2dab10b","to":"Prashant_OnBehalf_6ba043ac-5bcd-447b-a3e9-ada0dd480be5","Audio":{"timestamp":1611073282265.48,"packetsReceived":14412,"packetsLost":221},"Type":"inbound-rtp","Video":{"timestamp":1611073282265.48,"packetsReceived":35558,"packetsLost":1625}},{"from":"Ruchika_0da44a7c-3443-41e4-99df-a68fe2dab10b","to":"Prashant_OnBehalf_6ba043ac-5bcd-447b-a3e9-ada0dd480be5","Audio":{"timestamp":1611073282265.48,"packetsReceived":14412,"packetsLost":221},"Type":"inbound-rtp","Video":{"timestamp":1611073282265.48,"packetsReceived":35558,"packetsLost":1625}},{"from":"Ruchika_0da44a7c-3443-41e4-99df-a68fe2dab10b","to":"Prashant_OnBehalf_6ba043ac-5bcd-447b-a3e9-ada0dd480be5","Audio":{"timestamp":1611073287265.48,"packetsReceived":14654,"packetsLost":229},"Type":"inbound-rtp","Video":{"timestamp":1611073287265.48,"packetsReceived":36795,"packetsLost":1694}},{"from":"Ruchika_0da44a7c-3443-41e4-99df-a68fe2dab10b","to":"Prashant_OnBehalf_6ba043ac-5bcd-447b-a3e9-ada0dd480be5","Audio":{"timestamp":1611073287265.48,"packetsReceived":14654,"packetsLost":229},"Type":"inbound-rtp","Video":{"timestamp":1611073287265.48,"packetsReceived":36795,"packetsLost":1694}},{"from":"Ruchika_0da44a7c-3443-41e4-99df-a68fe2dab10b","to":"Prashant_OnBehalf_6ba043ac-5bcd-447b-a3e9-ada0dd480be5","Audio":{"timestamp":1611073292265.449,"packetsReceived":14898,"packetsLost":235},"Type":"inbound-rtp","Video":{"timestamp":1611073292265.449,"packetsReceived":38130,"packetsLost":1775}},{"from":"Ruchika_0da44a7c-3443-41e4-99df-a68fe2dab10b","to":"Prashant_OnBehalf_6ba043ac-5bcd-447b-a3e9-ada0dd480be5","Audio":{"timestamp":1611073292265.449,"packetsReceived":14898,"packetsLost":235},"Type":"inbound-rtp","Video":{"timestamp":1611073292265.449,"packetsReceived":38130,"packetsLost":1775}},{"from":"Ruchika_0da44a7c-3443-41e4-99df-a68fe2dab10b","to":"Prashant_OnBehalf_6ba043ac-5bcd-447b-a3e9-ada0dd480be5","Audio":{"timestamp":1611073297267.107,"packetsReceived":15144,"packetsLost":239},"Type":"inbound-rtp","Video":{"timestamp":1611073297267.107,"packetsReceived":39584,"packetsLost":1848}},{"from":"Ruchika_0da44a7c-3443-41e4-99df-a68fe2dab10b","to":"Prashant_OnBehalf_6ba043ac-5bcd-447b-a3e9-ada0dd480be5","Audio":{"timestamp":1611073297267.107,"packetsReceived":15144,"packetsLost":239},"Type":"inbound-rtp","Video":{"timestamp":1611073297267.107,"packetsReceived":39584,"packetsLost":1848}},{"from":"Ruchika_0da44a7c-3443-41e4-99df-a68fe2dab10b","to":"Prashant_OnBehalf_6ba043ac-5bcd-447b-a3e9-ada0dd480be5","Audio":{"timestamp":1611073302265.445,"packetsReceived":15388,"packetsLost":245},"Type":"inbound-rtp","Video":{"timestamp":1611073302265.445,"packetsReceived":40582,"packetsLost":1892}},{"from":"Ruchika_0da44a7c-3443-41e4-99df-a68fe2dab10b","to":"Prashant_OnBehalf_6ba043ac-5bcd-447b-a3e9-ada0dd480be5","Audio":{"timestamp":1611073302265.445,"packetsReceived":15388,"packetsLost":245},"Type":"inbound-rtp","Video":{"timestamp":1611073302265.445,"packetsReceived":40582,"packetsLost":1892}},{"from":"Ruchika_0da44a7c-3443-41e4-99df-a68fe2dab10b","to":"Prashant_OnBehalf_6ba043ac-5bcd-447b-a3e9-ada0dd480be5","Audio":{"timestamp":1611073307265.471,"packetsReceived":15634,"packetsLost":250},"Type":"inbound-rtp","Video":{"timestamp":1611073307265.471,"packetsReceived":41566,"packetsLost":1932}},{"from":"Ruchika_0da44a7c-3443-41e4-99df-a68fe2dab10b","to":"Prashant_OnBehalf_6ba043ac-5bcd-447b-a3e9-ada0dd480be5","Audio":{"timestamp":1611073307265.471,"packetsReceived":15634,"packetsLost":250},"Type":"inbound-rtp","Video":{"timestamp":1611073307265.471,"packetsReceived":41566,"packetsLost":1932}},{"from":"Ruchika_0da44a7c-3443-41e4-99df-a68fe2dab10b","to":"Prashant_OnBehalf_6ba043ac-5bcd-447b-a3e9-ada0dd480be5","Audio":{"timestamp":1611073312266.875,"packetsReceived":15877,"packetsLost":257},"Type":"inbound-rtp","Video":{"timestamp":1611073312266.875,"packetsReceived":42444,"packetsLost":1989}},{"from":"Ruchika_0da44a7c-3443-41e4-99df-a68fe2dab10b","to":"Prashant_OnBehalf_6ba043ac-5bcd-447b-a3e9-ada0dd480be5","Audio":{"timestamp":1611073312266.875,"packetsReceived":15877,"packetsLost":257},"Type":"inbound-rtp","Video":{"timestamp":1611073312266.875,"packetsReceived":42444,"packetsLost":1989}},{"from":"Ruchika_0da44a7c-3443-41e4-99df-a68fe2dab10b","to":"Prashant_OnBehalf_6ba043ac-5bcd-447b-a3e9-ada0dd480be5","Audio":{"timestamp":1611073317265.645,"packetsReceived":16122,"packetsLost":261},"Type":"inbound-rtp","Video":{"timestamp":1611073317265.645,"packetsReceived":43439,"packetsLost":2024}},{"from":"Ruchika_0da44a7c-3443-41e4-99df-a68fe2dab10b","to":"Prashant_OnBehalf_6ba043ac-5bcd-447b-a3e9-ada0dd480be5","Audio":{"timestamp":1611073317265.645,"packetsReceived":16122,"packetsLost":261},"Type":"inbound-rtp","Video":{"timestamp":1611073317265.645,"packetsReceived":43439,"packetsLost":2024}},{"from":"Ruchika_0da44a7c-3443-41e4-99df-a68fe2dab10b","to":"Prashant_OnBehalf_6ba043ac-5bcd-447b-a3e9-ada0dd480be5","Audio":{"timestamp":1611073322265.812,"packetsReceived":16369,"packetsLost":264},"Type":"inbound-rtp","Video":{"timestamp":1611073322265.812,"packetsReceived":44690,"packetsLost":2076}},{"from":"Ruchika_0da44a7c-3443-41e4-99df-a68fe2dab10b","to":"Prashant_OnBehalf_6ba043ac-5bcd-447b-a3e9-ada0dd480be5","Audio":{"timestamp":1611073322265.812,"packetsReceived":16369,"packetsLost":264},"Type":"inbound-rtp","Video":{"timestamp":1611073322265.812,"packetsReceived":44690,"packetsLost":2076}},{"from":"Ruchika_0da44a7c-3443-41e4-99df-a68fe2dab10b","to":"Prashant_OnBehalf_6ba043ac-5bcd-447b-a3e9-ada0dd480be5","Audio":{"timestamp":1611073327265.631,"packetsReceived":16616,"packetsLost":267},"Type":"inbound-rtp","Video":{"timestamp":1611073327265.631,"packetsReceived":44990,"packetsLost":2085}},{"from":"Ruchika_0da44a7c-3443-41e4-99df-a68fe2dab10b","to":"Prashant_OnBehalf_6ba043ac-5bcd-447b-a3e9-ada0dd480be5","Audio":{"timestamp":1611073327265.631,"packetsReceived":16616,"packetsLost":267},"Type":"inbound-rtp","Video":{"timestamp":1611073327265.631,"packetsReceived":44990,"packetsLost":2085}},{"from":"Ruchika_0da44a7c-3443-41e4-99df-a68fe2dab10b","to":"Prashant_OnBehalf_6ba043ac-5bcd-447b-a3e9-ada0dd480be5","Audio":{"timestamp":1611073332265.551,"packetsReceived":16862,"packetsLost":272},"Type":"inbound-rtp","Video":{"timestamp":1611073332265.551,"packetsReceived":45340,"packetsLost":2109}},{"from":"Ruchika_0da44a7c-3443-41e4-99df-a68fe2dab10b","to":"Prashant_OnBehalf_6ba043ac-5bcd-447b-a3e9-ada0dd480be5","Audio":{"timestamp":1611073332265.551,"packetsReceived":16862,"packetsLost":272},"Type":"inbound-rtp","Video":{"timestamp":1611073332265.551,"packetsReceived":45340,"packetsLost":2109}},{"from":"Ruchika_0da44a7c-3443-41e4-99df-a68fe2dab10b","to":"Prashant_OnBehalf_6ba043ac-5bcd-447b-a3e9-ada0dd480be5","Audio":{"timestamp":1611073337265.472,"packetsReceived":17106,"packetsLost":277},"Type":"inbound-rtp","Video":{"timestamp":1611073337265.472,"packetsReceived":45564,"packetsLost":2120}},{"from":"Ruchika_0da44a7c-3443-41e4-99df-a68fe2dab10b","to":"Prashant_OnBehalf_6ba043ac-5bcd-447b-a3e9-ada0dd480be5","Audio":{"timestamp":1611073337265.472,"packetsReceived":17106,"packetsLost":277},"Type":"inbound-rtp","Video":{"timestamp":1611073337265.472,"packetsReceived":45564,"packetsLost":2120}},{"from":"Ruchika_0da44a7c-3443-41e4-99df-a68fe2dab10b","to":"Prashant_OnBehalf_6ba043ac-5bcd-447b-a3e9-ada0dd480be5","Audio":{"timestamp":1611073342265.481,"packetsReceived":17352,"packetsLost":281},"Type":"inbound-rtp","Video":{"timestamp":1611073342265.481,"packetsReceived":46053,"packetsLost":2142}},{"from":"Ruchika_0da44a7c-3443-41e4-99df-a68fe2dab10b","to":"Prashant_OnBehalf_6ba043ac-5bcd-447b-a3e9-ada0dd480be5","Audio":{"timestamp":1611073342265.481,"packetsReceived":17352,"packetsLost":281},"Type":"inbound-rtp","Video":{"timestamp":1611073342265.481,"packetsReceived":46053,"packetsLost":2142}},{"from":"Ruchika_0da44a7c-3443-41e4-99df-a68fe2dab10b","to":"Prashant_OnBehalf_6ba043ac-5bcd-447b-a3e9-ada0dd480be5","Audio":{"timestamp":1611073347265.608,"packetsReceived":17596,"packetsLost":287},"Type":"inbound-rtp","Video":{"timestamp":1611073347265.608,"packetsReceived":46093,"packetsLost":2144}},{"from":"Ruchika_0da44a7c-3443-41e4-99df-a68fe2dab10b","to":"Prashant_OnBehalf_6ba043ac-5bcd-447b-a3e9-ada0dd480be5","Audio":{"timestamp":1611073347265.608,"packetsReceived":17596,"packetsLost":287},"Type":"inbound-rtp","Video":{"timestamp":1611073347265.608,"packetsReceived":46093,"packetsLost":2144}},{"from":"Ruchika_0da44a7c-3443-41e4-99df-a68fe2dab10b","to":"Prashant_OnBehalf_6ba043ac-5bcd-447b-a3e9-ada0dd480be5","Audio":{"timestamp":1611073352265.472,"packetsReceived":17843,"packetsLost":291},"Type":"inbound-rtp","Video":{"timestamp":1611073352265.472,"packetsReceived":46128,"packetsLost":2145}},{"from":"Ruchika_0da44a7c-3443-41e4-99df-a68fe2dab10b","to":"Prashant_OnBehalf_6ba043ac-5bcd-447b-a3e9-ada0dd480be5","Audio":{"timestamp":1611073352265.472,"packetsReceived":17843,"packetsLost":291},"Type":"inbound-rtp","Video":{"timestamp":1611073352265.472,"packetsReceived":46128,"packetsLost":2145}},{"from":"Ruchika_0da44a7c-3443-41e4-99df-a68fe2dab10b","to":"Prashant_OnBehalf_6ba043ac-5bcd-447b-a3e9-ada0dd480be5","Audio":{"timestamp":1611073357265.549,"packetsReceived":18091,"packetsLost":293},"Type":"inbound-rtp","Video":{"timestamp":1611073357265.549,"packetsReceived":46162,"packetsLost":2146}},{"from":"Ruchika_0da44a7c-3443-41e4-99df-a68fe2dab10b","to":"Prashant_OnBehalf_6ba043ac-5bcd-447b-a3e9-ada0dd480be5","Audio":{"timestamp":1611073357265.549,"packetsReceived":18091,"packetsLost":293},"Type":"inbound-rtp","Video":{"timestamp":1611073357265.549,"packetsReceived":46162,"packetsLost":2146}},{"from":"Ruchika_0da44a7c-3443-41e4-99df-a68fe2dab10b","to":"Prashant_OnBehalf_6ba043ac-5bcd-447b-a3e9-ada0dd480be5","Audio":{"timestamp":1611073362265.426,"packetsReceived":18339,"packetsLost":295},"Type":"inbound-rtp","Video":{"timestamp":1611073362265.426,"packetsReceived":46191,"packetsLost":2147}},{"from":"Ruchika_0da44a7c-3443-41e4-99df-a68fe2dab10b","to":"Prashant_OnBehalf_6ba043ac-5bcd-447b-a3e9-ada0dd480be5","Audio":{"timestamp":1611073362265.426,"packetsReceived":18339,"packetsLost":295},"Type":"inbound-rtp","Video":{"timestamp":1611073362265.426,"packetsReceived":46191,"packetsLost":2147}},{"from":"Ruchika_0da44a7c-3443-41e4-99df-a68fe2dab10b","to":"Prashant_OnBehalf_6ba043ac-5bcd-447b-a3e9-ada0dd480be5","Audio":{"timestamp":1611073367265.461,"packetsReceived":18587,"packetsLost":296},"Type":"inbound-rtp","Video":{"timestamp":1611073367265.461,"packetsReceived":46214,"packetsLost":2149}},{"from":"Ruchika_0da44a7c-3443-41e4-99df-a68fe2dab10b","to":"Prashant_OnBehalf_6ba043ac-5bcd-447b-a3e9-ada0dd480be5","Audio":{"timestamp":1611073367265.461,"packetsReceived":18587,"packetsLost":296},"Type":"inbound-rtp","Video":{"timestamp":1611073367265.461,"packetsReceived":46214,"packetsLost":2149}},{"from":"Ruchika_0da44a7c-3443-41e4-99df-a68fe2dab10b","to":"Prashant_OnBehalf_6ba043ac-5bcd-447b-a3e9-ada0dd480be5","Audio":{"timestamp":1611073372265.443,"packetsReceived":18834,"packetsLost":300},"Type":"inbound-rtp","Video":{"timestamp":1611073372265.443,"packetsReceived":46247,"packetsLost":2151}},{"from":"Ruchika_0da44a7c-3443-41e4-99df-a68fe2dab10b","to":"Prashant_OnBehalf_6ba043ac-5bcd-447b-a3e9-ada0dd480be5","Audio":{"timestamp":1611073372265.443,"packetsReceived":18834,"packetsLost":300},"Type":"inbound-rtp","Video":{"timestamp":1611073372265.443,"packetsReceived":46247,"packetsLost":2151}},{"from":"Ruchika_0da44a7c-3443-41e4-99df-a68fe2dab10b","to":"Prashant_OnBehalf_6ba043ac-5bcd-447b-a3e9-ada0dd480be5","Audio":{"timestamp":1611073377265.448,"packetsReceived":19080,"packetsLost":303},"Type":"inbound-rtp","Video":{"timestamp":1611073377265.448,"packetsReceived":46276,"packetsLost":2152}},{"from":"Ruchika_0da44a7c-3443-41e4-99df-a68fe2dab10b","to":"Prashant_OnBehalf_6ba043ac-5bcd-447b-a3e9-ada0dd480be5","Audio":{"timestamp":1611073377265.448,"packetsReceived":19080,"packetsLost":303},"Type":"inbound-rtp","Video":{"timestamp":1611073377265.448,"packetsReceived":46276,"packetsLost":2152}},{"from":"Ruchika_0da44a7c-3443-41e4-99df-a68fe2dab10b","to":"Prashant_OnBehalf_6ba043ac-5bcd-447b-a3e9-ada0dd480be5","Audio":{"timestamp":1611073382265.438,"packetsReceived":19327,"packetsLost":306},"Type":"inbound-rtp","Video":{"timestamp":1611073382265.438,"packetsReceived":46298,"packetsLost":2156}},{"from":"Ruchika_0da44a7c-3443-41e4-99df-a68fe2dab10b","to":"Prashant_OnBehalf_6ba043ac-5bcd-447b-a3e9-ada0dd480be5","Audio":{"timestamp":1611073382265.438,"packetsReceived":19327,"packetsLost":306},"Type":"inbound-rtp","Video":{"timestamp":1611073382265.438,"packetsReceived":46298,"packetsLost":2156}},{"from":"Ruchika_0da44a7c-3443-41e4-99df-a68fe2dab10b","to":"Prashant_OnBehalf_6ba043ac-5bcd-447b-a3e9-ada0dd480be5","Audio":{"timestamp":1611073387265.485,"packetsReceived":19577,"packetsLost":307},"Type":"inbound-rtp","Video":{"timestamp":1611073387265.485,"packetsReceived":46336,"packetsLost":2158}},{"from":"Ruchika_0da44a7c-3443-41e4-99df-a68fe2dab10b","to":"Prashant_OnBehalf_6ba043ac-5bcd-447b-a3e9-ada0dd480be5","Audio":{"timestamp":1611073387265.485,"packetsReceived":19577,"packetsLost":307},"Type":"inbound-rtp","Video":{"timestamp":1611073387265.485,"packetsReceived":46336,"packetsLost":2158}},{"from":"Ruchika_0da44a7c-3443-41e4-99df-a68fe2dab10b","to":"Prashant_OnBehalf_6ba043ac-5bcd-447b-a3e9-ada0dd480be5","Audio":{"timestamp":1611073392265.454,"packetsReceived":19823,"packetsLost":310},"Type":"inbound-rtp","Video":{"timestamp":1611073392265.454,"packetsReceived":46376,"packetsLost":2158}},{"from":"Ruchika_0da44a7c-3443-41e4-99df-a68fe2dab10b","to":"Prashant_OnBehalf_6ba043ac-5bcd-447b-a3e9-ada0dd480be5","Audio":{"timestamp":1611073392265.454,"packetsReceived":19823,"packetsLost":310},"Type":"inbound-rtp","Video":{"timestamp":1611073392265.454,"packetsReceived":46376,"packetsLost":2158}},{"from":"Ruchika_0da44a7c-3443-41e4-99df-a68fe2dab10b","to":"Prashant_OnBehalf_6ba043ac-5bcd-447b-a3e9-ada0dd480be5","Audio":{"timestamp":1611073397266.074,"packetsReceived":20069,"packetsLost":314},"Type":"inbound-rtp","Video":{"timestamp":1611073397266.074,"packetsReceived":46408,"packetsLost":2158}},{"from":"Ruchika_0da44a7c-3443-41e4-99df-a68fe2dab10b","to":"Prashant_OnBehalf_6ba043ac-5bcd-447b-a3e9-ada0dd480be5","Audio":{"timestamp":1611073397266.074,"packetsReceived":20069,"packetsLost":314},"Type":"inbound-rtp","Video":{"timestamp":1611073397266.074,"packetsReceived":46408,"packetsLost":2158}},{"from":"Ruchika_0da44a7c-3443-41e4-99df-a68fe2dab10b","to":"Prashant_OnBehalf_6ba043ac-5bcd-447b-a3e9-ada0dd480be5","Audio":{"timestamp":1611073402265.481,"packetsReceived":20316,"packetsLost":317},"Type":"inbound-rtp","Video":{"timestamp":1611073402265.481,"packetsReceived":46433,"packetsLost":2158}},{"from":"Ruchika_0da44a7c-3443-41e4-99df-a68fe2dab10b","to":"Prashant_OnBehalf_6ba043ac-5bcd-447b-a3e9-ada0dd480be5","Audio":{"timestamp":1611073402265.481,"packetsReceived":20316,"packetsLost":317},"Type":"inbound-rtp","Video":{"timestamp":1611073402265.481,"packetsReceived":46433,"packetsLost":2158}},{"from":"Ruchika_0da44a7c-3443-41e4-99df-a68fe2dab10b","to":"Prashant_OnBehalf_6ba043ac-5bcd-447b-a3e9-ada0dd480be5","Audio":{"timestamp":1611073407265.497,"packetsReceived":20564,"packetsLost":320},"Type":"inbound-rtp","Video":{"timestamp":1611073407265.497,"packetsReceived":46458,"packetsLost":2158}},{"from":"Ruchika_0da44a7c-3443-41e4-99df-a68fe2dab10b","to":"Prashant_OnBehalf_6ba043ac-5bcd-447b-a3e9-ada0dd480be5","Audio":{"timestamp":1611073407265.497,"packetsReceived":20564,"packetsLost":320},"Type":"inbound-rtp","Video":{"timestamp":1611073407265.497,"packetsReceived":46458,"packetsLost":2158}},{"from":"Ruchika_0da44a7c-3443-41e4-99df-a68fe2dab10b","to":"Prashant_OnBehalf_6ba043ac-5bcd-447b-a3e9-ada0dd480be5","Audio":{"timestamp":1611073412265.87,"packetsReceived":20814,"packetsLost":320},"Type":"inbound-rtp","Video":{"timestamp":1611073412265.87,"packetsReceived":46478,"packetsLost":2158}},{"from":"Ruchika_0da44a7c-3443-41e4-99df-a68fe2dab10b","to":"Prashant_OnBehalf_6ba043ac-5bcd-447b-a3e9-ada0dd480be5","Audio":{"timestamp":1611073412265.87,"packetsReceived":20814,"packetsLost":320},"Type":"inbound-rtp","Video":{"timestamp":1611073412265.87,"packetsReceived":46478,"packetsLost":2158}},{"from":"Ruchika_0da44a7c-3443-41e4-99df-a68fe2dab10b","to":"Prashant_OnBehalf_6ba043ac-5bcd-447b-a3e9-ada0dd480be5","Audio":{"timestamp":1611073417265.485,"packetsReceived":21059,"packetsLost":325},"Type":"inbound-rtp","Video":{"timestamp":1611073417265.485,"packetsReceived":46503,"packetsLost":2158}},{"from":"Ruchika_0da44a7c-3443-41e4-99df-a68fe2dab10b","to":"Prashant_OnBehalf_6ba043ac-5bcd-447b-a3e9-ada0dd480be5","Audio":{"timestamp":1611073417265.485,"packetsReceived":21059,"packetsLost":325},"Type":"inbound-rtp","Video":{"timestamp":1611073417265.485,"packetsReceived":46503,"packetsLost":2158}},{"from":"Ruchika_0da44a7c-3443-41e4-99df-a68fe2dab10b","to":"Prashant_OnBehalf_6ba043ac-5bcd-447b-a3e9-ada0dd480be5","Audio":{"timestamp":1611073422265.442,"packetsReceived":21302,"packetsLost":331},"Type":"inbound-rtp","Video":{"timestamp":1611073422265.442,"packetsReceived":46529,"packetsLost":2159}},{"from":"Ruchika_0da44a7c-3443-41e4-99df-a68fe2dab10b","to":"Prashant_OnBehalf_6ba043ac-5bcd-447b-a3e9-ada0dd480be5","Audio":{"timestamp":1611073422265.442,"packetsReceived":21302,"packetsLost":331},"Type":"inbound-rtp","Video":{"timestamp":1611073422265.442,"packetsReceived":46529,"packetsLost":2159}},{"from":"Ruchika_0da44a7c-3443-41e4-99df-a68fe2dab10b","to":"Prashant_OnBehalf_6ba043ac-5bcd-447b-a3e9-ada0dd480be5","Audio":{"timestamp":1611073427686.388,"packetsReceived":21572,"packetsLost":333},"Type":"inbound-rtp","Video":{"timestamp":1611073427686.388,"packetsReceived":46559,"packetsLost":2159}},{"from":"Ruchika_0da44a7c-3443-41e4-99df-a68fe2dab10b","to":"Prashant_OnBehalf_6ba043ac-5bcd-447b-a3e9-ada0dd480be5","Audio":{"timestamp":1611073427686.388,"packetsReceived":21572,"packetsLost":333},"Type":"inbound-rtp","Video":{"timestamp":1611073427686.388,"packetsReceived":46559,"packetsLost":2159}},{"from":"Ruchika_0da44a7c-3443-41e4-99df-a68fe2dab10b","to":"Prashant_OnBehalf_6ba043ac-5bcd-447b-a3e9-ada0dd480be5","Audio":{"timestamp":1611073432686.399,"packetsReceived":21817,"packetsLost":338},"Type":"inbound-rtp","Video":{"timestamp":1611073432686.399,"packetsReceived":46583,"packetsLost":2159}},{"from":"Ruchika_0da44a7c-3443-41e4-99df-a68fe2dab10b","to":"Prashant_OnBehalf_6ba043ac-5bcd-447b-a3e9-ada0dd480be5","Audio":{"timestamp":1611073432686.399,"packetsReceived":21817,"packetsLost":338},"Type":"inbound-rtp","Video":{"timestamp":1611073432686.399,"packetsReceived":46583,"packetsLost":2159}},{"from":"Ruchika_0da44a7c-3443-41e4-99df-a68fe2dab10b","to":"Prashant_OnBehalf_6ba043ac-5bcd-447b-a3e9-ada0dd480be5","Audio":{"timestamp":1611073437686.432,"packetsReceived":22064,"packetsLost":341},"Type":"inbound-rtp","Video":{"timestamp":1611073437686.432,"packetsReceived":46607,"packetsLost":2161}},{"from":"Ruchika_0da44a7c-3443-41e4-99df-a68fe2dab10b","to":"Prashant_OnBehalf_6ba043ac-5bcd-447b-a3e9-ada0dd480be5","Audio":{"timestamp":1611073437686.432,"packetsReceived":22064,"packetsLost":341},"Type":"inbound-rtp","Video":{"timestamp":1611073437686.432,"packetsReceived":46607,"packetsLost":2161}},{"from":"Ruchika_0da44a7c-3443-41e4-99df-a68fe2dab10b","to":"Prashant_OnBehalf_6ba043ac-5bcd-447b-a3e9-ada0dd480be5","Audio":{"timestamp":1611073442687.189,"packetsReceived":22313,"packetsLost":341},"Type":"inbound-rtp","Video":{"timestamp":1611073442687.189,"packetsReceived":46647,"packetsLost":2161}},{"from":"Ruchika_0da44a7c-3443-41e4-99df-a68fe2dab10b","to":"Prashant_OnBehalf_6ba043ac-5bcd-447b-a3e9-ada0dd480be5","Audio":{"timestamp":1611073442687.189,"packetsReceived":22313,"packetsLost":341},"Type":"inbound-rtp","Video":{"timestamp":1611073442687.189,"packetsReceived":46647,"packetsLost":2161}},{"from":"Ruchika_0da44a7c-3443-41e4-99df-a68fe2dab10b","to":"Prashant_OnBehalf_6ba043ac-5bcd-447b-a3e9-ada0dd480be5","Audio":{"timestamp":1611073447686.424,"packetsReceived":22561,"packetsLost":344},"Type":"inbound-rtp","Video":{"timestamp":1611073447686.424,"packetsReceived":46678,"packetsLost":2162}},{"from":"Ruchika_0da44a7c-3443-41e4-99df-a68fe2dab10b","to":"Prashant_OnBehalf_6ba043ac-5bcd-447b-a3e9-ada0dd480be5","Audio":{"timestamp":1611073447686.424,"packetsReceived":22561,"packetsLost":344},"Type":"inbound-rtp","Video":{"timestamp":1611073447686.424,"packetsReceived":46678,"packetsLost":2162}},{"from":"Ruchika_0da44a7c-3443-41e4-99df-a68fe2dab10b","to":"Prashant_OnBehalf_6ba043ac-5bcd-447b-a3e9-ada0dd480be5","Audio":{"timestamp":1611073452686.403,"packetsReceived":22807,"packetsLost":348},"Type":"inbound-rtp","Video":{"timestamp":1611073452686.403,"packetsReceived":46707,"packetsLost":2163}},{"from":"Ruchika_0da44a7c-3443-41e4-99df-a68fe2dab10b","to":"Prashant_OnBehalf_6ba043ac-5bcd-447b-a3e9-ada0dd480be5","Audio":{"timestamp":1611073452686.403,"packetsReceived":22807,"packetsLost":348},"Type":"inbound-rtp","Video":{"timestamp":1611073452686.403,"packetsReceived":46707,"packetsLost":2163}},{"from":"Ruchika_0da44a7c-3443-41e4-99df-a68fe2dab10b","to":"Prashant_OnBehalf_6ba043ac-5bcd-447b-a3e9-ada0dd480be5","Audio":{"timestamp":1611073457275.767,"packetsReceived":23033,"packetsLost":351},"Type":"inbound-rtp","Video":{"timestamp":1611073457275.767,"packetsReceived":46730,"packetsLost":2164}},{"from":"Ruchika_0da44a7c-3443-41e4-99df-a68fe2dab10b","to":"Prashant_OnBehalf_6ba043ac-5bcd-447b-a3e9-ada0dd480be5","Audio":{"timestamp":1611073457275.767,"packetsReceived":23033,"packetsLost":351},"Type":"inbound-rtp","Video":{"timestamp":1611073457275.767,"packetsReceived":46730,"packetsLost":2164}}]}