[{"timestamp":1611070800071,"log":{"from":"server","to":"Shwetha_e70601a5-225f-494e-8d25-21ffb94a4d94","context":"PARENT","data":"{\"peer\":\"Jysamrani_47537ac6-2dac-4307-8d08-3c34e0b4b4a9\"}"}},{"timestamp":1611070800071,"log":"Parent : Jysamrani_47537ac6-2dac-4307-8d08-3c34e0b4b4a9"},{"timestamp":1611070800594,"log":{"from":"Jysamrani_47537ac6-2dac-4307-8d08-3c34e0b4b4a9","to":"Shwetha_e70601a5-225f-494e-8d25-21ffb94a4d94","context":"CONNECT_ACK","data":"{\"roomID\":\"123456\"}"}},{"timestamp":1611070800594,"log":"Connection ACK from parent : Jysamrani_47537ac6-2dac-4307-8d08-3c34e0b4b4a9"},{"timestamp":1611070800611,"log":"received sdp from peer : Jysamrani_47537ac6-2dac-4307-8d08-3c34e0b4b4a9"},{"timestamp":1611070800614,"log":"received ice from peer : Jysamrani_47537ac6-2dac-4307-8d08-3c34e0b4b4a9"},{"timestamp":1611070800621,"log":"remote stream received"},{"timestamp":1611070800621,"log":{}},{"timestamp":1611070800621,"log":"remote stream received"},{"timestamp":1611070800621,"log":{}},{"timestamp":1611070800623,"log":"received ice from peer : Jysamrani_47537ac6-2dac-4307-8d08-3c34e0b4b4a9"},{"timestamp":1611070800628,"log":"created description for peer : Jysamrani_47537ac6-2dac-4307-8d08-3c34e0b4b4a9"},{"timestamp":1611070800635,"log":"connection with peer Jysamrani_47537ac6-2dac-4307-8d08-3c34e0b4b4a9 checking"},{"timestamp":1611070800637,"log":"received ice from peer : Jysamrani_47537ac6-2dac-4307-8d08-3c34e0b4b4a9"},{"timestamp":1611070800640,"log":"ice: Shwetha_e70601a5-225f-494e-8d25-21ffb94a4d94 to Jysamrani_47537ac6-2dac-4307-8d08-3c34e0b4b4a9"},{"timestamp":1611070800640,"log":"connection with peer Jysamrani_47537ac6-2dac-4307-8d08-3c34e0b4b4a9 connected"},{"timestamp":1611070800641,"log":"ice: Shwetha_e70601a5-225f-494e-8d25-21ffb94a4d94 to Jysamrani_47537ac6-2dac-4307-8d08-3c34e0b4b4a9"},{"timestamp":1611070800750,"log":"received ice from peer : Jysamrani_47537ac6-2dac-4307-8d08-3c34e0b4b4a9"}]