[{"timestamp":1611070317174,"log":{"from":"server","to":"Mohit_aefefcd8-4332-47e9-b05a-8a76451c0f99","context":"PARENT","data":"{\"peer\":\"ChinmaySahoo_662996d7-857d-4974-91a4-e6c3e8872077\"}"}},{"timestamp":1611070317174,"log":"Parent : ChinmaySahoo_662996d7-857d-4974-91a4-e6c3e8872077"},{"timestamp":1611070317669,"log":{"from":"ChinmaySahoo_662996d7-857d-4974-91a4-e6c3e8872077","to":"Mohit_aefefcd8-4332-47e9-b05a-8a76451c0f99","context":"CONNECT_ACK","data":"{\"roomID\":\"123456\"}"}},{"timestamp":1611070317669,"log":"Connection ACK from parent : ChinmaySahoo_662996d7-857d-4974-91a4-e6c3e8872077"},{"timestamp":1611070317681,"log":"received sdp from peer : ChinmaySahoo_662996d7-857d-4974-91a4-e6c3e8872077"},{"timestamp":1611070317683,"log":"received ice from peer : ChinmaySahoo_662996d7-857d-4974-91a4-e6c3e8872077"},{"timestamp":1611070317685,"log":"received ice from peer : ChinmaySahoo_662996d7-857d-4974-91a4-e6c3e8872077"},{"timestamp":1611070317685,"log":"remote stream received"},{"timestamp":1611070317686,"log":{}},{"timestamp":1611070317686,"log":"remote stream received"},{"timestamp":1611070317686,"log":{}},{"timestamp":1611070317689,"log":"created description for peer : ChinmaySahoo_662996d7-857d-4974-91a4-e6c3e8872077"},{"timestamp":1611070317712,"log":"received ice from peer : ChinmaySahoo_662996d7-857d-4974-91a4-e6c3e8872077"},{"timestamp":1611070317718,"log":"connection with peer ChinmaySahoo_662996d7-857d-4974-91a4-e6c3e8872077 checking"},{"timestamp":1611070317719,"log":"ice: Mohit_aefefcd8-4332-47e9-b05a-8a76451c0f99 to ChinmaySahoo_662996d7-857d-4974-91a4-e6c3e8872077"},{"timestamp":1611070317719,"log":"connection with peer ChinmaySahoo_662996d7-857d-4974-91a4-e6c3e8872077 connected"},{"timestamp":1611070317720,"log":"ice: Mohit_aefefcd8-4332-47e9-b05a-8a76451c0f99 to ChinmaySahoo_662996d7-857d-4974-91a4-e6c3e8872077"},{"timestamp":1611070317918,"log":"received ice from peer : ChinmaySahoo_662996d7-857d-4974-91a4-e6c3e8872077"}]