[{"timestamp":1611072527339,"log":{"from":"server","to":"Harshit_5b42e675-088e-4448-a026-ed6b0a96efc9","context":"PARENT","data":"{\"peer\":\"Ayush_240836e4-37ab-4157-a976-d7e1443bfa33\"}"}},{"timestamp":1611072527339,"log":"Parent : Ayush_240836e4-37ab-4157-a976-d7e1443bfa33"},{"timestamp":1611072527834,"log":{"from":"Ayush_240836e4-37ab-4157-a976-d7e1443bfa33","to":"Harshit_5b42e675-088e-4448-a026-ed6b0a96efc9","context":"CONNECT_ACK","data":"{\"roomID\":\"123456\"}"}},{"timestamp":1611072527835,"log":"Connection ACK from parent : Ayush_240836e4-37ab-4157-a976-d7e1443bfa33"},{"timestamp":1611072527847,"log":"received sdp from peer : Ayush_240836e4-37ab-4157-a976-d7e1443bfa33"},{"timestamp":1611072527853,"log":"received ice from peer : Ayush_240836e4-37ab-4157-a976-d7e1443bfa33"},{"timestamp":1611072527859,"log":"received ice from peer : Ayush_240836e4-37ab-4157-a976-d7e1443bfa33"},{"timestamp":1611072527860,"log":"remote stream received"},{"timestamp":1611072527861,"log":{}},{"timestamp":1611072527861,"log":"remote stream received"},{"timestamp":1611072527861,"log":{}},{"timestamp":1611072527864,"log":"created description for peer : Ayush_240836e4-37ab-4157-a976-d7e1443bfa33"},{"timestamp":1611072527868,"log":"connection with peer Ayush_240836e4-37ab-4157-a976-d7e1443bfa33 checking"},{"timestamp":1611072527868,"log":"ice: Harshit_5b42e675-088e-4448-a026-ed6b0a96efc9 to Ayush_240836e4-37ab-4157-a976-d7e1443bfa33"},{"timestamp":1611072527869,"log":"connection with peer Ayush_240836e4-37ab-4157-a976-d7e1443bfa33 connected"},{"timestamp":1611072527869,"log":"ice: Harshit_5b42e675-088e-4448-a026-ed6b0a96efc9 to Ayush_240836e4-37ab-4157-a976-d7e1443bfa33"},{"timestamp":1611072527881,"log":"received ice from peer : Ayush_240836e4-37ab-4157-a976-d7e1443bfa33"},{"timestamp":1611072527882,"log":"received ice from peer : Ayush_240836e4-37ab-4157-a976-d7e1443bfa33"}]