[{"timestamp":1611070450294,"log":{"from":"server","to":"Prthamesh_11928c5b-8c5f-4ce7-aa9d-2e257dc85995","context":"PARENT","data":"{\"peer\":\"Mansi_84b4e79e-99b1-45d0-ac4d-bcd2acbbac6a\"}"}},{"timestamp":1611070450294,"log":"Parent : Mansi_84b4e79e-99b1-45d0-ac4d-bcd2acbbac6a"},{"timestamp":1611070450779,"log":{"from":"Mansi_84b4e79e-99b1-45d0-ac4d-bcd2acbbac6a","to":"Prthamesh_11928c5b-8c5f-4ce7-aa9d-2e257dc85995","context":"CONNECT_ACK","data":"{\"roomID\":\"123456\"}"}},{"timestamp":1611070450779,"log":"Connection ACK from parent : Mansi_84b4e79e-99b1-45d0-ac4d-bcd2acbbac6a"},{"timestamp":1611070450788,"log":"received sdp from peer : Mansi_84b4e79e-99b1-45d0-ac4d-bcd2acbbac6a"},{"timestamp":1611070450790,"log":"received ice from peer : Mansi_84b4e79e-99b1-45d0-ac4d-bcd2acbbac6a"},{"timestamp":1611070450792,"log":"received ice from peer : Mansi_84b4e79e-99b1-45d0-ac4d-bcd2acbbac6a"},{"timestamp":1611070450793,"log":"remote stream received"},{"timestamp":1611070450793,"log":{}},{"timestamp":1611070450793,"log":"remote stream received"},{"timestamp":1611070450793,"log":{}},{"timestamp":1611070450797,"log":"created description for peer : Mansi_84b4e79e-99b1-45d0-ac4d-bcd2acbbac6a"},{"timestamp":1611070450821,"log":"received ice from peer : Mansi_84b4e79e-99b1-45d0-ac4d-bcd2acbbac6a"},{"timestamp":1611070450823,"log":"connection with peer Mansi_84b4e79e-99b1-45d0-ac4d-bcd2acbbac6a checking"},{"timestamp":1611070450824,"log":"ice: Prthamesh_11928c5b-8c5f-4ce7-aa9d-2e257dc85995 to Mansi_84b4e79e-99b1-45d0-ac4d-bcd2acbbac6a"},{"timestamp":1611070450824,"log":"connection with peer Mansi_84b4e79e-99b1-45d0-ac4d-bcd2acbbac6a connected"},{"timestamp":1611070450825,"log":"received ice from peer : Mansi_84b4e79e-99b1-45d0-ac4d-bcd2acbbac6a"},{"timestamp":1611070450825,"log":"ice: Prthamesh_11928c5b-8c5f-4ce7-aa9d-2e257dc85995 to Mansi_84b4e79e-99b1-45d0-ac4d-bcd2acbbac6a"}]