[{"timestamp":1611069702366,"log":{"from":"server","to":"Vijay_b579e843-f4c3-489a-bd7f-75bd92c999e0","context":"PARENT","data":"{\"peer\":\"Siddharth_c08adbf1-0d43-4eb1-a5dc-8bf732284bc1\"}"}},{"timestamp":1611069702366,"log":"Parent : Siddharth_c08adbf1-0d43-4eb1-a5dc-8bf732284bc1"},{"timestamp":1611069702872,"log":{"from":"Siddharth_c08adbf1-0d43-4eb1-a5dc-8bf732284bc1","to":"Vijay_b579e843-f4c3-489a-bd7f-75bd92c999e0","context":"CONNECT_ACK","data":"{\"roomID\":\"123456\"}"}},{"timestamp":1611069702872,"log":"Connection ACK from parent : Siddharth_c08adbf1-0d43-4eb1-a5dc-8bf732284bc1"},{"timestamp":1611069702882,"log":"received sdp from peer : Siddharth_c08adbf1-0d43-4eb1-a5dc-8bf732284bc1"},{"timestamp":1611069702883,"log":"received ice from peer : Siddharth_c08adbf1-0d43-4eb1-a5dc-8bf732284bc1"},{"timestamp":1611069702885,"log":"received ice from peer : Siddharth_c08adbf1-0d43-4eb1-a5dc-8bf732284bc1"},{"timestamp":1611069702886,"log":"remote stream received"},{"timestamp":1611069702886,"log":{}},{"timestamp":1611069702887,"log":"remote stream received"},{"timestamp":1611069702887,"log":{}},{"timestamp":1611069702890,"log":"created description for peer : Siddharth_c08adbf1-0d43-4eb1-a5dc-8bf732284bc1"},{"timestamp":1611069702912,"log":"connection with peer Siddharth_c08adbf1-0d43-4eb1-a5dc-8bf732284bc1 checking"},{"timestamp":1611069702913,"log":"ice: Vijay_b579e843-f4c3-489a-bd7f-75bd92c999e0 to Siddharth_c08adbf1-0d43-4eb1-a5dc-8bf732284bc1"},{"timestamp":1611069702913,"log":"received ice from peer : Siddharth_c08adbf1-0d43-4eb1-a5dc-8bf732284bc1"},{"timestamp":1611069702913,"log":"received ice from peer : Siddharth_c08adbf1-0d43-4eb1-a5dc-8bf732284bc1"},{"timestamp":1611069702914,"log":"connection with peer Siddharth_c08adbf1-0d43-4eb1-a5dc-8bf732284bc1 connected"},{"timestamp":1611069702914,"log":"ice: Vijay_b579e843-f4c3-489a-bd7f-75bd92c999e0 to Siddharth_c08adbf1-0d43-4eb1-a5dc-8bf732284bc1"},{"timestamp":1611069958134,"log":{"from":"Shashwat_05bdbebd-6994-47d1-907f-c8cee3a67d02","to":"Vijay_b579e843-f4c3-489a-bd7f-75bd92c999e0","context":"CONNECT","data":"{\"roomID\":\"123456\"}"}},{"timestamp":1611069958134,"log":"Connect request from Child : Shashwat_05bdbebd-6994-47d1-907f-c8cee3a67d02"},{"timestamp":1611069958136,"log":"adding tracks"},{"timestamp":1611069958140,"log":"call inititated: Vijay_b579e843-f4c3-489a-bd7f-75bd92c999e0 to Shashwat_05bdbebd-6994-47d1-907f-c8cee3a67d02"},{"timestamp":1611069958144,"log":"created description for peer : Shashwat_05bdbebd-6994-47d1-907f-c8cee3a67d02"},{"timestamp":1611069958152,"log":"ice: Vijay_b579e843-f4c3-489a-bd7f-75bd92c999e0 to Shashwat_05bdbebd-6994-47d1-907f-c8cee3a67d02"},{"timestamp":1611069958152,"log":"ice: Vijay_b579e843-f4c3-489a-bd7f-75bd92c999e0 to Shashwat_05bdbebd-6994-47d1-907f-c8cee3a67d02"},{"timestamp":1611069958185,"log":"ice: Vijay_b579e843-f4c3-489a-bd7f-75bd92c999e0 to Shashwat_05bdbebd-6994-47d1-907f-c8cee3a67d02"},{"timestamp":1611069958186,"log":"ice: Vijay_b579e843-f4c3-489a-bd7f-75bd92c999e0 to Shashwat_05bdbebd-6994-47d1-907f-c8cee3a67d02"},{"timestamp":1611069958414,"log":"connection with peer Shashwat_05bdbebd-6994-47d1-907f-c8cee3a67d02 checking"},{"timestamp":1611069958684,"log":"received sdp from peer : Shashwat_05bdbebd-6994-47d1-907f-c8cee3a67d02"},{"timestamp":1611069958687,"log":"received ice from peer : Shashwat_05bdbebd-6994-47d1-907f-c8cee3a67d02"},{"timestamp":1611069958692,"log":"connection with peer Shashwat_05bdbebd-6994-47d1-907f-c8cee3a67d02 connected"},{"timestamp":1611069958693,"log":"ice: Vijay_b579e843-f4c3-489a-bd7f-75bd92c999e0 to Shashwat_05bdbebd-6994-47d1-907f-c8cee3a67d02"},{"timestamp":1611069997822,"log":{"from":"Harshit_67054155-1e7f-4075-9d5c-8cef43cb5479","to":"Vijay_b579e843-f4c3-489a-bd7f-75bd92c999e0","context":"CONNECT","data":"{\"roomID\":\"123456\"}"}},{"timestamp":1611069997822,"log":"Connect request from Child : Harshit_67054155-1e7f-4075-9d5c-8cef43cb5479"},{"timestamp":1611069997824,"log":"adding tracks"},{"timestamp":1611069997825,"log":"call inititated: Vijay_b579e843-f4c3-489a-bd7f-75bd92c999e0 to Harshit_67054155-1e7f-4075-9d5c-8cef43cb5479"},{"timestamp":1611069997828,"log":"created description for peer : Harshit_67054155-1e7f-4075-9d5c-8cef43cb5479"},{"timestamp":1611069997836,"log":"ice: Vijay_b579e843-f4c3-489a-bd7f-75bd92c999e0 to Harshit_67054155-1e7f-4075-9d5c-8cef43cb5479"},{"timestamp":1611069997837,"log":"ice: Vijay_b579e843-f4c3-489a-bd7f-75bd92c999e0 to Harshit_67054155-1e7f-4075-9d5c-8cef43cb5479"},{"timestamp":1611069997873,"log":"ice: Vijay_b579e843-f4c3-489a-bd7f-75bd92c999e0 to Harshit_67054155-1e7f-4075-9d5c-8cef43cb5479"},{"timestamp":1611069997874,"log":"ice: Vijay_b579e843-f4c3-489a-bd7f-75bd92c999e0 to Harshit_67054155-1e7f-4075-9d5c-8cef43cb5479"},{"timestamp":1611069998117,"log":"connection with peer Harshit_67054155-1e7f-4075-9d5c-8cef43cb5479 checking"},{"timestamp":1611069998372,"log":"received sdp from peer : Harshit_67054155-1e7f-4075-9d5c-8cef43cb5479"},{"timestamp":1611069998379,"log":"ice: Vijay_b579e843-f4c3-489a-bd7f-75bd92c999e0 to Harshit_67054155-1e7f-4075-9d5c-8cef43cb5479"},{"timestamp":1611069998379,"log":"connection with peer Harshit_67054155-1e7f-4075-9d5c-8cef43cb5479 connected"},{"timestamp":1611069998426,"log":"received ice from peer : Harshit_67054155-1e7f-4075-9d5c-8cef43cb5479"},{"timestamp":1611070970488,"log":{"from":"server","to":"Vijay_b579e843-f4c3-489a-bd7f-75bd92c999e0","context":"PARENTLEFT","data":"{\"parent\":\"Siddharth_c08adbf1-0d43-4eb1-a5dc-8bf732284bc1\"}"}},{"timestamp":1611070970500,"log":"connection with peer Siddharth_c08adbf1-0d43-4eb1-a5dc-8bf732284bc1 closed"},{"timestamp":1611070970502,"log":{"from":"server","to":"Vijay_b579e843-f4c3-489a-bd7f-75bd92c999e0","context":"PARENT","data":"{\"peer\":\"Anshu_715feb1f-a25a-4ae3-8c2f-68f8feb07cd2\"}"}},{"timestamp":1611070970502,"log":"Parent : Anshu_715feb1f-a25a-4ae3-8c2f-68f8feb07cd2"},{"timestamp":1611070971015,"log":{"from":"Anshu_715feb1f-a25a-4ae3-8c2f-68f8feb07cd2","to":"Vijay_b579e843-f4c3-489a-bd7f-75bd92c999e0","context":"CONNECT_ACK","data":"{\"roomID\":\"123456\"}"}},{"timestamp":1611070971015,"log":"Connection ACK from parent : Anshu_715feb1f-a25a-4ae3-8c2f-68f8feb07cd2"},{"timestamp":1611070971018,"log":"received sdp from peer : Anshu_715feb1f-a25a-4ae3-8c2f-68f8feb07cd2"},{"timestamp":1611070971023,"log":"received ice from peer : Anshu_715feb1f-a25a-4ae3-8c2f-68f8feb07cd2"},{"timestamp":1611070971028,"log":"remote stream received"},{"timestamp":1611070971029,"log":{}},{"timestamp":1611070971029,"log":"updating localstream for childpeers"},{"timestamp":1611070971030,"log":"sender: [object RTCRtpSender]"},{"timestamp":1611070971030,"log":"senderAudio: [object RTCRtpSender]"},{"timestamp":1611070971030,"log":"sender: [object RTCRtpSender]"},{"timestamp":1611070971031,"log":"senderAudio: [object RTCRtpSender]"},{"timestamp":1611070971031,"log":"remote stream received"},{"timestamp":1611070971031,"log":{}},{"timestamp":1611070971031,"log":"updating localstream for childpeers"},{"timestamp":1611070971031,"log":"sender: [object RTCRtpSender]"},{"timestamp":1611070971031,"log":"senderAudio: [object RTCRtpSender]"},{"timestamp":1611070971031,"log":"sender: [object RTCRtpSender]"},{"timestamp":1611070971031,"log":"senderAudio: [object RTCRtpSender]"},{"timestamp":1611070971032,"log":"received ice from peer : Anshu_715feb1f-a25a-4ae3-8c2f-68f8feb07cd2"},{"timestamp":1611070971042,"log":"created description for peer : Anshu_715feb1f-a25a-4ae3-8c2f-68f8feb07cd2"},{"timestamp":1611070971049,"log":"received ice from peer : Anshu_715feb1f-a25a-4ae3-8c2f-68f8feb07cd2"},{"timestamp":1611070971050,"log":"connection with peer Anshu_715feb1f-a25a-4ae3-8c2f-68f8feb07cd2 checking"},{"timestamp":1611070971050,"log":"ice: Vijay_b579e843-f4c3-489a-bd7f-75bd92c999e0 to Anshu_715feb1f-a25a-4ae3-8c2f-68f8feb07cd2"},{"timestamp":1611070971051,"log":"connection with peer Anshu_715feb1f-a25a-4ae3-8c2f-68f8feb07cd2 connected"},{"timestamp":1611070971051,"log":"ice: Vijay_b579e843-f4c3-489a-bd7f-75bd92c999e0 to Anshu_715feb1f-a25a-4ae3-8c2f-68f8feb07cd2"},{"timestamp":1611070971087,"log":"received ice from peer : Anshu_715feb1f-a25a-4ae3-8c2f-68f8feb07cd2"}]