[{"timestamp":1611072574101,"log":{"from":"server","to":"Siddharth_707e94f9-bf5a-4bec-9d30-8bf6219a6084","context":"PARENT","data":"{\"peer\":\"Ansh_7d76d88f-3f4d-4420-a512-a5cc2f44d116\"}"}},{"timestamp":1611072574101,"log":"Parent : Ansh_7d76d88f-3f4d-4420-a512-a5cc2f44d116"},{"timestamp":1611072574598,"log":{"from":"Ansh_7d76d88f-3f4d-4420-a512-a5cc2f44d116","to":"Siddharth_707e94f9-bf5a-4bec-9d30-8bf6219a6084","context":"CONNECT_ACK","data":"{\"roomID\":\"123456\"}"}},{"timestamp":1611072574598,"log":"Connection ACK from parent : Ansh_7d76d88f-3f4d-4420-a512-a5cc2f44d116"},{"timestamp":1611072574609,"log":"received sdp from peer : Ansh_7d76d88f-3f4d-4420-a512-a5cc2f44d116"},{"timestamp":1611072574611,"log":"received ice from peer : Ansh_7d76d88f-3f4d-4420-a512-a5cc2f44d116"},{"timestamp":1611072574614,"log":"received ice from peer : Ansh_7d76d88f-3f4d-4420-a512-a5cc2f44d116"},{"timestamp":1611072574615,"log":"remote stream received"},{"timestamp":1611072574616,"log":{}},{"timestamp":1611072574616,"log":"remote stream received"},{"timestamp":1611072574616,"log":{}},{"timestamp":1611072574623,"log":"created description for peer : Ansh_7d76d88f-3f4d-4420-a512-a5cc2f44d116"},{"timestamp":1611072574630,"log":"ice: Siddharth_707e94f9-bf5a-4bec-9d30-8bf6219a6084 to Ansh_7d76d88f-3f4d-4420-a512-a5cc2f44d116"},{"timestamp":1611072574630,"log":"connection with peer Ansh_7d76d88f-3f4d-4420-a512-a5cc2f44d116 connected"},{"timestamp":1611072574630,"log":"ice: Siddharth_707e94f9-bf5a-4bec-9d30-8bf6219a6084 to Ansh_7d76d88f-3f4d-4420-a512-a5cc2f44d116"},{"timestamp":1611072574641,"log":"received ice from peer : Ansh_7d76d88f-3f4d-4420-a512-a5cc2f44d116"},{"timestamp":1611072574643,"log":"received ice from peer : Ansh_7d76d88f-3f4d-4420-a512-a5cc2f44d116"}]