{"Ansh_7d76d88f-3f4d-4420-a512-a5cc2f44d116":[{"from":"Ansh_7d76d88f-3f4d-4420-a512-a5cc2f44d116","to":"Siddharth_707e94f9-bf5a-4bec-9d30-8bf6219a6084","Audio":{"timestamp":1611072578086.233,"packetsReceived":160,"packetsLost":0},"Type":"inbound-rtp","Video":{"timestamp":1611072578086.233,"packetsReceived":0,"packetsLost":0}},{"from":"Ansh_7d76d88f-3f4d-4420-a512-a5cc2f44d116","to":"Siddharth_707e94f9-bf5a-4bec-9d30-8bf6219a6084","Audio":{"timestamp":1611072578086.233,"packetsReceived":160,"packetsLost":0},"Type":"inbound-rtp","Video":{"timestamp":1611072578086.233,"packetsReceived":0,"packetsLost":0}},{"from":"Ansh_7d76d88f-3f4d-4420-a512-a5cc2f44d116","to":"Siddharth_707e94f9-bf5a-4bec-9d30-8bf6219a6084","Audio":{"timestamp":1611072583084.756,"packetsReceived":410,"packetsLost":0},"Type":"inbound-rtp","Video":{"timestamp":1611072583084.756,"packetsReceived":29,"packetsLost":0}},{"from":"Ansh_7d76d88f-3f4d-4420-a512-a5cc2f44d116","to":"Siddharth_707e94f9-bf5a-4bec-9d30-8bf6219a6084","Audio":{"timestamp":1611072583084.756,"packetsReceived":410,"packetsLost":0},"Type":"inbound-rtp","Video":{"timestamp":1611072583084.756,"packetsReceived":29,"packetsLost":0}},{"from":"Ansh_7d76d88f-3f4d-4420-a512-a5cc2f44d116","to":"Siddharth_707e94f9-bf5a-4bec-9d30-8bf6219a6084","Audio":{"timestamp":1611072588127.875,"packetsReceived":662,"packetsLost":0},"Type":"inbound-rtp","Video":{"timestamp":1611072588127.875,"packetsReceived":36,"packetsLost":0}},{"from":"Ansh_7d76d88f-3f4d-4420-a512-a5cc2f44d116","to":"Siddharth_707e94f9-bf5a-4bec-9d30-8bf6219a6084","Audio":{"timestamp":1611072588127.875,"packetsReceived":662,"packetsLost":0},"Type":"inbound-rtp","Video":{"timestamp":1611072588127.875,"packetsReceived":36,"packetsLost":0}},{"from":"Ansh_7d76d88f-3f4d-4420-a512-a5cc2f44d116","to":"Siddharth_707e94f9-bf5a-4bec-9d30-8bf6219a6084","Audio":{"timestamp":1611072593127.714,"packetsReceived":912,"packetsLost":0},"Type":"inbound-rtp","Video":{"timestamp":1611072593127.714,"packetsReceived":40,"packetsLost":0}},{"from":"Ansh_7d76d88f-3f4d-4420-a512-a5cc2f44d116","to":"Siddharth_707e94f9-bf5a-4bec-9d30-8bf6219a6084","Audio":{"timestamp":1611072593127.714,"packetsReceived":912,"packetsLost":0},"Type":"inbound-rtp","Video":{"timestamp":1611072593127.714,"packetsReceived":40,"packetsLost":0}},{"from":"Ansh_7d76d88f-3f4d-4420-a512-a5cc2f44d116","to":"Siddharth_707e94f9-bf5a-4bec-9d30-8bf6219a6084","Audio":{"timestamp":1611072598127.716,"packetsReceived":1162,"packetsLost":0},"Type":"inbound-rtp","Video":{"timestamp":1611072598127.716,"packetsReceived":45,"packetsLost":0}},{"from":"Ansh_7d76d88f-3f4d-4420-a512-a5cc2f44d116","to":"Siddharth_707e94f9-bf5a-4bec-9d30-8bf6219a6084","Audio":{"timestamp":1611072598127.716,"packetsReceived":1162,"packetsLost":0},"Type":"inbound-rtp","Video":{"timestamp":1611072598127.716,"packetsReceived":45,"packetsLost":0}},{"from":"Ansh_7d76d88f-3f4d-4420-a512-a5cc2f44d116","to":"Siddharth_707e94f9-bf5a-4bec-9d30-8bf6219a6084","Audio":{"timestamp":1611072603127.748,"packetsReceived":1412,"packetsLost":0},"Type":"inbound-rtp","Video":{"timestamp":1611072603127.748,"packetsReceived":50,"packetsLost":0}},{"from":"Ansh_7d76d88f-3f4d-4420-a512-a5cc2f44d116","to":"Siddharth_707e94f9-bf5a-4bec-9d30-8bf6219a6084","Audio":{"timestamp":1611072603127.748,"packetsReceived":1412,"packetsLost":0},"Type":"inbound-rtp","Video":{"timestamp":1611072603127.748,"packetsReceived":50,"packetsLost":0}},{"from":"Ansh_7d76d88f-3f4d-4420-a512-a5cc2f44d116","to":"Siddharth_707e94f9-bf5a-4bec-9d30-8bf6219a6084","Audio":{"timestamp":1611072608127.929,"packetsReceived":1662,"packetsLost":0},"Type":"inbound-rtp","Video":{"timestamp":1611072608127.929,"packetsReceived":54,"packetsLost":0}},{"from":"Ansh_7d76d88f-3f4d-4420-a512-a5cc2f44d116","to":"Siddharth_707e94f9-bf5a-4bec-9d30-8bf6219a6084","Audio":{"timestamp":1611072608127.929,"packetsReceived":1662,"packetsLost":0},"Type":"inbound-rtp","Video":{"timestamp":1611072608127.929,"packetsReceived":54,"packetsLost":0}},{"from":"Ansh_7d76d88f-3f4d-4420-a512-a5cc2f44d116","to":"Siddharth_707e94f9-bf5a-4bec-9d30-8bf6219a6084","Audio":{"timestamp":1611072613127.687,"packetsReceived":1911,"packetsLost":0},"Type":"inbound-rtp","Video":{"timestamp":1611072613127.687,"packetsReceived":59,"packetsLost":0}},{"from":"Ansh_7d76d88f-3f4d-4420-a512-a5cc2f44d116","to":"Siddharth_707e94f9-bf5a-4bec-9d30-8bf6219a6084","Audio":{"timestamp":1611072613127.687,"packetsReceived":1911,"packetsLost":0},"Type":"inbound-rtp","Video":{"timestamp":1611072613127.687,"packetsReceived":59,"packetsLost":0}},{"from":"Ansh_7d76d88f-3f4d-4420-a512-a5cc2f44d116","to":"Siddharth_707e94f9-bf5a-4bec-9d30-8bf6219a6084","Audio":{"timestamp":1611072618127.783,"packetsReceived":2162,"packetsLost":0},"Type":"inbound-rtp","Video":{"timestamp":1611072618127.783,"packetsReceived":64,"packetsLost":0}},{"from":"Ansh_7d76d88f-3f4d-4420-a512-a5cc2f44d116","to":"Siddharth_707e94f9-bf5a-4bec-9d30-8bf6219a6084","Audio":{"timestamp":1611072618127.783,"packetsReceived":2162,"packetsLost":0},"Type":"inbound-rtp","Video":{"timestamp":1611072618127.783,"packetsReceived":64,"packetsLost":0}},{"from":"Ansh_7d76d88f-3f4d-4420-a512-a5cc2f44d116","to":"Siddharth_707e94f9-bf5a-4bec-9d30-8bf6219a6084","Audio":{"timestamp":1611072623127.852,"packetsReceived":2412,"packetsLost":0},"Type":"inbound-rtp","Video":{"timestamp":1611072623127.852,"packetsReceived":68,"packetsLost":0}},{"from":"Ansh_7d76d88f-3f4d-4420-a512-a5cc2f44d116","to":"Siddharth_707e94f9-bf5a-4bec-9d30-8bf6219a6084","Audio":{"timestamp":1611072623127.852,"packetsReceived":2412,"packetsLost":0},"Type":"inbound-rtp","Video":{"timestamp":1611072623127.852,"packetsReceived":68,"packetsLost":0}},{"from":"Ansh_7d76d88f-3f4d-4420-a512-a5cc2f44d116","to":"Siddharth_707e94f9-bf5a-4bec-9d30-8bf6219a6084","Audio":{"timestamp":1611072628127.684,"packetsReceived":2662,"packetsLost":0},"Type":"inbound-rtp","Video":{"timestamp":1611072628127.684,"packetsReceived":73,"packetsLost":0}},{"from":"Ansh_7d76d88f-3f4d-4420-a512-a5cc2f44d116","to":"Siddharth_707e94f9-bf5a-4bec-9d30-8bf6219a6084","Audio":{"timestamp":1611072628127.684,"packetsReceived":2662,"packetsLost":0},"Type":"inbound-rtp","Video":{"timestamp":1611072628127.684,"packetsReceived":73,"packetsLost":0}},{"from":"Ansh_7d76d88f-3f4d-4420-a512-a5cc2f44d116","to":"Siddharth_707e94f9-bf5a-4bec-9d30-8bf6219a6084","Audio":{"timestamp":1611072633127.748,"packetsReceived":2912,"packetsLost":0},"Type":"inbound-rtp","Video":{"timestamp":1611072633127.748,"packetsReceived":78,"packetsLost":0}},{"from":"Ansh_7d76d88f-3f4d-4420-a512-a5cc2f44d116","to":"Siddharth_707e94f9-bf5a-4bec-9d30-8bf6219a6084","Audio":{"timestamp":1611072633127.748,"packetsReceived":2912,"packetsLost":0},"Type":"inbound-rtp","Video":{"timestamp":1611072633127.748,"packetsReceived":78,"packetsLost":0}},{"from":"Ansh_7d76d88f-3f4d-4420-a512-a5cc2f44d116","to":"Siddharth_707e94f9-bf5a-4bec-9d30-8bf6219a6084","Audio":{"timestamp":1611072638127.88,"packetsReceived":3162,"packetsLost":0},"Type":"inbound-rtp","Video":{"timestamp":1611072638127.88,"packetsReceived":83,"packetsLost":0}},{"from":"Ansh_7d76d88f-3f4d-4420-a512-a5cc2f44d116","to":"Siddharth_707e94f9-bf5a-4bec-9d30-8bf6219a6084","Audio":{"timestamp":1611072638127.88,"packetsReceived":3162,"packetsLost":0},"Type":"inbound-rtp","Video":{"timestamp":1611072638127.88,"packetsReceived":83,"packetsLost":0}},{"from":"Ansh_7d76d88f-3f4d-4420-a512-a5cc2f44d116","to":"Siddharth_707e94f9-bf5a-4bec-9d30-8bf6219a6084","Audio":{"timestamp":1611072643127.729,"packetsReceived":3412,"packetsLost":0},"Type":"inbound-rtp","Video":{"timestamp":1611072643127.729,"packetsReceived":87,"packetsLost":0}},{"from":"Ansh_7d76d88f-3f4d-4420-a512-a5cc2f44d116","to":"Siddharth_707e94f9-bf5a-4bec-9d30-8bf6219a6084","Audio":{"timestamp":1611072643127.729,"packetsReceived":3412,"packetsLost":0},"Type":"inbound-rtp","Video":{"timestamp":1611072643127.729,"packetsReceived":87,"packetsLost":0}},{"from":"Ansh_7d76d88f-3f4d-4420-a512-a5cc2f44d116","to":"Siddharth_707e94f9-bf5a-4bec-9d30-8bf6219a6084","Audio":{"timestamp":1611072648127.71,"packetsReceived":3662,"packetsLost":0},"Type":"inbound-rtp","Video":{"timestamp":1611072648127.71,"packetsReceived":127,"packetsLost":0}},{"from":"Ansh_7d76d88f-3f4d-4420-a512-a5cc2f44d116","to":"Siddharth_707e94f9-bf5a-4bec-9d30-8bf6219a6084","Audio":{"timestamp":1611072648127.71,"packetsReceived":3662,"packetsLost":0},"Type":"inbound-rtp","Video":{"timestamp":1611072648127.71,"packetsReceived":127,"packetsLost":0}},{"from":"Ansh_7d76d88f-3f4d-4420-a512-a5cc2f44d116","to":"Siddharth_707e94f9-bf5a-4bec-9d30-8bf6219a6084","Audio":{"timestamp":1611072653127.669,"packetsReceived":3912,"packetsLost":0},"Type":"inbound-rtp","Video":{"timestamp":1611072653127.669,"packetsReceived":132,"packetsLost":0}},{"from":"Ansh_7d76d88f-3f4d-4420-a512-a5cc2f44d116","to":"Siddharth_707e94f9-bf5a-4bec-9d30-8bf6219a6084","Audio":{"timestamp":1611072653127.669,"packetsReceived":3912,"packetsLost":0},"Type":"inbound-rtp","Video":{"timestamp":1611072653127.669,"packetsReceived":132,"packetsLost":0}},{"from":"Ansh_7d76d88f-3f4d-4420-a512-a5cc2f44d116","to":"Siddharth_707e94f9-bf5a-4bec-9d30-8bf6219a6084","Audio":{"timestamp":1611072658127.746,"packetsReceived":4163,"packetsLost":0},"Type":"inbound-rtp","Video":{"timestamp":1611072658127.746,"packetsReceived":136,"packetsLost":0}},{"from":"Ansh_7d76d88f-3f4d-4420-a512-a5cc2f44d116","to":"Siddharth_707e94f9-bf5a-4bec-9d30-8bf6219a6084","Audio":{"timestamp":1611072658127.746,"packetsReceived":4163,"packetsLost":0},"Type":"inbound-rtp","Video":{"timestamp":1611072658127.746,"packetsReceived":136,"packetsLost":0}},{"from":"Ansh_7d76d88f-3f4d-4420-a512-a5cc2f44d116","to":"Siddharth_707e94f9-bf5a-4bec-9d30-8bf6219a6084","Audio":{"timestamp":1611072663127.711,"packetsReceived":4412,"packetsLost":0},"Type":"inbound-rtp","Video":{"timestamp":1611072663127.711,"packetsReceived":141,"packetsLost":0}},{"from":"Ansh_7d76d88f-3f4d-4420-a512-a5cc2f44d116","to":"Siddharth_707e94f9-bf5a-4bec-9d30-8bf6219a6084","Audio":{"timestamp":1611072663127.711,"packetsReceived":4412,"packetsLost":0},"Type":"inbound-rtp","Video":{"timestamp":1611072663127.711,"packetsReceived":141,"packetsLost":0}},{"from":"Ansh_7d76d88f-3f4d-4420-a512-a5cc2f44d116","to":"Siddharth_707e94f9-bf5a-4bec-9d30-8bf6219a6084","Audio":{"timestamp":1611072668127.871,"packetsReceived":4662,"packetsLost":0},"Type":"inbound-rtp","Video":{"timestamp":1611072668127.871,"packetsReceived":146,"packetsLost":0}},{"from":"Ansh_7d76d88f-3f4d-4420-a512-a5cc2f44d116","to":"Siddharth_707e94f9-bf5a-4bec-9d30-8bf6219a6084","Audio":{"timestamp":1611072668127.871,"packetsReceived":4662,"packetsLost":0},"Type":"inbound-rtp","Video":{"timestamp":1611072668127.871,"packetsReceived":146,"packetsLost":0}},{"from":"Ansh_7d76d88f-3f4d-4420-a512-a5cc2f44d116","to":"Siddharth_707e94f9-bf5a-4bec-9d30-8bf6219a6084","Audio":{"timestamp":1611072673127.704,"packetsReceived":4912,"packetsLost":0},"Type":"inbound-rtp","Video":{"timestamp":1611072673127.704,"packetsReceived":150,"packetsLost":0}},{"from":"Ansh_7d76d88f-3f4d-4420-a512-a5cc2f44d116","to":"Siddharth_707e94f9-bf5a-4bec-9d30-8bf6219a6084","Audio":{"timestamp":1611072673127.704,"packetsReceived":4912,"packetsLost":0},"Type":"inbound-rtp","Video":{"timestamp":1611072673127.704,"packetsReceived":150,"packetsLost":0}},{"from":"Ansh_7d76d88f-3f4d-4420-a512-a5cc2f44d116","to":"Siddharth_707e94f9-bf5a-4bec-9d30-8bf6219a6084","Audio":{"timestamp":1611072678127.843,"packetsReceived":5162,"packetsLost":0},"Type":"inbound-rtp","Video":{"timestamp":1611072678127.843,"packetsReceived":155,"packetsLost":0}},{"from":"Ansh_7d76d88f-3f4d-4420-a512-a5cc2f44d116","to":"Siddharth_707e94f9-bf5a-4bec-9d30-8bf6219a6084","Audio":{"timestamp":1611072678127.843,"packetsReceived":5162,"packetsLost":0},"Type":"inbound-rtp","Video":{"timestamp":1611072678127.843,"packetsReceived":155,"packetsLost":0}},{"from":"Ansh_7d76d88f-3f4d-4420-a512-a5cc2f44d116","to":"Siddharth_707e94f9-bf5a-4bec-9d30-8bf6219a6084","Audio":{"timestamp":1611072683127.727,"packetsReceived":5412,"packetsLost":0},"Type":"inbound-rtp","Video":{"timestamp":1611072683127.727,"packetsReceived":160,"packetsLost":0}},{"from":"Ansh_7d76d88f-3f4d-4420-a512-a5cc2f44d116","to":"Siddharth_707e94f9-bf5a-4bec-9d30-8bf6219a6084","Audio":{"timestamp":1611072683127.727,"packetsReceived":5412,"packetsLost":0},"Type":"inbound-rtp","Video":{"timestamp":1611072683127.727,"packetsReceived":160,"packetsLost":0}},{"from":"Ansh_7d76d88f-3f4d-4420-a512-a5cc2f44d116","to":"Siddharth_707e94f9-bf5a-4bec-9d30-8bf6219a6084","Audio":{"timestamp":1611072688127.775,"packetsReceived":5662,"packetsLost":0},"Type":"inbound-rtp","Video":{"timestamp":1611072688127.775,"packetsReceived":164,"packetsLost":0}},{"from":"Ansh_7d76d88f-3f4d-4420-a512-a5cc2f44d116","to":"Siddharth_707e94f9-bf5a-4bec-9d30-8bf6219a6084","Audio":{"timestamp":1611072688127.775,"packetsReceived":5662,"packetsLost":0},"Type":"inbound-rtp","Video":{"timestamp":1611072688127.775,"packetsReceived":164,"packetsLost":0}},{"from":"Ansh_7d76d88f-3f4d-4420-a512-a5cc2f44d116","to":"Siddharth_707e94f9-bf5a-4bec-9d30-8bf6219a6084","Audio":{"timestamp":1611072693127.798,"packetsReceived":5912,"packetsLost":0},"Type":"inbound-rtp","Video":{"timestamp":1611072693127.798,"packetsReceived":169,"packetsLost":0}},{"from":"Ansh_7d76d88f-3f4d-4420-a512-a5cc2f44d116","to":"Siddharth_707e94f9-bf5a-4bec-9d30-8bf6219a6084","Audio":{"timestamp":1611072693127.798,"packetsReceived":5912,"packetsLost":0},"Type":"inbound-rtp","Video":{"timestamp":1611072693127.798,"packetsReceived":169,"packetsLost":0}},{"from":"Ansh_7d76d88f-3f4d-4420-a512-a5cc2f44d116","to":"Siddharth_707e94f9-bf5a-4bec-9d30-8bf6219a6084","Audio":{"timestamp":1611072698127.797,"packetsReceived":6162,"packetsLost":0},"Type":"inbound-rtp","Video":{"timestamp":1611072698127.797,"packetsReceived":174,"packetsLost":0}},{"from":"Ansh_7d76d88f-3f4d-4420-a512-a5cc2f44d116","to":"Siddharth_707e94f9-bf5a-4bec-9d30-8bf6219a6084","Audio":{"timestamp":1611072698127.797,"packetsReceived":6162,"packetsLost":0},"Type":"inbound-rtp","Video":{"timestamp":1611072698127.797,"packetsReceived":174,"packetsLost":0}},{"from":"Ansh_7d76d88f-3f4d-4420-a512-a5cc2f44d116","to":"Siddharth_707e94f9-bf5a-4bec-9d30-8bf6219a6084","Audio":{"timestamp":1611072703127.783,"packetsReceived":6412,"packetsLost":0},"Type":"inbound-rtp","Video":{"timestamp":1611072703127.783,"packetsReceived":178,"packetsLost":0}},{"from":"Ansh_7d76d88f-3f4d-4420-a512-a5cc2f44d116","to":"Siddharth_707e94f9-bf5a-4bec-9d30-8bf6219a6084","Audio":{"timestamp":1611072703127.783,"packetsReceived":6412,"packetsLost":0},"Type":"inbound-rtp","Video":{"timestamp":1611072703127.783,"packetsReceived":178,"packetsLost":0}},{"from":"Ansh_7d76d88f-3f4d-4420-a512-a5cc2f44d116","to":"Siddharth_707e94f9-bf5a-4bec-9d30-8bf6219a6084","Audio":{"timestamp":1611072708127.746,"packetsReceived":6662,"packetsLost":0},"Type":"inbound-rtp","Video":{"timestamp":1611072708127.746,"packetsReceived":201,"packetsLost":0}},{"from":"Ansh_7d76d88f-3f4d-4420-a512-a5cc2f44d116","to":"Siddharth_707e94f9-bf5a-4bec-9d30-8bf6219a6084","Audio":{"timestamp":1611072708127.746,"packetsReceived":6662,"packetsLost":0},"Type":"inbound-rtp","Video":{"timestamp":1611072708127.746,"packetsReceived":201,"packetsLost":0}},{"from":"Ansh_7d76d88f-3f4d-4420-a512-a5cc2f44d116","to":"Siddharth_707e94f9-bf5a-4bec-9d30-8bf6219a6084","Audio":{"timestamp":1611072713127.71,"packetsReceived":6912,"packetsLost":0},"Type":"inbound-rtp","Video":{"timestamp":1611072713127.71,"packetsReceived":248,"packetsLost":0}},{"from":"Ansh_7d76d88f-3f4d-4420-a512-a5cc2f44d116","to":"Siddharth_707e94f9-bf5a-4bec-9d30-8bf6219a6084","Audio":{"timestamp":1611072713127.71,"packetsReceived":6912,"packetsLost":0},"Type":"inbound-rtp","Video":{"timestamp":1611072713127.71,"packetsReceived":248,"packetsLost":0}},{"from":"Ansh_7d76d88f-3f4d-4420-a512-a5cc2f44d116","to":"Siddharth_707e94f9-bf5a-4bec-9d30-8bf6219a6084","Audio":{"timestamp":1611072718127.921,"packetsReceived":7161,"packetsLost":0},"Type":"inbound-rtp","Video":{"timestamp":1611072718127.921,"packetsReceived":252,"packetsLost":0}},{"from":"Ansh_7d76d88f-3f4d-4420-a512-a5cc2f44d116","to":"Siddharth_707e94f9-bf5a-4bec-9d30-8bf6219a6084","Audio":{"timestamp":1611072718127.921,"packetsReceived":7161,"packetsLost":0},"Type":"inbound-rtp","Video":{"timestamp":1611072718127.921,"packetsReceived":252,"packetsLost":0}},{"from":"Ansh_7d76d88f-3f4d-4420-a512-a5cc2f44d116","to":"Siddharth_707e94f9-bf5a-4bec-9d30-8bf6219a6084","Audio":{"timestamp":1611072723127.71,"packetsReceived":7412,"packetsLost":0},"Type":"inbound-rtp","Video":{"timestamp":1611072723127.71,"packetsReceived":294,"packetsLost":0}},{"from":"Ansh_7d76d88f-3f4d-4420-a512-a5cc2f44d116","to":"Siddharth_707e94f9-bf5a-4bec-9d30-8bf6219a6084","Audio":{"timestamp":1611072723127.71,"packetsReceived":7412,"packetsLost":0},"Type":"inbound-rtp","Video":{"timestamp":1611072723127.71,"packetsReceived":294,"packetsLost":0}},{"from":"Ansh_7d76d88f-3f4d-4420-a512-a5cc2f44d116","to":"Siddharth_707e94f9-bf5a-4bec-9d30-8bf6219a6084","Audio":{"timestamp":1611072728127.737,"packetsReceived":7662,"packetsLost":0},"Type":"inbound-rtp","Video":{"timestamp":1611072728127.737,"packetsReceived":306,"packetsLost":0}},{"from":"Ansh_7d76d88f-3f4d-4420-a512-a5cc2f44d116","to":"Siddharth_707e94f9-bf5a-4bec-9d30-8bf6219a6084","Audio":{"timestamp":1611072728127.737,"packetsReceived":7662,"packetsLost":0},"Type":"inbound-rtp","Video":{"timestamp":1611072728127.737,"packetsReceived":306,"packetsLost":0}},{"from":"Ansh_7d76d88f-3f4d-4420-a512-a5cc2f44d116","to":"Siddharth_707e94f9-bf5a-4bec-9d30-8bf6219a6084","Audio":{"timestamp":1611072733128.06,"packetsReceived":7912,"packetsLost":0},"Type":"inbound-rtp","Video":{"timestamp":1611072733128.06,"packetsReceived":311,"packetsLost":0}},{"from":"Ansh_7d76d88f-3f4d-4420-a512-a5cc2f44d116","to":"Siddharth_707e94f9-bf5a-4bec-9d30-8bf6219a6084","Audio":{"timestamp":1611072733128.06,"packetsReceived":7912,"packetsLost":0},"Type":"inbound-rtp","Video":{"timestamp":1611072733128.06,"packetsReceived":311,"packetsLost":0}},{"from":"Ansh_7d76d88f-3f4d-4420-a512-a5cc2f44d116","to":"Siddharth_707e94f9-bf5a-4bec-9d30-8bf6219a6084","Audio":{"timestamp":1611072738127.715,"packetsReceived":8162,"packetsLost":0},"Type":"inbound-rtp","Video":{"timestamp":1611072738127.715,"packetsReceived":316,"packetsLost":0}},{"from":"Ansh_7d76d88f-3f4d-4420-a512-a5cc2f44d116","to":"Siddharth_707e94f9-bf5a-4bec-9d30-8bf6219a6084","Audio":{"timestamp":1611072738127.715,"packetsReceived":8162,"packetsLost":0},"Type":"inbound-rtp","Video":{"timestamp":1611072738127.715,"packetsReceived":316,"packetsLost":0}},{"from":"Ansh_7d76d88f-3f4d-4420-a512-a5cc2f44d116","to":"Siddharth_707e94f9-bf5a-4bec-9d30-8bf6219a6084","Audio":{"timestamp":1611072743127.726,"packetsReceived":8412,"packetsLost":0},"Type":"inbound-rtp","Video":{"timestamp":1611072743127.726,"packetsReceived":321,"packetsLost":0}},{"from":"Ansh_7d76d88f-3f4d-4420-a512-a5cc2f44d116","to":"Siddharth_707e94f9-bf5a-4bec-9d30-8bf6219a6084","Audio":{"timestamp":1611072743127.726,"packetsReceived":8412,"packetsLost":0},"Type":"inbound-rtp","Video":{"timestamp":1611072743127.726,"packetsReceived":321,"packetsLost":0}},{"from":"Ansh_7d76d88f-3f4d-4420-a512-a5cc2f44d116","to":"Siddharth_707e94f9-bf5a-4bec-9d30-8bf6219a6084","Audio":{"timestamp":1611072748128.285,"packetsReceived":8662,"packetsLost":0},"Type":"inbound-rtp","Video":{"timestamp":1611072748128.285,"packetsReceived":325,"packetsLost":0}},{"from":"Ansh_7d76d88f-3f4d-4420-a512-a5cc2f44d116","to":"Siddharth_707e94f9-bf5a-4bec-9d30-8bf6219a6084","Audio":{"timestamp":1611072748128.285,"packetsReceived":8662,"packetsLost":0},"Type":"inbound-rtp","Video":{"timestamp":1611072748128.285,"packetsReceived":325,"packetsLost":0}},{"from":"Ansh_7d76d88f-3f4d-4420-a512-a5cc2f44d116","to":"Siddharth_707e94f9-bf5a-4bec-9d30-8bf6219a6084","Audio":{"timestamp":1611072753127.695,"packetsReceived":8912,"packetsLost":0},"Type":"inbound-rtp","Video":{"timestamp":1611072753127.695,"packetsReceived":330,"packetsLost":0}},{"from":"Ansh_7d76d88f-3f4d-4420-a512-a5cc2f44d116","to":"Siddharth_707e94f9-bf5a-4bec-9d30-8bf6219a6084","Audio":{"timestamp":1611072753127.695,"packetsReceived":8912,"packetsLost":0},"Type":"inbound-rtp","Video":{"timestamp":1611072753127.695,"packetsReceived":330,"packetsLost":0}},{"from":"Ansh_7d76d88f-3f4d-4420-a512-a5cc2f44d116","to":"Siddharth_707e94f9-bf5a-4bec-9d30-8bf6219a6084","Audio":{"timestamp":1611072758127.713,"packetsReceived":9162,"packetsLost":0},"Type":"inbound-rtp","Video":{"timestamp":1611072758127.713,"packetsReceived":335,"packetsLost":0}},{"from":"Ansh_7d76d88f-3f4d-4420-a512-a5cc2f44d116","to":"Siddharth_707e94f9-bf5a-4bec-9d30-8bf6219a6084","Audio":{"timestamp":1611072758127.713,"packetsReceived":9162,"packetsLost":0},"Type":"inbound-rtp","Video":{"timestamp":1611072758127.713,"packetsReceived":335,"packetsLost":0}},{"from":"Ansh_7d76d88f-3f4d-4420-a512-a5cc2f44d116","to":"Siddharth_707e94f9-bf5a-4bec-9d30-8bf6219a6084","Audio":{"timestamp":1611072763127.836,"packetsReceived":9412,"packetsLost":0},"Type":"inbound-rtp","Video":{"timestamp":1611072763127.836,"packetsReceived":339,"packetsLost":0}},{"from":"Ansh_7d76d88f-3f4d-4420-a512-a5cc2f44d116","to":"Siddharth_707e94f9-bf5a-4bec-9d30-8bf6219a6084","Audio":{"timestamp":1611072763127.836,"packetsReceived":9412,"packetsLost":0},"Type":"inbound-rtp","Video":{"timestamp":1611072763127.836,"packetsReceived":339,"packetsLost":0}},{"from":"Ansh_7d76d88f-3f4d-4420-a512-a5cc2f44d116","to":"Siddharth_707e94f9-bf5a-4bec-9d30-8bf6219a6084","Audio":{"timestamp":1611072768127.745,"packetsReceived":9662,"packetsLost":0},"Type":"inbound-rtp","Video":{"timestamp":1611072768127.745,"packetsReceived":344,"packetsLost":0}},{"from":"Ansh_7d76d88f-3f4d-4420-a512-a5cc2f44d116","to":"Siddharth_707e94f9-bf5a-4bec-9d30-8bf6219a6084","Audio":{"timestamp":1611072768127.745,"packetsReceived":9662,"packetsLost":0},"Type":"inbound-rtp","Video":{"timestamp":1611072768127.745,"packetsReceived":344,"packetsLost":0}},{"from":"Ansh_7d76d88f-3f4d-4420-a512-a5cc2f44d116","to":"Siddharth_707e94f9-bf5a-4bec-9d30-8bf6219a6084","Audio":{"timestamp":1611072773128.161,"packetsReceived":9912,"packetsLost":0},"Type":"inbound-rtp","Video":{"timestamp":1611072773128.161,"packetsReceived":402,"packetsLost":0}},{"from":"Ansh_7d76d88f-3f4d-4420-a512-a5cc2f44d116","to":"Siddharth_707e94f9-bf5a-4bec-9d30-8bf6219a6084","Audio":{"timestamp":1611072773128.161,"packetsReceived":9912,"packetsLost":0},"Type":"inbound-rtp","Video":{"timestamp":1611072773128.161,"packetsReceived":402,"packetsLost":0}},{"from":"Ansh_7d76d88f-3f4d-4420-a512-a5cc2f44d116","to":"Siddharth_707e94f9-bf5a-4bec-9d30-8bf6219a6084","Audio":{"timestamp":1611072778127.671,"packetsReceived":10162,"packetsLost":0},"Type":"inbound-rtp","Video":{"timestamp":1611072778127.671,"packetsReceived":415,"packetsLost":0}},{"from":"Ansh_7d76d88f-3f4d-4420-a512-a5cc2f44d116","to":"Siddharth_707e94f9-bf5a-4bec-9d30-8bf6219a6084","Audio":{"timestamp":1611072778127.671,"packetsReceived":10162,"packetsLost":0},"Type":"inbound-rtp","Video":{"timestamp":1611072778127.671,"packetsReceived":415,"packetsLost":0}},{"from":"Ansh_7d76d88f-3f4d-4420-a512-a5cc2f44d116","to":"Siddharth_707e94f9-bf5a-4bec-9d30-8bf6219a6084","Audio":{"timestamp":1611072783127.82,"packetsReceived":10412,"packetsLost":0},"Type":"inbound-rtp","Video":{"timestamp":1611072783127.82,"packetsReceived":419,"packetsLost":0}},{"from":"Ansh_7d76d88f-3f4d-4420-a512-a5cc2f44d116","to":"Siddharth_707e94f9-bf5a-4bec-9d30-8bf6219a6084","Audio":{"timestamp":1611072783127.82,"packetsReceived":10412,"packetsLost":0},"Type":"inbound-rtp","Video":{"timestamp":1611072783127.82,"packetsReceived":419,"packetsLost":0}},{"from":"Ansh_7d76d88f-3f4d-4420-a512-a5cc2f44d116","to":"Siddharth_707e94f9-bf5a-4bec-9d30-8bf6219a6084","Audio":{"timestamp":1611072788127.708,"packetsReceived":10662,"packetsLost":0},"Type":"inbound-rtp","Video":{"timestamp":1611072788127.708,"packetsReceived":424,"packetsLost":0}},{"from":"Ansh_7d76d88f-3f4d-4420-a512-a5cc2f44d116","to":"Siddharth_707e94f9-bf5a-4bec-9d30-8bf6219a6084","Audio":{"timestamp":1611072788127.708,"packetsReceived":10662,"packetsLost":0},"Type":"inbound-rtp","Video":{"timestamp":1611072788127.708,"packetsReceived":424,"packetsLost":0}},{"from":"Ansh_7d76d88f-3f4d-4420-a512-a5cc2f44d116","to":"Siddharth_707e94f9-bf5a-4bec-9d30-8bf6219a6084","Audio":{"timestamp":1611072793127.718,"packetsReceived":10912,"packetsLost":0},"Type":"inbound-rtp","Video":{"timestamp":1611072793127.718,"packetsReceived":429,"packetsLost":0}},{"from":"Ansh_7d76d88f-3f4d-4420-a512-a5cc2f44d116","to":"Siddharth_707e94f9-bf5a-4bec-9d30-8bf6219a6084","Audio":{"timestamp":1611072793127.718,"packetsReceived":10912,"packetsLost":0},"Type":"inbound-rtp","Video":{"timestamp":1611072793127.718,"packetsReceived":429,"packetsLost":0}},{"from":"Ansh_7d76d88f-3f4d-4420-a512-a5cc2f44d116","to":"Siddharth_707e94f9-bf5a-4bec-9d30-8bf6219a6084","Audio":{"timestamp":1611072798127.763,"packetsReceived":11162,"packetsLost":0},"Type":"inbound-rtp","Video":{"timestamp":1611072798127.763,"packetsReceived":433,"packetsLost":0}},{"from":"Ansh_7d76d88f-3f4d-4420-a512-a5cc2f44d116","to":"Siddharth_707e94f9-bf5a-4bec-9d30-8bf6219a6084","Audio":{"timestamp":1611072798127.763,"packetsReceived":11162,"packetsLost":0},"Type":"inbound-rtp","Video":{"timestamp":1611072798127.763,"packetsReceived":433,"packetsLost":0}},{"from":"Ansh_7d76d88f-3f4d-4420-a512-a5cc2f44d116","to":"Siddharth_707e94f9-bf5a-4bec-9d30-8bf6219a6084","Audio":{"timestamp":1611072803127.719,"packetsReceived":11412,"packetsLost":0},"Type":"inbound-rtp","Video":{"timestamp":1611072803127.719,"packetsReceived":438,"packetsLost":0}},{"from":"Ansh_7d76d88f-3f4d-4420-a512-a5cc2f44d116","to":"Siddharth_707e94f9-bf5a-4bec-9d30-8bf6219a6084","Audio":{"timestamp":1611072803127.719,"packetsReceived":11412,"packetsLost":0},"Type":"inbound-rtp","Video":{"timestamp":1611072803127.719,"packetsReceived":438,"packetsLost":0}},{"from":"Ansh_7d76d88f-3f4d-4420-a512-a5cc2f44d116","to":"Siddharth_707e94f9-bf5a-4bec-9d30-8bf6219a6084","Audio":{"timestamp":1611072808127.736,"packetsReceived":11662,"packetsLost":0},"Type":"inbound-rtp","Video":{"timestamp":1611072808127.736,"packetsReceived":443,"packetsLost":0}},{"from":"Ansh_7d76d88f-3f4d-4420-a512-a5cc2f44d116","to":"Siddharth_707e94f9-bf5a-4bec-9d30-8bf6219a6084","Audio":{"timestamp":1611072808127.736,"packetsReceived":11662,"packetsLost":0},"Type":"inbound-rtp","Video":{"timestamp":1611072808127.736,"packetsReceived":443,"packetsLost":0}},{"from":"Ansh_7d76d88f-3f4d-4420-a512-a5cc2f44d116","to":"Siddharth_707e94f9-bf5a-4bec-9d30-8bf6219a6084","Audio":{"timestamp":1611072813128.397,"packetsReceived":11912,"packetsLost":0},"Type":"inbound-rtp","Video":{"timestamp":1611072813128.397,"packetsReceived":447,"packetsLost":0}},{"from":"Ansh_7d76d88f-3f4d-4420-a512-a5cc2f44d116","to":"Siddharth_707e94f9-bf5a-4bec-9d30-8bf6219a6084","Audio":{"timestamp":1611072813128.397,"packetsReceived":11912,"packetsLost":0},"Type":"inbound-rtp","Video":{"timestamp":1611072813128.397,"packetsReceived":447,"packetsLost":0}},{"from":"Ansh_7d76d88f-3f4d-4420-a512-a5cc2f44d116","to":"Siddharth_707e94f9-bf5a-4bec-9d30-8bf6219a6084","Audio":{"timestamp":1611072818127.732,"packetsReceived":12162,"packetsLost":0},"Type":"inbound-rtp","Video":{"timestamp":1611072818127.732,"packetsReceived":452,"packetsLost":0}},{"from":"Ansh_7d76d88f-3f4d-4420-a512-a5cc2f44d116","to":"Siddharth_707e94f9-bf5a-4bec-9d30-8bf6219a6084","Audio":{"timestamp":1611072818127.732,"packetsReceived":12162,"packetsLost":0},"Type":"inbound-rtp","Video":{"timestamp":1611072818127.732,"packetsReceived":452,"packetsLost":0}},{"from":"Ansh_7d76d88f-3f4d-4420-a512-a5cc2f44d116","to":"Siddharth_707e94f9-bf5a-4bec-9d30-8bf6219a6084","Audio":{"timestamp":1611072823127.744,"packetsReceived":12412,"packetsLost":0},"Type":"inbound-rtp","Video":{"timestamp":1611072823127.744,"packetsReceived":457,"packetsLost":0}},{"from":"Ansh_7d76d88f-3f4d-4420-a512-a5cc2f44d116","to":"Siddharth_707e94f9-bf5a-4bec-9d30-8bf6219a6084","Audio":{"timestamp":1611072823127.744,"packetsReceived":12412,"packetsLost":0},"Type":"inbound-rtp","Video":{"timestamp":1611072823127.744,"packetsReceived":457,"packetsLost":0}},{"from":"Ansh_7d76d88f-3f4d-4420-a512-a5cc2f44d116","to":"Siddharth_707e94f9-bf5a-4bec-9d30-8bf6219a6084","Audio":{"timestamp":1611072828127.757,"packetsReceived":12662,"packetsLost":0},"Type":"inbound-rtp","Video":{"timestamp":1611072828127.757,"packetsReceived":461,"packetsLost":0}},{"from":"Ansh_7d76d88f-3f4d-4420-a512-a5cc2f44d116","to":"Siddharth_707e94f9-bf5a-4bec-9d30-8bf6219a6084","Audio":{"timestamp":1611072828127.757,"packetsReceived":12662,"packetsLost":0},"Type":"inbound-rtp","Video":{"timestamp":1611072828127.757,"packetsReceived":461,"packetsLost":0}},{"from":"Ansh_7d76d88f-3f4d-4420-a512-a5cc2f44d116","to":"Siddharth_707e94f9-bf5a-4bec-9d30-8bf6219a6084","Audio":{"timestamp":1611072833127.73,"packetsReceived":12912,"packetsLost":0},"Type":"inbound-rtp","Video":{"timestamp":1611072833127.73,"packetsReceived":466,"packetsLost":0}},{"from":"Ansh_7d76d88f-3f4d-4420-a512-a5cc2f44d116","to":"Siddharth_707e94f9-bf5a-4bec-9d30-8bf6219a6084","Audio":{"timestamp":1611072833127.73,"packetsReceived":12912,"packetsLost":0},"Type":"inbound-rtp","Video":{"timestamp":1611072833127.73,"packetsReceived":466,"packetsLost":0}},{"from":"Ansh_7d76d88f-3f4d-4420-a512-a5cc2f44d116","to":"Siddharth_707e94f9-bf5a-4bec-9d30-8bf6219a6084","Audio":{"timestamp":1611072838127.734,"packetsReceived":13162,"packetsLost":0},"Type":"inbound-rtp","Video":{"timestamp":1611072838127.734,"packetsReceived":601,"packetsLost":0}},{"from":"Ansh_7d76d88f-3f4d-4420-a512-a5cc2f44d116","to":"Siddharth_707e94f9-bf5a-4bec-9d30-8bf6219a6084","Audio":{"timestamp":1611072838127.734,"packetsReceived":13162,"packetsLost":0},"Type":"inbound-rtp","Video":{"timestamp":1611072838127.734,"packetsReceived":601,"packetsLost":0}},{"from":"Ansh_7d76d88f-3f4d-4420-a512-a5cc2f44d116","to":"Siddharth_707e94f9-bf5a-4bec-9d30-8bf6219a6084","Audio":{"timestamp":1611072843127.724,"packetsReceived":13412,"packetsLost":0},"Type":"inbound-rtp","Video":{"timestamp":1611072843127.724,"packetsReceived":680,"packetsLost":0}},{"from":"Ansh_7d76d88f-3f4d-4420-a512-a5cc2f44d116","to":"Siddharth_707e94f9-bf5a-4bec-9d30-8bf6219a6084","Audio":{"timestamp":1611072843127.724,"packetsReceived":13412,"packetsLost":0},"Type":"inbound-rtp","Video":{"timestamp":1611072843127.724,"packetsReceived":680,"packetsLost":0}},{"from":"Ansh_7d76d88f-3f4d-4420-a512-a5cc2f44d116","to":"Siddharth_707e94f9-bf5a-4bec-9d30-8bf6219a6084","Audio":{"timestamp":1611072848127.755,"packetsReceived":13662,"packetsLost":0},"Type":"inbound-rtp","Video":{"timestamp":1611072848127.755,"packetsReceived":705,"packetsLost":0}},{"from":"Ansh_7d76d88f-3f4d-4420-a512-a5cc2f44d116","to":"Siddharth_707e94f9-bf5a-4bec-9d30-8bf6219a6084","Audio":{"timestamp":1611072848127.755,"packetsReceived":13662,"packetsLost":0},"Type":"inbound-rtp","Video":{"timestamp":1611072848127.755,"packetsReceived":705,"packetsLost":0}},{"from":"Ansh_7d76d88f-3f4d-4420-a512-a5cc2f44d116","to":"Siddharth_707e94f9-bf5a-4bec-9d30-8bf6219a6084","Audio":{"timestamp":1611072853127.774,"packetsReceived":13912,"packetsLost":0},"Type":"inbound-rtp","Video":{"timestamp":1611072853127.774,"packetsReceived":730,"packetsLost":0}},{"from":"Ansh_7d76d88f-3f4d-4420-a512-a5cc2f44d116","to":"Siddharth_707e94f9-bf5a-4bec-9d30-8bf6219a6084","Audio":{"timestamp":1611072853127.774,"packetsReceived":13912,"packetsLost":0},"Type":"inbound-rtp","Video":{"timestamp":1611072853127.774,"packetsReceived":730,"packetsLost":0}},{"from":"Ansh_7d76d88f-3f4d-4420-a512-a5cc2f44d116","to":"Siddharth_707e94f9-bf5a-4bec-9d30-8bf6219a6084","Audio":{"timestamp":1611072858127.791,"packetsReceived":14162,"packetsLost":0},"Type":"inbound-rtp","Video":{"timestamp":1611072858127.791,"packetsReceived":750,"packetsLost":0}},{"from":"Ansh_7d76d88f-3f4d-4420-a512-a5cc2f44d116","to":"Siddharth_707e94f9-bf5a-4bec-9d30-8bf6219a6084","Audio":{"timestamp":1611072858127.791,"packetsReceived":14162,"packetsLost":0},"Type":"inbound-rtp","Video":{"timestamp":1611072858127.791,"packetsReceived":750,"packetsLost":0}},{"from":"Ansh_7d76d88f-3f4d-4420-a512-a5cc2f44d116","to":"Siddharth_707e94f9-bf5a-4bec-9d30-8bf6219a6084","Audio":{"timestamp":1611072863127.747,"packetsReceived":14412,"packetsLost":0},"Type":"inbound-rtp","Video":{"timestamp":1611072863127.747,"packetsReceived":848,"packetsLost":0}},{"from":"Ansh_7d76d88f-3f4d-4420-a512-a5cc2f44d116","to":"Siddharth_707e94f9-bf5a-4bec-9d30-8bf6219a6084","Audio":{"timestamp":1611072863127.747,"packetsReceived":14412,"packetsLost":0},"Type":"inbound-rtp","Video":{"timestamp":1611072863127.747,"packetsReceived":848,"packetsLost":0}},{"from":"Ansh_7d76d88f-3f4d-4420-a512-a5cc2f44d116","to":"Siddharth_707e94f9-bf5a-4bec-9d30-8bf6219a6084","Audio":{"timestamp":1611072868127.7,"packetsReceived":14662,"packetsLost":0},"Type":"inbound-rtp","Video":{"timestamp":1611072868127.7,"packetsReceived":864,"packetsLost":0}},{"from":"Ansh_7d76d88f-3f4d-4420-a512-a5cc2f44d116","to":"Siddharth_707e94f9-bf5a-4bec-9d30-8bf6219a6084","Audio":{"timestamp":1611072868127.7,"packetsReceived":14662,"packetsLost":0},"Type":"inbound-rtp","Video":{"timestamp":1611072868127.7,"packetsReceived":864,"packetsLost":0}},{"from":"Ansh_7d76d88f-3f4d-4420-a512-a5cc2f44d116","to":"Siddharth_707e94f9-bf5a-4bec-9d30-8bf6219a6084","Audio":{"timestamp":1611072873127.806,"packetsReceived":14912,"packetsLost":0},"Type":"inbound-rtp","Video":{"timestamp":1611072873127.806,"packetsReceived":876,"packetsLost":0}},{"from":"Ansh_7d76d88f-3f4d-4420-a512-a5cc2f44d116","to":"Siddharth_707e94f9-bf5a-4bec-9d30-8bf6219a6084","Audio":{"timestamp":1611072873127.806,"packetsReceived":14912,"packetsLost":0},"Type":"inbound-rtp","Video":{"timestamp":1611072873127.806,"packetsReceived":876,"packetsLost":0}},{"from":"Ansh_7d76d88f-3f4d-4420-a512-a5cc2f44d116","to":"Siddharth_707e94f9-bf5a-4bec-9d30-8bf6219a6084","Audio":{"timestamp":1611072878127.73,"packetsReceived":15162,"packetsLost":0},"Type":"inbound-rtp","Video":{"timestamp":1611072878127.73,"packetsReceived":891,"packetsLost":0}},{"from":"Ansh_7d76d88f-3f4d-4420-a512-a5cc2f44d116","to":"Siddharth_707e94f9-bf5a-4bec-9d30-8bf6219a6084","Audio":{"timestamp":1611072878127.73,"packetsReceived":15162,"packetsLost":0},"Type":"inbound-rtp","Video":{"timestamp":1611072878127.73,"packetsReceived":891,"packetsLost":0}},{"from":"Ansh_7d76d88f-3f4d-4420-a512-a5cc2f44d116","to":"Siddharth_707e94f9-bf5a-4bec-9d30-8bf6219a6084","Audio":{"timestamp":1611072883127.764,"packetsReceived":15412,"packetsLost":0},"Type":"inbound-rtp","Video":{"timestamp":1611072883127.764,"packetsReceived":905,"packetsLost":0}},{"from":"Ansh_7d76d88f-3f4d-4420-a512-a5cc2f44d116","to":"Siddharth_707e94f9-bf5a-4bec-9d30-8bf6219a6084","Audio":{"timestamp":1611072883127.764,"packetsReceived":15412,"packetsLost":0},"Type":"inbound-rtp","Video":{"timestamp":1611072883127.764,"packetsReceived":905,"packetsLost":0}},{"from":"Ansh_7d76d88f-3f4d-4420-a512-a5cc2f44d116","to":"Siddharth_707e94f9-bf5a-4bec-9d30-8bf6219a6084","Audio":{"timestamp":1611072888127.69,"packetsReceived":15662,"packetsLost":0},"Type":"inbound-rtp","Video":{"timestamp":1611072888127.69,"packetsReceived":917,"packetsLost":0}},{"from":"Ansh_7d76d88f-3f4d-4420-a512-a5cc2f44d116","to":"Siddharth_707e94f9-bf5a-4bec-9d30-8bf6219a6084","Audio":{"timestamp":1611072888127.69,"packetsReceived":15662,"packetsLost":0},"Type":"inbound-rtp","Video":{"timestamp":1611072888127.69,"packetsReceived":917,"packetsLost":0}},{"from":"Ansh_7d76d88f-3f4d-4420-a512-a5cc2f44d116","to":"Siddharth_707e94f9-bf5a-4bec-9d30-8bf6219a6084","Audio":{"timestamp":1611072893127.69,"packetsReceived":15913,"packetsLost":0},"Type":"inbound-rtp","Video":{"timestamp":1611072893127.69,"packetsReceived":932,"packetsLost":0}},{"from":"Ansh_7d76d88f-3f4d-4420-a512-a5cc2f44d116","to":"Siddharth_707e94f9-bf5a-4bec-9d30-8bf6219a6084","Audio":{"timestamp":1611072893127.69,"packetsReceived":15913,"packetsLost":0},"Type":"inbound-rtp","Video":{"timestamp":1611072893127.69,"packetsReceived":932,"packetsLost":0}},{"from":"Ansh_7d76d88f-3f4d-4420-a512-a5cc2f44d116","to":"Siddharth_707e94f9-bf5a-4bec-9d30-8bf6219a6084","Audio":{"timestamp":1611072898127.711,"packetsReceived":16162,"packetsLost":0},"Type":"inbound-rtp","Video":{"timestamp":1611072898127.711,"packetsReceived":947,"packetsLost":0}},{"from":"Ansh_7d76d88f-3f4d-4420-a512-a5cc2f44d116","to":"Siddharth_707e94f9-bf5a-4bec-9d30-8bf6219a6084","Audio":{"timestamp":1611072898127.711,"packetsReceived":16162,"packetsLost":0},"Type":"inbound-rtp","Video":{"timestamp":1611072898127.711,"packetsReceived":947,"packetsLost":0}},{"from":"Ansh_7d76d88f-3f4d-4420-a512-a5cc2f44d116","to":"Siddharth_707e94f9-bf5a-4bec-9d30-8bf6219a6084","Audio":{"timestamp":1611072903127.706,"packetsReceived":16412,"packetsLost":0},"Type":"inbound-rtp","Video":{"timestamp":1611072903127.706,"packetsReceived":961,"packetsLost":0}},{"from":"Ansh_7d76d88f-3f4d-4420-a512-a5cc2f44d116","to":"Siddharth_707e94f9-bf5a-4bec-9d30-8bf6219a6084","Audio":{"timestamp":1611072903127.706,"packetsReceived":16412,"packetsLost":0},"Type":"inbound-rtp","Video":{"timestamp":1611072903127.706,"packetsReceived":961,"packetsLost":0}},{"from":"Ansh_7d76d88f-3f4d-4420-a512-a5cc2f44d116","to":"Siddharth_707e94f9-bf5a-4bec-9d30-8bf6219a6084","Audio":{"timestamp":1611072908127.733,"packetsReceived":16662,"packetsLost":0},"Type":"inbound-rtp","Video":{"timestamp":1611072908127.733,"packetsReceived":973,"packetsLost":0}},{"from":"Ansh_7d76d88f-3f4d-4420-a512-a5cc2f44d116","to":"Siddharth_707e94f9-bf5a-4bec-9d30-8bf6219a6084","Audio":{"timestamp":1611072908127.733,"packetsReceived":16662,"packetsLost":0},"Type":"inbound-rtp","Video":{"timestamp":1611072908127.733,"packetsReceived":973,"packetsLost":0}},{"from":"Ansh_7d76d88f-3f4d-4420-a512-a5cc2f44d116","to":"Siddharth_707e94f9-bf5a-4bec-9d30-8bf6219a6084","Audio":{"timestamp":1611072913127.726,"packetsReceived":16912,"packetsLost":0},"Type":"inbound-rtp","Video":{"timestamp":1611072913127.726,"packetsReceived":988,"packetsLost":0}},{"from":"Ansh_7d76d88f-3f4d-4420-a512-a5cc2f44d116","to":"Siddharth_707e94f9-bf5a-4bec-9d30-8bf6219a6084","Audio":{"timestamp":1611072913127.726,"packetsReceived":16912,"packetsLost":0},"Type":"inbound-rtp","Video":{"timestamp":1611072913127.726,"packetsReceived":988,"packetsLost":0}},{"from":"Ansh_7d76d88f-3f4d-4420-a512-a5cc2f44d116","to":"Siddharth_707e94f9-bf5a-4bec-9d30-8bf6219a6084","Audio":{"timestamp":1611072918128.003,"packetsReceived":17162,"packetsLost":0},"Type":"inbound-rtp","Video":{"timestamp":1611072918128.003,"packetsReceived":1003,"packetsLost":0}},{"from":"Ansh_7d76d88f-3f4d-4420-a512-a5cc2f44d116","to":"Siddharth_707e94f9-bf5a-4bec-9d30-8bf6219a6084","Audio":{"timestamp":1611072918128.003,"packetsReceived":17162,"packetsLost":0},"Type":"inbound-rtp","Video":{"timestamp":1611072918128.003,"packetsReceived":1003,"packetsLost":0}},{"from":"Ansh_7d76d88f-3f4d-4420-a512-a5cc2f44d116","to":"Siddharth_707e94f9-bf5a-4bec-9d30-8bf6219a6084","Audio":{"timestamp":1611072923127.704,"packetsReceived":17412,"packetsLost":0},"Type":"inbound-rtp","Video":{"timestamp":1611072923127.704,"packetsReceived":1013,"packetsLost":0}},{"from":"Ansh_7d76d88f-3f4d-4420-a512-a5cc2f44d116","to":"Siddharth_707e94f9-bf5a-4bec-9d30-8bf6219a6084","Audio":{"timestamp":1611072923127.704,"packetsReceived":17412,"packetsLost":0},"Type":"inbound-rtp","Video":{"timestamp":1611072923127.704,"packetsReceived":1013,"packetsLost":0}},{"from":"Ansh_7d76d88f-3f4d-4420-a512-a5cc2f44d116","to":"Siddharth_707e94f9-bf5a-4bec-9d30-8bf6219a6084","Audio":{"timestamp":1611072928127.757,"packetsReceived":17662,"packetsLost":0},"Type":"inbound-rtp","Video":{"timestamp":1611072928127.757,"packetsReceived":1027,"packetsLost":0}},{"from":"Ansh_7d76d88f-3f4d-4420-a512-a5cc2f44d116","to":"Siddharth_707e94f9-bf5a-4bec-9d30-8bf6219a6084","Audio":{"timestamp":1611072928127.757,"packetsReceived":17662,"packetsLost":0},"Type":"inbound-rtp","Video":{"timestamp":1611072928127.757,"packetsReceived":1027,"packetsLost":0}},{"from":"Ansh_7d76d88f-3f4d-4420-a512-a5cc2f44d116","to":"Siddharth_707e94f9-bf5a-4bec-9d30-8bf6219a6084","Audio":{"timestamp":1611072933127.743,"packetsReceived":17912,"packetsLost":0},"Type":"inbound-rtp","Video":{"timestamp":1611072933127.743,"packetsReceived":1042,"packetsLost":0}},{"from":"Ansh_7d76d88f-3f4d-4420-a512-a5cc2f44d116","to":"Siddharth_707e94f9-bf5a-4bec-9d30-8bf6219a6084","Audio":{"timestamp":1611072933127.743,"packetsReceived":17912,"packetsLost":0},"Type":"inbound-rtp","Video":{"timestamp":1611072933127.743,"packetsReceived":1042,"packetsLost":0}},{"from":"Ansh_7d76d88f-3f4d-4420-a512-a5cc2f44d116","to":"Siddharth_707e94f9-bf5a-4bec-9d30-8bf6219a6084","Audio":{"timestamp":1611072938127.729,"packetsReceived":18162,"packetsLost":0},"Type":"inbound-rtp","Video":{"timestamp":1611072938127.729,"packetsReceived":1054,"packetsLost":0}},{"from":"Ansh_7d76d88f-3f4d-4420-a512-a5cc2f44d116","to":"Siddharth_707e94f9-bf5a-4bec-9d30-8bf6219a6084","Audio":{"timestamp":1611072938127.729,"packetsReceived":18162,"packetsLost":0},"Type":"inbound-rtp","Video":{"timestamp":1611072938127.729,"packetsReceived":1054,"packetsLost":0}},{"from":"Ansh_7d76d88f-3f4d-4420-a512-a5cc2f44d116","to":"Siddharth_707e94f9-bf5a-4bec-9d30-8bf6219a6084","Audio":{"timestamp":1611072943127.707,"packetsReceived":18412,"packetsLost":0},"Type":"inbound-rtp","Video":{"timestamp":1611072943127.707,"packetsReceived":1068,"packetsLost":0}},{"from":"Ansh_7d76d88f-3f4d-4420-a512-a5cc2f44d116","to":"Siddharth_707e94f9-bf5a-4bec-9d30-8bf6219a6084","Audio":{"timestamp":1611072943127.707,"packetsReceived":18412,"packetsLost":0},"Type":"inbound-rtp","Video":{"timestamp":1611072943127.707,"packetsReceived":1068,"packetsLost":0}},{"from":"Ansh_7d76d88f-3f4d-4420-a512-a5cc2f44d116","to":"Siddharth_707e94f9-bf5a-4bec-9d30-8bf6219a6084","Audio":{"timestamp":1611072948127.729,"packetsReceived":18662,"packetsLost":0},"Type":"inbound-rtp","Video":{"timestamp":1611072948127.729,"packetsReceived":1080,"packetsLost":0}},{"from":"Ansh_7d76d88f-3f4d-4420-a512-a5cc2f44d116","to":"Siddharth_707e94f9-bf5a-4bec-9d30-8bf6219a6084","Audio":{"timestamp":1611072948127.729,"packetsReceived":18662,"packetsLost":0},"Type":"inbound-rtp","Video":{"timestamp":1611072948127.729,"packetsReceived":1080,"packetsLost":0}},{"from":"Ansh_7d76d88f-3f4d-4420-a512-a5cc2f44d116","to":"Siddharth_707e94f9-bf5a-4bec-9d30-8bf6219a6084","Audio":{"timestamp":1611072953127.726,"packetsReceived":18912,"packetsLost":0},"Type":"inbound-rtp","Video":{"timestamp":1611072953127.726,"packetsReceived":1089,"packetsLost":0}},{"from":"Ansh_7d76d88f-3f4d-4420-a512-a5cc2f44d116","to":"Siddharth_707e94f9-bf5a-4bec-9d30-8bf6219a6084","Audio":{"timestamp":1611072953127.726,"packetsReceived":18912,"packetsLost":0},"Type":"inbound-rtp","Video":{"timestamp":1611072953127.726,"packetsReceived":1089,"packetsLost":0}},{"from":"Ansh_7d76d88f-3f4d-4420-a512-a5cc2f44d116","to":"Siddharth_707e94f9-bf5a-4bec-9d30-8bf6219a6084","Audio":{"timestamp":1611072958127.754,"packetsReceived":19162,"packetsLost":0},"Type":"inbound-rtp","Video":{"timestamp":1611072958127.754,"packetsReceived":1104,"packetsLost":0}},{"from":"Ansh_7d76d88f-3f4d-4420-a512-a5cc2f44d116","to":"Siddharth_707e94f9-bf5a-4bec-9d30-8bf6219a6084","Audio":{"timestamp":1611072958127.754,"packetsReceived":19162,"packetsLost":0},"Type":"inbound-rtp","Video":{"timestamp":1611072958127.754,"packetsReceived":1104,"packetsLost":0}},{"from":"Ansh_7d76d88f-3f4d-4420-a512-a5cc2f44d116","to":"Siddharth_707e94f9-bf5a-4bec-9d30-8bf6219a6084","Audio":{"timestamp":1611072963127.742,"packetsReceived":19412,"packetsLost":0},"Type":"inbound-rtp","Video":{"timestamp":1611072963127.742,"packetsReceived":1118,"packetsLost":0}},{"from":"Ansh_7d76d88f-3f4d-4420-a512-a5cc2f44d116","to":"Siddharth_707e94f9-bf5a-4bec-9d30-8bf6219a6084","Audio":{"timestamp":1611072963127.742,"packetsReceived":19412,"packetsLost":0},"Type":"inbound-rtp","Video":{"timestamp":1611072963127.742,"packetsReceived":1118,"packetsLost":0}},{"from":"Ansh_7d76d88f-3f4d-4420-a512-a5cc2f44d116","to":"Siddharth_707e94f9-bf5a-4bec-9d30-8bf6219a6084","Audio":{"timestamp":1611072968127.827,"packetsReceived":19662,"packetsLost":0},"Type":"inbound-rtp","Video":{"timestamp":1611072968127.827,"packetsReceived":1126,"packetsLost":0}},{"from":"Ansh_7d76d88f-3f4d-4420-a512-a5cc2f44d116","to":"Siddharth_707e94f9-bf5a-4bec-9d30-8bf6219a6084","Audio":{"timestamp":1611072968127.827,"packetsReceived":19662,"packetsLost":0},"Type":"inbound-rtp","Video":{"timestamp":1611072968127.827,"packetsReceived":1126,"packetsLost":0}},{"from":"Ansh_7d76d88f-3f4d-4420-a512-a5cc2f44d116","to":"Siddharth_707e94f9-bf5a-4bec-9d30-8bf6219a6084","Audio":{"timestamp":1611072973127.814,"packetsReceived":19912,"packetsLost":0},"Type":"inbound-rtp","Video":{"timestamp":1611072973127.814,"packetsReceived":1139,"packetsLost":0}},{"from":"Ansh_7d76d88f-3f4d-4420-a512-a5cc2f44d116","to":"Siddharth_707e94f9-bf5a-4bec-9d30-8bf6219a6084","Audio":{"timestamp":1611072973127.814,"packetsReceived":19912,"packetsLost":0},"Type":"inbound-rtp","Video":{"timestamp":1611072973127.814,"packetsReceived":1139,"packetsLost":0}},{"from":"Ansh_7d76d88f-3f4d-4420-a512-a5cc2f44d116","to":"Siddharth_707e94f9-bf5a-4bec-9d30-8bf6219a6084","Audio":{"timestamp":1611072978127.75,"packetsReceived":20162,"packetsLost":0},"Type":"inbound-rtp","Video":{"timestamp":1611072978127.75,"packetsReceived":1154,"packetsLost":0}},{"from":"Ansh_7d76d88f-3f4d-4420-a512-a5cc2f44d116","to":"Siddharth_707e94f9-bf5a-4bec-9d30-8bf6219a6084","Audio":{"timestamp":1611072978127.75,"packetsReceived":20162,"packetsLost":0},"Type":"inbound-rtp","Video":{"timestamp":1611072978127.75,"packetsReceived":1154,"packetsLost":0}},{"from":"Ansh_7d76d88f-3f4d-4420-a512-a5cc2f44d116","to":"Siddharth_707e94f9-bf5a-4bec-9d30-8bf6219a6084","Audio":{"timestamp":1611072983127.767,"packetsReceived":20413,"packetsLost":0},"Type":"inbound-rtp","Video":{"timestamp":1611072983127.767,"packetsReceived":1166,"packetsLost":0}},{"from":"Ansh_7d76d88f-3f4d-4420-a512-a5cc2f44d116","to":"Siddharth_707e94f9-bf5a-4bec-9d30-8bf6219a6084","Audio":{"timestamp":1611072983127.767,"packetsReceived":20413,"packetsLost":0},"Type":"inbound-rtp","Video":{"timestamp":1611072983127.767,"packetsReceived":1166,"packetsLost":0}},{"from":"Ansh_7d76d88f-3f4d-4420-a512-a5cc2f44d116","to":"Siddharth_707e94f9-bf5a-4bec-9d30-8bf6219a6084","Audio":{"timestamp":1611072988127.722,"packetsReceived":20662,"packetsLost":0},"Type":"inbound-rtp","Video":{"timestamp":1611072988127.722,"packetsReceived":1176,"packetsLost":0}},{"from":"Ansh_7d76d88f-3f4d-4420-a512-a5cc2f44d116","to":"Siddharth_707e94f9-bf5a-4bec-9d30-8bf6219a6084","Audio":{"timestamp":1611072988127.722,"packetsReceived":20662,"packetsLost":0},"Type":"inbound-rtp","Video":{"timestamp":1611072988127.722,"packetsReceived":1176,"packetsLost":0}},{"from":"Ansh_7d76d88f-3f4d-4420-a512-a5cc2f44d116","to":"Siddharth_707e94f9-bf5a-4bec-9d30-8bf6219a6084","Audio":{"timestamp":1611072993127.715,"packetsReceived":20912,"packetsLost":0},"Type":"inbound-rtp","Video":{"timestamp":1611072993127.715,"packetsReceived":1187,"packetsLost":0}},{"from":"Ansh_7d76d88f-3f4d-4420-a512-a5cc2f44d116","to":"Siddharth_707e94f9-bf5a-4bec-9d30-8bf6219a6084","Audio":{"timestamp":1611072993127.715,"packetsReceived":20912,"packetsLost":0},"Type":"inbound-rtp","Video":{"timestamp":1611072993127.715,"packetsReceived":1187,"packetsLost":0}},{"from":"Ansh_7d76d88f-3f4d-4420-a512-a5cc2f44d116","to":"Siddharth_707e94f9-bf5a-4bec-9d30-8bf6219a6084","Audio":{"timestamp":1611072998127.75,"packetsReceived":21162,"packetsLost":0},"Type":"inbound-rtp","Video":{"timestamp":1611072998127.75,"packetsReceived":1344,"packetsLost":0}},{"from":"Ansh_7d76d88f-3f4d-4420-a512-a5cc2f44d116","to":"Siddharth_707e94f9-bf5a-4bec-9d30-8bf6219a6084","Audio":{"timestamp":1611072998127.75,"packetsReceived":21162,"packetsLost":0},"Type":"inbound-rtp","Video":{"timestamp":1611072998127.75,"packetsReceived":1344,"packetsLost":0}},{"from":"Ansh_7d76d88f-3f4d-4420-a512-a5cc2f44d116","to":"Siddharth_707e94f9-bf5a-4bec-9d30-8bf6219a6084","Audio":{"timestamp":1611073003127.708,"packetsReceived":21412,"packetsLost":0},"Type":"inbound-rtp","Video":{"timestamp":1611073003127.708,"packetsReceived":1403,"packetsLost":0}},{"from":"Ansh_7d76d88f-3f4d-4420-a512-a5cc2f44d116","to":"Siddharth_707e94f9-bf5a-4bec-9d30-8bf6219a6084","Audio":{"timestamp":1611073003127.708,"packetsReceived":21412,"packetsLost":0},"Type":"inbound-rtp","Video":{"timestamp":1611073003127.708,"packetsReceived":1403,"packetsLost":0}},{"from":"Ansh_7d76d88f-3f4d-4420-a512-a5cc2f44d116","to":"Siddharth_707e94f9-bf5a-4bec-9d30-8bf6219a6084","Audio":{"timestamp":1611073008127.74,"packetsReceived":21662,"packetsLost":0},"Type":"inbound-rtp","Video":{"timestamp":1611073008127.74,"packetsReceived":1433,"packetsLost":0}},{"from":"Ansh_7d76d88f-3f4d-4420-a512-a5cc2f44d116","to":"Siddharth_707e94f9-bf5a-4bec-9d30-8bf6219a6084","Audio":{"timestamp":1611073008127.74,"packetsReceived":21662,"packetsLost":0},"Type":"inbound-rtp","Video":{"timestamp":1611073008127.74,"packetsReceived":1433,"packetsLost":0}},{"from":"Ansh_7d76d88f-3f4d-4420-a512-a5cc2f44d116","to":"Siddharth_707e94f9-bf5a-4bec-9d30-8bf6219a6084","Audio":{"timestamp":1611073013127.727,"packetsReceived":21912,"packetsLost":0},"Type":"inbound-rtp","Video":{"timestamp":1611073013127.727,"packetsReceived":1456,"packetsLost":0}},{"from":"Ansh_7d76d88f-3f4d-4420-a512-a5cc2f44d116","to":"Siddharth_707e94f9-bf5a-4bec-9d30-8bf6219a6084","Audio":{"timestamp":1611073013127.727,"packetsReceived":21912,"packetsLost":0},"Type":"inbound-rtp","Video":{"timestamp":1611073013127.727,"packetsReceived":1456,"packetsLost":0}},{"from":"Ansh_7d76d88f-3f4d-4420-a512-a5cc2f44d116","to":"Siddharth_707e94f9-bf5a-4bec-9d30-8bf6219a6084","Audio":{"timestamp":1611073018127.74,"packetsReceived":22162,"packetsLost":0},"Type":"inbound-rtp","Video":{"timestamp":1611073018127.74,"packetsReceived":1483,"packetsLost":0}},{"from":"Ansh_7d76d88f-3f4d-4420-a512-a5cc2f44d116","to":"Siddharth_707e94f9-bf5a-4bec-9d30-8bf6219a6084","Audio":{"timestamp":1611073018127.74,"packetsReceived":22162,"packetsLost":0},"Type":"inbound-rtp","Video":{"timestamp":1611073018127.74,"packetsReceived":1483,"packetsLost":0}},{"from":"Ansh_7d76d88f-3f4d-4420-a512-a5cc2f44d116","to":"Siddharth_707e94f9-bf5a-4bec-9d30-8bf6219a6084","Audio":{"timestamp":1611073023127.77,"packetsReceived":22412,"packetsLost":0},"Type":"inbound-rtp","Video":{"timestamp":1611073023127.77,"packetsReceived":1512,"packetsLost":0}},{"from":"Ansh_7d76d88f-3f4d-4420-a512-a5cc2f44d116","to":"Siddharth_707e94f9-bf5a-4bec-9d30-8bf6219a6084","Audio":{"timestamp":1611073023127.77,"packetsReceived":22412,"packetsLost":0},"Type":"inbound-rtp","Video":{"timestamp":1611073023127.77,"packetsReceived":1512,"packetsLost":0}},{"from":"Ansh_7d76d88f-3f4d-4420-a512-a5cc2f44d116","to":"Siddharth_707e94f9-bf5a-4bec-9d30-8bf6219a6084","Audio":{"timestamp":1611073028127.784,"packetsReceived":22662,"packetsLost":0},"Type":"inbound-rtp","Video":{"timestamp":1611073028127.784,"packetsReceived":1536,"packetsLost":0}},{"from":"Ansh_7d76d88f-3f4d-4420-a512-a5cc2f44d116","to":"Siddharth_707e94f9-bf5a-4bec-9d30-8bf6219a6084","Audio":{"timestamp":1611073028127.784,"packetsReceived":22662,"packetsLost":0},"Type":"inbound-rtp","Video":{"timestamp":1611073028127.784,"packetsReceived":1536,"packetsLost":0}},{"from":"Ansh_7d76d88f-3f4d-4420-a512-a5cc2f44d116","to":"Siddharth_707e94f9-bf5a-4bec-9d30-8bf6219a6084","Audio":{"timestamp":1611073033127.798,"packetsReceived":22912,"packetsLost":0},"Type":"inbound-rtp","Video":{"timestamp":1611073033127.798,"packetsReceived":1567,"packetsLost":0}},{"from":"Ansh_7d76d88f-3f4d-4420-a512-a5cc2f44d116","to":"Siddharth_707e94f9-bf5a-4bec-9d30-8bf6219a6084","Audio":{"timestamp":1611073033127.798,"packetsReceived":22912,"packetsLost":0},"Type":"inbound-rtp","Video":{"timestamp":1611073033127.798,"packetsReceived":1567,"packetsLost":0}},{"from":"Ansh_7d76d88f-3f4d-4420-a512-a5cc2f44d116","to":"Siddharth_707e94f9-bf5a-4bec-9d30-8bf6219a6084","Audio":{"timestamp":1611073038127.772,"packetsReceived":23162,"packetsLost":0},"Type":"inbound-rtp","Video":{"timestamp":1611073038127.772,"packetsReceived":1593,"packetsLost":0}},{"from":"Ansh_7d76d88f-3f4d-4420-a512-a5cc2f44d116","to":"Siddharth_707e94f9-bf5a-4bec-9d30-8bf6219a6084","Audio":{"timestamp":1611073038127.772,"packetsReceived":23162,"packetsLost":0},"Type":"inbound-rtp","Video":{"timestamp":1611073038127.772,"packetsReceived":1593,"packetsLost":0}},{"from":"Ansh_7d76d88f-3f4d-4420-a512-a5cc2f44d116","to":"Siddharth_707e94f9-bf5a-4bec-9d30-8bf6219a6084","Audio":{"timestamp":1611073043127.658,"packetsReceived":23412,"packetsLost":0},"Type":"inbound-rtp","Video":{"timestamp":1611073043127.658,"packetsReceived":1616,"packetsLost":0}},{"from":"Ansh_7d76d88f-3f4d-4420-a512-a5cc2f44d116","to":"Siddharth_707e94f9-bf5a-4bec-9d30-8bf6219a6084","Audio":{"timestamp":1611073043127.658,"packetsReceived":23412,"packetsLost":0},"Type":"inbound-rtp","Video":{"timestamp":1611073043127.658,"packetsReceived":1616,"packetsLost":0}},{"from":"Ansh_7d76d88f-3f4d-4420-a512-a5cc2f44d116","to":"Siddharth_707e94f9-bf5a-4bec-9d30-8bf6219a6084","Audio":{"timestamp":1611073048127.722,"packetsReceived":23662,"packetsLost":0},"Type":"inbound-rtp","Video":{"timestamp":1611073048127.722,"packetsReceived":1646,"packetsLost":0}},{"from":"Ansh_7d76d88f-3f4d-4420-a512-a5cc2f44d116","to":"Siddharth_707e94f9-bf5a-4bec-9d30-8bf6219a6084","Audio":{"timestamp":1611073048127.722,"packetsReceived":23662,"packetsLost":0},"Type":"inbound-rtp","Video":{"timestamp":1611073048127.722,"packetsReceived":1646,"packetsLost":0}},{"from":"Ansh_7d76d88f-3f4d-4420-a512-a5cc2f44d116","to":"Siddharth_707e94f9-bf5a-4bec-9d30-8bf6219a6084","Audio":{"timestamp":1611073053127.724,"packetsReceived":23912,"packetsLost":0},"Type":"inbound-rtp","Video":{"timestamp":1611073053127.724,"packetsReceived":1674,"packetsLost":0}},{"from":"Ansh_7d76d88f-3f4d-4420-a512-a5cc2f44d116","to":"Siddharth_707e94f9-bf5a-4bec-9d30-8bf6219a6084","Audio":{"timestamp":1611073053127.724,"packetsReceived":23912,"packetsLost":0},"Type":"inbound-rtp","Video":{"timestamp":1611073053127.724,"packetsReceived":1674,"packetsLost":0}},{"from":"Ansh_7d76d88f-3f4d-4420-a512-a5cc2f44d116","to":"Siddharth_707e94f9-bf5a-4bec-9d30-8bf6219a6084","Audio":{"timestamp":1611073058127.688,"packetsReceived":24162,"packetsLost":0},"Type":"inbound-rtp","Video":{"timestamp":1611073058127.688,"packetsReceived":1694,"packetsLost":0}},{"from":"Ansh_7d76d88f-3f4d-4420-a512-a5cc2f44d116","to":"Siddharth_707e94f9-bf5a-4bec-9d30-8bf6219a6084","Audio":{"timestamp":1611073058127.688,"packetsReceived":24162,"packetsLost":0},"Type":"inbound-rtp","Video":{"timestamp":1611073058127.688,"packetsReceived":1694,"packetsLost":0}},{"from":"Ansh_7d76d88f-3f4d-4420-a512-a5cc2f44d116","to":"Siddharth_707e94f9-bf5a-4bec-9d30-8bf6219a6084","Audio":{"timestamp":1611073063127.678,"packetsReceived":24412,"packetsLost":0},"Type":"inbound-rtp","Video":{"timestamp":1611073063127.678,"packetsReceived":1720,"packetsLost":0}},{"from":"Ansh_7d76d88f-3f4d-4420-a512-a5cc2f44d116","to":"Siddharth_707e94f9-bf5a-4bec-9d30-8bf6219a6084","Audio":{"timestamp":1611073063127.678,"packetsReceived":24412,"packetsLost":0},"Type":"inbound-rtp","Video":{"timestamp":1611073063127.678,"packetsReceived":1720,"packetsLost":0}},{"from":"Ansh_7d76d88f-3f4d-4420-a512-a5cc2f44d116","to":"Siddharth_707e94f9-bf5a-4bec-9d30-8bf6219a6084","Audio":{"timestamp":1611073068127.712,"packetsReceived":24662,"packetsLost":0},"Type":"inbound-rtp","Video":{"timestamp":1611073068127.712,"packetsReceived":1748,"packetsLost":0}},{"from":"Ansh_7d76d88f-3f4d-4420-a512-a5cc2f44d116","to":"Siddharth_707e94f9-bf5a-4bec-9d30-8bf6219a6084","Audio":{"timestamp":1611073068127.712,"packetsReceived":24662,"packetsLost":0},"Type":"inbound-rtp","Video":{"timestamp":1611073068127.712,"packetsReceived":1748,"packetsLost":0}},{"from":"Ansh_7d76d88f-3f4d-4420-a512-a5cc2f44d116","to":"Siddharth_707e94f9-bf5a-4bec-9d30-8bf6219a6084","Audio":{"timestamp":1611073073127.758,"packetsReceived":24912,"packetsLost":0},"Type":"inbound-rtp","Video":{"timestamp":1611073073127.758,"packetsReceived":1776,"packetsLost":0}},{"from":"Ansh_7d76d88f-3f4d-4420-a512-a5cc2f44d116","to":"Siddharth_707e94f9-bf5a-4bec-9d30-8bf6219a6084","Audio":{"timestamp":1611073073127.758,"packetsReceived":24912,"packetsLost":0},"Type":"inbound-rtp","Video":{"timestamp":1611073073127.758,"packetsReceived":1776,"packetsLost":0}},{"from":"Ansh_7d76d88f-3f4d-4420-a512-a5cc2f44d116","to":"Siddharth_707e94f9-bf5a-4bec-9d30-8bf6219a6084","Audio":{"timestamp":1611073078127.715,"packetsReceived":25162,"packetsLost":0},"Type":"inbound-rtp","Video":{"timestamp":1611073078127.715,"packetsReceived":1796,"packetsLost":0}},{"from":"Ansh_7d76d88f-3f4d-4420-a512-a5cc2f44d116","to":"Siddharth_707e94f9-bf5a-4bec-9d30-8bf6219a6084","Audio":{"timestamp":1611073078127.715,"packetsReceived":25162,"packetsLost":0},"Type":"inbound-rtp","Video":{"timestamp":1611073078127.715,"packetsReceived":1796,"packetsLost":0}},{"from":"Ansh_7d76d88f-3f4d-4420-a512-a5cc2f44d116","to":"Siddharth_707e94f9-bf5a-4bec-9d30-8bf6219a6084","Audio":{"timestamp":1611073083127.72,"packetsReceived":25412,"packetsLost":0},"Type":"inbound-rtp","Video":{"timestamp":1611073083127.72,"packetsReceived":1823,"packetsLost":0}},{"from":"Ansh_7d76d88f-3f4d-4420-a512-a5cc2f44d116","to":"Siddharth_707e94f9-bf5a-4bec-9d30-8bf6219a6084","Audio":{"timestamp":1611073083127.72,"packetsReceived":25412,"packetsLost":0},"Type":"inbound-rtp","Video":{"timestamp":1611073083127.72,"packetsReceived":1823,"packetsLost":0}},{"from":"Ansh_7d76d88f-3f4d-4420-a512-a5cc2f44d116","to":"Siddharth_707e94f9-bf5a-4bec-9d30-8bf6219a6084","Audio":{"timestamp":1611073088127.767,"packetsReceived":25662,"packetsLost":0},"Type":"inbound-rtp","Video":{"timestamp":1611073088127.767,"packetsReceived":1851,"packetsLost":0}},{"from":"Ansh_7d76d88f-3f4d-4420-a512-a5cc2f44d116","to":"Siddharth_707e94f9-bf5a-4bec-9d30-8bf6219a6084","Audio":{"timestamp":1611073088127.767,"packetsReceived":25662,"packetsLost":0},"Type":"inbound-rtp","Video":{"timestamp":1611073088127.767,"packetsReceived":1851,"packetsLost":0}},{"from":"Ansh_7d76d88f-3f4d-4420-a512-a5cc2f44d116","to":"Siddharth_707e94f9-bf5a-4bec-9d30-8bf6219a6084","Audio":{"timestamp":1611073093127.794,"packetsReceived":25912,"packetsLost":0},"Type":"inbound-rtp","Video":{"timestamp":1611073093127.794,"packetsReceived":1874,"packetsLost":0}},{"from":"Ansh_7d76d88f-3f4d-4420-a512-a5cc2f44d116","to":"Siddharth_707e94f9-bf5a-4bec-9d30-8bf6219a6084","Audio":{"timestamp":1611073093127.794,"packetsReceived":25912,"packetsLost":0},"Type":"inbound-rtp","Video":{"timestamp":1611073093127.794,"packetsReceived":1874,"packetsLost":0}},{"from":"Ansh_7d76d88f-3f4d-4420-a512-a5cc2f44d116","to":"Siddharth_707e94f9-bf5a-4bec-9d30-8bf6219a6084","Audio":{"timestamp":1611073098127.736,"packetsReceived":26162,"packetsLost":0},"Type":"inbound-rtp","Video":{"timestamp":1611073098127.736,"packetsReceived":1899,"packetsLost":0}},{"from":"Ansh_7d76d88f-3f4d-4420-a512-a5cc2f44d116","to":"Siddharth_707e94f9-bf5a-4bec-9d30-8bf6219a6084","Audio":{"timestamp":1611073098127.736,"packetsReceived":26162,"packetsLost":0},"Type":"inbound-rtp","Video":{"timestamp":1611073098127.736,"packetsReceived":1899,"packetsLost":0}},{"from":"Ansh_7d76d88f-3f4d-4420-a512-a5cc2f44d116","to":"Siddharth_707e94f9-bf5a-4bec-9d30-8bf6219a6084","Audio":{"timestamp":1611073103127.729,"packetsReceived":26412,"packetsLost":0},"Type":"inbound-rtp","Video":{"timestamp":1611073103127.729,"packetsReceived":1926,"packetsLost":0}},{"from":"Ansh_7d76d88f-3f4d-4420-a512-a5cc2f44d116","to":"Siddharth_707e94f9-bf5a-4bec-9d30-8bf6219a6084","Audio":{"timestamp":1611073103127.729,"packetsReceived":26412,"packetsLost":0},"Type":"inbound-rtp","Video":{"timestamp":1611073103127.729,"packetsReceived":1926,"packetsLost":0}},{"from":"Ansh_7d76d88f-3f4d-4420-a512-a5cc2f44d116","to":"Siddharth_707e94f9-bf5a-4bec-9d30-8bf6219a6084","Audio":{"timestamp":1611073108127.735,"packetsReceived":26662,"packetsLost":0},"Type":"inbound-rtp","Video":{"timestamp":1611073108127.735,"packetsReceived":1949,"packetsLost":0}},{"from":"Ansh_7d76d88f-3f4d-4420-a512-a5cc2f44d116","to":"Siddharth_707e94f9-bf5a-4bec-9d30-8bf6219a6084","Audio":{"timestamp":1611073108127.735,"packetsReceived":26662,"packetsLost":0},"Type":"inbound-rtp","Video":{"timestamp":1611073108127.735,"packetsReceived":1949,"packetsLost":0}},{"from":"Ansh_7d76d88f-3f4d-4420-a512-a5cc2f44d116","to":"Siddharth_707e94f9-bf5a-4bec-9d30-8bf6219a6084","Audio":{"timestamp":1611073113127.695,"packetsReceived":26912,"packetsLost":0},"Type":"inbound-rtp","Video":{"timestamp":1611073113127.695,"packetsReceived":1978,"packetsLost":0}},{"from":"Ansh_7d76d88f-3f4d-4420-a512-a5cc2f44d116","to":"Siddharth_707e94f9-bf5a-4bec-9d30-8bf6219a6084","Audio":{"timestamp":1611073113127.695,"packetsReceived":26912,"packetsLost":0},"Type":"inbound-rtp","Video":{"timestamp":1611073113127.695,"packetsReceived":1978,"packetsLost":0}},{"from":"Ansh_7d76d88f-3f4d-4420-a512-a5cc2f44d116","to":"Siddharth_707e94f9-bf5a-4bec-9d30-8bf6219a6084","Audio":{"timestamp":1611073118127.725,"packetsReceived":27163,"packetsLost":0},"Type":"inbound-rtp","Video":{"timestamp":1611073118127.725,"packetsReceived":2003,"packetsLost":0}},{"from":"Ansh_7d76d88f-3f4d-4420-a512-a5cc2f44d116","to":"Siddharth_707e94f9-bf5a-4bec-9d30-8bf6219a6084","Audio":{"timestamp":1611073118127.725,"packetsReceived":27163,"packetsLost":0},"Type":"inbound-rtp","Video":{"timestamp":1611073118127.725,"packetsReceived":2003,"packetsLost":0}},{"from":"Ansh_7d76d88f-3f4d-4420-a512-a5cc2f44d116","to":"Siddharth_707e94f9-bf5a-4bec-9d30-8bf6219a6084","Audio":{"timestamp":1611073123127.716,"packetsReceived":27412,"packetsLost":0},"Type":"inbound-rtp","Video":{"timestamp":1611073123127.716,"packetsReceived":2025,"packetsLost":0}},{"from":"Ansh_7d76d88f-3f4d-4420-a512-a5cc2f44d116","to":"Siddharth_707e94f9-bf5a-4bec-9d30-8bf6219a6084","Audio":{"timestamp":1611073123127.716,"packetsReceived":27412,"packetsLost":0},"Type":"inbound-rtp","Video":{"timestamp":1611073123127.716,"packetsReceived":2025,"packetsLost":0}},{"from":"Ansh_7d76d88f-3f4d-4420-a512-a5cc2f44d116","to":"Siddharth_707e94f9-bf5a-4bec-9d30-8bf6219a6084","Audio":{"timestamp":1611073128127.671,"packetsReceived":27662,"packetsLost":0},"Type":"inbound-rtp","Video":{"timestamp":1611073128127.671,"packetsReceived":2055,"packetsLost":0}},{"from":"Ansh_7d76d88f-3f4d-4420-a512-a5cc2f44d116","to":"Siddharth_707e94f9-bf5a-4bec-9d30-8bf6219a6084","Audio":{"timestamp":1611073128127.671,"packetsReceived":27662,"packetsLost":0},"Type":"inbound-rtp","Video":{"timestamp":1611073128127.671,"packetsReceived":2055,"packetsLost":0}},{"from":"Ansh_7d76d88f-3f4d-4420-a512-a5cc2f44d116","to":"Siddharth_707e94f9-bf5a-4bec-9d30-8bf6219a6084","Audio":{"timestamp":1611073133127.709,"packetsReceived":27912,"packetsLost":0},"Type":"inbound-rtp","Video":{"timestamp":1611073133127.709,"packetsReceived":2085,"packetsLost":0}},{"from":"Ansh_7d76d88f-3f4d-4420-a512-a5cc2f44d116","to":"Siddharth_707e94f9-bf5a-4bec-9d30-8bf6219a6084","Audio":{"timestamp":1611073133127.709,"packetsReceived":27912,"packetsLost":0},"Type":"inbound-rtp","Video":{"timestamp":1611073133127.709,"packetsReceived":2085,"packetsLost":0}},{"from":"Ansh_7d76d88f-3f4d-4420-a512-a5cc2f44d116","to":"Siddharth_707e94f9-bf5a-4bec-9d30-8bf6219a6084","Audio":{"timestamp":1611073138127.759,"packetsReceived":28162,"packetsLost":0},"Type":"inbound-rtp","Video":{"timestamp":1611073138127.759,"packetsReceived":2107,"packetsLost":0}},{"from":"Ansh_7d76d88f-3f4d-4420-a512-a5cc2f44d116","to":"Siddharth_707e94f9-bf5a-4bec-9d30-8bf6219a6084","Audio":{"timestamp":1611073138127.759,"packetsReceived":28162,"packetsLost":0},"Type":"inbound-rtp","Video":{"timestamp":1611073138127.759,"packetsReceived":2107,"packetsLost":0}},{"from":"Ansh_7d76d88f-3f4d-4420-a512-a5cc2f44d116","to":"Siddharth_707e94f9-bf5a-4bec-9d30-8bf6219a6084","Audio":{"timestamp":1611073143127.668,"packetsReceived":28412,"packetsLost":0},"Type":"inbound-rtp","Video":{"timestamp":1611073143127.668,"packetsReceived":2180,"packetsLost":0}},{"from":"Ansh_7d76d88f-3f4d-4420-a512-a5cc2f44d116","to":"Siddharth_707e94f9-bf5a-4bec-9d30-8bf6219a6084","Audio":{"timestamp":1611073143127.668,"packetsReceived":28412,"packetsLost":0},"Type":"inbound-rtp","Video":{"timestamp":1611073143127.668,"packetsReceived":2180,"packetsLost":0}},{"from":"Ansh_7d76d88f-3f4d-4420-a512-a5cc2f44d116","to":"Siddharth_707e94f9-bf5a-4bec-9d30-8bf6219a6084","Audio":{"timestamp":1611073148127.843,"packetsReceived":28663,"packetsLost":0},"Type":"inbound-rtp","Video":{"timestamp":1611073148127.843,"packetsReceived":2311,"packetsLost":0}},{"from":"Ansh_7d76d88f-3f4d-4420-a512-a5cc2f44d116","to":"Siddharth_707e94f9-bf5a-4bec-9d30-8bf6219a6084","Audio":{"timestamp":1611073148127.843,"packetsReceived":28663,"packetsLost":0},"Type":"inbound-rtp","Video":{"timestamp":1611073148127.843,"packetsReceived":2311,"packetsLost":0}},{"from":"Ansh_7d76d88f-3f4d-4420-a512-a5cc2f44d116","to":"Siddharth_707e94f9-bf5a-4bec-9d30-8bf6219a6084","Audio":{"timestamp":1611073153127.827,"packetsReceived":28912,"packetsLost":0},"Type":"inbound-rtp","Video":{"timestamp":1611073153127.827,"packetsReceived":2811,"packetsLost":0}},{"from":"Ansh_7d76d88f-3f4d-4420-a512-a5cc2f44d116","to":"Siddharth_707e94f9-bf5a-4bec-9d30-8bf6219a6084","Audio":{"timestamp":1611073153127.827,"packetsReceived":28912,"packetsLost":0},"Type":"inbound-rtp","Video":{"timestamp":1611073153127.827,"packetsReceived":2811,"packetsLost":0}},{"from":"Ansh_7d76d88f-3f4d-4420-a512-a5cc2f44d116","to":"Siddharth_707e94f9-bf5a-4bec-9d30-8bf6219a6084","Audio":{"timestamp":1611073158127.693,"packetsReceived":29162,"packetsLost":0},"Type":"inbound-rtp","Video":{"timestamp":1611073158127.693,"packetsReceived":3288,"packetsLost":0}},{"from":"Ansh_7d76d88f-3f4d-4420-a512-a5cc2f44d116","to":"Siddharth_707e94f9-bf5a-4bec-9d30-8bf6219a6084","Audio":{"timestamp":1611073158127.693,"packetsReceived":29162,"packetsLost":0},"Type":"inbound-rtp","Video":{"timestamp":1611073158127.693,"packetsReceived":3288,"packetsLost":0}},{"from":"Ansh_7d76d88f-3f4d-4420-a512-a5cc2f44d116","to":"Siddharth_707e94f9-bf5a-4bec-9d30-8bf6219a6084","Audio":{"timestamp":1611073163127.967,"packetsReceived":29412,"packetsLost":0},"Type":"inbound-rtp","Video":{"timestamp":1611073163127.967,"packetsReceived":3587,"packetsLost":0}},{"from":"Ansh_7d76d88f-3f4d-4420-a512-a5cc2f44d116","to":"Siddharth_707e94f9-bf5a-4bec-9d30-8bf6219a6084","Audio":{"timestamp":1611073163127.967,"packetsReceived":29412,"packetsLost":0},"Type":"inbound-rtp","Video":{"timestamp":1611073163127.967,"packetsReceived":3587,"packetsLost":0}},{"from":"Ansh_7d76d88f-3f4d-4420-a512-a5cc2f44d116","to":"Siddharth_707e94f9-bf5a-4bec-9d30-8bf6219a6084","Audio":{"timestamp":1611073168127.969,"packetsReceived":29662,"packetsLost":0},"Type":"inbound-rtp","Video":{"timestamp":1611073168127.969,"packetsReceived":3869,"packetsLost":0}},{"from":"Ansh_7d76d88f-3f4d-4420-a512-a5cc2f44d116","to":"Siddharth_707e94f9-bf5a-4bec-9d30-8bf6219a6084","Audio":{"timestamp":1611073168127.969,"packetsReceived":29662,"packetsLost":0},"Type":"inbound-rtp","Video":{"timestamp":1611073168127.969,"packetsReceived":3869,"packetsLost":0}},{"from":"Ansh_7d76d88f-3f4d-4420-a512-a5cc2f44d116","to":"Siddharth_707e94f9-bf5a-4bec-9d30-8bf6219a6084","Audio":{"timestamp":1611073173127.663,"packetsReceived":29912,"packetsLost":0},"Type":"inbound-rtp","Video":{"timestamp":1611073173127.663,"packetsReceived":4179,"packetsLost":0}},{"from":"Ansh_7d76d88f-3f4d-4420-a512-a5cc2f44d116","to":"Siddharth_707e94f9-bf5a-4bec-9d30-8bf6219a6084","Audio":{"timestamp":1611073173127.663,"packetsReceived":29912,"packetsLost":0},"Type":"inbound-rtp","Video":{"timestamp":1611073173127.663,"packetsReceived":4179,"packetsLost":0}},{"from":"Ansh_7d76d88f-3f4d-4420-a512-a5cc2f44d116","to":"Siddharth_707e94f9-bf5a-4bec-9d30-8bf6219a6084","Audio":{"timestamp":1611073178127.92,"packetsReceived":30162,"packetsLost":0},"Type":"inbound-rtp","Video":{"timestamp":1611073178127.92,"packetsReceived":4645,"packetsLost":0}},{"from":"Ansh_7d76d88f-3f4d-4420-a512-a5cc2f44d116","to":"Siddharth_707e94f9-bf5a-4bec-9d30-8bf6219a6084","Audio":{"timestamp":1611073178127.92,"packetsReceived":30162,"packetsLost":0},"Type":"inbound-rtp","Video":{"timestamp":1611073178127.92,"packetsReceived":4645,"packetsLost":0}},{"from":"Ansh_7d76d88f-3f4d-4420-a512-a5cc2f44d116","to":"Siddharth_707e94f9-bf5a-4bec-9d30-8bf6219a6084","Audio":{"timestamp":1611073183127.696,"packetsReceived":30412,"packetsLost":0},"Type":"inbound-rtp","Video":{"timestamp":1611073183127.696,"packetsReceived":5139,"packetsLost":0}},{"from":"Ansh_7d76d88f-3f4d-4420-a512-a5cc2f44d116","to":"Siddharth_707e94f9-bf5a-4bec-9d30-8bf6219a6084","Audio":{"timestamp":1611073183127.696,"packetsReceived":30412,"packetsLost":0},"Type":"inbound-rtp","Video":{"timestamp":1611073183127.696,"packetsReceived":5139,"packetsLost":0}},{"from":"Ansh_7d76d88f-3f4d-4420-a512-a5cc2f44d116","to":"Siddharth_707e94f9-bf5a-4bec-9d30-8bf6219a6084","Audio":{"timestamp":1611073188128.048,"packetsReceived":30662,"packetsLost":0},"Type":"inbound-rtp","Video":{"timestamp":1611073188128.048,"packetsReceived":5814,"packetsLost":0}},{"from":"Ansh_7d76d88f-3f4d-4420-a512-a5cc2f44d116","to":"Siddharth_707e94f9-bf5a-4bec-9d30-8bf6219a6084","Audio":{"timestamp":1611073188128.048,"packetsReceived":30662,"packetsLost":0},"Type":"inbound-rtp","Video":{"timestamp":1611073188128.048,"packetsReceived":5814,"packetsLost":0}},{"from":"Ansh_7d76d88f-3f4d-4420-a512-a5cc2f44d116","to":"Siddharth_707e94f9-bf5a-4bec-9d30-8bf6219a6084","Audio":{"timestamp":1611073193127.708,"packetsReceived":30912,"packetsLost":0},"Type":"inbound-rtp","Video":{"timestamp":1611073193127.708,"packetsReceived":6569,"packetsLost":0}},{"from":"Ansh_7d76d88f-3f4d-4420-a512-a5cc2f44d116","to":"Siddharth_707e94f9-bf5a-4bec-9d30-8bf6219a6084","Audio":{"timestamp":1611073193127.708,"packetsReceived":30912,"packetsLost":0},"Type":"inbound-rtp","Video":{"timestamp":1611073193127.708,"packetsReceived":6569,"packetsLost":0}},{"from":"Ansh_7d76d88f-3f4d-4420-a512-a5cc2f44d116","to":"Siddharth_707e94f9-bf5a-4bec-9d30-8bf6219a6084","Audio":{"timestamp":1611073198127.716,"packetsReceived":31162,"packetsLost":0},"Type":"inbound-rtp","Video":{"timestamp":1611073198127.716,"packetsReceived":7514,"packetsLost":0}},{"from":"Ansh_7d76d88f-3f4d-4420-a512-a5cc2f44d116","to":"Siddharth_707e94f9-bf5a-4bec-9d30-8bf6219a6084","Audio":{"timestamp":1611073198127.716,"packetsReceived":31162,"packetsLost":0},"Type":"inbound-rtp","Video":{"timestamp":1611073198127.716,"packetsReceived":7514,"packetsLost":0}},{"from":"Ansh_7d76d88f-3f4d-4420-a512-a5cc2f44d116","to":"Siddharth_707e94f9-bf5a-4bec-9d30-8bf6219a6084","Audio":{"timestamp":1611073203128.053,"packetsReceived":31412,"packetsLost":0},"Type":"inbound-rtp","Video":{"timestamp":1611073203128.053,"packetsReceived":8282,"packetsLost":0}},{"from":"Ansh_7d76d88f-3f4d-4420-a512-a5cc2f44d116","to":"Siddharth_707e94f9-bf5a-4bec-9d30-8bf6219a6084","Audio":{"timestamp":1611073203128.053,"packetsReceived":31412,"packetsLost":0},"Type":"inbound-rtp","Video":{"timestamp":1611073203128.053,"packetsReceived":8282,"packetsLost":0}},{"from":"Ansh_7d76d88f-3f4d-4420-a512-a5cc2f44d116","to":"Siddharth_707e94f9-bf5a-4bec-9d30-8bf6219a6084","Audio":{"timestamp":1611073208127.673,"packetsReceived":31662,"packetsLost":0},"Type":"inbound-rtp","Video":{"timestamp":1611073208127.673,"packetsReceived":9377,"packetsLost":0}},{"from":"Ansh_7d76d88f-3f4d-4420-a512-a5cc2f44d116","to":"Siddharth_707e94f9-bf5a-4bec-9d30-8bf6219a6084","Audio":{"timestamp":1611073208127.673,"packetsReceived":31662,"packetsLost":0},"Type":"inbound-rtp","Video":{"timestamp":1611073208127.673,"packetsReceived":9377,"packetsLost":0}},{"from":"Ansh_7d76d88f-3f4d-4420-a512-a5cc2f44d116","to":"Siddharth_707e94f9-bf5a-4bec-9d30-8bf6219a6084","Audio":{"timestamp":1611073213127.865,"packetsReceived":31912,"packetsLost":0},"Type":"inbound-rtp","Video":{"timestamp":1611073213127.865,"packetsReceived":10672,"packetsLost":0}},{"from":"Ansh_7d76d88f-3f4d-4420-a512-a5cc2f44d116","to":"Siddharth_707e94f9-bf5a-4bec-9d30-8bf6219a6084","Audio":{"timestamp":1611073213127.865,"packetsReceived":31912,"packetsLost":0},"Type":"inbound-rtp","Video":{"timestamp":1611073213127.865,"packetsReceived":10672,"packetsLost":0}},{"from":"Ansh_7d76d88f-3f4d-4420-a512-a5cc2f44d116","to":"Siddharth_707e94f9-bf5a-4bec-9d30-8bf6219a6084","Audio":{"timestamp":1611073218127.664,"packetsReceived":32162,"packetsLost":0},"Type":"inbound-rtp","Video":{"timestamp":1611073218127.664,"packetsReceived":11841,"packetsLost":0}},{"from":"Ansh_7d76d88f-3f4d-4420-a512-a5cc2f44d116","to":"Siddharth_707e94f9-bf5a-4bec-9d30-8bf6219a6084","Audio":{"timestamp":1611073218127.664,"packetsReceived":32162,"packetsLost":0},"Type":"inbound-rtp","Video":{"timestamp":1611073218127.664,"packetsReceived":11841,"packetsLost":0}},{"from":"Ansh_7d76d88f-3f4d-4420-a512-a5cc2f44d116","to":"Siddharth_707e94f9-bf5a-4bec-9d30-8bf6219a6084","Audio":{"timestamp":1611073223127.636,"packetsReceived":32412,"packetsLost":0},"Type":"inbound-rtp","Video":{"timestamp":1611073223127.636,"packetsReceived":12992,"packetsLost":0}},{"from":"Ansh_7d76d88f-3f4d-4420-a512-a5cc2f44d116","to":"Siddharth_707e94f9-bf5a-4bec-9d30-8bf6219a6084","Audio":{"timestamp":1611073223127.636,"packetsReceived":32412,"packetsLost":0},"Type":"inbound-rtp","Video":{"timestamp":1611073223127.636,"packetsReceived":12992,"packetsLost":0}},{"from":"Ansh_7d76d88f-3f4d-4420-a512-a5cc2f44d116","to":"Siddharth_707e94f9-bf5a-4bec-9d30-8bf6219a6084","Audio":{"timestamp":1611073228127.786,"packetsReceived":32662,"packetsLost":0},"Type":"inbound-rtp","Video":{"timestamp":1611073228127.786,"packetsReceived":13879,"packetsLost":0}},{"from":"Ansh_7d76d88f-3f4d-4420-a512-a5cc2f44d116","to":"Siddharth_707e94f9-bf5a-4bec-9d30-8bf6219a6084","Audio":{"timestamp":1611073228127.786,"packetsReceived":32662,"packetsLost":0},"Type":"inbound-rtp","Video":{"timestamp":1611073228127.786,"packetsReceived":13879,"packetsLost":0}},{"from":"Ansh_7d76d88f-3f4d-4420-a512-a5cc2f44d116","to":"Siddharth_707e94f9-bf5a-4bec-9d30-8bf6219a6084","Audio":{"timestamp":1611073233127.713,"packetsReceived":32912,"packetsLost":0},"Type":"inbound-rtp","Video":{"timestamp":1611073233127.713,"packetsReceived":14780,"packetsLost":0}},{"from":"Ansh_7d76d88f-3f4d-4420-a512-a5cc2f44d116","to":"Siddharth_707e94f9-bf5a-4bec-9d30-8bf6219a6084","Audio":{"timestamp":1611073233127.713,"packetsReceived":32912,"packetsLost":0},"Type":"inbound-rtp","Video":{"timestamp":1611073233127.713,"packetsReceived":14780,"packetsLost":0}},{"from":"Ansh_7d76d88f-3f4d-4420-a512-a5cc2f44d116","to":"Siddharth_707e94f9-bf5a-4bec-9d30-8bf6219a6084","Audio":{"timestamp":1611073238127.698,"packetsReceived":33161,"packetsLost":0},"Type":"inbound-rtp","Video":{"timestamp":1611073238127.698,"packetsReceived":15797,"packetsLost":0}},{"from":"Ansh_7d76d88f-3f4d-4420-a512-a5cc2f44d116","to":"Siddharth_707e94f9-bf5a-4bec-9d30-8bf6219a6084","Audio":{"timestamp":1611073238127.698,"packetsReceived":33161,"packetsLost":0},"Type":"inbound-rtp","Video":{"timestamp":1611073238127.698,"packetsReceived":15797,"packetsLost":0}},{"from":"Ansh_7d76d88f-3f4d-4420-a512-a5cc2f44d116","to":"Siddharth_707e94f9-bf5a-4bec-9d30-8bf6219a6084","Audio":{"timestamp":1611073243127.692,"packetsReceived":33412,"packetsLost":0},"Type":"inbound-rtp","Video":{"timestamp":1611073243127.692,"packetsReceived":16125,"packetsLost":0}},{"from":"Ansh_7d76d88f-3f4d-4420-a512-a5cc2f44d116","to":"Siddharth_707e94f9-bf5a-4bec-9d30-8bf6219a6084","Audio":{"timestamp":1611073243127.692,"packetsReceived":33412,"packetsLost":0},"Type":"inbound-rtp","Video":{"timestamp":1611073243127.692,"packetsReceived":16125,"packetsLost":0}},{"from":"Ansh_7d76d88f-3f4d-4420-a512-a5cc2f44d116","to":"Siddharth_707e94f9-bf5a-4bec-9d30-8bf6219a6084","Audio":{"timestamp":1611073248129.906,"packetsReceived":33662,"packetsLost":0},"Type":"inbound-rtp","Video":{"timestamp":1611073248129.906,"packetsReceived":16601,"packetsLost":0}},{"from":"Ansh_7d76d88f-3f4d-4420-a512-a5cc2f44d116","to":"Siddharth_707e94f9-bf5a-4bec-9d30-8bf6219a6084","Audio":{"timestamp":1611073248129.906,"packetsReceived":33662,"packetsLost":0},"Type":"inbound-rtp","Video":{"timestamp":1611073248129.906,"packetsReceived":16601,"packetsLost":0}},{"from":"Ansh_7d76d88f-3f4d-4420-a512-a5cc2f44d116","to":"Siddharth_707e94f9-bf5a-4bec-9d30-8bf6219a6084","Audio":{"timestamp":1611073253127.876,"packetsReceived":33912,"packetsLost":0},"Type":"inbound-rtp","Video":{"timestamp":1611073253127.876,"packetsReceived":17050,"packetsLost":0}},{"from":"Ansh_7d76d88f-3f4d-4420-a512-a5cc2f44d116","to":"Siddharth_707e94f9-bf5a-4bec-9d30-8bf6219a6084","Audio":{"timestamp":1611073253127.876,"packetsReceived":33912,"packetsLost":0},"Type":"inbound-rtp","Video":{"timestamp":1611073253127.876,"packetsReceived":17050,"packetsLost":0}},{"from":"Ansh_7d76d88f-3f4d-4420-a512-a5cc2f44d116","to":"Siddharth_707e94f9-bf5a-4bec-9d30-8bf6219a6084","Audio":{"timestamp":1611073258127.689,"packetsReceived":34162,"packetsLost":0},"Type":"inbound-rtp","Video":{"timestamp":1611073258127.689,"packetsReceived":17551,"packetsLost":0}},{"from":"Ansh_7d76d88f-3f4d-4420-a512-a5cc2f44d116","to":"Siddharth_707e94f9-bf5a-4bec-9d30-8bf6219a6084","Audio":{"timestamp":1611073258127.689,"packetsReceived":34162,"packetsLost":0},"Type":"inbound-rtp","Video":{"timestamp":1611073258127.689,"packetsReceived":17551,"packetsLost":0}},{"from":"Ansh_7d76d88f-3f4d-4420-a512-a5cc2f44d116","to":"Siddharth_707e94f9-bf5a-4bec-9d30-8bf6219a6084","Audio":{"timestamp":1611073263127.797,"packetsReceived":34412,"packetsLost":0},"Type":"inbound-rtp","Video":{"timestamp":1611073263127.797,"packetsReceived":18071,"packetsLost":0}},{"from":"Ansh_7d76d88f-3f4d-4420-a512-a5cc2f44d116","to":"Siddharth_707e94f9-bf5a-4bec-9d30-8bf6219a6084","Audio":{"timestamp":1611073263127.797,"packetsReceived":34412,"packetsLost":0},"Type":"inbound-rtp","Video":{"timestamp":1611073263127.797,"packetsReceived":18071,"packetsLost":0}},{"from":"Ansh_7d76d88f-3f4d-4420-a512-a5cc2f44d116","to":"Siddharth_707e94f9-bf5a-4bec-9d30-8bf6219a6084","Audio":{"timestamp":1611073268127.712,"packetsReceived":34662,"packetsLost":0},"Type":"inbound-rtp","Video":{"timestamp":1611073268127.712,"packetsReceived":18759,"packetsLost":0}},{"from":"Ansh_7d76d88f-3f4d-4420-a512-a5cc2f44d116","to":"Siddharth_707e94f9-bf5a-4bec-9d30-8bf6219a6084","Audio":{"timestamp":1611073268127.712,"packetsReceived":34662,"packetsLost":0},"Type":"inbound-rtp","Video":{"timestamp":1611073268127.712,"packetsReceived":18759,"packetsLost":0}},{"from":"Ansh_7d76d88f-3f4d-4420-a512-a5cc2f44d116","to":"Siddharth_707e94f9-bf5a-4bec-9d30-8bf6219a6084","Audio":{"timestamp":1611073273127.693,"packetsReceived":34912,"packetsLost":0},"Type":"inbound-rtp","Video":{"timestamp":1611073273127.693,"packetsReceived":19697,"packetsLost":0}},{"from":"Ansh_7d76d88f-3f4d-4420-a512-a5cc2f44d116","to":"Siddharth_707e94f9-bf5a-4bec-9d30-8bf6219a6084","Audio":{"timestamp":1611073273127.693,"packetsReceived":34912,"packetsLost":0},"Type":"inbound-rtp","Video":{"timestamp":1611073273127.693,"packetsReceived":19697,"packetsLost":0}},{"from":"Ansh_7d76d88f-3f4d-4420-a512-a5cc2f44d116","to":"Siddharth_707e94f9-bf5a-4bec-9d30-8bf6219a6084","Audio":{"timestamp":1611073278127.948,"packetsReceived":35162,"packetsLost":0},"Type":"inbound-rtp","Video":{"timestamp":1611073278127.948,"packetsReceived":20669,"packetsLost":0}},{"from":"Ansh_7d76d88f-3f4d-4420-a512-a5cc2f44d116","to":"Siddharth_707e94f9-bf5a-4bec-9d30-8bf6219a6084","Audio":{"timestamp":1611073278127.948,"packetsReceived":35162,"packetsLost":0},"Type":"inbound-rtp","Video":{"timestamp":1611073278127.948,"packetsReceived":20669,"packetsLost":0}},{"from":"Ansh_7d76d88f-3f4d-4420-a512-a5cc2f44d116","to":"Siddharth_707e94f9-bf5a-4bec-9d30-8bf6219a6084","Audio":{"timestamp":1611073283127.717,"packetsReceived":35412,"packetsLost":0},"Type":"inbound-rtp","Video":{"timestamp":1611073283127.717,"packetsReceived":21500,"packetsLost":0}},{"from":"Ansh_7d76d88f-3f4d-4420-a512-a5cc2f44d116","to":"Siddharth_707e94f9-bf5a-4bec-9d30-8bf6219a6084","Audio":{"timestamp":1611073283127.717,"packetsReceived":35412,"packetsLost":0},"Type":"inbound-rtp","Video":{"timestamp":1611073283127.717,"packetsReceived":21500,"packetsLost":0}},{"from":"Ansh_7d76d88f-3f4d-4420-a512-a5cc2f44d116","to":"Siddharth_707e94f9-bf5a-4bec-9d30-8bf6219a6084","Audio":{"timestamp":1611073288127.712,"packetsReceived":35662,"packetsLost":0},"Type":"inbound-rtp","Video":{"timestamp":1611073288127.712,"packetsReceived":22334,"packetsLost":0}},{"from":"Ansh_7d76d88f-3f4d-4420-a512-a5cc2f44d116","to":"Siddharth_707e94f9-bf5a-4bec-9d30-8bf6219a6084","Audio":{"timestamp":1611073288127.712,"packetsReceived":35662,"packetsLost":0},"Type":"inbound-rtp","Video":{"timestamp":1611073288127.712,"packetsReceived":22334,"packetsLost":0}},{"from":"Ansh_7d76d88f-3f4d-4420-a512-a5cc2f44d116","to":"Siddharth_707e94f9-bf5a-4bec-9d30-8bf6219a6084","Audio":{"timestamp":1611073293127.762,"packetsReceived":35912,"packetsLost":0},"Type":"inbound-rtp","Video":{"timestamp":1611073293127.762,"packetsReceived":23061,"packetsLost":0}},{"from":"Ansh_7d76d88f-3f4d-4420-a512-a5cc2f44d116","to":"Siddharth_707e94f9-bf5a-4bec-9d30-8bf6219a6084","Audio":{"timestamp":1611073293127.762,"packetsReceived":35912,"packetsLost":0},"Type":"inbound-rtp","Video":{"timestamp":1611073293127.762,"packetsReceived":23061,"packetsLost":0}},{"from":"Ansh_7d76d88f-3f4d-4420-a512-a5cc2f44d116","to":"Siddharth_707e94f9-bf5a-4bec-9d30-8bf6219a6084","Audio":{"timestamp":1611073298127.781,"packetsReceived":36161,"packetsLost":0},"Type":"inbound-rtp","Video":{"timestamp":1611073298127.781,"packetsReceived":24100,"packetsLost":0}},{"from":"Ansh_7d76d88f-3f4d-4420-a512-a5cc2f44d116","to":"Siddharth_707e94f9-bf5a-4bec-9d30-8bf6219a6084","Audio":{"timestamp":1611073298127.781,"packetsReceived":36161,"packetsLost":0},"Type":"inbound-rtp","Video":{"timestamp":1611073298127.781,"packetsReceived":24100,"packetsLost":0}},{"from":"Ansh_7d76d88f-3f4d-4420-a512-a5cc2f44d116","to":"Siddharth_707e94f9-bf5a-4bec-9d30-8bf6219a6084","Audio":{"timestamp":1611073303127.708,"packetsReceived":36412,"packetsLost":0},"Type":"inbound-rtp","Video":{"timestamp":1611073303127.708,"packetsReceived":24835,"packetsLost":0}},{"from":"Ansh_7d76d88f-3f4d-4420-a512-a5cc2f44d116","to":"Siddharth_707e94f9-bf5a-4bec-9d30-8bf6219a6084","Audio":{"timestamp":1611073303127.708,"packetsReceived":36412,"packetsLost":0},"Type":"inbound-rtp","Video":{"timestamp":1611073303127.708,"packetsReceived":24835,"packetsLost":0}},{"from":"Ansh_7d76d88f-3f4d-4420-a512-a5cc2f44d116","to":"Siddharth_707e94f9-bf5a-4bec-9d30-8bf6219a6084","Audio":{"timestamp":1611073308127.658,"packetsReceived":36662,"packetsLost":0},"Type":"inbound-rtp","Video":{"timestamp":1611073308127.658,"packetsReceived":25513,"packetsLost":0}},{"from":"Ansh_7d76d88f-3f4d-4420-a512-a5cc2f44d116","to":"Siddharth_707e94f9-bf5a-4bec-9d30-8bf6219a6084","Audio":{"timestamp":1611073308127.658,"packetsReceived":36662,"packetsLost":0},"Type":"inbound-rtp","Video":{"timestamp":1611073308127.658,"packetsReceived":25513,"packetsLost":0}},{"from":"Ansh_7d76d88f-3f4d-4420-a512-a5cc2f44d116","to":"Siddharth_707e94f9-bf5a-4bec-9d30-8bf6219a6084","Audio":{"timestamp":1611073313128.042,"packetsReceived":36912,"packetsLost":0},"Type":"inbound-rtp","Video":{"timestamp":1611073313128.042,"packetsReceived":26113,"packetsLost":0}},{"from":"Ansh_7d76d88f-3f4d-4420-a512-a5cc2f44d116","to":"Siddharth_707e94f9-bf5a-4bec-9d30-8bf6219a6084","Audio":{"timestamp":1611073313128.042,"packetsReceived":36912,"packetsLost":0},"Type":"inbound-rtp","Video":{"timestamp":1611073313128.042,"packetsReceived":26113,"packetsLost":0}},{"from":"Ansh_7d76d88f-3f4d-4420-a512-a5cc2f44d116","to":"Siddharth_707e94f9-bf5a-4bec-9d30-8bf6219a6084","Audio":{"timestamp":1611073318127.872,"packetsReceived":37162,"packetsLost":0},"Type":"inbound-rtp","Video":{"timestamp":1611073318127.872,"packetsReceived":26909,"packetsLost":0}},{"from":"Ansh_7d76d88f-3f4d-4420-a512-a5cc2f44d116","to":"Siddharth_707e94f9-bf5a-4bec-9d30-8bf6219a6084","Audio":{"timestamp":1611073318127.872,"packetsReceived":37162,"packetsLost":0},"Type":"inbound-rtp","Video":{"timestamp":1611073318127.872,"packetsReceived":26909,"packetsLost":0}},{"from":"Ansh_7d76d88f-3f4d-4420-a512-a5cc2f44d116","to":"Siddharth_707e94f9-bf5a-4bec-9d30-8bf6219a6084","Audio":{"timestamp":1611073323128.031,"packetsReceived":37412,"packetsLost":0},"Type":"inbound-rtp","Video":{"timestamp":1611073323128.031,"packetsReceived":27697,"packetsLost":0}},{"from":"Ansh_7d76d88f-3f4d-4420-a512-a5cc2f44d116","to":"Siddharth_707e94f9-bf5a-4bec-9d30-8bf6219a6084","Audio":{"timestamp":1611073323128.031,"packetsReceived":37412,"packetsLost":0},"Type":"inbound-rtp","Video":{"timestamp":1611073323128.031,"packetsReceived":27697,"packetsLost":0}},{"from":"Ansh_7d76d88f-3f4d-4420-a512-a5cc2f44d116","to":"Siddharth_707e94f9-bf5a-4bec-9d30-8bf6219a6084","Audio":{"timestamp":1611073328127.738,"packetsReceived":37662,"packetsLost":0},"Type":"inbound-rtp","Video":{"timestamp":1611073328127.738,"packetsReceived":27812,"packetsLost":0}},{"from":"Ansh_7d76d88f-3f4d-4420-a512-a5cc2f44d116","to":"Siddharth_707e94f9-bf5a-4bec-9d30-8bf6219a6084","Audio":{"timestamp":1611073328127.738,"packetsReceived":37662,"packetsLost":0},"Type":"inbound-rtp","Video":{"timestamp":1611073328127.738,"packetsReceived":27812,"packetsLost":0}},{"from":"Ansh_7d76d88f-3f4d-4420-a512-a5cc2f44d116","to":"Siddharth_707e94f9-bf5a-4bec-9d30-8bf6219a6084","Audio":{"timestamp":1611073333127.7,"packetsReceived":37912,"packetsLost":0},"Type":"inbound-rtp","Video":{"timestamp":1611073333127.7,"packetsReceived":27945,"packetsLost":0}},{"from":"Ansh_7d76d88f-3f4d-4420-a512-a5cc2f44d116","to":"Siddharth_707e94f9-bf5a-4bec-9d30-8bf6219a6084","Audio":{"timestamp":1611073333127.7,"packetsReceived":37912,"packetsLost":0},"Type":"inbound-rtp","Video":{"timestamp":1611073333127.7,"packetsReceived":27945,"packetsLost":0}},{"from":"Ansh_7d76d88f-3f4d-4420-a512-a5cc2f44d116","to":"Siddharth_707e94f9-bf5a-4bec-9d30-8bf6219a6084","Audio":{"timestamp":1611073338127.701,"packetsReceived":38162,"packetsLost":0},"Type":"inbound-rtp","Video":{"timestamp":1611073338127.701,"packetsReceived":28213,"packetsLost":0}},{"from":"Ansh_7d76d88f-3f4d-4420-a512-a5cc2f44d116","to":"Siddharth_707e94f9-bf5a-4bec-9d30-8bf6219a6084","Audio":{"timestamp":1611073338127.701,"packetsReceived":38162,"packetsLost":0},"Type":"inbound-rtp","Video":{"timestamp":1611073338127.701,"packetsReceived":28213,"packetsLost":0}},{"from":"Ansh_7d76d88f-3f4d-4420-a512-a5cc2f44d116","to":"Siddharth_707e94f9-bf5a-4bec-9d30-8bf6219a6084","Audio":{"timestamp":1611073343127.743,"packetsReceived":38412,"packetsLost":0},"Type":"inbound-rtp","Video":{"timestamp":1611073343127.743,"packetsReceived":28254,"packetsLost":0}},{"from":"Ansh_7d76d88f-3f4d-4420-a512-a5cc2f44d116","to":"Siddharth_707e94f9-bf5a-4bec-9d30-8bf6219a6084","Audio":{"timestamp":1611073343127.743,"packetsReceived":38412,"packetsLost":0},"Type":"inbound-rtp","Video":{"timestamp":1611073343127.743,"packetsReceived":28254,"packetsLost":0}},{"from":"Ansh_7d76d88f-3f4d-4420-a512-a5cc2f44d116","to":"Siddharth_707e94f9-bf5a-4bec-9d30-8bf6219a6084","Audio":{"timestamp":1611073348127.673,"packetsReceived":38662,"packetsLost":0},"Type":"inbound-rtp","Video":{"timestamp":1611073348127.673,"packetsReceived":28274,"packetsLost":0}},{"from":"Ansh_7d76d88f-3f4d-4420-a512-a5cc2f44d116","to":"Siddharth_707e94f9-bf5a-4bec-9d30-8bf6219a6084","Audio":{"timestamp":1611073348127.673,"packetsReceived":38662,"packetsLost":0},"Type":"inbound-rtp","Video":{"timestamp":1611073348127.673,"packetsReceived":28274,"packetsLost":0}},{"from":"Ansh_7d76d88f-3f4d-4420-a512-a5cc2f44d116","to":"Siddharth_707e94f9-bf5a-4bec-9d30-8bf6219a6084","Audio":{"timestamp":1611073353127.737,"packetsReceived":38912,"packetsLost":0},"Type":"inbound-rtp","Video":{"timestamp":1611073353127.737,"packetsReceived":28297,"packetsLost":0}},{"from":"Ansh_7d76d88f-3f4d-4420-a512-a5cc2f44d116","to":"Siddharth_707e94f9-bf5a-4bec-9d30-8bf6219a6084","Audio":{"timestamp":1611073353127.737,"packetsReceived":38912,"packetsLost":0},"Type":"inbound-rtp","Video":{"timestamp":1611073353127.737,"packetsReceived":28297,"packetsLost":0}},{"from":"Ansh_7d76d88f-3f4d-4420-a512-a5cc2f44d116","to":"Siddharth_707e94f9-bf5a-4bec-9d30-8bf6219a6084","Audio":{"timestamp":1611073358127.765,"packetsReceived":39162,"packetsLost":0},"Type":"inbound-rtp","Video":{"timestamp":1611073358127.765,"packetsReceived":28315,"packetsLost":0}},{"from":"Ansh_7d76d88f-3f4d-4420-a512-a5cc2f44d116","to":"Siddharth_707e94f9-bf5a-4bec-9d30-8bf6219a6084","Audio":{"timestamp":1611073358127.765,"packetsReceived":39162,"packetsLost":0},"Type":"inbound-rtp","Video":{"timestamp":1611073358127.765,"packetsReceived":28315,"packetsLost":0}},{"from":"Ansh_7d76d88f-3f4d-4420-a512-a5cc2f44d116","to":"Siddharth_707e94f9-bf5a-4bec-9d30-8bf6219a6084","Audio":{"timestamp":1611073363128.966,"packetsReceived":39412,"packetsLost":0},"Type":"inbound-rtp","Video":{"timestamp":1611073363128.966,"packetsReceived":28330,"packetsLost":0}},{"from":"Ansh_7d76d88f-3f4d-4420-a512-a5cc2f44d116","to":"Siddharth_707e94f9-bf5a-4bec-9d30-8bf6219a6084","Audio":{"timestamp":1611073363128.966,"packetsReceived":39412,"packetsLost":0},"Type":"inbound-rtp","Video":{"timestamp":1611073363128.966,"packetsReceived":28330,"packetsLost":0}}]}