[{"timestamp":1611070991502,"log":{"from":"server","to":"Chinmay_4fecd7b0-5a79-441c-b586-f546566aa289","context":"PARENT","data":"{\"peer\":\"Shreyas_c82ad4b7-4ba3-4a29-989c-ed0396c86f52\"}"}},{"timestamp":1611070991502,"log":"Parent : Shreyas_c82ad4b7-4ba3-4a29-989c-ed0396c86f52"},{"timestamp":1611070991989,"log":{"from":"Shreyas_c82ad4b7-4ba3-4a29-989c-ed0396c86f52","to":"Chinmay_4fecd7b0-5a79-441c-b586-f546566aa289","context":"CONNECT_ACK","data":"{\"roomID\":\"123456\"}"}},{"timestamp":1611070991989,"log":"Connection ACK from parent : Shreyas_c82ad4b7-4ba3-4a29-989c-ed0396c86f52"},{"timestamp":1611070991996,"log":"received sdp from peer : Shreyas_c82ad4b7-4ba3-4a29-989c-ed0396c86f52"},{"timestamp":1611070991999,"log":"received ice from peer : Shreyas_c82ad4b7-4ba3-4a29-989c-ed0396c86f52"},{"timestamp":1611070992002,"log":"received ice from peer : Shreyas_c82ad4b7-4ba3-4a29-989c-ed0396c86f52"},{"timestamp":1611070992003,"log":"remote stream received"},{"timestamp":1611070992004,"log":{}},{"timestamp":1611070992005,"log":"remote stream received"},{"timestamp":1611070992006,"log":{}},{"timestamp":1611070992014,"log":"created description for peer : Shreyas_c82ad4b7-4ba3-4a29-989c-ed0396c86f52"},{"timestamp":1611070992020,"log":"connection with peer Shreyas_c82ad4b7-4ba3-4a29-989c-ed0396c86f52 checking"},{"timestamp":1611070992020,"log":"ice: Chinmay_4fecd7b0-5a79-441c-b586-f546566aa289 to Shreyas_c82ad4b7-4ba3-4a29-989c-ed0396c86f52"},{"timestamp":1611070992020,"log":"connection with peer Shreyas_c82ad4b7-4ba3-4a29-989c-ed0396c86f52 connected"},{"timestamp":1611070992021,"log":"ice: Chinmay_4fecd7b0-5a79-441c-b586-f546566aa289 to Shreyas_c82ad4b7-4ba3-4a29-989c-ed0396c86f52"},{"timestamp":1611070992027,"log":"received ice from peer : Shreyas_c82ad4b7-4ba3-4a29-989c-ed0396c86f52"},{"timestamp":1611070992030,"log":"received ice from peer : Shreyas_c82ad4b7-4ba3-4a29-989c-ed0396c86f52"}]