{"Shreyas_c82ad4b7-4ba3-4a29-989c-ed0396c86f52":[{"from":"Shreyas_c82ad4b7-4ba3-4a29-989c-ed0396c86f52","to":"Chinmay_4fecd7b0-5a79-441c-b586-f546566aa289","Audio":{"timestamp":1611070995507.946,"packetsReceived":162,"packetsLost":0},"Type":"inbound-rtp","Video":{"timestamp":1611070995507.946,"packetsReceived":0,"packetsLost":0}},{"from":"Shreyas_c82ad4b7-4ba3-4a29-989c-ed0396c86f52","to":"Chinmay_4fecd7b0-5a79-441c-b586-f546566aa289","Audio":{"timestamp":1611070995507.946,"packetsReceived":162,"packetsLost":0},"Type":"inbound-rtp","Video":{"timestamp":1611070995507.946,"packetsReceived":0,"packetsLost":0}},{"from":"Shreyas_c82ad4b7-4ba3-4a29-989c-ed0396c86f52","to":"Chinmay_4fecd7b0-5a79-441c-b586-f546566aa289","Audio":{"timestamp":1611071001127.858,"packetsReceived":443,"packetsLost":0},"Type":"inbound-rtp","Video":{"timestamp":1611071001127.858,"packetsReceived":6,"packetsLost":0}},{"from":"Shreyas_c82ad4b7-4ba3-4a29-989c-ed0396c86f52","to":"Chinmay_4fecd7b0-5a79-441c-b586-f546566aa289","Audio":{"timestamp":1611071001127.858,"packetsReceived":443,"packetsLost":0},"Type":"inbound-rtp","Video":{"timestamp":1611071001127.858,"packetsReceived":6,"packetsLost":0}},{"from":"Shreyas_c82ad4b7-4ba3-4a29-989c-ed0396c86f52","to":"Chinmay_4fecd7b0-5a79-441c-b586-f546566aa289","Audio":{"timestamp":1611071006127.73,"packetsReceived":693,"packetsLost":0},"Type":"inbound-rtp","Video":{"timestamp":1611071006127.73,"packetsReceived":11,"packetsLost":0}},{"from":"Shreyas_c82ad4b7-4ba3-4a29-989c-ed0396c86f52","to":"Chinmay_4fecd7b0-5a79-441c-b586-f546566aa289","Audio":{"timestamp":1611071006127.73,"packetsReceived":693,"packetsLost":0},"Type":"inbound-rtp","Video":{"timestamp":1611071006127.73,"packetsReceived":11,"packetsLost":0}},{"from":"Shreyas_c82ad4b7-4ba3-4a29-989c-ed0396c86f52","to":"Chinmay_4fecd7b0-5a79-441c-b586-f546566aa289","Audio":{"timestamp":1611071011128.56,"packetsReceived":943,"packetsLost":0},"Type":"inbound-rtp","Video":{"timestamp":1611071011128.56,"packetsReceived":15,"packetsLost":0}},{"from":"Shreyas_c82ad4b7-4ba3-4a29-989c-ed0396c86f52","to":"Chinmay_4fecd7b0-5a79-441c-b586-f546566aa289","Audio":{"timestamp":1611071011128.56,"packetsReceived":943,"packetsLost":0},"Type":"inbound-rtp","Video":{"timestamp":1611071011128.56,"packetsReceived":15,"packetsLost":0}},{"from":"Shreyas_c82ad4b7-4ba3-4a29-989c-ed0396c86f52","to":"Chinmay_4fecd7b0-5a79-441c-b586-f546566aa289","Audio":{"timestamp":1611071016127.805,"packetsReceived":1192,"packetsLost":0},"Type":"inbound-rtp","Video":{"timestamp":1611071016127.805,"packetsReceived":20,"packetsLost":0}},{"from":"Shreyas_c82ad4b7-4ba3-4a29-989c-ed0396c86f52","to":"Chinmay_4fecd7b0-5a79-441c-b586-f546566aa289","Audio":{"timestamp":1611071016127.805,"packetsReceived":1192,"packetsLost":0},"Type":"inbound-rtp","Video":{"timestamp":1611071016127.805,"packetsReceived":20,"packetsLost":0}},{"from":"Shreyas_c82ad4b7-4ba3-4a29-989c-ed0396c86f52","to":"Chinmay_4fecd7b0-5a79-441c-b586-f546566aa289","Audio":{"timestamp":1611071021127.714,"packetsReceived":1443,"packetsLost":0},"Type":"inbound-rtp","Video":{"timestamp":1611071021127.714,"packetsReceived":25,"packetsLost":0}},{"from":"Shreyas_c82ad4b7-4ba3-4a29-989c-ed0396c86f52","to":"Chinmay_4fecd7b0-5a79-441c-b586-f546566aa289","Audio":{"timestamp":1611071021127.714,"packetsReceived":1443,"packetsLost":0},"Type":"inbound-rtp","Video":{"timestamp":1611071021127.714,"packetsReceived":25,"packetsLost":0}},{"from":"Shreyas_c82ad4b7-4ba3-4a29-989c-ed0396c86f52","to":"Chinmay_4fecd7b0-5a79-441c-b586-f546566aa289","Audio":{"timestamp":1611071026127.711,"packetsReceived":1693,"packetsLost":0},"Type":"inbound-rtp","Video":{"timestamp":1611071026127.711,"packetsReceived":29,"packetsLost":0}},{"from":"Shreyas_c82ad4b7-4ba3-4a29-989c-ed0396c86f52","to":"Chinmay_4fecd7b0-5a79-441c-b586-f546566aa289","Audio":{"timestamp":1611071026127.711,"packetsReceived":1693,"packetsLost":0},"Type":"inbound-rtp","Video":{"timestamp":1611071026127.711,"packetsReceived":29,"packetsLost":0}},{"from":"Shreyas_c82ad4b7-4ba3-4a29-989c-ed0396c86f52","to":"Chinmay_4fecd7b0-5a79-441c-b586-f546566aa289","Audio":{"timestamp":1611071031127.727,"packetsReceived":1943,"packetsLost":0},"Type":"inbound-rtp","Video":{"timestamp":1611071031127.727,"packetsReceived":34,"packetsLost":0}},{"from":"Shreyas_c82ad4b7-4ba3-4a29-989c-ed0396c86f52","to":"Chinmay_4fecd7b0-5a79-441c-b586-f546566aa289","Audio":{"timestamp":1611071031127.727,"packetsReceived":1943,"packetsLost":0},"Type":"inbound-rtp","Video":{"timestamp":1611071031127.727,"packetsReceived":34,"packetsLost":0}},{"from":"Shreyas_c82ad4b7-4ba3-4a29-989c-ed0396c86f52","to":"Chinmay_4fecd7b0-5a79-441c-b586-f546566aa289","Audio":{"timestamp":1611071036127.878,"packetsReceived":2192,"packetsLost":0},"Type":"inbound-rtp","Video":{"timestamp":1611071036127.878,"packetsReceived":39,"packetsLost":0}},{"from":"Shreyas_c82ad4b7-4ba3-4a29-989c-ed0396c86f52","to":"Chinmay_4fecd7b0-5a79-441c-b586-f546566aa289","Audio":{"timestamp":1611071036127.878,"packetsReceived":2192,"packetsLost":0},"Type":"inbound-rtp","Video":{"timestamp":1611071036127.878,"packetsReceived":39,"packetsLost":0}},{"from":"Shreyas_c82ad4b7-4ba3-4a29-989c-ed0396c86f52","to":"Chinmay_4fecd7b0-5a79-441c-b586-f546566aa289","Audio":{"timestamp":1611071041127.673,"packetsReceived":2443,"packetsLost":0},"Type":"inbound-rtp","Video":{"timestamp":1611071041127.673,"packetsReceived":43,"packetsLost":0}},{"from":"Shreyas_c82ad4b7-4ba3-4a29-989c-ed0396c86f52","to":"Chinmay_4fecd7b0-5a79-441c-b586-f546566aa289","Audio":{"timestamp":1611071041127.673,"packetsReceived":2443,"packetsLost":0},"Type":"inbound-rtp","Video":{"timestamp":1611071041127.673,"packetsReceived":43,"packetsLost":0}},{"from":"Shreyas_c82ad4b7-4ba3-4a29-989c-ed0396c86f52","to":"Chinmay_4fecd7b0-5a79-441c-b586-f546566aa289","Audio":{"timestamp":1611071046127.717,"packetsReceived":2692,"packetsLost":0},"Type":"inbound-rtp","Video":{"timestamp":1611071046127.717,"packetsReceived":48,"packetsLost":0}},{"from":"Shreyas_c82ad4b7-4ba3-4a29-989c-ed0396c86f52","to":"Chinmay_4fecd7b0-5a79-441c-b586-f546566aa289","Audio":{"timestamp":1611071046127.717,"packetsReceived":2692,"packetsLost":0},"Type":"inbound-rtp","Video":{"timestamp":1611071046127.717,"packetsReceived":48,"packetsLost":0}},{"from":"Shreyas_c82ad4b7-4ba3-4a29-989c-ed0396c86f52","to":"Chinmay_4fecd7b0-5a79-441c-b586-f546566aa289","Audio":{"timestamp":1611071051127.711,"packetsReceived":2943,"packetsLost":0},"Type":"inbound-rtp","Video":{"timestamp":1611071051127.711,"packetsReceived":53,"packetsLost":0}},{"from":"Shreyas_c82ad4b7-4ba3-4a29-989c-ed0396c86f52","to":"Chinmay_4fecd7b0-5a79-441c-b586-f546566aa289","Audio":{"timestamp":1611071051127.711,"packetsReceived":2943,"packetsLost":0},"Type":"inbound-rtp","Video":{"timestamp":1611071051127.711,"packetsReceived":53,"packetsLost":0}},{"from":"Shreyas_c82ad4b7-4ba3-4a29-989c-ed0396c86f52","to":"Chinmay_4fecd7b0-5a79-441c-b586-f546566aa289","Audio":{"timestamp":1611071056127.741,"packetsReceived":3193,"packetsLost":0},"Type":"inbound-rtp","Video":{"timestamp":1611071056127.741,"packetsReceived":57,"packetsLost":0}},{"from":"Shreyas_c82ad4b7-4ba3-4a29-989c-ed0396c86f52","to":"Chinmay_4fecd7b0-5a79-441c-b586-f546566aa289","Audio":{"timestamp":1611071056127.741,"packetsReceived":3193,"packetsLost":0},"Type":"inbound-rtp","Video":{"timestamp":1611071056127.741,"packetsReceived":57,"packetsLost":0}},{"from":"Shreyas_c82ad4b7-4ba3-4a29-989c-ed0396c86f52","to":"Chinmay_4fecd7b0-5a79-441c-b586-f546566aa289","Audio":{"timestamp":1611071061127.801,"packetsReceived":3443,"packetsLost":0},"Type":"inbound-rtp","Video":{"timestamp":1611071061127.801,"packetsReceived":62,"packetsLost":0}},{"from":"Shreyas_c82ad4b7-4ba3-4a29-989c-ed0396c86f52","to":"Chinmay_4fecd7b0-5a79-441c-b586-f546566aa289","Audio":{"timestamp":1611071061127.801,"packetsReceived":3443,"packetsLost":0},"Type":"inbound-rtp","Video":{"timestamp":1611071061127.801,"packetsReceived":62,"packetsLost":0}},{"from":"Shreyas_c82ad4b7-4ba3-4a29-989c-ed0396c86f52","to":"Chinmay_4fecd7b0-5a79-441c-b586-f546566aa289","Audio":{"timestamp":1611071066128.036,"packetsReceived":3692,"packetsLost":0},"Type":"inbound-rtp","Video":{"timestamp":1611071066128.036,"packetsReceived":74,"packetsLost":0}},{"from":"Shreyas_c82ad4b7-4ba3-4a29-989c-ed0396c86f52","to":"Chinmay_4fecd7b0-5a79-441c-b586-f546566aa289","Audio":{"timestamp":1611071066128.036,"packetsReceived":3692,"packetsLost":0},"Type":"inbound-rtp","Video":{"timestamp":1611071066128.036,"packetsReceived":74,"packetsLost":0}},{"from":"Shreyas_c82ad4b7-4ba3-4a29-989c-ed0396c86f52","to":"Chinmay_4fecd7b0-5a79-441c-b586-f546566aa289","Audio":{"timestamp":1611071071127.953,"packetsReceived":3943,"packetsLost":0},"Type":"inbound-rtp","Video":{"timestamp":1611071071127.953,"packetsReceived":78,"packetsLost":0}},{"from":"Shreyas_c82ad4b7-4ba3-4a29-989c-ed0396c86f52","to":"Chinmay_4fecd7b0-5a79-441c-b586-f546566aa289","Audio":{"timestamp":1611071071127.953,"packetsReceived":3943,"packetsLost":0},"Type":"inbound-rtp","Video":{"timestamp":1611071071127.953,"packetsReceived":78,"packetsLost":0}},{"from":"Shreyas_c82ad4b7-4ba3-4a29-989c-ed0396c86f52","to":"Chinmay_4fecd7b0-5a79-441c-b586-f546566aa289","Audio":{"timestamp":1611071076127.685,"packetsReceived":4192,"packetsLost":0},"Type":"inbound-rtp","Video":{"timestamp":1611071076127.685,"packetsReceived":83,"packetsLost":0}},{"from":"Shreyas_c82ad4b7-4ba3-4a29-989c-ed0396c86f52","to":"Chinmay_4fecd7b0-5a79-441c-b586-f546566aa289","Audio":{"timestamp":1611071076127.685,"packetsReceived":4192,"packetsLost":0},"Type":"inbound-rtp","Video":{"timestamp":1611071076127.685,"packetsReceived":83,"packetsLost":0}},{"from":"Shreyas_c82ad4b7-4ba3-4a29-989c-ed0396c86f52","to":"Chinmay_4fecd7b0-5a79-441c-b586-f546566aa289","Audio":{"timestamp":1611071081128.101,"packetsReceived":4442,"packetsLost":0},"Type":"inbound-rtp","Video":{"timestamp":1611071081128.101,"packetsReceived":88,"packetsLost":0}},{"from":"Shreyas_c82ad4b7-4ba3-4a29-989c-ed0396c86f52","to":"Chinmay_4fecd7b0-5a79-441c-b586-f546566aa289","Audio":{"timestamp":1611071081128.101,"packetsReceived":4442,"packetsLost":0},"Type":"inbound-rtp","Video":{"timestamp":1611071081128.101,"packetsReceived":88,"packetsLost":0}},{"from":"Shreyas_c82ad4b7-4ba3-4a29-989c-ed0396c86f52","to":"Chinmay_4fecd7b0-5a79-441c-b586-f546566aa289","Audio":{"timestamp":1611071086127.722,"packetsReceived":4693,"packetsLost":0},"Type":"inbound-rtp","Video":{"timestamp":1611071086127.722,"packetsReceived":92,"packetsLost":0}},{"from":"Shreyas_c82ad4b7-4ba3-4a29-989c-ed0396c86f52","to":"Chinmay_4fecd7b0-5a79-441c-b586-f546566aa289","Audio":{"timestamp":1611071086127.722,"packetsReceived":4693,"packetsLost":0},"Type":"inbound-rtp","Video":{"timestamp":1611071086127.722,"packetsReceived":92,"packetsLost":0}},{"from":"Shreyas_c82ad4b7-4ba3-4a29-989c-ed0396c86f52","to":"Chinmay_4fecd7b0-5a79-441c-b586-f546566aa289","Audio":{"timestamp":1611071091127.741,"packetsReceived":4942,"packetsLost":0},"Type":"inbound-rtp","Video":{"timestamp":1611071091127.741,"packetsReceived":97,"packetsLost":0}},{"from":"Shreyas_c82ad4b7-4ba3-4a29-989c-ed0396c86f52","to":"Chinmay_4fecd7b0-5a79-441c-b586-f546566aa289","Audio":{"timestamp":1611071091127.741,"packetsReceived":4942,"packetsLost":0},"Type":"inbound-rtp","Video":{"timestamp":1611071091127.741,"packetsReceived":97,"packetsLost":0}},{"from":"Shreyas_c82ad4b7-4ba3-4a29-989c-ed0396c86f52","to":"Chinmay_4fecd7b0-5a79-441c-b586-f546566aa289","Audio":{"timestamp":1611071096127.745,"packetsReceived":5192,"packetsLost":0},"Type":"inbound-rtp","Video":{"timestamp":1611071096127.745,"packetsReceived":102,"packetsLost":0}},{"from":"Shreyas_c82ad4b7-4ba3-4a29-989c-ed0396c86f52","to":"Chinmay_4fecd7b0-5a79-441c-b586-f546566aa289","Audio":{"timestamp":1611071096127.745,"packetsReceived":5192,"packetsLost":0},"Type":"inbound-rtp","Video":{"timestamp":1611071096127.745,"packetsReceived":102,"packetsLost":0}},{"from":"Shreyas_c82ad4b7-4ba3-4a29-989c-ed0396c86f52","to":"Chinmay_4fecd7b0-5a79-441c-b586-f546566aa289","Audio":{"timestamp":1611071101127.671,"packetsReceived":5443,"packetsLost":0},"Type":"inbound-rtp","Video":{"timestamp":1611071101127.671,"packetsReceived":106,"packetsLost":0}},{"from":"Shreyas_c82ad4b7-4ba3-4a29-989c-ed0396c86f52","to":"Chinmay_4fecd7b0-5a79-441c-b586-f546566aa289","Audio":{"timestamp":1611071101127.671,"packetsReceived":5443,"packetsLost":0},"Type":"inbound-rtp","Video":{"timestamp":1611071101127.671,"packetsReceived":106,"packetsLost":0}},{"from":"Shreyas_c82ad4b7-4ba3-4a29-989c-ed0396c86f52","to":"Chinmay_4fecd7b0-5a79-441c-b586-f546566aa289","Audio":{"timestamp":1611071106127.906,"packetsReceived":5692,"packetsLost":0},"Type":"inbound-rtp","Video":{"timestamp":1611071106127.906,"packetsReceived":111,"packetsLost":0}},{"from":"Shreyas_c82ad4b7-4ba3-4a29-989c-ed0396c86f52","to":"Chinmay_4fecd7b0-5a79-441c-b586-f546566aa289","Audio":{"timestamp":1611071106127.906,"packetsReceived":5692,"packetsLost":0},"Type":"inbound-rtp","Video":{"timestamp":1611071106127.906,"packetsReceived":111,"packetsLost":0}},{"from":"Shreyas_c82ad4b7-4ba3-4a29-989c-ed0396c86f52","to":"Chinmay_4fecd7b0-5a79-441c-b586-f546566aa289","Audio":{"timestamp":1611071111127.761,"packetsReceived":5942,"packetsLost":0},"Type":"inbound-rtp","Video":{"timestamp":1611071111127.761,"packetsReceived":116,"packetsLost":0}},{"from":"Shreyas_c82ad4b7-4ba3-4a29-989c-ed0396c86f52","to":"Chinmay_4fecd7b0-5a79-441c-b586-f546566aa289","Audio":{"timestamp":1611071111127.761,"packetsReceived":5942,"packetsLost":0},"Type":"inbound-rtp","Video":{"timestamp":1611071111127.761,"packetsReceived":116,"packetsLost":0}},{"from":"Shreyas_c82ad4b7-4ba3-4a29-989c-ed0396c86f52","to":"Chinmay_4fecd7b0-5a79-441c-b586-f546566aa289","Audio":{"timestamp":1611071116127.692,"packetsReceived":6193,"packetsLost":0},"Type":"inbound-rtp","Video":{"timestamp":1611071116127.692,"packetsReceived":120,"packetsLost":0}},{"from":"Shreyas_c82ad4b7-4ba3-4a29-989c-ed0396c86f52","to":"Chinmay_4fecd7b0-5a79-441c-b586-f546566aa289","Audio":{"timestamp":1611071116127.692,"packetsReceived":6193,"packetsLost":0},"Type":"inbound-rtp","Video":{"timestamp":1611071116127.692,"packetsReceived":120,"packetsLost":0}},{"from":"Shreyas_c82ad4b7-4ba3-4a29-989c-ed0396c86f52","to":"Chinmay_4fecd7b0-5a79-441c-b586-f546566aa289","Audio":{"timestamp":1611071121127.751,"packetsReceived":6443,"packetsLost":0},"Type":"inbound-rtp","Video":{"timestamp":1611071121127.751,"packetsReceived":125,"packetsLost":0}},{"from":"Shreyas_c82ad4b7-4ba3-4a29-989c-ed0396c86f52","to":"Chinmay_4fecd7b0-5a79-441c-b586-f546566aa289","Audio":{"timestamp":1611071121127.751,"packetsReceived":6443,"packetsLost":0},"Type":"inbound-rtp","Video":{"timestamp":1611071121127.751,"packetsReceived":125,"packetsLost":0}},{"from":"Shreyas_c82ad4b7-4ba3-4a29-989c-ed0396c86f52","to":"Chinmay_4fecd7b0-5a79-441c-b586-f546566aa289","Audio":{"timestamp":1611071126127.749,"packetsReceived":6692,"packetsLost":0},"Type":"inbound-rtp","Video":{"timestamp":1611071126127.749,"packetsReceived":133,"packetsLost":0}},{"from":"Shreyas_c82ad4b7-4ba3-4a29-989c-ed0396c86f52","to":"Chinmay_4fecd7b0-5a79-441c-b586-f546566aa289","Audio":{"timestamp":1611071126127.749,"packetsReceived":6692,"packetsLost":0},"Type":"inbound-rtp","Video":{"timestamp":1611071126127.749,"packetsReceived":133,"packetsLost":0}},{"from":"Shreyas_c82ad4b7-4ba3-4a29-989c-ed0396c86f52","to":"Chinmay_4fecd7b0-5a79-441c-b586-f546566aa289","Audio":{"timestamp":1611071131127.714,"packetsReceived":6943,"packetsLost":0},"Type":"inbound-rtp","Video":{"timestamp":1611071131127.714,"packetsReceived":149,"packetsLost":0}},{"from":"Shreyas_c82ad4b7-4ba3-4a29-989c-ed0396c86f52","to":"Chinmay_4fecd7b0-5a79-441c-b586-f546566aa289","Audio":{"timestamp":1611071131127.714,"packetsReceived":6943,"packetsLost":0},"Type":"inbound-rtp","Video":{"timestamp":1611071131127.714,"packetsReceived":149,"packetsLost":0}},{"from":"Shreyas_c82ad4b7-4ba3-4a29-989c-ed0396c86f52","to":"Chinmay_4fecd7b0-5a79-441c-b586-f546566aa289","Audio":{"timestamp":1611071136127.839,"packetsReceived":7192,"packetsLost":0},"Type":"inbound-rtp","Video":{"timestamp":1611071136127.839,"packetsReceived":157,"packetsLost":0}},{"from":"Shreyas_c82ad4b7-4ba3-4a29-989c-ed0396c86f52","to":"Chinmay_4fecd7b0-5a79-441c-b586-f546566aa289","Audio":{"timestamp":1611071136127.839,"packetsReceived":7192,"packetsLost":0},"Type":"inbound-rtp","Video":{"timestamp":1611071136127.839,"packetsReceived":157,"packetsLost":0}},{"from":"Shreyas_c82ad4b7-4ba3-4a29-989c-ed0396c86f52","to":"Chinmay_4fecd7b0-5a79-441c-b586-f546566aa289","Audio":{"timestamp":1611071141128.113,"packetsReceived":7442,"packetsLost":0},"Type":"inbound-rtp","Video":{"timestamp":1611071141128.113,"packetsReceived":167,"packetsLost":0}},{"from":"Shreyas_c82ad4b7-4ba3-4a29-989c-ed0396c86f52","to":"Chinmay_4fecd7b0-5a79-441c-b586-f546566aa289","Audio":{"timestamp":1611071141128.113,"packetsReceived":7442,"packetsLost":0},"Type":"inbound-rtp","Video":{"timestamp":1611071141128.113,"packetsReceived":167,"packetsLost":0}},{"from":"Shreyas_c82ad4b7-4ba3-4a29-989c-ed0396c86f52","to":"Chinmay_4fecd7b0-5a79-441c-b586-f546566aa289","Audio":{"timestamp":1611071146129.273,"packetsReceived":7692,"packetsLost":0},"Type":"inbound-rtp","Video":{"timestamp":1611071146129.273,"packetsReceived":252,"packetsLost":0}},{"from":"Shreyas_c82ad4b7-4ba3-4a29-989c-ed0396c86f52","to":"Chinmay_4fecd7b0-5a79-441c-b586-f546566aa289","Audio":{"timestamp":1611071146129.273,"packetsReceived":7692,"packetsLost":0},"Type":"inbound-rtp","Video":{"timestamp":1611071146129.273,"packetsReceived":252,"packetsLost":0}},{"from":"Shreyas_c82ad4b7-4ba3-4a29-989c-ed0396c86f52","to":"Chinmay_4fecd7b0-5a79-441c-b586-f546566aa289","Audio":{"timestamp":1611071151129.37,"packetsReceived":7943,"packetsLost":0},"Type":"inbound-rtp","Video":{"timestamp":1611071151129.37,"packetsReceived":490,"packetsLost":0}},{"from":"Shreyas_c82ad4b7-4ba3-4a29-989c-ed0396c86f52","to":"Chinmay_4fecd7b0-5a79-441c-b586-f546566aa289","Audio":{"timestamp":1611071151129.37,"packetsReceived":7943,"packetsLost":0},"Type":"inbound-rtp","Video":{"timestamp":1611071151129.37,"packetsReceived":490,"packetsLost":0}},{"from":"Shreyas_c82ad4b7-4ba3-4a29-989c-ed0396c86f52","to":"Chinmay_4fecd7b0-5a79-441c-b586-f546566aa289","Audio":{"timestamp":1611071156129.013,"packetsReceived":8192,"packetsLost":0},"Type":"inbound-rtp","Video":{"timestamp":1611071156129.013,"packetsReceived":1236,"packetsLost":0}},{"from":"Shreyas_c82ad4b7-4ba3-4a29-989c-ed0396c86f52","to":"Chinmay_4fecd7b0-5a79-441c-b586-f546566aa289","Audio":{"timestamp":1611071156129.013,"packetsReceived":8192,"packetsLost":0},"Type":"inbound-rtp","Video":{"timestamp":1611071156129.013,"packetsReceived":1236,"packetsLost":0}},{"from":"Shreyas_c82ad4b7-4ba3-4a29-989c-ed0396c86f52","to":"Chinmay_4fecd7b0-5a79-441c-b586-f546566aa289","Audio":{"timestamp":1611071161128.707,"packetsReceived":8442,"packetsLost":0},"Type":"inbound-rtp","Video":{"timestamp":1611071161128.707,"packetsReceived":1898,"packetsLost":0}},{"from":"Shreyas_c82ad4b7-4ba3-4a29-989c-ed0396c86f52","to":"Chinmay_4fecd7b0-5a79-441c-b586-f546566aa289","Audio":{"timestamp":1611071161128.707,"packetsReceived":8442,"packetsLost":0},"Type":"inbound-rtp","Video":{"timestamp":1611071161128.707,"packetsReceived":1898,"packetsLost":0}},{"from":"Shreyas_c82ad4b7-4ba3-4a29-989c-ed0396c86f52","to":"Chinmay_4fecd7b0-5a79-441c-b586-f546566aa289","Audio":{"timestamp":1611071166128.717,"packetsReceived":8693,"packetsLost":0},"Type":"inbound-rtp","Video":{"timestamp":1611071166128.717,"packetsReceived":2497,"packetsLost":0}},{"from":"Shreyas_c82ad4b7-4ba3-4a29-989c-ed0396c86f52","to":"Chinmay_4fecd7b0-5a79-441c-b586-f546566aa289","Audio":{"timestamp":1611071166128.717,"packetsReceived":8693,"packetsLost":0},"Type":"inbound-rtp","Video":{"timestamp":1611071166128.717,"packetsReceived":2497,"packetsLost":0}},{"from":"Shreyas_c82ad4b7-4ba3-4a29-989c-ed0396c86f52","to":"Chinmay_4fecd7b0-5a79-441c-b586-f546566aa289","Audio":{"timestamp":1611071171127.917,"packetsReceived":8942,"packetsLost":0},"Type":"inbound-rtp","Video":{"timestamp":1611071171127.917,"packetsReceived":3025,"packetsLost":0}},{"from":"Shreyas_c82ad4b7-4ba3-4a29-989c-ed0396c86f52","to":"Chinmay_4fecd7b0-5a79-441c-b586-f546566aa289","Audio":{"timestamp":1611071171127.917,"packetsReceived":8942,"packetsLost":0},"Type":"inbound-rtp","Video":{"timestamp":1611071171127.917,"packetsReceived":3025,"packetsLost":0}},{"from":"Shreyas_c82ad4b7-4ba3-4a29-989c-ed0396c86f52","to":"Chinmay_4fecd7b0-5a79-441c-b586-f546566aa289","Audio":{"timestamp":1611071176128.284,"packetsReceived":9193,"packetsLost":0},"Type":"inbound-rtp","Video":{"timestamp":1611071176128.284,"packetsReceived":3532,"packetsLost":0}},{"from":"Shreyas_c82ad4b7-4ba3-4a29-989c-ed0396c86f52","to":"Chinmay_4fecd7b0-5a79-441c-b586-f546566aa289","Audio":{"timestamp":1611071176128.284,"packetsReceived":9193,"packetsLost":0},"Type":"inbound-rtp","Video":{"timestamp":1611071176128.284,"packetsReceived":3532,"packetsLost":0}},{"from":"Shreyas_c82ad4b7-4ba3-4a29-989c-ed0396c86f52","to":"Chinmay_4fecd7b0-5a79-441c-b586-f546566aa289","Audio":{"timestamp":1611071181130.139,"packetsReceived":9442,"packetsLost":0},"Type":"inbound-rtp","Video":{"timestamp":1611071181130.139,"packetsReceived":4226,"packetsLost":0}},{"from":"Shreyas_c82ad4b7-4ba3-4a29-989c-ed0396c86f52","to":"Chinmay_4fecd7b0-5a79-441c-b586-f546566aa289","Audio":{"timestamp":1611071181130.139,"packetsReceived":9442,"packetsLost":0},"Type":"inbound-rtp","Video":{"timestamp":1611071181130.139,"packetsReceived":4226,"packetsLost":0}},{"from":"Shreyas_c82ad4b7-4ba3-4a29-989c-ed0396c86f52","to":"Chinmay_4fecd7b0-5a79-441c-b586-f546566aa289","Audio":{"timestamp":1611071186129.517,"packetsReceived":9692,"packetsLost":0},"Type":"inbound-rtp","Video":{"timestamp":1611071186129.517,"packetsReceived":4935,"packetsLost":0}},{"from":"Shreyas_c82ad4b7-4ba3-4a29-989c-ed0396c86f52","to":"Chinmay_4fecd7b0-5a79-441c-b586-f546566aa289","Audio":{"timestamp":1611071186129.517,"packetsReceived":9692,"packetsLost":0},"Type":"inbound-rtp","Video":{"timestamp":1611071186129.517,"packetsReceived":4935,"packetsLost":0}},{"from":"Shreyas_c82ad4b7-4ba3-4a29-989c-ed0396c86f52","to":"Chinmay_4fecd7b0-5a79-441c-b586-f546566aa289","Audio":{"timestamp":1611071191127.907,"packetsReceived":9942,"packetsLost":0},"Type":"inbound-rtp","Video":{"timestamp":1611071191127.907,"packetsReceived":5841,"packetsLost":0}},{"from":"Shreyas_c82ad4b7-4ba3-4a29-989c-ed0396c86f52","to":"Chinmay_4fecd7b0-5a79-441c-b586-f546566aa289","Audio":{"timestamp":1611071191127.907,"packetsReceived":9942,"packetsLost":0},"Type":"inbound-rtp","Video":{"timestamp":1611071191127.907,"packetsReceived":5841,"packetsLost":0}},{"from":"Shreyas_c82ad4b7-4ba3-4a29-989c-ed0396c86f52","to":"Chinmay_4fecd7b0-5a79-441c-b586-f546566aa289","Audio":{"timestamp":1611071196129.724,"packetsReceived":10192,"packetsLost":0},"Type":"inbound-rtp","Video":{"timestamp":1611071196129.724,"packetsReceived":6631,"packetsLost":0}},{"from":"Shreyas_c82ad4b7-4ba3-4a29-989c-ed0396c86f52","to":"Chinmay_4fecd7b0-5a79-441c-b586-f546566aa289","Audio":{"timestamp":1611071196129.724,"packetsReceived":10192,"packetsLost":0},"Type":"inbound-rtp","Video":{"timestamp":1611071196129.724,"packetsReceived":6631,"packetsLost":0}},{"from":"Shreyas_c82ad4b7-4ba3-4a29-989c-ed0396c86f52","to":"Chinmay_4fecd7b0-5a79-441c-b586-f546566aa289","Audio":{"timestamp":1611071201127.919,"packetsReceived":10442,"packetsLost":0},"Type":"inbound-rtp","Video":{"timestamp":1611071201127.919,"packetsReceived":7598,"packetsLost":0}},{"from":"Shreyas_c82ad4b7-4ba3-4a29-989c-ed0396c86f52","to":"Chinmay_4fecd7b0-5a79-441c-b586-f546566aa289","Audio":{"timestamp":1611071201127.919,"packetsReceived":10442,"packetsLost":0},"Type":"inbound-rtp","Video":{"timestamp":1611071201127.919,"packetsReceived":7598,"packetsLost":0}},{"from":"Shreyas_c82ad4b7-4ba3-4a29-989c-ed0396c86f52","to":"Chinmay_4fecd7b0-5a79-441c-b586-f546566aa289","Audio":{"timestamp":1611071206127.803,"packetsReceived":10692,"packetsLost":0},"Type":"inbound-rtp","Video":{"timestamp":1611071206127.803,"packetsReceived":8741,"packetsLost":0}},{"from":"Shreyas_c82ad4b7-4ba3-4a29-989c-ed0396c86f52","to":"Chinmay_4fecd7b0-5a79-441c-b586-f546566aa289","Audio":{"timestamp":1611071206127.803,"packetsReceived":10692,"packetsLost":0},"Type":"inbound-rtp","Video":{"timestamp":1611071206127.803,"packetsReceived":8741,"packetsLost":0}},{"from":"Shreyas_c82ad4b7-4ba3-4a29-989c-ed0396c86f52","to":"Chinmay_4fecd7b0-5a79-441c-b586-f546566aa289","Audio":{"timestamp":1611071211127.899,"packetsReceived":10942,"packetsLost":0},"Type":"inbound-rtp","Video":{"timestamp":1611071211127.899,"packetsReceived":10025,"packetsLost":0}},{"from":"Shreyas_c82ad4b7-4ba3-4a29-989c-ed0396c86f52","to":"Chinmay_4fecd7b0-5a79-441c-b586-f546566aa289","Audio":{"timestamp":1611071211127.899,"packetsReceived":10942,"packetsLost":0},"Type":"inbound-rtp","Video":{"timestamp":1611071211127.899,"packetsReceived":10025,"packetsLost":0}},{"from":"Shreyas_c82ad4b7-4ba3-4a29-989c-ed0396c86f52","to":"Chinmay_4fecd7b0-5a79-441c-b586-f546566aa289","Audio":{"timestamp":1611071216128.051,"packetsReceived":11192,"packetsLost":0},"Type":"inbound-rtp","Video":{"timestamp":1611071216128.051,"packetsReceived":11440,"packetsLost":0}},{"from":"Shreyas_c82ad4b7-4ba3-4a29-989c-ed0396c86f52","to":"Chinmay_4fecd7b0-5a79-441c-b586-f546566aa289","Audio":{"timestamp":1611071216128.051,"packetsReceived":11192,"packetsLost":0},"Type":"inbound-rtp","Video":{"timestamp":1611071216128.051,"packetsReceived":11440,"packetsLost":0}},{"from":"Shreyas_c82ad4b7-4ba3-4a29-989c-ed0396c86f52","to":"Chinmay_4fecd7b0-5a79-441c-b586-f546566aa289","Audio":{"timestamp":1611071221128.436,"packetsReceived":11442,"packetsLost":0},"Type":"inbound-rtp","Video":{"timestamp":1611071221128.436,"packetsReceived":12796,"packetsLost":0}},{"from":"Shreyas_c82ad4b7-4ba3-4a29-989c-ed0396c86f52","to":"Chinmay_4fecd7b0-5a79-441c-b586-f546566aa289","Audio":{"timestamp":1611071221128.436,"packetsReceived":11442,"packetsLost":0},"Type":"inbound-rtp","Video":{"timestamp":1611071221128.436,"packetsReceived":12796,"packetsLost":0}},{"from":"Shreyas_c82ad4b7-4ba3-4a29-989c-ed0396c86f52","to":"Chinmay_4fecd7b0-5a79-441c-b586-f546566aa289","Audio":{"timestamp":1611071226127.793,"packetsReceived":11692,"packetsLost":0},"Type":"inbound-rtp","Video":{"timestamp":1611071226127.793,"packetsReceived":13975,"packetsLost":0}},{"from":"Shreyas_c82ad4b7-4ba3-4a29-989c-ed0396c86f52","to":"Chinmay_4fecd7b0-5a79-441c-b586-f546566aa289","Audio":{"timestamp":1611071226127.793,"packetsReceived":11692,"packetsLost":0},"Type":"inbound-rtp","Video":{"timestamp":1611071226127.793,"packetsReceived":13975,"packetsLost":0}},{"from":"Shreyas_c82ad4b7-4ba3-4a29-989c-ed0396c86f52","to":"Chinmay_4fecd7b0-5a79-441c-b586-f546566aa289","Audio":{"timestamp":1611071231128.055,"packetsReceived":11942,"packetsLost":0},"Type":"inbound-rtp","Video":{"timestamp":1611071231128.055,"packetsReceived":15204,"packetsLost":0}},{"from":"Shreyas_c82ad4b7-4ba3-4a29-989c-ed0396c86f52","to":"Chinmay_4fecd7b0-5a79-441c-b586-f546566aa289","Audio":{"timestamp":1611071231128.055,"packetsReceived":11942,"packetsLost":0},"Type":"inbound-rtp","Video":{"timestamp":1611071231128.055,"packetsReceived":15204,"packetsLost":0}},{"from":"Shreyas_c82ad4b7-4ba3-4a29-989c-ed0396c86f52","to":"Chinmay_4fecd7b0-5a79-441c-b586-f546566aa289","Audio":{"timestamp":1611071236129.108,"packetsReceived":12193,"packetsLost":0},"Type":"inbound-rtp","Video":{"timestamp":1611071236129.108,"packetsReceived":16239,"packetsLost":0}},{"from":"Shreyas_c82ad4b7-4ba3-4a29-989c-ed0396c86f52","to":"Chinmay_4fecd7b0-5a79-441c-b586-f546566aa289","Audio":{"timestamp":1611071236129.108,"packetsReceived":12193,"packetsLost":0},"Type":"inbound-rtp","Video":{"timestamp":1611071236129.108,"packetsReceived":16239,"packetsLost":0}},{"from":"Shreyas_c82ad4b7-4ba3-4a29-989c-ed0396c86f52","to":"Chinmay_4fecd7b0-5a79-441c-b586-f546566aa289","Audio":{"timestamp":1611071241130.096,"packetsReceived":12442,"packetsLost":0},"Type":"inbound-rtp","Video":{"timestamp":1611071241130.096,"packetsReceived":17211,"packetsLost":0}},{"from":"Shreyas_c82ad4b7-4ba3-4a29-989c-ed0396c86f52","to":"Chinmay_4fecd7b0-5a79-441c-b586-f546566aa289","Audio":{"timestamp":1611071241130.096,"packetsReceived":12442,"packetsLost":0},"Type":"inbound-rtp","Video":{"timestamp":1611071241130.096,"packetsReceived":17211,"packetsLost":0}},{"from":"Shreyas_c82ad4b7-4ba3-4a29-989c-ed0396c86f52","to":"Chinmay_4fecd7b0-5a79-441c-b586-f546566aa289","Audio":{"timestamp":1611071246128.827,"packetsReceived":12692,"packetsLost":0},"Type":"inbound-rtp","Video":{"timestamp":1611071246128.827,"packetsReceived":18204,"packetsLost":0}},{"from":"Shreyas_c82ad4b7-4ba3-4a29-989c-ed0396c86f52","to":"Chinmay_4fecd7b0-5a79-441c-b586-f546566aa289","Audio":{"timestamp":1611071246128.827,"packetsReceived":12692,"packetsLost":0},"Type":"inbound-rtp","Video":{"timestamp":1611071246128.827,"packetsReceived":18204,"packetsLost":0}},{"from":"Shreyas_c82ad4b7-4ba3-4a29-989c-ed0396c86f52","to":"Chinmay_4fecd7b0-5a79-441c-b586-f546566aa289","Audio":{"timestamp":1611071251128.238,"packetsReceived":12942,"packetsLost":0},"Type":"inbound-rtp","Video":{"timestamp":1611071251128.238,"packetsReceived":19354,"packetsLost":0}},{"from":"Shreyas_c82ad4b7-4ba3-4a29-989c-ed0396c86f52","to":"Chinmay_4fecd7b0-5a79-441c-b586-f546566aa289","Audio":{"timestamp":1611071251128.238,"packetsReceived":12942,"packetsLost":0},"Type":"inbound-rtp","Video":{"timestamp":1611071251128.238,"packetsReceived":19354,"packetsLost":0}},{"from":"Shreyas_c82ad4b7-4ba3-4a29-989c-ed0396c86f52","to":"Chinmay_4fecd7b0-5a79-441c-b586-f546566aa289","Audio":{"timestamp":1611071256127.719,"packetsReceived":13192,"packetsLost":0},"Type":"inbound-rtp","Video":{"timestamp":1611071256127.719,"packetsReceived":20420,"packetsLost":0}},{"from":"Shreyas_c82ad4b7-4ba3-4a29-989c-ed0396c86f52","to":"Chinmay_4fecd7b0-5a79-441c-b586-f546566aa289","Audio":{"timestamp":1611071256127.719,"packetsReceived":13192,"packetsLost":0},"Type":"inbound-rtp","Video":{"timestamp":1611071256127.719,"packetsReceived":20420,"packetsLost":0}},{"from":"Shreyas_c82ad4b7-4ba3-4a29-989c-ed0396c86f52","to":"Chinmay_4fecd7b0-5a79-441c-b586-f546566aa289","Audio":{"timestamp":1611071261127.933,"packetsReceived":13442,"packetsLost":0},"Type":"inbound-rtp","Video":{"timestamp":1611071261127.933,"packetsReceived":21544,"packetsLost":0}},{"from":"Shreyas_c82ad4b7-4ba3-4a29-989c-ed0396c86f52","to":"Chinmay_4fecd7b0-5a79-441c-b586-f546566aa289","Audio":{"timestamp":1611071261127.933,"packetsReceived":13442,"packetsLost":0},"Type":"inbound-rtp","Video":{"timestamp":1611071261127.933,"packetsReceived":21544,"packetsLost":0}},{"from":"Shreyas_c82ad4b7-4ba3-4a29-989c-ed0396c86f52","to":"Chinmay_4fecd7b0-5a79-441c-b586-f546566aa289","Audio":{"timestamp":1611071266127.902,"packetsReceived":13692,"packetsLost":0},"Type":"inbound-rtp","Video":{"timestamp":1611071266127.902,"packetsReceived":22622,"packetsLost":0}},{"from":"Shreyas_c82ad4b7-4ba3-4a29-989c-ed0396c86f52","to":"Chinmay_4fecd7b0-5a79-441c-b586-f546566aa289","Audio":{"timestamp":1611071266127.902,"packetsReceived":13692,"packetsLost":0},"Type":"inbound-rtp","Video":{"timestamp":1611071266127.902,"packetsReceived":22622,"packetsLost":0}},{"from":"Shreyas_c82ad4b7-4ba3-4a29-989c-ed0396c86f52","to":"Chinmay_4fecd7b0-5a79-441c-b586-f546566aa289","Audio":{"timestamp":1611071271128.21,"packetsReceived":13941,"packetsLost":0},"Type":"inbound-rtp","Video":{"timestamp":1611071271128.21,"packetsReceived":23860,"packetsLost":0}},{"from":"Shreyas_c82ad4b7-4ba3-4a29-989c-ed0396c86f52","to":"Chinmay_4fecd7b0-5a79-441c-b586-f546566aa289","Audio":{"timestamp":1611071271128.21,"packetsReceived":13941,"packetsLost":0},"Type":"inbound-rtp","Video":{"timestamp":1611071271128.21,"packetsReceived":23860,"packetsLost":0}},{"from":"Shreyas_c82ad4b7-4ba3-4a29-989c-ed0396c86f52","to":"Chinmay_4fecd7b0-5a79-441c-b586-f546566aa289","Audio":{"timestamp":1611071276128.07,"packetsReceived":14192,"packetsLost":0},"Type":"inbound-rtp","Video":{"timestamp":1611071276128.07,"packetsReceived":25000,"packetsLost":0}},{"from":"Shreyas_c82ad4b7-4ba3-4a29-989c-ed0396c86f52","to":"Chinmay_4fecd7b0-5a79-441c-b586-f546566aa289","Audio":{"timestamp":1611071276128.07,"packetsReceived":14192,"packetsLost":0},"Type":"inbound-rtp","Video":{"timestamp":1611071276128.07,"packetsReceived":25000,"packetsLost":0}},{"from":"Shreyas_c82ad4b7-4ba3-4a29-989c-ed0396c86f52","to":"Chinmay_4fecd7b0-5a79-441c-b586-f546566aa289","Audio":{"timestamp":1611071281127.961,"packetsReceived":14442,"packetsLost":0},"Type":"inbound-rtp","Video":{"timestamp":1611071281127.961,"packetsReceived":26121,"packetsLost":0}},{"from":"Shreyas_c82ad4b7-4ba3-4a29-989c-ed0396c86f52","to":"Chinmay_4fecd7b0-5a79-441c-b586-f546566aa289","Audio":{"timestamp":1611071281127.961,"packetsReceived":14442,"packetsLost":0},"Type":"inbound-rtp","Video":{"timestamp":1611071281127.961,"packetsReceived":26121,"packetsLost":0}},{"from":"Shreyas_c82ad4b7-4ba3-4a29-989c-ed0396c86f52","to":"Chinmay_4fecd7b0-5a79-441c-b586-f546566aa289","Audio":{"timestamp":1611071286128.019,"packetsReceived":14692,"packetsLost":0},"Type":"inbound-rtp","Video":{"timestamp":1611071286128.019,"packetsReceived":27270,"packetsLost":0}},{"from":"Shreyas_c82ad4b7-4ba3-4a29-989c-ed0396c86f52","to":"Chinmay_4fecd7b0-5a79-441c-b586-f546566aa289","Audio":{"timestamp":1611071286128.019,"packetsReceived":14692,"packetsLost":0},"Type":"inbound-rtp","Video":{"timestamp":1611071286128.019,"packetsReceived":27270,"packetsLost":0}},{"from":"Shreyas_c82ad4b7-4ba3-4a29-989c-ed0396c86f52","to":"Chinmay_4fecd7b0-5a79-441c-b586-f546566aa289","Audio":{"timestamp":1611071291127.702,"packetsReceived":14942,"packetsLost":0},"Type":"inbound-rtp","Video":{"timestamp":1611071291127.702,"packetsReceived":28441,"packetsLost":0}},{"from":"Shreyas_c82ad4b7-4ba3-4a29-989c-ed0396c86f52","to":"Chinmay_4fecd7b0-5a79-441c-b586-f546566aa289","Audio":{"timestamp":1611071291127.702,"packetsReceived":14942,"packetsLost":0},"Type":"inbound-rtp","Video":{"timestamp":1611071291127.702,"packetsReceived":28441,"packetsLost":0}},{"from":"Shreyas_c82ad4b7-4ba3-4a29-989c-ed0396c86f52","to":"Chinmay_4fecd7b0-5a79-441c-b586-f546566aa289","Audio":{"timestamp":1611071296127.7,"packetsReceived":15192,"packetsLost":0},"Type":"inbound-rtp","Video":{"timestamp":1611071296127.7,"packetsReceived":29614,"packetsLost":0}},{"from":"Shreyas_c82ad4b7-4ba3-4a29-989c-ed0396c86f52","to":"Chinmay_4fecd7b0-5a79-441c-b586-f546566aa289","Audio":{"timestamp":1611071296127.7,"packetsReceived":15192,"packetsLost":0},"Type":"inbound-rtp","Video":{"timestamp":1611071296127.7,"packetsReceived":29614,"packetsLost":0}},{"from":"Shreyas_c82ad4b7-4ba3-4a29-989c-ed0396c86f52","to":"Chinmay_4fecd7b0-5a79-441c-b586-f546566aa289","Audio":{"timestamp":1611071301127.712,"packetsReceived":15442,"packetsLost":0},"Type":"inbound-rtp","Video":{"timestamp":1611071301127.712,"packetsReceived":31114,"packetsLost":0}},{"from":"Shreyas_c82ad4b7-4ba3-4a29-989c-ed0396c86f52","to":"Chinmay_4fecd7b0-5a79-441c-b586-f546566aa289","Audio":{"timestamp":1611071301127.712,"packetsReceived":15442,"packetsLost":0},"Type":"inbound-rtp","Video":{"timestamp":1611071301127.712,"packetsReceived":31114,"packetsLost":0}},{"from":"Shreyas_c82ad4b7-4ba3-4a29-989c-ed0396c86f52","to":"Chinmay_4fecd7b0-5a79-441c-b586-f546566aa289","Audio":{"timestamp":1611071306131.943,"packetsReceived":15692,"packetsLost":0},"Type":"inbound-rtp","Video":{"timestamp":1611071306131.943,"packetsReceived":32530,"packetsLost":0}},{"from":"Shreyas_c82ad4b7-4ba3-4a29-989c-ed0396c86f52","to":"Chinmay_4fecd7b0-5a79-441c-b586-f546566aa289","Audio":{"timestamp":1611071306131.943,"packetsReceived":15692,"packetsLost":0},"Type":"inbound-rtp","Video":{"timestamp":1611071306131.943,"packetsReceived":32530,"packetsLost":0}},{"from":"Shreyas_c82ad4b7-4ba3-4a29-989c-ed0396c86f52","to":"Chinmay_4fecd7b0-5a79-441c-b586-f546566aa289","Audio":{"timestamp":1611071311127.979,"packetsReceived":15942,"packetsLost":0},"Type":"inbound-rtp","Video":{"timestamp":1611071311127.979,"packetsReceived":33957,"packetsLost":0}},{"from":"Shreyas_c82ad4b7-4ba3-4a29-989c-ed0396c86f52","to":"Chinmay_4fecd7b0-5a79-441c-b586-f546566aa289","Audio":{"timestamp":1611071311127.979,"packetsReceived":15942,"packetsLost":0},"Type":"inbound-rtp","Video":{"timestamp":1611071311127.979,"packetsReceived":33957,"packetsLost":0}},{"from":"Shreyas_c82ad4b7-4ba3-4a29-989c-ed0396c86f52","to":"Chinmay_4fecd7b0-5a79-441c-b586-f546566aa289","Audio":{"timestamp":1611071316127.861,"packetsReceived":16192,"packetsLost":0},"Type":"inbound-rtp","Video":{"timestamp":1611071316127.861,"packetsReceived":35393,"packetsLost":0}},{"from":"Shreyas_c82ad4b7-4ba3-4a29-989c-ed0396c86f52","to":"Chinmay_4fecd7b0-5a79-441c-b586-f546566aa289","Audio":{"timestamp":1611071316127.861,"packetsReceived":16192,"packetsLost":0},"Type":"inbound-rtp","Video":{"timestamp":1611071316127.861,"packetsReceived":35393,"packetsLost":0}},{"from":"Shreyas_c82ad4b7-4ba3-4a29-989c-ed0396c86f52","to":"Chinmay_4fecd7b0-5a79-441c-b586-f546566aa289","Audio":{"timestamp":1611071321127.824,"packetsReceived":16442,"packetsLost":0},"Type":"inbound-rtp","Video":{"timestamp":1611071321127.824,"packetsReceived":36832,"packetsLost":0}},{"from":"Shreyas_c82ad4b7-4ba3-4a29-989c-ed0396c86f52","to":"Chinmay_4fecd7b0-5a79-441c-b586-f546566aa289","Audio":{"timestamp":1611071321127.824,"packetsReceived":16442,"packetsLost":0},"Type":"inbound-rtp","Video":{"timestamp":1611071321127.824,"packetsReceived":36832,"packetsLost":0}},{"from":"Shreyas_c82ad4b7-4ba3-4a29-989c-ed0396c86f52","to":"Chinmay_4fecd7b0-5a79-441c-b586-f546566aa289","Audio":{"timestamp":1611071326127.694,"packetsReceived":16693,"packetsLost":0},"Type":"inbound-rtp","Video":{"timestamp":1611071326127.694,"packetsReceived":38088,"packetsLost":0}},{"from":"Shreyas_c82ad4b7-4ba3-4a29-989c-ed0396c86f52","to":"Chinmay_4fecd7b0-5a79-441c-b586-f546566aa289","Audio":{"timestamp":1611071326127.694,"packetsReceived":16693,"packetsLost":0},"Type":"inbound-rtp","Video":{"timestamp":1611071326127.694,"packetsReceived":38088,"packetsLost":0}},{"from":"Shreyas_c82ad4b7-4ba3-4a29-989c-ed0396c86f52","to":"Chinmay_4fecd7b0-5a79-441c-b586-f546566aa289","Audio":{"timestamp":1611071331128.441,"packetsReceived":16942,"packetsLost":0},"Type":"inbound-rtp","Video":{"timestamp":1611071331128.441,"packetsReceived":38871,"packetsLost":0}},{"from":"Shreyas_c82ad4b7-4ba3-4a29-989c-ed0396c86f52","to":"Chinmay_4fecd7b0-5a79-441c-b586-f546566aa289","Audio":{"timestamp":1611071331128.441,"packetsReceived":16942,"packetsLost":0},"Type":"inbound-rtp","Video":{"timestamp":1611071331128.441,"packetsReceived":38871,"packetsLost":0}},{"from":"Shreyas_c82ad4b7-4ba3-4a29-989c-ed0396c86f52","to":"Chinmay_4fecd7b0-5a79-441c-b586-f546566aa289","Audio":{"timestamp":1611071336127.872,"packetsReceived":17192,"packetsLost":0},"Type":"inbound-rtp","Video":{"timestamp":1611071336127.872,"packetsReceived":39649,"packetsLost":0}},{"from":"Shreyas_c82ad4b7-4ba3-4a29-989c-ed0396c86f52","to":"Chinmay_4fecd7b0-5a79-441c-b586-f546566aa289","Audio":{"timestamp":1611071336127.872,"packetsReceived":17192,"packetsLost":0},"Type":"inbound-rtp","Video":{"timestamp":1611071336127.872,"packetsReceived":39649,"packetsLost":0}},{"from":"Shreyas_c82ad4b7-4ba3-4a29-989c-ed0396c86f52","to":"Chinmay_4fecd7b0-5a79-441c-b586-f546566aa289","Audio":{"timestamp":1611071341127.705,"packetsReceived":17442,"packetsLost":0},"Type":"inbound-rtp","Video":{"timestamp":1611071341127.705,"packetsReceived":40235,"packetsLost":0}},{"from":"Shreyas_c82ad4b7-4ba3-4a29-989c-ed0396c86f52","to":"Chinmay_4fecd7b0-5a79-441c-b586-f546566aa289","Audio":{"timestamp":1611071341127.705,"packetsReceived":17442,"packetsLost":0},"Type":"inbound-rtp","Video":{"timestamp":1611071341127.705,"packetsReceived":40235,"packetsLost":0}},{"from":"Shreyas_c82ad4b7-4ba3-4a29-989c-ed0396c86f52","to":"Chinmay_4fecd7b0-5a79-441c-b586-f546566aa289","Audio":{"timestamp":1611071346127.785,"packetsReceived":17692,"packetsLost":0},"Type":"inbound-rtp","Video":{"timestamp":1611071346127.785,"packetsReceived":40286,"packetsLost":0}},{"from":"Shreyas_c82ad4b7-4ba3-4a29-989c-ed0396c86f52","to":"Chinmay_4fecd7b0-5a79-441c-b586-f546566aa289","Audio":{"timestamp":1611071346127.785,"packetsReceived":17692,"packetsLost":0},"Type":"inbound-rtp","Video":{"timestamp":1611071346127.785,"packetsReceived":40286,"packetsLost":0}},{"from":"Shreyas_c82ad4b7-4ba3-4a29-989c-ed0396c86f52","to":"Chinmay_4fecd7b0-5a79-441c-b586-f546566aa289","Audio":{"timestamp":1611071351127.848,"packetsReceived":17942,"packetsLost":0},"Type":"inbound-rtp","Video":{"timestamp":1611071351127.848,"packetsReceived":40315,"packetsLost":0}},{"from":"Shreyas_c82ad4b7-4ba3-4a29-989c-ed0396c86f52","to":"Chinmay_4fecd7b0-5a79-441c-b586-f546566aa289","Audio":{"timestamp":1611071351127.848,"packetsReceived":17942,"packetsLost":0},"Type":"inbound-rtp","Video":{"timestamp":1611071351127.848,"packetsReceived":40315,"packetsLost":0}},{"from":"Shreyas_c82ad4b7-4ba3-4a29-989c-ed0396c86f52","to":"Chinmay_4fecd7b0-5a79-441c-b586-f546566aa289","Audio":{"timestamp":1611071356127.796,"packetsReceived":18192,"packetsLost":0},"Type":"inbound-rtp","Video":{"timestamp":1611071356127.796,"packetsReceived":40340,"packetsLost":0}},{"from":"Shreyas_c82ad4b7-4ba3-4a29-989c-ed0396c86f52","to":"Chinmay_4fecd7b0-5a79-441c-b586-f546566aa289","Audio":{"timestamp":1611071356127.796,"packetsReceived":18192,"packetsLost":0},"Type":"inbound-rtp","Video":{"timestamp":1611071356127.796,"packetsReceived":40340,"packetsLost":0}},{"from":"Shreyas_c82ad4b7-4ba3-4a29-989c-ed0396c86f52","to":"Chinmay_4fecd7b0-5a79-441c-b586-f546566aa289","Audio":{"timestamp":1611071361127.723,"packetsReceived":18442,"packetsLost":0},"Type":"inbound-rtp","Video":{"timestamp":1611071361127.723,"packetsReceived":40358,"packetsLost":0}},{"from":"Shreyas_c82ad4b7-4ba3-4a29-989c-ed0396c86f52","to":"Chinmay_4fecd7b0-5a79-441c-b586-f546566aa289","Audio":{"timestamp":1611071361127.723,"packetsReceived":18442,"packetsLost":0},"Type":"inbound-rtp","Video":{"timestamp":1611071361127.723,"packetsReceived":40358,"packetsLost":0}},{"from":"Shreyas_c82ad4b7-4ba3-4a29-989c-ed0396c86f52","to":"Chinmay_4fecd7b0-5a79-441c-b586-f546566aa289","Audio":{"timestamp":1611071366127.866,"packetsReceived":18692,"packetsLost":0},"Type":"inbound-rtp","Video":{"timestamp":1611071366127.866,"packetsReceived":40381,"packetsLost":0}},{"from":"Shreyas_c82ad4b7-4ba3-4a29-989c-ed0396c86f52","to":"Chinmay_4fecd7b0-5a79-441c-b586-f546566aa289","Audio":{"timestamp":1611071366127.866,"packetsReceived":18692,"packetsLost":0},"Type":"inbound-rtp","Video":{"timestamp":1611071366127.866,"packetsReceived":40381,"packetsLost":0}},{"from":"Shreyas_c82ad4b7-4ba3-4a29-989c-ed0396c86f52","to":"Chinmay_4fecd7b0-5a79-441c-b586-f546566aa289","Audio":{"timestamp":1611071371127.727,"packetsReceived":18942,"packetsLost":0},"Type":"inbound-rtp","Video":{"timestamp":1611071371127.727,"packetsReceived":40403,"packetsLost":0}},{"from":"Shreyas_c82ad4b7-4ba3-4a29-989c-ed0396c86f52","to":"Chinmay_4fecd7b0-5a79-441c-b586-f546566aa289","Audio":{"timestamp":1611071371127.727,"packetsReceived":18942,"packetsLost":0},"Type":"inbound-rtp","Video":{"timestamp":1611071371127.727,"packetsReceived":40403,"packetsLost":0}},{"from":"Shreyas_c82ad4b7-4ba3-4a29-989c-ed0396c86f52","to":"Chinmay_4fecd7b0-5a79-441c-b586-f546566aa289","Audio":{"timestamp":1611071376127.957,"packetsReceived":19192,"packetsLost":0},"Type":"inbound-rtp","Video":{"timestamp":1611071376127.957,"packetsReceived":40574,"packetsLost":0}},{"from":"Shreyas_c82ad4b7-4ba3-4a29-989c-ed0396c86f52","to":"Chinmay_4fecd7b0-5a79-441c-b586-f546566aa289","Audio":{"timestamp":1611071376127.957,"packetsReceived":19192,"packetsLost":0},"Type":"inbound-rtp","Video":{"timestamp":1611071376127.957,"packetsReceived":40574,"packetsLost":0}},{"from":"Shreyas_c82ad4b7-4ba3-4a29-989c-ed0396c86f52","to":"Chinmay_4fecd7b0-5a79-441c-b586-f546566aa289","Audio":{"timestamp":1611071381127.837,"packetsReceived":19442,"packetsLost":0},"Type":"inbound-rtp","Video":{"timestamp":1611071381127.837,"packetsReceived":40733,"packetsLost":0}},{"from":"Shreyas_c82ad4b7-4ba3-4a29-989c-ed0396c86f52","to":"Chinmay_4fecd7b0-5a79-441c-b586-f546566aa289","Audio":{"timestamp":1611071381127.837,"packetsReceived":19442,"packetsLost":0},"Type":"inbound-rtp","Video":{"timestamp":1611071381127.837,"packetsReceived":40733,"packetsLost":0}},{"from":"Shreyas_c82ad4b7-4ba3-4a29-989c-ed0396c86f52","to":"Chinmay_4fecd7b0-5a79-441c-b586-f546566aa289","Audio":{"timestamp":1611071386127.71,"packetsReceived":19692,"packetsLost":0},"Type":"inbound-rtp","Video":{"timestamp":1611071386127.71,"packetsReceived":40779,"packetsLost":0}},{"from":"Shreyas_c82ad4b7-4ba3-4a29-989c-ed0396c86f52","to":"Chinmay_4fecd7b0-5a79-441c-b586-f546566aa289","Audio":{"timestamp":1611071386127.71,"packetsReceived":19692,"packetsLost":0},"Type":"inbound-rtp","Video":{"timestamp":1611071386127.71,"packetsReceived":40779,"packetsLost":0}},{"from":"Shreyas_c82ad4b7-4ba3-4a29-989c-ed0396c86f52","to":"Chinmay_4fecd7b0-5a79-441c-b586-f546566aa289","Audio":{"timestamp":1611071391127.762,"packetsReceived":19942,"packetsLost":0},"Type":"inbound-rtp","Video":{"timestamp":1611071391127.762,"packetsReceived":40831,"packetsLost":0}},{"from":"Shreyas_c82ad4b7-4ba3-4a29-989c-ed0396c86f52","to":"Chinmay_4fecd7b0-5a79-441c-b586-f546566aa289","Audio":{"timestamp":1611071391127.762,"packetsReceived":19942,"packetsLost":0},"Type":"inbound-rtp","Video":{"timestamp":1611071391127.762,"packetsReceived":40831,"packetsLost":0}},{"from":"Shreyas_c82ad4b7-4ba3-4a29-989c-ed0396c86f52","to":"Chinmay_4fecd7b0-5a79-441c-b586-f546566aa289","Audio":{"timestamp":1611071396127.712,"packetsReceived":20192,"packetsLost":0},"Type":"inbound-rtp","Video":{"timestamp":1611071396127.712,"packetsReceived":40876,"packetsLost":0}},{"from":"Shreyas_c82ad4b7-4ba3-4a29-989c-ed0396c86f52","to":"Chinmay_4fecd7b0-5a79-441c-b586-f546566aa289","Audio":{"timestamp":1611071396127.712,"packetsReceived":20192,"packetsLost":0},"Type":"inbound-rtp","Video":{"timestamp":1611071396127.712,"packetsReceived":40876,"packetsLost":0}},{"from":"Shreyas_c82ad4b7-4ba3-4a29-989c-ed0396c86f52","to":"Chinmay_4fecd7b0-5a79-441c-b586-f546566aa289","Audio":{"timestamp":1611071401127.714,"packetsReceived":20442,"packetsLost":0},"Type":"inbound-rtp","Video":{"timestamp":1611071401127.714,"packetsReceived":40921,"packetsLost":0}},{"from":"Shreyas_c82ad4b7-4ba3-4a29-989c-ed0396c86f52","to":"Chinmay_4fecd7b0-5a79-441c-b586-f546566aa289","Audio":{"timestamp":1611071401127.714,"packetsReceived":20442,"packetsLost":0},"Type":"inbound-rtp","Video":{"timestamp":1611071401127.714,"packetsReceived":40921,"packetsLost":0}},{"from":"Shreyas_c82ad4b7-4ba3-4a29-989c-ed0396c86f52","to":"Chinmay_4fecd7b0-5a79-441c-b586-f546566aa289","Audio":{"timestamp":1611071406127.802,"packetsReceived":20692,"packetsLost":0},"Type":"inbound-rtp","Video":{"timestamp":1611071406127.802,"packetsReceived":40957,"packetsLost":0}},{"from":"Shreyas_c82ad4b7-4ba3-4a29-989c-ed0396c86f52","to":"Chinmay_4fecd7b0-5a79-441c-b586-f546566aa289","Audio":{"timestamp":1611071406127.802,"packetsReceived":20692,"packetsLost":0},"Type":"inbound-rtp","Video":{"timestamp":1611071406127.802,"packetsReceived":40957,"packetsLost":0}},{"from":"Shreyas_c82ad4b7-4ba3-4a29-989c-ed0396c86f52","to":"Chinmay_4fecd7b0-5a79-441c-b586-f546566aa289","Audio":{"timestamp":1611071411127.808,"packetsReceived":20942,"packetsLost":0},"Type":"inbound-rtp","Video":{"timestamp":1611071411127.808,"packetsReceived":41012,"packetsLost":0}},{"from":"Shreyas_c82ad4b7-4ba3-4a29-989c-ed0396c86f52","to":"Chinmay_4fecd7b0-5a79-441c-b586-f546566aa289","Audio":{"timestamp":1611071411127.808,"packetsReceived":20942,"packetsLost":0},"Type":"inbound-rtp","Video":{"timestamp":1611071411127.808,"packetsReceived":41012,"packetsLost":0}},{"from":"Shreyas_c82ad4b7-4ba3-4a29-989c-ed0396c86f52","to":"Chinmay_4fecd7b0-5a79-441c-b586-f546566aa289","Audio":{"timestamp":1611071416127.744,"packetsReceived":21192,"packetsLost":0},"Type":"inbound-rtp","Video":{"timestamp":1611071416127.744,"packetsReceived":41057,"packetsLost":0}},{"from":"Shreyas_c82ad4b7-4ba3-4a29-989c-ed0396c86f52","to":"Chinmay_4fecd7b0-5a79-441c-b586-f546566aa289","Audio":{"timestamp":1611071416127.744,"packetsReceived":21192,"packetsLost":0},"Type":"inbound-rtp","Video":{"timestamp":1611071416127.744,"packetsReceived":41057,"packetsLost":0}},{"from":"Shreyas_c82ad4b7-4ba3-4a29-989c-ed0396c86f52","to":"Chinmay_4fecd7b0-5a79-441c-b586-f546566aa289","Audio":{"timestamp":1611071421127.727,"packetsReceived":21442,"packetsLost":0},"Type":"inbound-rtp","Video":{"timestamp":1611071421127.727,"packetsReceived":41093,"packetsLost":0}},{"from":"Shreyas_c82ad4b7-4ba3-4a29-989c-ed0396c86f52","to":"Chinmay_4fecd7b0-5a79-441c-b586-f546566aa289","Audio":{"timestamp":1611071421127.727,"packetsReceived":21442,"packetsLost":0},"Type":"inbound-rtp","Video":{"timestamp":1611071421127.727,"packetsReceived":41093,"packetsLost":0}},{"from":"Shreyas_c82ad4b7-4ba3-4a29-989c-ed0396c86f52","to":"Chinmay_4fecd7b0-5a79-441c-b586-f546566aa289","Audio":{"timestamp":1611071425506.518,"packetsReceived":21661,"packetsLost":0},"Type":"inbound-rtp","Video":{"timestamp":1611071425506.518,"packetsReceived":41129,"packetsLost":0}},{"from":"Shreyas_c82ad4b7-4ba3-4a29-989c-ed0396c86f52","to":"Chinmay_4fecd7b0-5a79-441c-b586-f546566aa289","Audio":{"timestamp":1611071425506.518,"packetsReceived":21661,"packetsLost":0},"Type":"inbound-rtp","Video":{"timestamp":1611071425506.518,"packetsReceived":41129,"packetsLost":0}},{"from":"Shreyas_c82ad4b7-4ba3-4a29-989c-ed0396c86f52","to":"Chinmay_4fecd7b0-5a79-441c-b586-f546566aa289","Audio":{"timestamp":1611071430506.504,"packetsReceived":21911,"packetsLost":0},"Type":"inbound-rtp","Video":{"timestamp":1611071430506.504,"packetsReceived":41174,"packetsLost":0}},{"from":"Shreyas_c82ad4b7-4ba3-4a29-989c-ed0396c86f52","to":"Chinmay_4fecd7b0-5a79-441c-b586-f546566aa289","Audio":{"timestamp":1611071430506.504,"packetsReceived":21911,"packetsLost":0},"Type":"inbound-rtp","Video":{"timestamp":1611071430506.504,"packetsReceived":41174,"packetsLost":0}},{"from":"Shreyas_c82ad4b7-4ba3-4a29-989c-ed0396c86f52","to":"Chinmay_4fecd7b0-5a79-441c-b586-f546566aa289","Audio":{"timestamp":1611071435506.651,"packetsReceived":22161,"packetsLost":0},"Type":"inbound-rtp","Video":{"timestamp":1611071435506.651,"packetsReceived":41219,"packetsLost":0}},{"from":"Shreyas_c82ad4b7-4ba3-4a29-989c-ed0396c86f52","to":"Chinmay_4fecd7b0-5a79-441c-b586-f546566aa289","Audio":{"timestamp":1611071435506.651,"packetsReceived":22161,"packetsLost":0},"Type":"inbound-rtp","Video":{"timestamp":1611071435506.651,"packetsReceived":41219,"packetsLost":0}},{"from":"Shreyas_c82ad4b7-4ba3-4a29-989c-ed0396c86f52","to":"Chinmay_4fecd7b0-5a79-441c-b586-f546566aa289","Audio":{"timestamp":1611071440506.547,"packetsReceived":22411,"packetsLost":0},"Type":"inbound-rtp","Video":{"timestamp":1611071440506.547,"packetsReceived":41255,"packetsLost":0}},{"from":"Shreyas_c82ad4b7-4ba3-4a29-989c-ed0396c86f52","to":"Chinmay_4fecd7b0-5a79-441c-b586-f546566aa289","Audio":{"timestamp":1611071440506.547,"packetsReceived":22411,"packetsLost":0},"Type":"inbound-rtp","Video":{"timestamp":1611071440506.547,"packetsReceived":41255,"packetsLost":0}},{"from":"Shreyas_c82ad4b7-4ba3-4a29-989c-ed0396c86f52","to":"Chinmay_4fecd7b0-5a79-441c-b586-f546566aa289","Audio":{"timestamp":1611071445506.466,"packetsReceived":22661,"packetsLost":0},"Type":"inbound-rtp","Video":{"timestamp":1611071445506.466,"packetsReceived":41300,"packetsLost":0}},{"from":"Shreyas_c82ad4b7-4ba3-4a29-989c-ed0396c86f52","to":"Chinmay_4fecd7b0-5a79-441c-b586-f546566aa289","Audio":{"timestamp":1611071445506.466,"packetsReceived":22661,"packetsLost":0},"Type":"inbound-rtp","Video":{"timestamp":1611071445506.466,"packetsReceived":41300,"packetsLost":0}},{"from":"Shreyas_c82ad4b7-4ba3-4a29-989c-ed0396c86f52","to":"Chinmay_4fecd7b0-5a79-441c-b586-f546566aa289","Audio":{"timestamp":1611071450506.476,"packetsReceived":22912,"packetsLost":0},"Type":"inbound-rtp","Video":{"timestamp":1611071450506.476,"packetsReceived":41345,"packetsLost":0}},{"from":"Shreyas_c82ad4b7-4ba3-4a29-989c-ed0396c86f52","to":"Chinmay_4fecd7b0-5a79-441c-b586-f546566aa289","Audio":{"timestamp":1611071450506.476,"packetsReceived":22912,"packetsLost":0},"Type":"inbound-rtp","Video":{"timestamp":1611071450506.476,"packetsReceived":41345,"packetsLost":0}},{"from":"Shreyas_c82ad4b7-4ba3-4a29-989c-ed0396c86f52","to":"Chinmay_4fecd7b0-5a79-441c-b586-f546566aa289","Audio":{"timestamp":1611071455506.527,"packetsReceived":23161,"packetsLost":0},"Type":"inbound-rtp","Video":{"timestamp":1611071455506.527,"packetsReceived":41381,"packetsLost":0}},{"from":"Shreyas_c82ad4b7-4ba3-4a29-989c-ed0396c86f52","to":"Chinmay_4fecd7b0-5a79-441c-b586-f546566aa289","Audio":{"timestamp":1611071455506.527,"packetsReceived":23161,"packetsLost":0},"Type":"inbound-rtp","Video":{"timestamp":1611071455506.527,"packetsReceived":41381,"packetsLost":0}},{"from":"Shreyas_c82ad4b7-4ba3-4a29-989c-ed0396c86f52","to":"Chinmay_4fecd7b0-5a79-441c-b586-f546566aa289","Audio":{"timestamp":1611071460506.565,"packetsReceived":23411,"packetsLost":0},"Type":"inbound-rtp","Video":{"timestamp":1611071460506.565,"packetsReceived":41426,"packetsLost":0}},{"from":"Shreyas_c82ad4b7-4ba3-4a29-989c-ed0396c86f52","to":"Chinmay_4fecd7b0-5a79-441c-b586-f546566aa289","Audio":{"timestamp":1611071460506.565,"packetsReceived":23411,"packetsLost":0},"Type":"inbound-rtp","Video":{"timestamp":1611071460506.565,"packetsReceived":41426,"packetsLost":0}}]}