[{"timestamp":1611070560511,"log":{"from":"server","to":"Jaysoni_056e80e7-e1de-4f7f-af84-5520e143ffcb","context":"PARENT","data":"{\"peer\":\"Shashwat_05bdbebd-6994-47d1-907f-c8cee3a67d02\"}"}},{"timestamp":1611070560511,"log":"Parent : Shashwat_05bdbebd-6994-47d1-907f-c8cee3a67d02"},{"timestamp":1611070561016,"log":{"from":"Shashwat_05bdbebd-6994-47d1-907f-c8cee3a67d02","to":"Jaysoni_056e80e7-e1de-4f7f-af84-5520e143ffcb","context":"CONNECT_ACK","data":"{\"roomID\":\"123456\"}"}},{"timestamp":1611070561016,"log":"Connection ACK from parent : Shashwat_05bdbebd-6994-47d1-907f-c8cee3a67d02"},{"timestamp":1611070561024,"log":"received sdp from peer : Shashwat_05bdbebd-6994-47d1-907f-c8cee3a67d02"},{"timestamp":1611070561025,"log":"received ice from peer : Shashwat_05bdbebd-6994-47d1-907f-c8cee3a67d02"},{"timestamp":1611070561027,"log":"received ice from peer : Shashwat_05bdbebd-6994-47d1-907f-c8cee3a67d02"},{"timestamp":1611070561028,"log":"remote stream received"},{"timestamp":1611070561028,"log":{}},{"timestamp":1611070561028,"log":"remote stream received"},{"timestamp":1611070561028,"log":{}},{"timestamp":1611070561032,"log":"created description for peer : Shashwat_05bdbebd-6994-47d1-907f-c8cee3a67d02"},{"timestamp":1611070561049,"log":"received ice from peer : Shashwat_05bdbebd-6994-47d1-907f-c8cee3a67d02"},{"timestamp":1611070561064,"log":"received ice from peer : Shashwat_05bdbebd-6994-47d1-907f-c8cee3a67d02"},{"timestamp":1611070561065,"log":"connection with peer Shashwat_05bdbebd-6994-47d1-907f-c8cee3a67d02 checking"},{"timestamp":1611070561065,"log":"ice: Jaysoni_056e80e7-e1de-4f7f-af84-5520e143ffcb to Shashwat_05bdbebd-6994-47d1-907f-c8cee3a67d02"},{"timestamp":1611070561065,"log":"connection with peer Shashwat_05bdbebd-6994-47d1-907f-c8cee3a67d02 connected"},{"timestamp":1611070561065,"log":"ice: Jaysoni_056e80e7-e1de-4f7f-af84-5520e143ffcb to Shashwat_05bdbebd-6994-47d1-907f-c8cee3a67d02"}]