{"Jysamrani_4f259002-81e1-43ee-b6ee-738e01617b81":[{"from":"Jysamrani_4f259002-81e1-43ee-b6ee-738e01617b81","to":"Yash_c9b3e0d6-2936-476a-93c7-00604ac5a3e0","Audio":{"timestamp":1611072739094.958,"packetsReceived":160,"packetsLost":0},"Type":"inbound-rtp","Video":{"timestamp":1611072739094.958,"packetsReceived":0,"packetsLost":0}},{"from":"Jysamrani_4f259002-81e1-43ee-b6ee-738e01617b81","to":"Yash_c9b3e0d6-2936-476a-93c7-00604ac5a3e0","Audio":{"timestamp":1611072739094.958,"packetsReceived":160,"packetsLost":0},"Type":"inbound-rtp","Video":{"timestamp":1611072739094.958,"packetsReceived":0,"packetsLost":0}},{"from":"Jysamrani_4f259002-81e1-43ee-b6ee-738e01617b81","to":"Yash_c9b3e0d6-2936-476a-93c7-00604ac5a3e0","Audio":{"timestamp":1611072744938.683,"packetsReceived":452,"packetsLost":0},"Type":"inbound-rtp","Video":{"timestamp":1611072744938.683,"packetsReceived":40,"packetsLost":0}},{"from":"Jysamrani_4f259002-81e1-43ee-b6ee-738e01617b81","to":"Yash_c9b3e0d6-2936-476a-93c7-00604ac5a3e0","Audio":{"timestamp":1611072744938.683,"packetsReceived":452,"packetsLost":0},"Type":"inbound-rtp","Video":{"timestamp":1611072744938.683,"packetsReceived":40,"packetsLost":0}},{"from":"Jysamrani_4f259002-81e1-43ee-b6ee-738e01617b81","to":"Yash_c9b3e0d6-2936-476a-93c7-00604ac5a3e0","Audio":{"timestamp":1611072749938.631,"packetsReceived":702,"packetsLost":0},"Type":"inbound-rtp","Video":{"timestamp":1611072749938.631,"packetsReceived":45,"packetsLost":0}},{"from":"Jysamrani_4f259002-81e1-43ee-b6ee-738e01617b81","to":"Yash_c9b3e0d6-2936-476a-93c7-00604ac5a3e0","Audio":{"timestamp":1611072749938.631,"packetsReceived":702,"packetsLost":0},"Type":"inbound-rtp","Video":{"timestamp":1611072749938.631,"packetsReceived":45,"packetsLost":0}},{"from":"Jysamrani_4f259002-81e1-43ee-b6ee-738e01617b81","to":"Yash_c9b3e0d6-2936-476a-93c7-00604ac5a3e0","Audio":{"timestamp":1611072754938.738,"packetsReceived":953,"packetsLost":0},"Type":"inbound-rtp","Video":{"timestamp":1611072754938.738,"packetsReceived":68,"packetsLost":0}},{"from":"Jysamrani_4f259002-81e1-43ee-b6ee-738e01617b81","to":"Yash_c9b3e0d6-2936-476a-93c7-00604ac5a3e0","Audio":{"timestamp":1611072754938.738,"packetsReceived":953,"packetsLost":0},"Type":"inbound-rtp","Video":{"timestamp":1611072754938.738,"packetsReceived":68,"packetsLost":0}},{"from":"Jysamrani_4f259002-81e1-43ee-b6ee-738e01617b81","to":"Yash_c9b3e0d6-2936-476a-93c7-00604ac5a3e0","Audio":{"timestamp":1611072759938.724,"packetsReceived":1203,"packetsLost":0},"Type":"inbound-rtp","Video":{"timestamp":1611072759938.724,"packetsReceived":99,"packetsLost":0}},{"from":"Jysamrani_4f259002-81e1-43ee-b6ee-738e01617b81","to":"Yash_c9b3e0d6-2936-476a-93c7-00604ac5a3e0","Audio":{"timestamp":1611072759938.724,"packetsReceived":1203,"packetsLost":0},"Type":"inbound-rtp","Video":{"timestamp":1611072759938.724,"packetsReceived":99,"packetsLost":0}},{"from":"Jysamrani_4f259002-81e1-43ee-b6ee-738e01617b81","to":"Yash_c9b3e0d6-2936-476a-93c7-00604ac5a3e0","Audio":{"timestamp":1611072764938.619,"packetsReceived":1452,"packetsLost":0},"Type":"inbound-rtp","Video":{"timestamp":1611072764938.619,"packetsReceived":106,"packetsLost":0}},{"from":"Jysamrani_4f259002-81e1-43ee-b6ee-738e01617b81","to":"Yash_c9b3e0d6-2936-476a-93c7-00604ac5a3e0","Audio":{"timestamp":1611072764938.619,"packetsReceived":1452,"packetsLost":0},"Type":"inbound-rtp","Video":{"timestamp":1611072764938.619,"packetsReceived":106,"packetsLost":0}},{"from":"Jysamrani_4f259002-81e1-43ee-b6ee-738e01617b81","to":"Yash_c9b3e0d6-2936-476a-93c7-00604ac5a3e0","Audio":{"timestamp":1611072769938.587,"packetsReceived":1703,"packetsLost":0},"Type":"inbound-rtp","Video":{"timestamp":1611072769938.587,"packetsReceived":111,"packetsLost":0}},{"from":"Jysamrani_4f259002-81e1-43ee-b6ee-738e01617b81","to":"Yash_c9b3e0d6-2936-476a-93c7-00604ac5a3e0","Audio":{"timestamp":1611072769938.587,"packetsReceived":1703,"packetsLost":0},"Type":"inbound-rtp","Video":{"timestamp":1611072769938.587,"packetsReceived":111,"packetsLost":0}},{"from":"Jysamrani_4f259002-81e1-43ee-b6ee-738e01617b81","to":"Yash_c9b3e0d6-2936-476a-93c7-00604ac5a3e0","Audio":{"timestamp":1611072774938.512,"packetsReceived":1952,"packetsLost":0},"Type":"inbound-rtp","Video":{"timestamp":1611072774938.512,"packetsReceived":115,"packetsLost":0}},{"from":"Jysamrani_4f259002-81e1-43ee-b6ee-738e01617b81","to":"Yash_c9b3e0d6-2936-476a-93c7-00604ac5a3e0","Audio":{"timestamp":1611072774938.512,"packetsReceived":1952,"packetsLost":0},"Type":"inbound-rtp","Video":{"timestamp":1611072774938.512,"packetsReceived":115,"packetsLost":0}},{"from":"Jysamrani_4f259002-81e1-43ee-b6ee-738e01617b81","to":"Yash_c9b3e0d6-2936-476a-93c7-00604ac5a3e0","Audio":{"timestamp":1611072779938.558,"packetsReceived":2202,"packetsLost":0},"Type":"inbound-rtp","Video":{"timestamp":1611072779938.558,"packetsReceived":120,"packetsLost":0}},{"from":"Jysamrani_4f259002-81e1-43ee-b6ee-738e01617b81","to":"Yash_c9b3e0d6-2936-476a-93c7-00604ac5a3e0","Audio":{"timestamp":1611072779938.558,"packetsReceived":2202,"packetsLost":0},"Type":"inbound-rtp","Video":{"timestamp":1611072779938.558,"packetsReceived":120,"packetsLost":0}},{"from":"Jysamrani_4f259002-81e1-43ee-b6ee-738e01617b81","to":"Yash_c9b3e0d6-2936-476a-93c7-00604ac5a3e0","Audio":{"timestamp":1611072784938.679,"packetsReceived":2452,"packetsLost":0},"Type":"inbound-rtp","Video":{"timestamp":1611072784938.679,"packetsReceived":125,"packetsLost":0}},{"from":"Jysamrani_4f259002-81e1-43ee-b6ee-738e01617b81","to":"Yash_c9b3e0d6-2936-476a-93c7-00604ac5a3e0","Audio":{"timestamp":1611072784938.679,"packetsReceived":2452,"packetsLost":0},"Type":"inbound-rtp","Video":{"timestamp":1611072784938.679,"packetsReceived":125,"packetsLost":0}},{"from":"Jysamrani_4f259002-81e1-43ee-b6ee-738e01617b81","to":"Yash_c9b3e0d6-2936-476a-93c7-00604ac5a3e0","Audio":{"timestamp":1611072789938.541,"packetsReceived":2702,"packetsLost":0},"Type":"inbound-rtp","Video":{"timestamp":1611072789938.541,"packetsReceived":130,"packetsLost":0}},{"from":"Jysamrani_4f259002-81e1-43ee-b6ee-738e01617b81","to":"Yash_c9b3e0d6-2936-476a-93c7-00604ac5a3e0","Audio":{"timestamp":1611072789938.541,"packetsReceived":2702,"packetsLost":0},"Type":"inbound-rtp","Video":{"timestamp":1611072789938.541,"packetsReceived":130,"packetsLost":0}},{"from":"Jysamrani_4f259002-81e1-43ee-b6ee-738e01617b81","to":"Yash_c9b3e0d6-2936-476a-93c7-00604ac5a3e0","Audio":{"timestamp":1611072794938.604,"packetsReceived":2952,"packetsLost":0},"Type":"inbound-rtp","Video":{"timestamp":1611072794938.604,"packetsReceived":134,"packetsLost":0}},{"from":"Jysamrani_4f259002-81e1-43ee-b6ee-738e01617b81","to":"Yash_c9b3e0d6-2936-476a-93c7-00604ac5a3e0","Audio":{"timestamp":1611072794938.604,"packetsReceived":2952,"packetsLost":0},"Type":"inbound-rtp","Video":{"timestamp":1611072794938.604,"packetsReceived":134,"packetsLost":0}},{"from":"Jysamrani_4f259002-81e1-43ee-b6ee-738e01617b81","to":"Yash_c9b3e0d6-2936-476a-93c7-00604ac5a3e0","Audio":{"timestamp":1611072799938.627,"packetsReceived":3203,"packetsLost":0},"Type":"inbound-rtp","Video":{"timestamp":1611072799938.627,"packetsReceived":139,"packetsLost":0}},{"from":"Jysamrani_4f259002-81e1-43ee-b6ee-738e01617b81","to":"Yash_c9b3e0d6-2936-476a-93c7-00604ac5a3e0","Audio":{"timestamp":1611072799938.627,"packetsReceived":3203,"packetsLost":0},"Type":"inbound-rtp","Video":{"timestamp":1611072799938.627,"packetsReceived":139,"packetsLost":0}},{"from":"Jysamrani_4f259002-81e1-43ee-b6ee-738e01617b81","to":"Yash_c9b3e0d6-2936-476a-93c7-00604ac5a3e0","Audio":{"timestamp":1611072804938.465,"packetsReceived":3452,"packetsLost":0},"Type":"inbound-rtp","Video":{"timestamp":1611072804938.465,"packetsReceived":164,"packetsLost":0}},{"from":"Jysamrani_4f259002-81e1-43ee-b6ee-738e01617b81","to":"Yash_c9b3e0d6-2936-476a-93c7-00604ac5a3e0","Audio":{"timestamp":1611072804938.465,"packetsReceived":3452,"packetsLost":0},"Type":"inbound-rtp","Video":{"timestamp":1611072804938.465,"packetsReceived":164,"packetsLost":0}},{"from":"Jysamrani_4f259002-81e1-43ee-b6ee-738e01617b81","to":"Yash_c9b3e0d6-2936-476a-93c7-00604ac5a3e0","Audio":{"timestamp":1611072809938.598,"packetsReceived":3703,"packetsLost":0},"Type":"inbound-rtp","Video":{"timestamp":1611072809938.598,"packetsReceived":205,"packetsLost":0}},{"from":"Jysamrani_4f259002-81e1-43ee-b6ee-738e01617b81","to":"Yash_c9b3e0d6-2936-476a-93c7-00604ac5a3e0","Audio":{"timestamp":1611072809938.598,"packetsReceived":3703,"packetsLost":0},"Type":"inbound-rtp","Video":{"timestamp":1611072809938.598,"packetsReceived":205,"packetsLost":0}},{"from":"Jysamrani_4f259002-81e1-43ee-b6ee-738e01617b81","to":"Yash_c9b3e0d6-2936-476a-93c7-00604ac5a3e0","Audio":{"timestamp":1611072814938.585,"packetsReceived":3953,"packetsLost":0},"Type":"inbound-rtp","Video":{"timestamp":1611072814938.585,"packetsReceived":210,"packetsLost":0}},{"from":"Jysamrani_4f259002-81e1-43ee-b6ee-738e01617b81","to":"Yash_c9b3e0d6-2936-476a-93c7-00604ac5a3e0","Audio":{"timestamp":1611072814938.585,"packetsReceived":3953,"packetsLost":0},"Type":"inbound-rtp","Video":{"timestamp":1611072814938.585,"packetsReceived":210,"packetsLost":0}},{"from":"Jysamrani_4f259002-81e1-43ee-b6ee-738e01617b81","to":"Yash_c9b3e0d6-2936-476a-93c7-00604ac5a3e0","Audio":{"timestamp":1611072819938.6,"packetsReceived":4202,"packetsLost":0},"Type":"inbound-rtp","Video":{"timestamp":1611072819938.6,"packetsReceived":215,"packetsLost":0}},{"from":"Jysamrani_4f259002-81e1-43ee-b6ee-738e01617b81","to":"Yash_c9b3e0d6-2936-476a-93c7-00604ac5a3e0","Audio":{"timestamp":1611072819938.6,"packetsReceived":4202,"packetsLost":0},"Type":"inbound-rtp","Video":{"timestamp":1611072819938.6,"packetsReceived":215,"packetsLost":0}},{"from":"Jysamrani_4f259002-81e1-43ee-b6ee-738e01617b81","to":"Yash_c9b3e0d6-2936-476a-93c7-00604ac5a3e0","Audio":{"timestamp":1611072824938.63,"packetsReceived":4452,"packetsLost":0},"Type":"inbound-rtp","Video":{"timestamp":1611072824938.63,"packetsReceived":219,"packetsLost":0}},{"from":"Jysamrani_4f259002-81e1-43ee-b6ee-738e01617b81","to":"Yash_c9b3e0d6-2936-476a-93c7-00604ac5a3e0","Audio":{"timestamp":1611072824938.63,"packetsReceived":4452,"packetsLost":0},"Type":"inbound-rtp","Video":{"timestamp":1611072824938.63,"packetsReceived":219,"packetsLost":0}},{"from":"Jysamrani_4f259002-81e1-43ee-b6ee-738e01617b81","to":"Yash_c9b3e0d6-2936-476a-93c7-00604ac5a3e0","Audio":{"timestamp":1611072829938.538,"packetsReceived":4702,"packetsLost":0},"Type":"inbound-rtp","Video":{"timestamp":1611072829938.538,"packetsReceived":224,"packetsLost":0}},{"from":"Jysamrani_4f259002-81e1-43ee-b6ee-738e01617b81","to":"Yash_c9b3e0d6-2936-476a-93c7-00604ac5a3e0","Audio":{"timestamp":1611072829938.538,"packetsReceived":4702,"packetsLost":0},"Type":"inbound-rtp","Video":{"timestamp":1611072829938.538,"packetsReceived":224,"packetsLost":0}},{"from":"Jysamrani_4f259002-81e1-43ee-b6ee-738e01617b81","to":"Yash_c9b3e0d6-2936-476a-93c7-00604ac5a3e0","Audio":{"timestamp":1611072834938.613,"packetsReceived":4953,"packetsLost":0},"Type":"inbound-rtp","Video":{"timestamp":1611072834938.613,"packetsReceived":229,"packetsLost":0}},{"from":"Jysamrani_4f259002-81e1-43ee-b6ee-738e01617b81","to":"Yash_c9b3e0d6-2936-476a-93c7-00604ac5a3e0","Audio":{"timestamp":1611072834938.613,"packetsReceived":4953,"packetsLost":0},"Type":"inbound-rtp","Video":{"timestamp":1611072834938.613,"packetsReceived":229,"packetsLost":0}},{"from":"Jysamrani_4f259002-81e1-43ee-b6ee-738e01617b81","to":"Yash_c9b3e0d6-2936-476a-93c7-00604ac5a3e0","Audio":{"timestamp":1611072839938.665,"packetsReceived":5202,"packetsLost":0},"Type":"inbound-rtp","Video":{"timestamp":1611072839938.665,"packetsReceived":233,"packetsLost":0}},{"from":"Jysamrani_4f259002-81e1-43ee-b6ee-738e01617b81","to":"Yash_c9b3e0d6-2936-476a-93c7-00604ac5a3e0","Audio":{"timestamp":1611072839938.665,"packetsReceived":5202,"packetsLost":0},"Type":"inbound-rtp","Video":{"timestamp":1611072839938.665,"packetsReceived":233,"packetsLost":0}},{"from":"Jysamrani_4f259002-81e1-43ee-b6ee-738e01617b81","to":"Yash_c9b3e0d6-2936-476a-93c7-00604ac5a3e0","Audio":{"timestamp":1611072844938.658,"packetsReceived":5452,"packetsLost":0},"Type":"inbound-rtp","Video":{"timestamp":1611072844938.658,"packetsReceived":238,"packetsLost":0}},{"from":"Jysamrani_4f259002-81e1-43ee-b6ee-738e01617b81","to":"Yash_c9b3e0d6-2936-476a-93c7-00604ac5a3e0","Audio":{"timestamp":1611072844938.658,"packetsReceived":5452,"packetsLost":0},"Type":"inbound-rtp","Video":{"timestamp":1611072844938.658,"packetsReceived":238,"packetsLost":0}},{"from":"Jysamrani_4f259002-81e1-43ee-b6ee-738e01617b81","to":"Yash_c9b3e0d6-2936-476a-93c7-00604ac5a3e0","Audio":{"timestamp":1611072849938.659,"packetsReceived":5702,"packetsLost":0},"Type":"inbound-rtp","Video":{"timestamp":1611072849938.659,"packetsReceived":243,"packetsLost":0}},{"from":"Jysamrani_4f259002-81e1-43ee-b6ee-738e01617b81","to":"Yash_c9b3e0d6-2936-476a-93c7-00604ac5a3e0","Audio":{"timestamp":1611072849938.659,"packetsReceived":5702,"packetsLost":0},"Type":"inbound-rtp","Video":{"timestamp":1611072849938.659,"packetsReceived":243,"packetsLost":0}},{"from":"Jysamrani_4f259002-81e1-43ee-b6ee-738e01617b81","to":"Yash_c9b3e0d6-2936-476a-93c7-00604ac5a3e0","Audio":{"timestamp":1611072854938.711,"packetsReceived":5952,"packetsLost":0},"Type":"inbound-rtp","Video":{"timestamp":1611072854938.711,"packetsReceived":247,"packetsLost":0}},{"from":"Jysamrani_4f259002-81e1-43ee-b6ee-738e01617b81","to":"Yash_c9b3e0d6-2936-476a-93c7-00604ac5a3e0","Audio":{"timestamp":1611072854938.711,"packetsReceived":5952,"packetsLost":0},"Type":"inbound-rtp","Video":{"timestamp":1611072854938.711,"packetsReceived":247,"packetsLost":0}},{"from":"Jysamrani_4f259002-81e1-43ee-b6ee-738e01617b81","to":"Yash_c9b3e0d6-2936-476a-93c7-00604ac5a3e0","Audio":{"timestamp":1611072859938.627,"packetsReceived":6203,"packetsLost":0},"Type":"inbound-rtp","Video":{"timestamp":1611072859938.627,"packetsReceived":252,"packetsLost":0}},{"from":"Jysamrani_4f259002-81e1-43ee-b6ee-738e01617b81","to":"Yash_c9b3e0d6-2936-476a-93c7-00604ac5a3e0","Audio":{"timestamp":1611072859938.627,"packetsReceived":6203,"packetsLost":0},"Type":"inbound-rtp","Video":{"timestamp":1611072859938.627,"packetsReceived":252,"packetsLost":0}},{"from":"Jysamrani_4f259002-81e1-43ee-b6ee-738e01617b81","to":"Yash_c9b3e0d6-2936-476a-93c7-00604ac5a3e0","Audio":{"timestamp":1611072864938.583,"packetsReceived":6453,"packetsLost":0},"Type":"inbound-rtp","Video":{"timestamp":1611072864938.583,"packetsReceived":257,"packetsLost":0}},{"from":"Jysamrani_4f259002-81e1-43ee-b6ee-738e01617b81","to":"Yash_c9b3e0d6-2936-476a-93c7-00604ac5a3e0","Audio":{"timestamp":1611072864938.583,"packetsReceived":6453,"packetsLost":0},"Type":"inbound-rtp","Video":{"timestamp":1611072864938.583,"packetsReceived":257,"packetsLost":0}},{"from":"Jysamrani_4f259002-81e1-43ee-b6ee-738e01617b81","to":"Yash_c9b3e0d6-2936-476a-93c7-00604ac5a3e0","Audio":{"timestamp":1611072869938.615,"packetsReceived":6702,"packetsLost":0},"Type":"inbound-rtp","Video":{"timestamp":1611072869938.615,"packetsReceived":280,"packetsLost":0}},{"from":"Jysamrani_4f259002-81e1-43ee-b6ee-738e01617b81","to":"Yash_c9b3e0d6-2936-476a-93c7-00604ac5a3e0","Audio":{"timestamp":1611072869938.615,"packetsReceived":6702,"packetsLost":0},"Type":"inbound-rtp","Video":{"timestamp":1611072869938.615,"packetsReceived":280,"packetsLost":0}},{"from":"Jysamrani_4f259002-81e1-43ee-b6ee-738e01617b81","to":"Yash_c9b3e0d6-2936-476a-93c7-00604ac5a3e0","Audio":{"timestamp":1611072874938.595,"packetsReceived":6953,"packetsLost":0},"Type":"inbound-rtp","Video":{"timestamp":1611072874938.595,"packetsReceived":377,"packetsLost":0}},{"from":"Jysamrani_4f259002-81e1-43ee-b6ee-738e01617b81","to":"Yash_c9b3e0d6-2936-476a-93c7-00604ac5a3e0","Audio":{"timestamp":1611072874938.595,"packetsReceived":6953,"packetsLost":0},"Type":"inbound-rtp","Video":{"timestamp":1611072874938.595,"packetsReceived":377,"packetsLost":0}},{"from":"Jysamrani_4f259002-81e1-43ee-b6ee-738e01617b81","to":"Yash_c9b3e0d6-2936-476a-93c7-00604ac5a3e0","Audio":{"timestamp":1611072879938.587,"packetsReceived":7203,"packetsLost":0},"Type":"inbound-rtp","Video":{"timestamp":1611072879938.587,"packetsReceived":392,"packetsLost":0}},{"from":"Jysamrani_4f259002-81e1-43ee-b6ee-738e01617b81","to":"Yash_c9b3e0d6-2936-476a-93c7-00604ac5a3e0","Audio":{"timestamp":1611072879938.587,"packetsReceived":7203,"packetsLost":0},"Type":"inbound-rtp","Video":{"timestamp":1611072879938.587,"packetsReceived":392,"packetsLost":0}},{"from":"Jysamrani_4f259002-81e1-43ee-b6ee-738e01617b81","to":"Yash_c9b3e0d6-2936-476a-93c7-00604ac5a3e0","Audio":{"timestamp":1611072884938.798,"packetsReceived":7452,"packetsLost":0},"Type":"inbound-rtp","Video":{"timestamp":1611072884938.798,"packetsReceived":404,"packetsLost":0}},{"from":"Jysamrani_4f259002-81e1-43ee-b6ee-738e01617b81","to":"Yash_c9b3e0d6-2936-476a-93c7-00604ac5a3e0","Audio":{"timestamp":1611072884938.798,"packetsReceived":7452,"packetsLost":0},"Type":"inbound-rtp","Video":{"timestamp":1611072884938.798,"packetsReceived":404,"packetsLost":0}},{"from":"Jysamrani_4f259002-81e1-43ee-b6ee-738e01617b81","to":"Yash_c9b3e0d6-2936-476a-93c7-00604ac5a3e0","Audio":{"timestamp":1611072889938.83,"packetsReceived":7703,"packetsLost":0},"Type":"inbound-rtp","Video":{"timestamp":1611072889938.83,"packetsReceived":419,"packetsLost":0}},{"from":"Jysamrani_4f259002-81e1-43ee-b6ee-738e01617b81","to":"Yash_c9b3e0d6-2936-476a-93c7-00604ac5a3e0","Audio":{"timestamp":1611072889938.83,"packetsReceived":7703,"packetsLost":0},"Type":"inbound-rtp","Video":{"timestamp":1611072889938.83,"packetsReceived":419,"packetsLost":0}},{"from":"Jysamrani_4f259002-81e1-43ee-b6ee-738e01617b81","to":"Yash_c9b3e0d6-2936-476a-93c7-00604ac5a3e0","Audio":{"timestamp":1611072894938.542,"packetsReceived":7952,"packetsLost":0},"Type":"inbound-rtp","Video":{"timestamp":1611072894938.542,"packetsReceived":434,"packetsLost":0}},{"from":"Jysamrani_4f259002-81e1-43ee-b6ee-738e01617b81","to":"Yash_c9b3e0d6-2936-476a-93c7-00604ac5a3e0","Audio":{"timestamp":1611072894938.542,"packetsReceived":7952,"packetsLost":0},"Type":"inbound-rtp","Video":{"timestamp":1611072894938.542,"packetsReceived":434,"packetsLost":0}},{"from":"Jysamrani_4f259002-81e1-43ee-b6ee-738e01617b81","to":"Yash_c9b3e0d6-2936-476a-93c7-00604ac5a3e0","Audio":{"timestamp":1611072899938.793,"packetsReceived":8202,"packetsLost":0},"Type":"inbound-rtp","Video":{"timestamp":1611072899938.793,"packetsReceived":446,"packetsLost":0}},{"from":"Jysamrani_4f259002-81e1-43ee-b6ee-738e01617b81","to":"Yash_c9b3e0d6-2936-476a-93c7-00604ac5a3e0","Audio":{"timestamp":1611072899938.793,"packetsReceived":8202,"packetsLost":0},"Type":"inbound-rtp","Video":{"timestamp":1611072899938.793,"packetsReceived":446,"packetsLost":0}},{"from":"Jysamrani_4f259002-81e1-43ee-b6ee-738e01617b81","to":"Yash_c9b3e0d6-2936-476a-93c7-00604ac5a3e0","Audio":{"timestamp":1611072904938.621,"packetsReceived":8453,"packetsLost":0},"Type":"inbound-rtp","Video":{"timestamp":1611072904938.621,"packetsReceived":461,"packetsLost":0}},{"from":"Jysamrani_4f259002-81e1-43ee-b6ee-738e01617b81","to":"Yash_c9b3e0d6-2936-476a-93c7-00604ac5a3e0","Audio":{"timestamp":1611072904938.621,"packetsReceived":8453,"packetsLost":0},"Type":"inbound-rtp","Video":{"timestamp":1611072904938.621,"packetsReceived":461,"packetsLost":0}},{"from":"Jysamrani_4f259002-81e1-43ee-b6ee-738e01617b81","to":"Yash_c9b3e0d6-2936-476a-93c7-00604ac5a3e0","Audio":{"timestamp":1611072909938.675,"packetsReceived":8702,"packetsLost":0},"Type":"inbound-rtp","Video":{"timestamp":1611072909938.675,"packetsReceived":496,"packetsLost":0}},{"from":"Jysamrani_4f259002-81e1-43ee-b6ee-738e01617b81","to":"Yash_c9b3e0d6-2936-476a-93c7-00604ac5a3e0","Audio":{"timestamp":1611072909938.675,"packetsReceived":8702,"packetsLost":0},"Type":"inbound-rtp","Video":{"timestamp":1611072909938.675,"packetsReceived":496,"packetsLost":0}},{"from":"Jysamrani_4f259002-81e1-43ee-b6ee-738e01617b81","to":"Yash_c9b3e0d6-2936-476a-93c7-00604ac5a3e0","Audio":{"timestamp":1611072914938.434,"packetsReceived":8952,"packetsLost":0},"Type":"inbound-rtp","Video":{"timestamp":1611072914938.434,"packetsReceived":577,"packetsLost":0}},{"from":"Jysamrani_4f259002-81e1-43ee-b6ee-738e01617b81","to":"Yash_c9b3e0d6-2936-476a-93c7-00604ac5a3e0","Audio":{"timestamp":1611072914938.434,"packetsReceived":8952,"packetsLost":0},"Type":"inbound-rtp","Video":{"timestamp":1611072914938.434,"packetsReceived":577,"packetsLost":0}},{"from":"Jysamrani_4f259002-81e1-43ee-b6ee-738e01617b81","to":"Yash_c9b3e0d6-2936-476a-93c7-00604ac5a3e0","Audio":{"timestamp":1611072919938.535,"packetsReceived":9202,"packetsLost":0},"Type":"inbound-rtp","Video":{"timestamp":1611072919938.535,"packetsReceived":589,"packetsLost":0}},{"from":"Jysamrani_4f259002-81e1-43ee-b6ee-738e01617b81","to":"Yash_c9b3e0d6-2936-476a-93c7-00604ac5a3e0","Audio":{"timestamp":1611072919938.535,"packetsReceived":9202,"packetsLost":0},"Type":"inbound-rtp","Video":{"timestamp":1611072919938.535,"packetsReceived":589,"packetsLost":0}},{"from":"Jysamrani_4f259002-81e1-43ee-b6ee-738e01617b81","to":"Yash_c9b3e0d6-2936-476a-93c7-00604ac5a3e0","Audio":{"timestamp":1611072924938.626,"packetsReceived":9452,"packetsLost":0},"Type":"inbound-rtp","Video":{"timestamp":1611072924938.626,"packetsReceived":604,"packetsLost":0}},{"from":"Jysamrani_4f259002-81e1-43ee-b6ee-738e01617b81","to":"Yash_c9b3e0d6-2936-476a-93c7-00604ac5a3e0","Audio":{"timestamp":1611072924938.626,"packetsReceived":9452,"packetsLost":0},"Type":"inbound-rtp","Video":{"timestamp":1611072924938.626,"packetsReceived":604,"packetsLost":0}},{"from":"Jysamrani_4f259002-81e1-43ee-b6ee-738e01617b81","to":"Yash_c9b3e0d6-2936-476a-93c7-00604ac5a3e0","Audio":{"timestamp":1611072929938.562,"packetsReceived":9702,"packetsLost":0},"Type":"inbound-rtp","Video":{"timestamp":1611072929938.562,"packetsReceived":619,"packetsLost":0}},{"from":"Jysamrani_4f259002-81e1-43ee-b6ee-738e01617b81","to":"Yash_c9b3e0d6-2936-476a-93c7-00604ac5a3e0","Audio":{"timestamp":1611072929938.562,"packetsReceived":9702,"packetsLost":0},"Type":"inbound-rtp","Video":{"timestamp":1611072929938.562,"packetsReceived":619,"packetsLost":0}},{"from":"Jysamrani_4f259002-81e1-43ee-b6ee-738e01617b81","to":"Yash_c9b3e0d6-2936-476a-93c7-00604ac5a3e0","Audio":{"timestamp":1611072934938.563,"packetsReceived":9953,"packetsLost":0},"Type":"inbound-rtp","Video":{"timestamp":1611072934938.563,"packetsReceived":631,"packetsLost":0}},{"from":"Jysamrani_4f259002-81e1-43ee-b6ee-738e01617b81","to":"Yash_c9b3e0d6-2936-476a-93c7-00604ac5a3e0","Audio":{"timestamp":1611072934938.563,"packetsReceived":9953,"packetsLost":0},"Type":"inbound-rtp","Video":{"timestamp":1611072934938.563,"packetsReceived":631,"packetsLost":0}},{"from":"Jysamrani_4f259002-81e1-43ee-b6ee-738e01617b81","to":"Yash_c9b3e0d6-2936-476a-93c7-00604ac5a3e0","Audio":{"timestamp":1611072939938.648,"packetsReceived":10202,"packetsLost":0},"Type":"inbound-rtp","Video":{"timestamp":1611072939938.648,"packetsReceived":646,"packetsLost":0}},{"from":"Jysamrani_4f259002-81e1-43ee-b6ee-738e01617b81","to":"Yash_c9b3e0d6-2936-476a-93c7-00604ac5a3e0","Audio":{"timestamp":1611072939938.648,"packetsReceived":10202,"packetsLost":0},"Type":"inbound-rtp","Video":{"timestamp":1611072939938.648,"packetsReceived":646,"packetsLost":0}},{"from":"Jysamrani_4f259002-81e1-43ee-b6ee-738e01617b81","to":"Yash_c9b3e0d6-2936-476a-93c7-00604ac5a3e0","Audio":{"timestamp":1611072944938.569,"packetsReceived":10452,"packetsLost":0},"Type":"inbound-rtp","Video":{"timestamp":1611072944938.569,"packetsReceived":661,"packetsLost":0}},{"from":"Jysamrani_4f259002-81e1-43ee-b6ee-738e01617b81","to":"Yash_c9b3e0d6-2936-476a-93c7-00604ac5a3e0","Audio":{"timestamp":1611072944938.569,"packetsReceived":10452,"packetsLost":0},"Type":"inbound-rtp","Video":{"timestamp":1611072944938.569,"packetsReceived":661,"packetsLost":0}},{"from":"Jysamrani_4f259002-81e1-43ee-b6ee-738e01617b81","to":"Yash_c9b3e0d6-2936-476a-93c7-00604ac5a3e0","Audio":{"timestamp":1611072949938.57,"packetsReceived":10702,"packetsLost":0},"Type":"inbound-rtp","Video":{"timestamp":1611072949938.57,"packetsReceived":673,"packetsLost":0}},{"from":"Jysamrani_4f259002-81e1-43ee-b6ee-738e01617b81","to":"Yash_c9b3e0d6-2936-476a-93c7-00604ac5a3e0","Audio":{"timestamp":1611072949938.57,"packetsReceived":10702,"packetsLost":0},"Type":"inbound-rtp","Video":{"timestamp":1611072949938.57,"packetsReceived":673,"packetsLost":0}},{"from":"Jysamrani_4f259002-81e1-43ee-b6ee-738e01617b81","to":"Yash_c9b3e0d6-2936-476a-93c7-00604ac5a3e0","Audio":{"timestamp":1611072954938.533,"packetsReceived":10952,"packetsLost":0},"Type":"inbound-rtp","Video":{"timestamp":1611072954938.533,"packetsReceived":688,"packetsLost":0}},{"from":"Jysamrani_4f259002-81e1-43ee-b6ee-738e01617b81","to":"Yash_c9b3e0d6-2936-476a-93c7-00604ac5a3e0","Audio":{"timestamp":1611072954938.533,"packetsReceived":10952,"packetsLost":0},"Type":"inbound-rtp","Video":{"timestamp":1611072954938.533,"packetsReceived":688,"packetsLost":0}},{"from":"Jysamrani_4f259002-81e1-43ee-b6ee-738e01617b81","to":"Yash_c9b3e0d6-2936-476a-93c7-00604ac5a3e0","Audio":{"timestamp":1611072959938.599,"packetsReceived":11202,"packetsLost":0},"Type":"inbound-rtp","Video":{"timestamp":1611072959938.599,"packetsReceived":703,"packetsLost":0}},{"from":"Jysamrani_4f259002-81e1-43ee-b6ee-738e01617b81","to":"Yash_c9b3e0d6-2936-476a-93c7-00604ac5a3e0","Audio":{"timestamp":1611072959938.599,"packetsReceived":11202,"packetsLost":0},"Type":"inbound-rtp","Video":{"timestamp":1611072959938.599,"packetsReceived":703,"packetsLost":0}},{"from":"Jysamrani_4f259002-81e1-43ee-b6ee-738e01617b81","to":"Yash_c9b3e0d6-2936-476a-93c7-00604ac5a3e0","Audio":{"timestamp":1611072964938.629,"packetsReceived":11453,"packetsLost":0},"Type":"inbound-rtp","Video":{"timestamp":1611072964938.629,"packetsReceived":715,"packetsLost":0}},{"from":"Jysamrani_4f259002-81e1-43ee-b6ee-738e01617b81","to":"Yash_c9b3e0d6-2936-476a-93c7-00604ac5a3e0","Audio":{"timestamp":1611072964938.629,"packetsReceived":11453,"packetsLost":0},"Type":"inbound-rtp","Video":{"timestamp":1611072964938.629,"packetsReceived":715,"packetsLost":0}},{"from":"Jysamrani_4f259002-81e1-43ee-b6ee-738e01617b81","to":"Yash_c9b3e0d6-2936-476a-93c7-00604ac5a3e0","Audio":{"timestamp":1611072969938.584,"packetsReceived":11702,"packetsLost":0},"Type":"inbound-rtp","Video":{"timestamp":1611072969938.584,"packetsReceived":730,"packetsLost":0}},{"from":"Jysamrani_4f259002-81e1-43ee-b6ee-738e01617b81","to":"Yash_c9b3e0d6-2936-476a-93c7-00604ac5a3e0","Audio":{"timestamp":1611072969938.584,"packetsReceived":11702,"packetsLost":0},"Type":"inbound-rtp","Video":{"timestamp":1611072969938.584,"packetsReceived":730,"packetsLost":0}},{"from":"Jysamrani_4f259002-81e1-43ee-b6ee-738e01617b81","to":"Yash_c9b3e0d6-2936-476a-93c7-00604ac5a3e0","Audio":{"timestamp":1611072974938.587,"packetsReceived":11952,"packetsLost":0},"Type":"inbound-rtp","Video":{"timestamp":1611072974938.587,"packetsReceived":742,"packetsLost":0}},{"from":"Jysamrani_4f259002-81e1-43ee-b6ee-738e01617b81","to":"Yash_c9b3e0d6-2936-476a-93c7-00604ac5a3e0","Audio":{"timestamp":1611072974938.587,"packetsReceived":11952,"packetsLost":0},"Type":"inbound-rtp","Video":{"timestamp":1611072974938.587,"packetsReceived":742,"packetsLost":0}},{"from":"Jysamrani_4f259002-81e1-43ee-b6ee-738e01617b81","to":"Yash_c9b3e0d6-2936-476a-93c7-00604ac5a3e0","Audio":{"timestamp":1611072979938.484,"packetsReceived":12202,"packetsLost":0},"Type":"inbound-rtp","Video":{"timestamp":1611072979938.484,"packetsReceived":754,"packetsLost":0}},{"from":"Jysamrani_4f259002-81e1-43ee-b6ee-738e01617b81","to":"Yash_c9b3e0d6-2936-476a-93c7-00604ac5a3e0","Audio":{"timestamp":1611072979938.484,"packetsReceived":12202,"packetsLost":0},"Type":"inbound-rtp","Video":{"timestamp":1611072979938.484,"packetsReceived":754,"packetsLost":0}},{"from":"Jysamrani_4f259002-81e1-43ee-b6ee-738e01617b81","to":"Yash_c9b3e0d6-2936-476a-93c7-00604ac5a3e0","Audio":{"timestamp":1611072984938.606,"packetsReceived":12452,"packetsLost":0},"Type":"inbound-rtp","Video":{"timestamp":1611072984938.606,"packetsReceived":769,"packetsLost":0}},{"from":"Jysamrani_4f259002-81e1-43ee-b6ee-738e01617b81","to":"Yash_c9b3e0d6-2936-476a-93c7-00604ac5a3e0","Audio":{"timestamp":1611072984938.606,"packetsReceived":12452,"packetsLost":0},"Type":"inbound-rtp","Video":{"timestamp":1611072984938.606,"packetsReceived":769,"packetsLost":0}},{"from":"Jysamrani_4f259002-81e1-43ee-b6ee-738e01617b81","to":"Yash_c9b3e0d6-2936-476a-93c7-00604ac5a3e0","Audio":{"timestamp":1611072989938.597,"packetsReceived":12702,"packetsLost":0},"Type":"inbound-rtp","Video":{"timestamp":1611072989938.597,"packetsReceived":784,"packetsLost":0}},{"from":"Jysamrani_4f259002-81e1-43ee-b6ee-738e01617b81","to":"Yash_c9b3e0d6-2936-476a-93c7-00604ac5a3e0","Audio":{"timestamp":1611072989938.597,"packetsReceived":12702,"packetsLost":0},"Type":"inbound-rtp","Video":{"timestamp":1611072989938.597,"packetsReceived":784,"packetsLost":0}},{"from":"Jysamrani_4f259002-81e1-43ee-b6ee-738e01617b81","to":"Yash_c9b3e0d6-2936-476a-93c7-00604ac5a3e0","Audio":{"timestamp":1611072994938.657,"packetsReceived":12952,"packetsLost":0},"Type":"inbound-rtp","Video":{"timestamp":1611072994938.657,"packetsReceived":794,"packetsLost":0}},{"from":"Jysamrani_4f259002-81e1-43ee-b6ee-738e01617b81","to":"Yash_c9b3e0d6-2936-476a-93c7-00604ac5a3e0","Audio":{"timestamp":1611072994938.657,"packetsReceived":12952,"packetsLost":0},"Type":"inbound-rtp","Video":{"timestamp":1611072994938.657,"packetsReceived":794,"packetsLost":0}},{"from":"Jysamrani_4f259002-81e1-43ee-b6ee-738e01617b81","to":"Yash_c9b3e0d6-2936-476a-93c7-00604ac5a3e0","Audio":{"timestamp":1611072999938.625,"packetsReceived":13202,"packetsLost":0},"Type":"inbound-rtp","Video":{"timestamp":1611072999938.625,"packetsReceived":807,"packetsLost":0}},{"from":"Jysamrani_4f259002-81e1-43ee-b6ee-738e01617b81","to":"Yash_c9b3e0d6-2936-476a-93c7-00604ac5a3e0","Audio":{"timestamp":1611072999938.625,"packetsReceived":13202,"packetsLost":0},"Type":"inbound-rtp","Video":{"timestamp":1611072999938.625,"packetsReceived":807,"packetsLost":0}},{"from":"Jysamrani_4f259002-81e1-43ee-b6ee-738e01617b81","to":"Yash_c9b3e0d6-2936-476a-93c7-00604ac5a3e0","Audio":{"timestamp":1611073004938.621,"packetsReceived":13452,"packetsLost":0},"Type":"inbound-rtp","Video":{"timestamp":1611073004938.621,"packetsReceived":822,"packetsLost":0}},{"from":"Jysamrani_4f259002-81e1-43ee-b6ee-738e01617b81","to":"Yash_c9b3e0d6-2936-476a-93c7-00604ac5a3e0","Audio":{"timestamp":1611073004938.621,"packetsReceived":13452,"packetsLost":0},"Type":"inbound-rtp","Video":{"timestamp":1611073004938.621,"packetsReceived":822,"packetsLost":0}},{"from":"Jysamrani_4f259002-81e1-43ee-b6ee-738e01617b81","to":"Yash_c9b3e0d6-2936-476a-93c7-00604ac5a3e0","Audio":{"timestamp":1611073009938.656,"packetsReceived":13702,"packetsLost":0},"Type":"inbound-rtp","Video":{"timestamp":1611073009938.656,"packetsReceived":834,"packetsLost":0}},{"from":"Jysamrani_4f259002-81e1-43ee-b6ee-738e01617b81","to":"Yash_c9b3e0d6-2936-476a-93c7-00604ac5a3e0","Audio":{"timestamp":1611073009938.656,"packetsReceived":13702,"packetsLost":0},"Type":"inbound-rtp","Video":{"timestamp":1611073009938.656,"packetsReceived":834,"packetsLost":0}},{"from":"Jysamrani_4f259002-81e1-43ee-b6ee-738e01617b81","to":"Yash_c9b3e0d6-2936-476a-93c7-00604ac5a3e0","Audio":{"timestamp":1611073014938.596,"packetsReceived":13952,"packetsLost":0},"Type":"inbound-rtp","Video":{"timestamp":1611073014938.596,"packetsReceived":846,"packetsLost":0}},{"from":"Jysamrani_4f259002-81e1-43ee-b6ee-738e01617b81","to":"Yash_c9b3e0d6-2936-476a-93c7-00604ac5a3e0","Audio":{"timestamp":1611073014938.596,"packetsReceived":13952,"packetsLost":0},"Type":"inbound-rtp","Video":{"timestamp":1611073014938.596,"packetsReceived":846,"packetsLost":0}},{"from":"Jysamrani_4f259002-81e1-43ee-b6ee-738e01617b81","to":"Yash_c9b3e0d6-2936-476a-93c7-00604ac5a3e0","Audio":{"timestamp":1611073019938.694,"packetsReceived":14202,"packetsLost":0},"Type":"inbound-rtp","Video":{"timestamp":1611073019938.694,"packetsReceived":859,"packetsLost":0}},{"from":"Jysamrani_4f259002-81e1-43ee-b6ee-738e01617b81","to":"Yash_c9b3e0d6-2936-476a-93c7-00604ac5a3e0","Audio":{"timestamp":1611073019938.694,"packetsReceived":14202,"packetsLost":0},"Type":"inbound-rtp","Video":{"timestamp":1611073019938.694,"packetsReceived":859,"packetsLost":0}},{"from":"Jysamrani_4f259002-81e1-43ee-b6ee-738e01617b81","to":"Yash_c9b3e0d6-2936-476a-93c7-00604ac5a3e0","Audio":{"timestamp":1611073024938.667,"packetsReceived":14453,"packetsLost":0},"Type":"inbound-rtp","Video":{"timestamp":1611073024938.667,"packetsReceived":871,"packetsLost":0}},{"from":"Jysamrani_4f259002-81e1-43ee-b6ee-738e01617b81","to":"Yash_c9b3e0d6-2936-476a-93c7-00604ac5a3e0","Audio":{"timestamp":1611073024938.667,"packetsReceived":14453,"packetsLost":0},"Type":"inbound-rtp","Video":{"timestamp":1611073024938.667,"packetsReceived":871,"packetsLost":0}},{"from":"Jysamrani_4f259002-81e1-43ee-b6ee-738e01617b81","to":"Yash_c9b3e0d6-2936-476a-93c7-00604ac5a3e0","Audio":{"timestamp":1611073029938.554,"packetsReceived":14702,"packetsLost":0},"Type":"inbound-rtp","Video":{"timestamp":1611073029938.554,"packetsReceived":886,"packetsLost":0}},{"from":"Jysamrani_4f259002-81e1-43ee-b6ee-738e01617b81","to":"Yash_c9b3e0d6-2936-476a-93c7-00604ac5a3e0","Audio":{"timestamp":1611073029938.554,"packetsReceived":14702,"packetsLost":0},"Type":"inbound-rtp","Video":{"timestamp":1611073029938.554,"packetsReceived":886,"packetsLost":0}},{"from":"Jysamrani_4f259002-81e1-43ee-b6ee-738e01617b81","to":"Yash_c9b3e0d6-2936-476a-93c7-00604ac5a3e0","Audio":{"timestamp":1611073034938.615,"packetsReceived":14952,"packetsLost":0},"Type":"inbound-rtp","Video":{"timestamp":1611073034938.615,"packetsReceived":899,"packetsLost":0}},{"from":"Jysamrani_4f259002-81e1-43ee-b6ee-738e01617b81","to":"Yash_c9b3e0d6-2936-476a-93c7-00604ac5a3e0","Audio":{"timestamp":1611073034938.615,"packetsReceived":14952,"packetsLost":0},"Type":"inbound-rtp","Video":{"timestamp":1611073034938.615,"packetsReceived":899,"packetsLost":0}},{"from":"Jysamrani_4f259002-81e1-43ee-b6ee-738e01617b81","to":"Yash_c9b3e0d6-2936-476a-93c7-00604ac5a3e0","Audio":{"timestamp":1611073039938.637,"packetsReceived":15203,"packetsLost":0},"Type":"inbound-rtp","Video":{"timestamp":1611073039938.637,"packetsReceived":909,"packetsLost":0}},{"from":"Jysamrani_4f259002-81e1-43ee-b6ee-738e01617b81","to":"Yash_c9b3e0d6-2936-476a-93c7-00604ac5a3e0","Audio":{"timestamp":1611073039938.637,"packetsReceived":15203,"packetsLost":0},"Type":"inbound-rtp","Video":{"timestamp":1611073039938.637,"packetsReceived":909,"packetsLost":0}},{"from":"Jysamrani_4f259002-81e1-43ee-b6ee-738e01617b81","to":"Yash_c9b3e0d6-2936-476a-93c7-00604ac5a3e0","Audio":{"timestamp":1611073044938.655,"packetsReceived":15452,"packetsLost":0},"Type":"inbound-rtp","Video":{"timestamp":1611073044938.655,"packetsReceived":923,"packetsLost":0}},{"from":"Jysamrani_4f259002-81e1-43ee-b6ee-738e01617b81","to":"Yash_c9b3e0d6-2936-476a-93c7-00604ac5a3e0","Audio":{"timestamp":1611073044938.655,"packetsReceived":15452,"packetsLost":0},"Type":"inbound-rtp","Video":{"timestamp":1611073044938.655,"packetsReceived":923,"packetsLost":0}},{"from":"Jysamrani_4f259002-81e1-43ee-b6ee-738e01617b81","to":"Yash_c9b3e0d6-2936-476a-93c7-00604ac5a3e0","Audio":{"timestamp":1611073049938.559,"packetsReceived":15702,"packetsLost":0},"Type":"inbound-rtp","Video":{"timestamp":1611073049938.559,"packetsReceived":938,"packetsLost":0}},{"from":"Jysamrani_4f259002-81e1-43ee-b6ee-738e01617b81","to":"Yash_c9b3e0d6-2936-476a-93c7-00604ac5a3e0","Audio":{"timestamp":1611073049938.559,"packetsReceived":15702,"packetsLost":0},"Type":"inbound-rtp","Video":{"timestamp":1611073049938.559,"packetsReceived":938,"packetsLost":0}},{"from":"Jysamrani_4f259002-81e1-43ee-b6ee-738e01617b81","to":"Yash_c9b3e0d6-2936-476a-93c7-00604ac5a3e0","Audio":{"timestamp":1611073054938.613,"packetsReceived":15952,"packetsLost":0},"Type":"inbound-rtp","Video":{"timestamp":1611073054938.613,"packetsReceived":950,"packetsLost":0}},{"from":"Jysamrani_4f259002-81e1-43ee-b6ee-738e01617b81","to":"Yash_c9b3e0d6-2936-476a-93c7-00604ac5a3e0","Audio":{"timestamp":1611073054938.613,"packetsReceived":15952,"packetsLost":0},"Type":"inbound-rtp","Video":{"timestamp":1611073054938.613,"packetsReceived":950,"packetsLost":0}},{"from":"Jysamrani_4f259002-81e1-43ee-b6ee-738e01617b81","to":"Yash_c9b3e0d6-2936-476a-93c7-00604ac5a3e0","Audio":{"timestamp":1611073059938.688,"packetsReceived":16202,"packetsLost":0},"Type":"inbound-rtp","Video":{"timestamp":1611073059938.688,"packetsReceived":964,"packetsLost":0}},{"from":"Jysamrani_4f259002-81e1-43ee-b6ee-738e01617b81","to":"Yash_c9b3e0d6-2936-476a-93c7-00604ac5a3e0","Audio":{"timestamp":1611073059938.688,"packetsReceived":16202,"packetsLost":0},"Type":"inbound-rtp","Video":{"timestamp":1611073059938.688,"packetsReceived":964,"packetsLost":0}},{"from":"Jysamrani_4f259002-81e1-43ee-b6ee-738e01617b81","to":"Yash_c9b3e0d6-2936-476a-93c7-00604ac5a3e0","Audio":{"timestamp":1611073064938.584,"packetsReceived":16452,"packetsLost":0},"Type":"inbound-rtp","Video":{"timestamp":1611073064938.584,"packetsReceived":977,"packetsLost":0}},{"from":"Jysamrani_4f259002-81e1-43ee-b6ee-738e01617b81","to":"Yash_c9b3e0d6-2936-476a-93c7-00604ac5a3e0","Audio":{"timestamp":1611073064938.584,"packetsReceived":16452,"packetsLost":0},"Type":"inbound-rtp","Video":{"timestamp":1611073064938.584,"packetsReceived":977,"packetsLost":0}},{"from":"Jysamrani_4f259002-81e1-43ee-b6ee-738e01617b81","to":"Yash_c9b3e0d6-2936-476a-93c7-00604ac5a3e0","Audio":{"timestamp":1611073069938.508,"packetsReceived":16702,"packetsLost":0},"Type":"inbound-rtp","Video":{"timestamp":1611073069938.508,"packetsReceived":989,"packetsLost":0}},{"from":"Jysamrani_4f259002-81e1-43ee-b6ee-738e01617b81","to":"Yash_c9b3e0d6-2936-476a-93c7-00604ac5a3e0","Audio":{"timestamp":1611073069938.508,"packetsReceived":16702,"packetsLost":0},"Type":"inbound-rtp","Video":{"timestamp":1611073069938.508,"packetsReceived":989,"packetsLost":0}},{"from":"Jysamrani_4f259002-81e1-43ee-b6ee-738e01617b81","to":"Yash_c9b3e0d6-2936-476a-93c7-00604ac5a3e0","Audio":{"timestamp":1611073074938.551,"packetsReceived":16952,"packetsLost":0},"Type":"inbound-rtp","Video":{"timestamp":1611073074938.551,"packetsReceived":1004,"packetsLost":0}},{"from":"Jysamrani_4f259002-81e1-43ee-b6ee-738e01617b81","to":"Yash_c9b3e0d6-2936-476a-93c7-00604ac5a3e0","Audio":{"timestamp":1611073074938.551,"packetsReceived":16952,"packetsLost":0},"Type":"inbound-rtp","Video":{"timestamp":1611073074938.551,"packetsReceived":1004,"packetsLost":0}},{"from":"Jysamrani_4f259002-81e1-43ee-b6ee-738e01617b81","to":"Yash_c9b3e0d6-2936-476a-93c7-00604ac5a3e0","Audio":{"timestamp":1611073079938.61,"packetsReceived":17202,"packetsLost":0},"Type":"inbound-rtp","Video":{"timestamp":1611073079938.61,"packetsReceived":1018,"packetsLost":0}},{"from":"Jysamrani_4f259002-81e1-43ee-b6ee-738e01617b81","to":"Yash_c9b3e0d6-2936-476a-93c7-00604ac5a3e0","Audio":{"timestamp":1611073079938.61,"packetsReceived":17202,"packetsLost":0},"Type":"inbound-rtp","Video":{"timestamp":1611073079938.61,"packetsReceived":1018,"packetsLost":0}},{"from":"Jysamrani_4f259002-81e1-43ee-b6ee-738e01617b81","to":"Yash_c9b3e0d6-2936-476a-93c7-00604ac5a3e0","Audio":{"timestamp":1611073084938.568,"packetsReceived":17452,"packetsLost":0},"Type":"inbound-rtp","Video":{"timestamp":1611073084938.568,"packetsReceived":1031,"packetsLost":0}},{"from":"Jysamrani_4f259002-81e1-43ee-b6ee-738e01617b81","to":"Yash_c9b3e0d6-2936-476a-93c7-00604ac5a3e0","Audio":{"timestamp":1611073084938.568,"packetsReceived":17452,"packetsLost":0},"Type":"inbound-rtp","Video":{"timestamp":1611073084938.568,"packetsReceived":1031,"packetsLost":0}},{"from":"Jysamrani_4f259002-81e1-43ee-b6ee-738e01617b81","to":"Yash_c9b3e0d6-2936-476a-93c7-00604ac5a3e0","Audio":{"timestamp":1611073089938.64,"packetsReceived":17702,"packetsLost":0},"Type":"inbound-rtp","Video":{"timestamp":1611073089938.64,"packetsReceived":1043,"packetsLost":0}},{"from":"Jysamrani_4f259002-81e1-43ee-b6ee-738e01617b81","to":"Yash_c9b3e0d6-2936-476a-93c7-00604ac5a3e0","Audio":{"timestamp":1611073089938.64,"packetsReceived":17702,"packetsLost":0},"Type":"inbound-rtp","Video":{"timestamp":1611073089938.64,"packetsReceived":1043,"packetsLost":0}},{"from":"Jysamrani_4f259002-81e1-43ee-b6ee-738e01617b81","to":"Yash_c9b3e0d6-2936-476a-93c7-00604ac5a3e0","Audio":{"timestamp":1611073094938.621,"packetsReceived":17952,"packetsLost":0},"Type":"inbound-rtp","Video":{"timestamp":1611073094938.621,"packetsReceived":1058,"packetsLost":0}},{"from":"Jysamrani_4f259002-81e1-43ee-b6ee-738e01617b81","to":"Yash_c9b3e0d6-2936-476a-93c7-00604ac5a3e0","Audio":{"timestamp":1611073094938.621,"packetsReceived":17952,"packetsLost":0},"Type":"inbound-rtp","Video":{"timestamp":1611073094938.621,"packetsReceived":1058,"packetsLost":0}},{"from":"Jysamrani_4f259002-81e1-43ee-b6ee-738e01617b81","to":"Yash_c9b3e0d6-2936-476a-93c7-00604ac5a3e0","Audio":{"timestamp":1611073099938.585,"packetsReceived":18202,"packetsLost":0},"Type":"inbound-rtp","Video":{"timestamp":1611073099938.585,"packetsReceived":1071,"packetsLost":0}},{"from":"Jysamrani_4f259002-81e1-43ee-b6ee-738e01617b81","to":"Yash_c9b3e0d6-2936-476a-93c7-00604ac5a3e0","Audio":{"timestamp":1611073099938.585,"packetsReceived":18202,"packetsLost":0},"Type":"inbound-rtp","Video":{"timestamp":1611073099938.585,"packetsReceived":1071,"packetsLost":0}},{"from":"Jysamrani_4f259002-81e1-43ee-b6ee-738e01617b81","to":"Yash_c9b3e0d6-2936-476a-93c7-00604ac5a3e0","Audio":{"timestamp":1611073104938.615,"packetsReceived":18452,"packetsLost":0},"Type":"inbound-rtp","Video":{"timestamp":1611073104938.615,"packetsReceived":1082,"packetsLost":0}},{"from":"Jysamrani_4f259002-81e1-43ee-b6ee-738e01617b81","to":"Yash_c9b3e0d6-2936-476a-93c7-00604ac5a3e0","Audio":{"timestamp":1611073104938.615,"packetsReceived":18452,"packetsLost":0},"Type":"inbound-rtp","Video":{"timestamp":1611073104938.615,"packetsReceived":1082,"packetsLost":0}},{"from":"Jysamrani_4f259002-81e1-43ee-b6ee-738e01617b81","to":"Yash_c9b3e0d6-2936-476a-93c7-00604ac5a3e0","Audio":{"timestamp":1611073109938.643,"packetsReceived":18702,"packetsLost":0},"Type":"inbound-rtp","Video":{"timestamp":1611073109938.643,"packetsReceived":1096,"packetsLost":0}},{"from":"Jysamrani_4f259002-81e1-43ee-b6ee-738e01617b81","to":"Yash_c9b3e0d6-2936-476a-93c7-00604ac5a3e0","Audio":{"timestamp":1611073109938.643,"packetsReceived":18702,"packetsLost":0},"Type":"inbound-rtp","Video":{"timestamp":1611073109938.643,"packetsReceived":1096,"packetsLost":0}},{"from":"Jysamrani_4f259002-81e1-43ee-b6ee-738e01617b81","to":"Yash_c9b3e0d6-2936-476a-93c7-00604ac5a3e0","Audio":{"timestamp":1611073114938.611,"packetsReceived":18952,"packetsLost":0},"Type":"inbound-rtp","Video":{"timestamp":1611073114938.611,"packetsReceived":1111,"packetsLost":0}},{"from":"Jysamrani_4f259002-81e1-43ee-b6ee-738e01617b81","to":"Yash_c9b3e0d6-2936-476a-93c7-00604ac5a3e0","Audio":{"timestamp":1611073114938.611,"packetsReceived":18952,"packetsLost":0},"Type":"inbound-rtp","Video":{"timestamp":1611073114938.611,"packetsReceived":1111,"packetsLost":0}},{"from":"Jysamrani_4f259002-81e1-43ee-b6ee-738e01617b81","to":"Yash_c9b3e0d6-2936-476a-93c7-00604ac5a3e0","Audio":{"timestamp":1611073119938.664,"packetsReceived":19202,"packetsLost":0},"Type":"inbound-rtp","Video":{"timestamp":1611073119938.664,"packetsReceived":1123,"packetsLost":0}},{"from":"Jysamrani_4f259002-81e1-43ee-b6ee-738e01617b81","to":"Yash_c9b3e0d6-2936-476a-93c7-00604ac5a3e0","Audio":{"timestamp":1611073119938.664,"packetsReceived":19202,"packetsLost":0},"Type":"inbound-rtp","Video":{"timestamp":1611073119938.664,"packetsReceived":1123,"packetsLost":0}},{"from":"Jysamrani_4f259002-81e1-43ee-b6ee-738e01617b81","to":"Yash_c9b3e0d6-2936-476a-93c7-00604ac5a3e0","Audio":{"timestamp":1611073124938.578,"packetsReceived":19452,"packetsLost":0},"Type":"inbound-rtp","Video":{"timestamp":1611073124938.578,"packetsReceived":1262,"packetsLost":0}},{"from":"Jysamrani_4f259002-81e1-43ee-b6ee-738e01617b81","to":"Yash_c9b3e0d6-2936-476a-93c7-00604ac5a3e0","Audio":{"timestamp":1611073124938.578,"packetsReceived":19452,"packetsLost":0},"Type":"inbound-rtp","Video":{"timestamp":1611073124938.578,"packetsReceived":1262,"packetsLost":0}},{"from":"Jysamrani_4f259002-81e1-43ee-b6ee-738e01617b81","to":"Yash_c9b3e0d6-2936-476a-93c7-00604ac5a3e0","Audio":{"timestamp":1611073129938.649,"packetsReceived":19702,"packetsLost":0},"Type":"inbound-rtp","Video":{"timestamp":1611073129938.649,"packetsReceived":1446,"packetsLost":0}},{"from":"Jysamrani_4f259002-81e1-43ee-b6ee-738e01617b81","to":"Yash_c9b3e0d6-2936-476a-93c7-00604ac5a3e0","Audio":{"timestamp":1611073129938.649,"packetsReceived":19702,"packetsLost":0},"Type":"inbound-rtp","Video":{"timestamp":1611073129938.649,"packetsReceived":1446,"packetsLost":0}},{"from":"Jysamrani_4f259002-81e1-43ee-b6ee-738e01617b81","to":"Yash_c9b3e0d6-2936-476a-93c7-00604ac5a3e0","Audio":{"timestamp":1611073134938.678,"packetsReceived":19952,"packetsLost":0},"Type":"inbound-rtp","Video":{"timestamp":1611073134938.678,"packetsReceived":1470,"packetsLost":0}},{"from":"Jysamrani_4f259002-81e1-43ee-b6ee-738e01617b81","to":"Yash_c9b3e0d6-2936-476a-93c7-00604ac5a3e0","Audio":{"timestamp":1611073134938.678,"packetsReceived":19952,"packetsLost":0},"Type":"inbound-rtp","Video":{"timestamp":1611073134938.678,"packetsReceived":1470,"packetsLost":0}},{"from":"Jysamrani_4f259002-81e1-43ee-b6ee-738e01617b81","to":"Yash_c9b3e0d6-2936-476a-93c7-00604ac5a3e0","Audio":{"timestamp":1611073139938.679,"packetsReceived":20202,"packetsLost":0},"Type":"inbound-rtp","Video":{"timestamp":1611073139938.679,"packetsReceived":1494,"packetsLost":0}},{"from":"Jysamrani_4f259002-81e1-43ee-b6ee-738e01617b81","to":"Yash_c9b3e0d6-2936-476a-93c7-00604ac5a3e0","Audio":{"timestamp":1611073139938.679,"packetsReceived":20202,"packetsLost":0},"Type":"inbound-rtp","Video":{"timestamp":1611073139938.679,"packetsReceived":1494,"packetsLost":0}},{"from":"Jysamrani_4f259002-81e1-43ee-b6ee-738e01617b81","to":"Yash_c9b3e0d6-2936-476a-93c7-00604ac5a3e0","Audio":{"timestamp":1611073144938.614,"packetsReceived":20453,"packetsLost":0},"Type":"inbound-rtp","Video":{"timestamp":1611073144938.614,"packetsReceived":1595,"packetsLost":0}},{"from":"Jysamrani_4f259002-81e1-43ee-b6ee-738e01617b81","to":"Yash_c9b3e0d6-2936-476a-93c7-00604ac5a3e0","Audio":{"timestamp":1611073144938.614,"packetsReceived":20453,"packetsLost":0},"Type":"inbound-rtp","Video":{"timestamp":1611073144938.614,"packetsReceived":1595,"packetsLost":0}},{"from":"Jysamrani_4f259002-81e1-43ee-b6ee-738e01617b81","to":"Yash_c9b3e0d6-2936-476a-93c7-00604ac5a3e0","Audio":{"timestamp":1611073149938.868,"packetsReceived":20702,"packetsLost":0},"Type":"inbound-rtp","Video":{"timestamp":1611073149938.868,"packetsReceived":1872,"packetsLost":0}},{"from":"Jysamrani_4f259002-81e1-43ee-b6ee-738e01617b81","to":"Yash_c9b3e0d6-2936-476a-93c7-00604ac5a3e0","Audio":{"timestamp":1611073149938.868,"packetsReceived":20702,"packetsLost":0},"Type":"inbound-rtp","Video":{"timestamp":1611073149938.868,"packetsReceived":1872,"packetsLost":0}},{"from":"Jysamrani_4f259002-81e1-43ee-b6ee-738e01617b81","to":"Yash_c9b3e0d6-2936-476a-93c7-00604ac5a3e0","Audio":{"timestamp":1611073154938.492,"packetsReceived":20953,"packetsLost":0},"Type":"inbound-rtp","Video":{"timestamp":1611073154938.492,"packetsReceived":2474,"packetsLost":0}},{"from":"Jysamrani_4f259002-81e1-43ee-b6ee-738e01617b81","to":"Yash_c9b3e0d6-2936-476a-93c7-00604ac5a3e0","Audio":{"timestamp":1611073154938.492,"packetsReceived":20953,"packetsLost":0},"Type":"inbound-rtp","Video":{"timestamp":1611073154938.492,"packetsReceived":2474,"packetsLost":0}},{"from":"Jysamrani_4f259002-81e1-43ee-b6ee-738e01617b81","to":"Yash_c9b3e0d6-2936-476a-93c7-00604ac5a3e0","Audio":{"timestamp":1611073159938.542,"packetsReceived":21203,"packetsLost":0},"Type":"inbound-rtp","Video":{"timestamp":1611073159938.542,"packetsReceived":2818,"packetsLost":0}},{"from":"Jysamrani_4f259002-81e1-43ee-b6ee-738e01617b81","to":"Yash_c9b3e0d6-2936-476a-93c7-00604ac5a3e0","Audio":{"timestamp":1611073159938.542,"packetsReceived":21203,"packetsLost":0},"Type":"inbound-rtp","Video":{"timestamp":1611073159938.542,"packetsReceived":2818,"packetsLost":0}},{"from":"Jysamrani_4f259002-81e1-43ee-b6ee-738e01617b81","to":"Yash_c9b3e0d6-2936-476a-93c7-00604ac5a3e0","Audio":{"timestamp":1611073164938.51,"packetsReceived":21452,"packetsLost":0},"Type":"inbound-rtp","Video":{"timestamp":1611073164938.51,"packetsReceived":3090,"packetsLost":0}},{"from":"Jysamrani_4f259002-81e1-43ee-b6ee-738e01617b81","to":"Yash_c9b3e0d6-2936-476a-93c7-00604ac5a3e0","Audio":{"timestamp":1611073164938.51,"packetsReceived":21452,"packetsLost":0},"Type":"inbound-rtp","Video":{"timestamp":1611073164938.51,"packetsReceived":3090,"packetsLost":0}},{"from":"Jysamrani_4f259002-81e1-43ee-b6ee-738e01617b81","to":"Yash_c9b3e0d6-2936-476a-93c7-00604ac5a3e0","Audio":{"timestamp":1611073169938.626,"packetsReceived":21702,"packetsLost":0},"Type":"inbound-rtp","Video":{"timestamp":1611073169938.626,"packetsReceived":3432,"packetsLost":0}},{"from":"Jysamrani_4f259002-81e1-43ee-b6ee-738e01617b81","to":"Yash_c9b3e0d6-2936-476a-93c7-00604ac5a3e0","Audio":{"timestamp":1611073169938.626,"packetsReceived":21702,"packetsLost":0},"Type":"inbound-rtp","Video":{"timestamp":1611073169938.626,"packetsReceived":3432,"packetsLost":0}},{"from":"Jysamrani_4f259002-81e1-43ee-b6ee-738e01617b81","to":"Yash_c9b3e0d6-2936-476a-93c7-00604ac5a3e0","Audio":{"timestamp":1611073174938.509,"packetsReceived":21952,"packetsLost":0},"Type":"inbound-rtp","Video":{"timestamp":1611073174938.509,"packetsReceived":3835,"packetsLost":0}},{"from":"Jysamrani_4f259002-81e1-43ee-b6ee-738e01617b81","to":"Yash_c9b3e0d6-2936-476a-93c7-00604ac5a3e0","Audio":{"timestamp":1611073174938.509,"packetsReceived":21952,"packetsLost":0},"Type":"inbound-rtp","Video":{"timestamp":1611073174938.509,"packetsReceived":3835,"packetsLost":0}},{"from":"Jysamrani_4f259002-81e1-43ee-b6ee-738e01617b81","to":"Yash_c9b3e0d6-2936-476a-93c7-00604ac5a3e0","Audio":{"timestamp":1611073179938.707,"packetsReceived":22202,"packetsLost":0},"Type":"inbound-rtp","Video":{"timestamp":1611073179938.707,"packetsReceived":4259,"packetsLost":0}},{"from":"Jysamrani_4f259002-81e1-43ee-b6ee-738e01617b81","to":"Yash_c9b3e0d6-2936-476a-93c7-00604ac5a3e0","Audio":{"timestamp":1611073179938.707,"packetsReceived":22202,"packetsLost":0},"Type":"inbound-rtp","Video":{"timestamp":1611073179938.707,"packetsReceived":4259,"packetsLost":0}},{"from":"Jysamrani_4f259002-81e1-43ee-b6ee-738e01617b81","to":"Yash_c9b3e0d6-2936-476a-93c7-00604ac5a3e0","Audio":{"timestamp":1611073184938.586,"packetsReceived":22452,"packetsLost":0},"Type":"inbound-rtp","Video":{"timestamp":1611073184938.586,"packetsReceived":4728,"packetsLost":0}},{"from":"Jysamrani_4f259002-81e1-43ee-b6ee-738e01617b81","to":"Yash_c9b3e0d6-2936-476a-93c7-00604ac5a3e0","Audio":{"timestamp":1611073184938.586,"packetsReceived":22452,"packetsLost":0},"Type":"inbound-rtp","Video":{"timestamp":1611073184938.586,"packetsReceived":4728,"packetsLost":0}},{"from":"Jysamrani_4f259002-81e1-43ee-b6ee-738e01617b81","to":"Yash_c9b3e0d6-2936-476a-93c7-00604ac5a3e0","Audio":{"timestamp":1611073189938.557,"packetsReceived":22703,"packetsLost":0},"Type":"inbound-rtp","Video":{"timestamp":1611073189938.557,"packetsReceived":5410,"packetsLost":0}},{"from":"Jysamrani_4f259002-81e1-43ee-b6ee-738e01617b81","to":"Yash_c9b3e0d6-2936-476a-93c7-00604ac5a3e0","Audio":{"timestamp":1611073189938.557,"packetsReceived":22703,"packetsLost":0},"Type":"inbound-rtp","Video":{"timestamp":1611073189938.557,"packetsReceived":5410,"packetsLost":0}},{"from":"Jysamrani_4f259002-81e1-43ee-b6ee-738e01617b81","to":"Yash_c9b3e0d6-2936-476a-93c7-00604ac5a3e0","Audio":{"timestamp":1611073194938.46,"packetsReceived":22952,"packetsLost":0},"Type":"inbound-rtp","Video":{"timestamp":1611073194938.46,"packetsReceived":6062,"packetsLost":0}},{"from":"Jysamrani_4f259002-81e1-43ee-b6ee-738e01617b81","to":"Yash_c9b3e0d6-2936-476a-93c7-00604ac5a3e0","Audio":{"timestamp":1611073194938.46,"packetsReceived":22952,"packetsLost":0},"Type":"inbound-rtp","Video":{"timestamp":1611073194938.46,"packetsReceived":6062,"packetsLost":0}},{"from":"Jysamrani_4f259002-81e1-43ee-b6ee-738e01617b81","to":"Yash_c9b3e0d6-2936-476a-93c7-00604ac5a3e0","Audio":{"timestamp":1611073199938.925,"packetsReceived":23202,"packetsLost":0},"Type":"inbound-rtp","Video":{"timestamp":1611073199938.925,"packetsReceived":6955,"packetsLost":0}},{"from":"Jysamrani_4f259002-81e1-43ee-b6ee-738e01617b81","to":"Yash_c9b3e0d6-2936-476a-93c7-00604ac5a3e0","Audio":{"timestamp":1611073199938.925,"packetsReceived":23202,"packetsLost":0},"Type":"inbound-rtp","Video":{"timestamp":1611073199938.925,"packetsReceived":6955,"packetsLost":0}},{"from":"Jysamrani_4f259002-81e1-43ee-b6ee-738e01617b81","to":"Yash_c9b3e0d6-2936-476a-93c7-00604ac5a3e0","Audio":{"timestamp":1611073204938.448,"packetsReceived":23453,"packetsLost":0},"Type":"inbound-rtp","Video":{"timestamp":1611073204938.448,"packetsReceived":8037,"packetsLost":0}},{"from":"Jysamrani_4f259002-81e1-43ee-b6ee-738e01617b81","to":"Yash_c9b3e0d6-2936-476a-93c7-00604ac5a3e0","Audio":{"timestamp":1611073204938.448,"packetsReceived":23453,"packetsLost":0},"Type":"inbound-rtp","Video":{"timestamp":1611073204938.448,"packetsReceived":8037,"packetsLost":0}},{"from":"Jysamrani_4f259002-81e1-43ee-b6ee-738e01617b81","to":"Yash_c9b3e0d6-2936-476a-93c7-00604ac5a3e0","Audio":{"timestamp":1611073209938.527,"packetsReceived":23702,"packetsLost":0},"Type":"inbound-rtp","Video":{"timestamp":1611073209938.527,"packetsReceived":9268,"packetsLost":0}},{"from":"Jysamrani_4f259002-81e1-43ee-b6ee-738e01617b81","to":"Yash_c9b3e0d6-2936-476a-93c7-00604ac5a3e0","Audio":{"timestamp":1611073209938.527,"packetsReceived":23702,"packetsLost":0},"Type":"inbound-rtp","Video":{"timestamp":1611073209938.527,"packetsReceived":9268,"packetsLost":0}},{"from":"Jysamrani_4f259002-81e1-43ee-b6ee-738e01617b81","to":"Yash_c9b3e0d6-2936-476a-93c7-00604ac5a3e0","Audio":{"timestamp":1611073214938.443,"packetsReceived":23952,"packetsLost":0},"Type":"inbound-rtp","Video":{"timestamp":1611073214938.443,"packetsReceived":10414,"packetsLost":0}},{"from":"Jysamrani_4f259002-81e1-43ee-b6ee-738e01617b81","to":"Yash_c9b3e0d6-2936-476a-93c7-00604ac5a3e0","Audio":{"timestamp":1611073214938.443,"packetsReceived":23952,"packetsLost":0},"Type":"inbound-rtp","Video":{"timestamp":1611073214938.443,"packetsReceived":10414,"packetsLost":0}},{"from":"Jysamrani_4f259002-81e1-43ee-b6ee-738e01617b81","to":"Yash_c9b3e0d6-2936-476a-93c7-00604ac5a3e0","Audio":{"timestamp":1611073219938.493,"packetsReceived":24202,"packetsLost":0},"Type":"inbound-rtp","Video":{"timestamp":1611073219938.493,"packetsReceived":12013,"packetsLost":0}},{"from":"Jysamrani_4f259002-81e1-43ee-b6ee-738e01617b81","to":"Yash_c9b3e0d6-2936-476a-93c7-00604ac5a3e0","Audio":{"timestamp":1611073219938.493,"packetsReceived":24202,"packetsLost":0},"Type":"inbound-rtp","Video":{"timestamp":1611073219938.493,"packetsReceived":12013,"packetsLost":0}},{"from":"Jysamrani_4f259002-81e1-43ee-b6ee-738e01617b81","to":"Yash_c9b3e0d6-2936-476a-93c7-00604ac5a3e0","Audio":{"timestamp":1611073224938.809,"packetsReceived":24452,"packetsLost":0},"Type":"inbound-rtp","Video":{"timestamp":1611073224938.809,"packetsReceived":13357,"packetsLost":0}},{"from":"Jysamrani_4f259002-81e1-43ee-b6ee-738e01617b81","to":"Yash_c9b3e0d6-2936-476a-93c7-00604ac5a3e0","Audio":{"timestamp":1611073224938.809,"packetsReceived":24452,"packetsLost":0},"Type":"inbound-rtp","Video":{"timestamp":1611073224938.809,"packetsReceived":13357,"packetsLost":0}},{"from":"Jysamrani_4f259002-81e1-43ee-b6ee-738e01617b81","to":"Yash_c9b3e0d6-2936-476a-93c7-00604ac5a3e0","Audio":{"timestamp":1611073229938.468,"packetsReceived":24702,"packetsLost":0},"Type":"inbound-rtp","Video":{"timestamp":1611073229938.468,"packetsReceived":14893,"packetsLost":0}},{"from":"Jysamrani_4f259002-81e1-43ee-b6ee-738e01617b81","to":"Yash_c9b3e0d6-2936-476a-93c7-00604ac5a3e0","Audio":{"timestamp":1611073229938.468,"packetsReceived":24702,"packetsLost":0},"Type":"inbound-rtp","Video":{"timestamp":1611073229938.468,"packetsReceived":14893,"packetsLost":0}},{"from":"Jysamrani_4f259002-81e1-43ee-b6ee-738e01617b81","to":"Yash_c9b3e0d6-2936-476a-93c7-00604ac5a3e0","Audio":{"timestamp":1611073234938.494,"packetsReceived":24952,"packetsLost":0},"Type":"inbound-rtp","Video":{"timestamp":1611073234938.494,"packetsReceived":15680,"packetsLost":0}},{"from":"Jysamrani_4f259002-81e1-43ee-b6ee-738e01617b81","to":"Yash_c9b3e0d6-2936-476a-93c7-00604ac5a3e0","Audio":{"timestamp":1611073234938.494,"packetsReceived":24952,"packetsLost":0},"Type":"inbound-rtp","Video":{"timestamp":1611073234938.494,"packetsReceived":15680,"packetsLost":0}},{"from":"Jysamrani_4f259002-81e1-43ee-b6ee-738e01617b81","to":"Yash_c9b3e0d6-2936-476a-93c7-00604ac5a3e0","Audio":{"timestamp":1611073239938.614,"packetsReceived":25202,"packetsLost":0},"Type":"inbound-rtp","Video":{"timestamp":1611073239938.614,"packetsReceived":16372,"packetsLost":0}},{"from":"Jysamrani_4f259002-81e1-43ee-b6ee-738e01617b81","to":"Yash_c9b3e0d6-2936-476a-93c7-00604ac5a3e0","Audio":{"timestamp":1611073239938.614,"packetsReceived":25202,"packetsLost":0},"Type":"inbound-rtp","Video":{"timestamp":1611073239938.614,"packetsReceived":16372,"packetsLost":0}},{"from":"Jysamrani_4f259002-81e1-43ee-b6ee-738e01617b81","to":"Yash_c9b3e0d6-2936-476a-93c7-00604ac5a3e0","Audio":{"timestamp":1611073244938.622,"packetsReceived":25452,"packetsLost":0},"Type":"inbound-rtp","Video":{"timestamp":1611073244938.622,"packetsReceived":16812,"packetsLost":0}},{"from":"Jysamrani_4f259002-81e1-43ee-b6ee-738e01617b81","to":"Yash_c9b3e0d6-2936-476a-93c7-00604ac5a3e0","Audio":{"timestamp":1611073244938.622,"packetsReceived":25452,"packetsLost":0},"Type":"inbound-rtp","Video":{"timestamp":1611073244938.622,"packetsReceived":16812,"packetsLost":0}},{"from":"Jysamrani_4f259002-81e1-43ee-b6ee-738e01617b81","to":"Yash_c9b3e0d6-2936-476a-93c7-00604ac5a3e0","Audio":{"timestamp":1611073249938.622,"packetsReceived":25702,"packetsLost":0},"Type":"inbound-rtp","Video":{"timestamp":1611073249938.622,"packetsReceived":17225,"packetsLost":0}},{"from":"Jysamrani_4f259002-81e1-43ee-b6ee-738e01617b81","to":"Yash_c9b3e0d6-2936-476a-93c7-00604ac5a3e0","Audio":{"timestamp":1611073249938.622,"packetsReceived":25702,"packetsLost":0},"Type":"inbound-rtp","Video":{"timestamp":1611073249938.622,"packetsReceived":17225,"packetsLost":0}},{"from":"Jysamrani_4f259002-81e1-43ee-b6ee-738e01617b81","to":"Yash_c9b3e0d6-2936-476a-93c7-00604ac5a3e0","Audio":{"timestamp":1611073254938.531,"packetsReceived":25952,"packetsLost":0},"Type":"inbound-rtp","Video":{"timestamp":1611073254938.531,"packetsReceived":17657,"packetsLost":0}},{"from":"Jysamrani_4f259002-81e1-43ee-b6ee-738e01617b81","to":"Yash_c9b3e0d6-2936-476a-93c7-00604ac5a3e0","Audio":{"timestamp":1611073254938.531,"packetsReceived":25952,"packetsLost":0},"Type":"inbound-rtp","Video":{"timestamp":1611073254938.531,"packetsReceived":17657,"packetsLost":0}},{"from":"Jysamrani_4f259002-81e1-43ee-b6ee-738e01617b81","to":"Yash_c9b3e0d6-2936-476a-93c7-00604ac5a3e0","Audio":{"timestamp":1611073259938.473,"packetsReceived":26202,"packetsLost":0},"Type":"inbound-rtp","Video":{"timestamp":1611073259938.473,"packetsReceived":18189,"packetsLost":0}},{"from":"Jysamrani_4f259002-81e1-43ee-b6ee-738e01617b81","to":"Yash_c9b3e0d6-2936-476a-93c7-00604ac5a3e0","Audio":{"timestamp":1611073259938.473,"packetsReceived":26202,"packetsLost":0},"Type":"inbound-rtp","Video":{"timestamp":1611073259938.473,"packetsReceived":18189,"packetsLost":0}},{"from":"Jysamrani_4f259002-81e1-43ee-b6ee-738e01617b81","to":"Yash_c9b3e0d6-2936-476a-93c7-00604ac5a3e0","Audio":{"timestamp":1611073264938.537,"packetsReceived":26452,"packetsLost":0},"Type":"inbound-rtp","Video":{"timestamp":1611073264938.537,"packetsReceived":18687,"packetsLost":0}},{"from":"Jysamrani_4f259002-81e1-43ee-b6ee-738e01617b81","to":"Yash_c9b3e0d6-2936-476a-93c7-00604ac5a3e0","Audio":{"timestamp":1611073264938.537,"packetsReceived":26452,"packetsLost":0},"Type":"inbound-rtp","Video":{"timestamp":1611073264938.537,"packetsReceived":18687,"packetsLost":0}},{"from":"Jysamrani_4f259002-81e1-43ee-b6ee-738e01617b81","to":"Yash_c9b3e0d6-2936-476a-93c7-00604ac5a3e0","Audio":{"timestamp":1611073269938.626,"packetsReceived":26702,"packetsLost":0},"Type":"inbound-rtp","Video":{"timestamp":1611073269938.626,"packetsReceived":19494,"packetsLost":0}},{"from":"Jysamrani_4f259002-81e1-43ee-b6ee-738e01617b81","to":"Yash_c9b3e0d6-2936-476a-93c7-00604ac5a3e0","Audio":{"timestamp":1611073269938.626,"packetsReceived":26702,"packetsLost":0},"Type":"inbound-rtp","Video":{"timestamp":1611073269938.626,"packetsReceived":19494,"packetsLost":0}},{"from":"Jysamrani_4f259002-81e1-43ee-b6ee-738e01617b81","to":"Yash_c9b3e0d6-2936-476a-93c7-00604ac5a3e0","Audio":{"timestamp":1611073274938.539,"packetsReceived":26952,"packetsLost":0},"Type":"inbound-rtp","Video":{"timestamp":1611073274938.539,"packetsReceived":20352,"packetsLost":0}},{"from":"Jysamrani_4f259002-81e1-43ee-b6ee-738e01617b81","to":"Yash_c9b3e0d6-2936-476a-93c7-00604ac5a3e0","Audio":{"timestamp":1611073274938.539,"packetsReceived":26952,"packetsLost":0},"Type":"inbound-rtp","Video":{"timestamp":1611073274938.539,"packetsReceived":20352,"packetsLost":0}},{"from":"Jysamrani_4f259002-81e1-43ee-b6ee-738e01617b81","to":"Yash_c9b3e0d6-2936-476a-93c7-00604ac5a3e0","Audio":{"timestamp":1611073279938.99,"packetsReceived":27202,"packetsLost":0},"Type":"inbound-rtp","Video":{"timestamp":1611073279938.99,"packetsReceived":21358,"packetsLost":0}},{"from":"Jysamrani_4f259002-81e1-43ee-b6ee-738e01617b81","to":"Yash_c9b3e0d6-2936-476a-93c7-00604ac5a3e0","Audio":{"timestamp":1611073279938.99,"packetsReceived":27202,"packetsLost":0},"Type":"inbound-rtp","Video":{"timestamp":1611073279938.99,"packetsReceived":21358,"packetsLost":0}},{"from":"Jysamrani_4f259002-81e1-43ee-b6ee-738e01617b81","to":"Yash_c9b3e0d6-2936-476a-93c7-00604ac5a3e0","Audio":{"timestamp":1611073284092.342,"packetsReceived":27410,"packetsLost":0},"Type":"inbound-rtp","Video":{"timestamp":1611073284092.342,"packetsReceived":21966,"packetsLost":0}},{"from":"Jysamrani_4f259002-81e1-43ee-b6ee-738e01617b81","to":"Yash_c9b3e0d6-2936-476a-93c7-00604ac5a3e0","Audio":{"timestamp":1611073284092.342,"packetsReceived":27410,"packetsLost":0},"Type":"inbound-rtp","Video":{"timestamp":1611073284092.342,"packetsReceived":21966,"packetsLost":0}},{"from":"Jysamrani_4f259002-81e1-43ee-b6ee-738e01617b81","to":"Yash_c9b3e0d6-2936-476a-93c7-00604ac5a3e0","Audio":{"timestamp":1611073289092.405,"packetsReceived":27660,"packetsLost":0},"Type":"inbound-rtp","Video":{"timestamp":1611073289092.405,"packetsReceived":22889,"packetsLost":0}},{"from":"Jysamrani_4f259002-81e1-43ee-b6ee-738e01617b81","to":"Yash_c9b3e0d6-2936-476a-93c7-00604ac5a3e0","Audio":{"timestamp":1611073289092.405,"packetsReceived":27660,"packetsLost":0},"Type":"inbound-rtp","Video":{"timestamp":1611073289092.405,"packetsReceived":22889,"packetsLost":0}},{"from":"Jysamrani_4f259002-81e1-43ee-b6ee-738e01617b81","to":"Yash_c9b3e0d6-2936-476a-93c7-00604ac5a3e0","Audio":{"timestamp":1611073294092.379,"packetsReceived":27910,"packetsLost":0},"Type":"inbound-rtp","Video":{"timestamp":1611073294092.379,"packetsReceived":23717,"packetsLost":0}},{"from":"Jysamrani_4f259002-81e1-43ee-b6ee-738e01617b81","to":"Yash_c9b3e0d6-2936-476a-93c7-00604ac5a3e0","Audio":{"timestamp":1611073294092.379,"packetsReceived":27910,"packetsLost":0},"Type":"inbound-rtp","Video":{"timestamp":1611073294092.379,"packetsReceived":23717,"packetsLost":0}},{"from":"Jysamrani_4f259002-81e1-43ee-b6ee-738e01617b81","to":"Yash_c9b3e0d6-2936-476a-93c7-00604ac5a3e0","Audio":{"timestamp":1611073299092.462,"packetsReceived":28160,"packetsLost":0},"Type":"inbound-rtp","Video":{"timestamp":1611073299092.462,"packetsReceived":24632,"packetsLost":0}},{"from":"Jysamrani_4f259002-81e1-43ee-b6ee-738e01617b81","to":"Yash_c9b3e0d6-2936-476a-93c7-00604ac5a3e0","Audio":{"timestamp":1611073299092.462,"packetsReceived":28160,"packetsLost":0},"Type":"inbound-rtp","Video":{"timestamp":1611073299092.462,"packetsReceived":24632,"packetsLost":0}},{"from":"Jysamrani_4f259002-81e1-43ee-b6ee-738e01617b81","to":"Yash_c9b3e0d6-2936-476a-93c7-00604ac5a3e0","Audio":{"timestamp":1611073304092.351,"packetsReceived":28410,"packetsLost":0},"Type":"inbound-rtp","Video":{"timestamp":1611073304092.351,"packetsReceived":25263,"packetsLost":0}},{"from":"Jysamrani_4f259002-81e1-43ee-b6ee-738e01617b81","to":"Yash_c9b3e0d6-2936-476a-93c7-00604ac5a3e0","Audio":{"timestamp":1611073304092.351,"packetsReceived":28410,"packetsLost":0},"Type":"inbound-rtp","Video":{"timestamp":1611073304092.351,"packetsReceived":25263,"packetsLost":0}},{"from":"Jysamrani_4f259002-81e1-43ee-b6ee-738e01617b81","to":"Yash_c9b3e0d6-2936-476a-93c7-00604ac5a3e0","Audio":{"timestamp":1611073309092.375,"packetsReceived":28660,"packetsLost":0},"Type":"inbound-rtp","Video":{"timestamp":1611073309092.375,"packetsReceived":25941,"packetsLost":0}},{"from":"Jysamrani_4f259002-81e1-43ee-b6ee-738e01617b81","to":"Yash_c9b3e0d6-2936-476a-93c7-00604ac5a3e0","Audio":{"timestamp":1611073309092.375,"packetsReceived":28660,"packetsLost":0},"Type":"inbound-rtp","Video":{"timestamp":1611073309092.375,"packetsReceived":25941,"packetsLost":0}},{"from":"Jysamrani_4f259002-81e1-43ee-b6ee-738e01617b81","to":"Yash_c9b3e0d6-2936-476a-93c7-00604ac5a3e0","Audio":{"timestamp":1611073314092.361,"packetsReceived":28910,"packetsLost":0},"Type":"inbound-rtp","Video":{"timestamp":1611073314092.361,"packetsReceived":26501,"packetsLost":0}},{"from":"Jysamrani_4f259002-81e1-43ee-b6ee-738e01617b81","to":"Yash_c9b3e0d6-2936-476a-93c7-00604ac5a3e0","Audio":{"timestamp":1611073314092.361,"packetsReceived":28910,"packetsLost":0},"Type":"inbound-rtp","Video":{"timestamp":1611073314092.361,"packetsReceived":26501,"packetsLost":0}},{"from":"Jysamrani_4f259002-81e1-43ee-b6ee-738e01617b81","to":"Yash_c9b3e0d6-2936-476a-93c7-00604ac5a3e0","Audio":{"timestamp":1611073319092.473,"packetsReceived":29160,"packetsLost":0},"Type":"inbound-rtp","Video":{"timestamp":1611073319092.473,"packetsReceived":27324,"packetsLost":0}},{"from":"Jysamrani_4f259002-81e1-43ee-b6ee-738e01617b81","to":"Yash_c9b3e0d6-2936-476a-93c7-00604ac5a3e0","Audio":{"timestamp":1611073319092.473,"packetsReceived":29160,"packetsLost":0},"Type":"inbound-rtp","Video":{"timestamp":1611073319092.473,"packetsReceived":27324,"packetsLost":0}},{"from":"Jysamrani_4f259002-81e1-43ee-b6ee-738e01617b81","to":"Yash_c9b3e0d6-2936-476a-93c7-00604ac5a3e0","Audio":{"timestamp":1611073324092.389,"packetsReceived":29410,"packetsLost":0},"Type":"inbound-rtp","Video":{"timestamp":1611073324092.389,"packetsReceived":27984,"packetsLost":0}},{"from":"Jysamrani_4f259002-81e1-43ee-b6ee-738e01617b81","to":"Yash_c9b3e0d6-2936-476a-93c7-00604ac5a3e0","Audio":{"timestamp":1611073324092.389,"packetsReceived":29410,"packetsLost":0},"Type":"inbound-rtp","Video":{"timestamp":1611073324092.389,"packetsReceived":27984,"packetsLost":0}},{"from":"Jysamrani_4f259002-81e1-43ee-b6ee-738e01617b81","to":"Yash_c9b3e0d6-2936-476a-93c7-00604ac5a3e0","Audio":{"timestamp":1611073329092.554,"packetsReceived":29660,"packetsLost":0},"Type":"inbound-rtp","Video":{"timestamp":1611073329092.554,"packetsReceived":28101,"packetsLost":0}},{"from":"Jysamrani_4f259002-81e1-43ee-b6ee-738e01617b81","to":"Yash_c9b3e0d6-2936-476a-93c7-00604ac5a3e0","Audio":{"timestamp":1611073329092.554,"packetsReceived":29660,"packetsLost":0},"Type":"inbound-rtp","Video":{"timestamp":1611073329092.554,"packetsReceived":28101,"packetsLost":0}},{"from":"Jysamrani_4f259002-81e1-43ee-b6ee-738e01617b81","to":"Yash_c9b3e0d6-2936-476a-93c7-00604ac5a3e0","Audio":{"timestamp":1611073334092.399,"packetsReceived":29910,"packetsLost":0},"Type":"inbound-rtp","Video":{"timestamp":1611073334092.399,"packetsReceived":28267,"packetsLost":0}},{"from":"Jysamrani_4f259002-81e1-43ee-b6ee-738e01617b81","to":"Yash_c9b3e0d6-2936-476a-93c7-00604ac5a3e0","Audio":{"timestamp":1611073334092.399,"packetsReceived":29910,"packetsLost":0},"Type":"inbound-rtp","Video":{"timestamp":1611073334092.399,"packetsReceived":28267,"packetsLost":0}},{"from":"Jysamrani_4f259002-81e1-43ee-b6ee-738e01617b81","to":"Yash_c9b3e0d6-2936-476a-93c7-00604ac5a3e0","Audio":{"timestamp":1611073339092.513,"packetsReceived":30160,"packetsLost":0},"Type":"inbound-rtp","Video":{"timestamp":1611073339092.513,"packetsReceived":28591,"packetsLost":0}},{"from":"Jysamrani_4f259002-81e1-43ee-b6ee-738e01617b81","to":"Yash_c9b3e0d6-2936-476a-93c7-00604ac5a3e0","Audio":{"timestamp":1611073339092.513,"packetsReceived":30160,"packetsLost":0},"Type":"inbound-rtp","Video":{"timestamp":1611073339092.513,"packetsReceived":28591,"packetsLost":0}},{"from":"Jysamrani_4f259002-81e1-43ee-b6ee-738e01617b81","to":"Yash_c9b3e0d6-2936-476a-93c7-00604ac5a3e0","Audio":{"timestamp":1611073344092.404,"packetsReceived":30410,"packetsLost":0},"Type":"inbound-rtp","Video":{"timestamp":1611073344092.404,"packetsReceived":28629,"packetsLost":0}},{"from":"Jysamrani_4f259002-81e1-43ee-b6ee-738e01617b81","to":"Yash_c9b3e0d6-2936-476a-93c7-00604ac5a3e0","Audio":{"timestamp":1611073344092.404,"packetsReceived":30410,"packetsLost":0},"Type":"inbound-rtp","Video":{"timestamp":1611073344092.404,"packetsReceived":28629,"packetsLost":0}},{"from":"Jysamrani_4f259002-81e1-43ee-b6ee-738e01617b81","to":"Yash_c9b3e0d6-2936-476a-93c7-00604ac5a3e0","Audio":{"timestamp":1611073349092.476,"packetsReceived":30660,"packetsLost":0},"Type":"inbound-rtp","Video":{"timestamp":1611073349092.476,"packetsReceived":28648,"packetsLost":0}},{"from":"Jysamrani_4f259002-81e1-43ee-b6ee-738e01617b81","to":"Yash_c9b3e0d6-2936-476a-93c7-00604ac5a3e0","Audio":{"timestamp":1611073349092.476,"packetsReceived":30660,"packetsLost":0},"Type":"inbound-rtp","Video":{"timestamp":1611073349092.476,"packetsReceived":28648,"packetsLost":0}},{"from":"Jysamrani_4f259002-81e1-43ee-b6ee-738e01617b81","to":"Yash_c9b3e0d6-2936-476a-93c7-00604ac5a3e0","Audio":{"timestamp":1611073354092.372,"packetsReceived":30910,"packetsLost":0},"Type":"inbound-rtp","Video":{"timestamp":1611073354092.372,"packetsReceived":28668,"packetsLost":0}},{"from":"Jysamrani_4f259002-81e1-43ee-b6ee-738e01617b81","to":"Yash_c9b3e0d6-2936-476a-93c7-00604ac5a3e0","Audio":{"timestamp":1611073354092.372,"packetsReceived":30910,"packetsLost":0},"Type":"inbound-rtp","Video":{"timestamp":1611073354092.372,"packetsReceived":28668,"packetsLost":0}},{"from":"Jysamrani_4f259002-81e1-43ee-b6ee-738e01617b81","to":"Yash_c9b3e0d6-2936-476a-93c7-00604ac5a3e0","Audio":{"timestamp":1611073359092.513,"packetsReceived":31160,"packetsLost":0},"Type":"inbound-rtp","Video":{"timestamp":1611073359092.513,"packetsReceived":28688,"packetsLost":0}},{"from":"Jysamrani_4f259002-81e1-43ee-b6ee-738e01617b81","to":"Yash_c9b3e0d6-2936-476a-93c7-00604ac5a3e0","Audio":{"timestamp":1611073359092.513,"packetsReceived":31160,"packetsLost":0},"Type":"inbound-rtp","Video":{"timestamp":1611073359092.513,"packetsReceived":28688,"packetsLost":0}},{"from":"Jysamrani_4f259002-81e1-43ee-b6ee-738e01617b81","to":"Yash_c9b3e0d6-2936-476a-93c7-00604ac5a3e0","Audio":{"timestamp":1611073364092.49,"packetsReceived":31410,"packetsLost":0},"Type":"inbound-rtp","Video":{"timestamp":1611073364092.49,"packetsReceived":28704,"packetsLost":0}},{"from":"Jysamrani_4f259002-81e1-43ee-b6ee-738e01617b81","to":"Yash_c9b3e0d6-2936-476a-93c7-00604ac5a3e0","Audio":{"timestamp":1611073364092.49,"packetsReceived":31410,"packetsLost":0},"Type":"inbound-rtp","Video":{"timestamp":1611073364092.49,"packetsReceived":28704,"packetsLost":0}},{"from":"Jysamrani_4f259002-81e1-43ee-b6ee-738e01617b81","to":"Yash_c9b3e0d6-2936-476a-93c7-00604ac5a3e0","Audio":{"timestamp":1611073369092.516,"packetsReceived":31659,"packetsLost":0},"Type":"inbound-rtp","Video":{"timestamp":1611073369092.516,"packetsReceived":28724,"packetsLost":0}},{"from":"Jysamrani_4f259002-81e1-43ee-b6ee-738e01617b81","to":"Yash_c9b3e0d6-2936-476a-93c7-00604ac5a3e0","Audio":{"timestamp":1611073369092.516,"packetsReceived":31659,"packetsLost":0},"Type":"inbound-rtp","Video":{"timestamp":1611073369092.516,"packetsReceived":28724,"packetsLost":0}},{"from":"Jysamrani_4f259002-81e1-43ee-b6ee-738e01617b81","to":"Yash_c9b3e0d6-2936-476a-93c7-00604ac5a3e0","Audio":{"timestamp":1611073374092.504,"packetsReceived":31910,"packetsLost":0},"Type":"inbound-rtp","Video":{"timestamp":1611073374092.504,"packetsReceived":28747,"packetsLost":0}},{"from":"Jysamrani_4f259002-81e1-43ee-b6ee-738e01617b81","to":"Yash_c9b3e0d6-2936-476a-93c7-00604ac5a3e0","Audio":{"timestamp":1611073374092.504,"packetsReceived":31910,"packetsLost":0},"Type":"inbound-rtp","Video":{"timestamp":1611073374092.504,"packetsReceived":28747,"packetsLost":0}},{"from":"Jysamrani_4f259002-81e1-43ee-b6ee-738e01617b81","to":"Yash_c9b3e0d6-2936-476a-93c7-00604ac5a3e0","Audio":{"timestamp":1611073379092.481,"packetsReceived":32160,"packetsLost":0},"Type":"inbound-rtp","Video":{"timestamp":1611073379092.481,"packetsReceived":28764,"packetsLost":0}},{"from":"Jysamrani_4f259002-81e1-43ee-b6ee-738e01617b81","to":"Yash_c9b3e0d6-2936-476a-93c7-00604ac5a3e0","Audio":{"timestamp":1611073379092.481,"packetsReceived":32160,"packetsLost":0},"Type":"inbound-rtp","Video":{"timestamp":1611073379092.481,"packetsReceived":28764,"packetsLost":0}},{"from":"Jysamrani_4f259002-81e1-43ee-b6ee-738e01617b81","to":"Yash_c9b3e0d6-2936-476a-93c7-00604ac5a3e0","Audio":{"timestamp":1611073384092.559,"packetsReceived":32410,"packetsLost":0},"Type":"inbound-rtp","Video":{"timestamp":1611073384092.559,"packetsReceived":28784,"packetsLost":0}},{"from":"Jysamrani_4f259002-81e1-43ee-b6ee-738e01617b81","to":"Yash_c9b3e0d6-2936-476a-93c7-00604ac5a3e0","Audio":{"timestamp":1611073384092.559,"packetsReceived":32410,"packetsLost":0},"Type":"inbound-rtp","Video":{"timestamp":1611073384092.559,"packetsReceived":28784,"packetsLost":0}},{"from":"Jysamrani_4f259002-81e1-43ee-b6ee-738e01617b81","to":"Yash_c9b3e0d6-2936-476a-93c7-00604ac5a3e0","Audio":{"timestamp":1611073389092.431,"packetsReceived":32659,"packetsLost":0},"Type":"inbound-rtp","Video":{"timestamp":1611073389092.431,"packetsReceived":28804,"packetsLost":0}},{"from":"Jysamrani_4f259002-81e1-43ee-b6ee-738e01617b81","to":"Yash_c9b3e0d6-2936-476a-93c7-00604ac5a3e0","Audio":{"timestamp":1611073389092.431,"packetsReceived":32659,"packetsLost":0},"Type":"inbound-rtp","Video":{"timestamp":1611073389092.431,"packetsReceived":28804,"packetsLost":0}},{"from":"Jysamrani_4f259002-81e1-43ee-b6ee-738e01617b81","to":"Yash_c9b3e0d6-2936-476a-93c7-00604ac5a3e0","Audio":{"timestamp":1611073394092.487,"packetsReceived":32910,"packetsLost":0},"Type":"inbound-rtp","Video":{"timestamp":1611073394092.487,"packetsReceived":28820,"packetsLost":0}},{"from":"Jysamrani_4f259002-81e1-43ee-b6ee-738e01617b81","to":"Yash_c9b3e0d6-2936-476a-93c7-00604ac5a3e0","Audio":{"timestamp":1611073394092.487,"packetsReceived":32910,"packetsLost":0},"Type":"inbound-rtp","Video":{"timestamp":1611073394092.487,"packetsReceived":28820,"packetsLost":0}},{"from":"Jysamrani_4f259002-81e1-43ee-b6ee-738e01617b81","to":"Yash_c9b3e0d6-2936-476a-93c7-00604ac5a3e0","Audio":{"timestamp":1611073399092.484,"packetsReceived":33160,"packetsLost":0},"Type":"inbound-rtp","Video":{"timestamp":1611073399092.484,"packetsReceived":28840,"packetsLost":0}},{"from":"Jysamrani_4f259002-81e1-43ee-b6ee-738e01617b81","to":"Yash_c9b3e0d6-2936-476a-93c7-00604ac5a3e0","Audio":{"timestamp":1611073399092.484,"packetsReceived":33160,"packetsLost":0},"Type":"inbound-rtp","Video":{"timestamp":1611073399092.484,"packetsReceived":28840,"packetsLost":0}},{"from":"Jysamrani_4f259002-81e1-43ee-b6ee-738e01617b81","to":"Yash_c9b3e0d6-2936-476a-93c7-00604ac5a3e0","Audio":{"timestamp":1611073404092.52,"packetsReceived":33409,"packetsLost":0},"Type":"inbound-rtp","Video":{"timestamp":1611073404092.52,"packetsReceived":28860,"packetsLost":0}},{"from":"Jysamrani_4f259002-81e1-43ee-b6ee-738e01617b81","to":"Yash_c9b3e0d6-2936-476a-93c7-00604ac5a3e0","Audio":{"timestamp":1611073404092.52,"packetsReceived":33409,"packetsLost":0},"Type":"inbound-rtp","Video":{"timestamp":1611073404092.52,"packetsReceived":28860,"packetsLost":0}},{"from":"Jysamrani_4f259002-81e1-43ee-b6ee-738e01617b81","to":"Yash_c9b3e0d6-2936-476a-93c7-00604ac5a3e0","Audio":{"timestamp":1611073409092.411,"packetsReceived":33660,"packetsLost":0},"Type":"inbound-rtp","Video":{"timestamp":1611073409092.411,"packetsReceived":28876,"packetsLost":0}},{"from":"Jysamrani_4f259002-81e1-43ee-b6ee-738e01617b81","to":"Yash_c9b3e0d6-2936-476a-93c7-00604ac5a3e0","Audio":{"timestamp":1611073409092.411,"packetsReceived":33660,"packetsLost":0},"Type":"inbound-rtp","Video":{"timestamp":1611073409092.411,"packetsReceived":28876,"packetsLost":0}},{"from":"Jysamrani_4f259002-81e1-43ee-b6ee-738e01617b81","to":"Yash_c9b3e0d6-2936-476a-93c7-00604ac5a3e0","Audio":{"timestamp":1611073414092.473,"packetsReceived":33910,"packetsLost":0},"Type":"inbound-rtp","Video":{"timestamp":1611073414092.473,"packetsReceived":28896,"packetsLost":0}},{"from":"Jysamrani_4f259002-81e1-43ee-b6ee-738e01617b81","to":"Yash_c9b3e0d6-2936-476a-93c7-00604ac5a3e0","Audio":{"timestamp":1611073414092.473,"packetsReceived":33910,"packetsLost":0},"Type":"inbound-rtp","Video":{"timestamp":1611073414092.473,"packetsReceived":28896,"packetsLost":0}},{"from":"Jysamrani_4f259002-81e1-43ee-b6ee-738e01617b81","to":"Yash_c9b3e0d6-2936-476a-93c7-00604ac5a3e0","Audio":{"timestamp":1611073419092.484,"packetsReceived":34159,"packetsLost":0},"Type":"inbound-rtp","Video":{"timestamp":1611073419092.484,"packetsReceived":28916,"packetsLost":0}},{"from":"Jysamrani_4f259002-81e1-43ee-b6ee-738e01617b81","to":"Yash_c9b3e0d6-2936-476a-93c7-00604ac5a3e0","Audio":{"timestamp":1611073419092.484,"packetsReceived":34159,"packetsLost":0},"Type":"inbound-rtp","Video":{"timestamp":1611073419092.484,"packetsReceived":28916,"packetsLost":0}},{"from":"Jysamrani_4f259002-81e1-43ee-b6ee-738e01617b81","to":"Yash_c9b3e0d6-2936-476a-93c7-00604ac5a3e0","Audio":{"timestamp":1611073424092.5,"packetsReceived":34410,"packetsLost":0},"Type":"inbound-rtp","Video":{"timestamp":1611073424092.5,"packetsReceived":28932,"packetsLost":0}},{"from":"Jysamrani_4f259002-81e1-43ee-b6ee-738e01617b81","to":"Yash_c9b3e0d6-2936-476a-93c7-00604ac5a3e0","Audio":{"timestamp":1611073424092.5,"packetsReceived":34410,"packetsLost":0},"Type":"inbound-rtp","Video":{"timestamp":1611073424092.5,"packetsReceived":28932,"packetsLost":0}},{"from":"Jysamrani_4f259002-81e1-43ee-b6ee-738e01617b81","to":"Yash_c9b3e0d6-2936-476a-93c7-00604ac5a3e0","Audio":{"timestamp":1611073429092.491,"packetsReceived":34660,"packetsLost":0},"Type":"inbound-rtp","Video":{"timestamp":1611073429092.491,"packetsReceived":28952,"packetsLost":0}},{"from":"Jysamrani_4f259002-81e1-43ee-b6ee-738e01617b81","to":"Yash_c9b3e0d6-2936-476a-93c7-00604ac5a3e0","Audio":{"timestamp":1611073429092.491,"packetsReceived":34660,"packetsLost":0},"Type":"inbound-rtp","Video":{"timestamp":1611073429092.491,"packetsReceived":28952,"packetsLost":0}},{"from":"Jysamrani_4f259002-81e1-43ee-b6ee-738e01617b81","to":"Yash_c9b3e0d6-2936-476a-93c7-00604ac5a3e0","Audio":{"timestamp":1611073434092.408,"packetsReceived":34909,"packetsLost":0},"Type":"inbound-rtp","Video":{"timestamp":1611073434092.408,"packetsReceived":28972,"packetsLost":0}},{"from":"Jysamrani_4f259002-81e1-43ee-b6ee-738e01617b81","to":"Yash_c9b3e0d6-2936-476a-93c7-00604ac5a3e0","Audio":{"timestamp":1611073434092.408,"packetsReceived":34909,"packetsLost":0},"Type":"inbound-rtp","Video":{"timestamp":1611073434092.408,"packetsReceived":28972,"packetsLost":0}},{"from":"Jysamrani_4f259002-81e1-43ee-b6ee-738e01617b81","to":"Yash_c9b3e0d6-2936-476a-93c7-00604ac5a3e0","Audio":{"timestamp":1611073439092.476,"packetsReceived":35160,"packetsLost":0},"Type":"inbound-rtp","Video":{"timestamp":1611073439092.476,"packetsReceived":28988,"packetsLost":0}},{"from":"Jysamrani_4f259002-81e1-43ee-b6ee-738e01617b81","to":"Yash_c9b3e0d6-2936-476a-93c7-00604ac5a3e0","Audio":{"timestamp":1611073439092.476,"packetsReceived":35160,"packetsLost":0},"Type":"inbound-rtp","Video":{"timestamp":1611073439092.476,"packetsReceived":28988,"packetsLost":0}},{"from":"Jysamrani_4f259002-81e1-43ee-b6ee-738e01617b81","to":"Yash_c9b3e0d6-2936-476a-93c7-00604ac5a3e0","Audio":{"timestamp":1611073444092.481,"packetsReceived":35410,"packetsLost":0},"Type":"inbound-rtp","Video":{"timestamp":1611073444092.481,"packetsReceived":29008,"packetsLost":0}},{"from":"Jysamrani_4f259002-81e1-43ee-b6ee-738e01617b81","to":"Yash_c9b3e0d6-2936-476a-93c7-00604ac5a3e0","Audio":{"timestamp":1611073444092.481,"packetsReceived":35410,"packetsLost":0},"Type":"inbound-rtp","Video":{"timestamp":1611073444092.481,"packetsReceived":29008,"packetsLost":0}},{"from":"Jysamrani_4f259002-81e1-43ee-b6ee-738e01617b81","to":"Yash_c9b3e0d6-2936-476a-93c7-00604ac5a3e0","Audio":{"timestamp":1611073449092.383,"packetsReceived":35659,"packetsLost":0},"Type":"inbound-rtp","Video":{"timestamp":1611073449092.383,"packetsReceived":29028,"packetsLost":0}},{"from":"Jysamrani_4f259002-81e1-43ee-b6ee-738e01617b81","to":"Yash_c9b3e0d6-2936-476a-93c7-00604ac5a3e0","Audio":{"timestamp":1611073449092.383,"packetsReceived":35659,"packetsLost":0},"Type":"inbound-rtp","Video":{"timestamp":1611073449092.383,"packetsReceived":29028,"packetsLost":0}},{"from":"Jysamrani_4f259002-81e1-43ee-b6ee-738e01617b81","to":"Yash_c9b3e0d6-2936-476a-93c7-00604ac5a3e0","Audio":{"timestamp":1611073454092.55,"packetsReceived":35910,"packetsLost":0},"Type":"inbound-rtp","Video":{"timestamp":1611073454092.55,"packetsReceived":29044,"packetsLost":0}},{"from":"Jysamrani_4f259002-81e1-43ee-b6ee-738e01617b81","to":"Yash_c9b3e0d6-2936-476a-93c7-00604ac5a3e0","Audio":{"timestamp":1611073454092.55,"packetsReceived":35910,"packetsLost":0},"Type":"inbound-rtp","Video":{"timestamp":1611073454092.55,"packetsReceived":29044,"packetsLost":0}},{"from":"Jysamrani_4f259002-81e1-43ee-b6ee-738e01617b81","to":"Yash_c9b3e0d6-2936-476a-93c7-00604ac5a3e0","Audio":{"timestamp":1611073459092.506,"packetsReceived":36160,"packetsLost":0},"Type":"inbound-rtp","Video":{"timestamp":1611073459092.506,"packetsReceived":29064,"packetsLost":0}},{"from":"Jysamrani_4f259002-81e1-43ee-b6ee-738e01617b81","to":"Yash_c9b3e0d6-2936-476a-93c7-00604ac5a3e0","Audio":{"timestamp":1611073459092.506,"packetsReceived":36160,"packetsLost":0},"Type":"inbound-rtp","Video":{"timestamp":1611073459092.506,"packetsReceived":29064,"packetsLost":0}},{"from":"Jysamrani_4f259002-81e1-43ee-b6ee-738e01617b81","to":"Yash_c9b3e0d6-2936-476a-93c7-00604ac5a3e0","Audio":{"timestamp":1611073464092.514,"packetsReceived":36410,"packetsLost":0},"Type":"inbound-rtp","Video":{"timestamp":1611073464092.514,"packetsReceived":29084,"packetsLost":0}},{"from":"Jysamrani_4f259002-81e1-43ee-b6ee-738e01617b81","to":"Yash_c9b3e0d6-2936-476a-93c7-00604ac5a3e0","Audio":{"timestamp":1611073464092.514,"packetsReceived":36410,"packetsLost":0},"Type":"inbound-rtp","Video":{"timestamp":1611073464092.514,"packetsReceived":29084,"packetsLost":0}},{"from":"Jysamrani_4f259002-81e1-43ee-b6ee-738e01617b81","to":"Yash_c9b3e0d6-2936-476a-93c7-00604ac5a3e0","Audio":{"timestamp":1611073469092.583,"packetsReceived":36660,"packetsLost":0},"Type":"inbound-rtp","Video":{"timestamp":1611073469092.583,"packetsReceived":29100,"packetsLost":0}},{"from":"Jysamrani_4f259002-81e1-43ee-b6ee-738e01617b81","to":"Yash_c9b3e0d6-2936-476a-93c7-00604ac5a3e0","Audio":{"timestamp":1611073469092.583,"packetsReceived":36660,"packetsLost":0},"Type":"inbound-rtp","Video":{"timestamp":1611073469092.583,"packetsReceived":29100,"packetsLost":0}},{"from":"Jysamrani_4f259002-81e1-43ee-b6ee-738e01617b81","to":"Yash_c9b3e0d6-2936-476a-93c7-00604ac5a3e0","Audio":{"timestamp":1611073474092.467,"packetsReceived":36910,"packetsLost":0},"Type":"inbound-rtp","Video":{"timestamp":1611073474092.467,"packetsReceived":29120,"packetsLost":0}},{"from":"Jysamrani_4f259002-81e1-43ee-b6ee-738e01617b81","to":"Yash_c9b3e0d6-2936-476a-93c7-00604ac5a3e0","Audio":{"timestamp":1611073474092.467,"packetsReceived":36910,"packetsLost":0},"Type":"inbound-rtp","Video":{"timestamp":1611073474092.467,"packetsReceived":29120,"packetsLost":0}},{"from":"Jysamrani_4f259002-81e1-43ee-b6ee-738e01617b81","to":"Yash_c9b3e0d6-2936-476a-93c7-00604ac5a3e0","Audio":{"timestamp":1611073479092.398,"packetsReceived":37159,"packetsLost":0},"Type":"inbound-rtp","Video":{"timestamp":1611073479092.398,"packetsReceived":29140,"packetsLost":0}},{"from":"Jysamrani_4f259002-81e1-43ee-b6ee-738e01617b81","to":"Yash_c9b3e0d6-2936-476a-93c7-00604ac5a3e0","Audio":{"timestamp":1611073479092.398,"packetsReceived":37159,"packetsLost":0},"Type":"inbound-rtp","Video":{"timestamp":1611073479092.398,"packetsReceived":29140,"packetsLost":0}},{"from":"Jysamrani_4f259002-81e1-43ee-b6ee-738e01617b81","to":"Yash_c9b3e0d6-2936-476a-93c7-00604ac5a3e0","Audio":{"timestamp":1611073484092.507,"packetsReceived":37410,"packetsLost":0},"Type":"inbound-rtp","Video":{"timestamp":1611073484092.507,"packetsReceived":29156,"packetsLost":0}},{"from":"Jysamrani_4f259002-81e1-43ee-b6ee-738e01617b81","to":"Yash_c9b3e0d6-2936-476a-93c7-00604ac5a3e0","Audio":{"timestamp":1611073484092.507,"packetsReceived":37410,"packetsLost":0},"Type":"inbound-rtp","Video":{"timestamp":1611073484092.507,"packetsReceived":29156,"packetsLost":0}},{"from":"Jysamrani_4f259002-81e1-43ee-b6ee-738e01617b81","to":"Yash_c9b3e0d6-2936-476a-93c7-00604ac5a3e0","Audio":{"timestamp":1611073489092.431,"packetsReceived":37660,"packetsLost":0},"Type":"inbound-rtp","Video":{"timestamp":1611073489092.431,"packetsReceived":29181,"packetsLost":0}},{"from":"Jysamrani_4f259002-81e1-43ee-b6ee-738e01617b81","to":"Yash_c9b3e0d6-2936-476a-93c7-00604ac5a3e0","Audio":{"timestamp":1611073489092.431,"packetsReceived":37660,"packetsLost":0},"Type":"inbound-rtp","Video":{"timestamp":1611073489092.431,"packetsReceived":29181,"packetsLost":0}},{"from":"Jysamrani_4f259002-81e1-43ee-b6ee-738e01617b81","to":"Yash_c9b3e0d6-2936-476a-93c7-00604ac5a3e0","Audio":{"timestamp":1611073494092.499,"packetsReceived":37910,"packetsLost":0},"Type":"inbound-rtp","Video":{"timestamp":1611073494092.499,"packetsReceived":29357,"packetsLost":0}},{"from":"Jysamrani_4f259002-81e1-43ee-b6ee-738e01617b81","to":"Yash_c9b3e0d6-2936-476a-93c7-00604ac5a3e0","Audio":{"timestamp":1611073494092.499,"packetsReceived":37910,"packetsLost":0},"Type":"inbound-rtp","Video":{"timestamp":1611073494092.499,"packetsReceived":29357,"packetsLost":0}},{"from":"Jysamrani_4f259002-81e1-43ee-b6ee-738e01617b81","to":"Yash_c9b3e0d6-2936-476a-93c7-00604ac5a3e0","Audio":{"timestamp":1611073499092.498,"packetsReceived":38160,"packetsLost":0},"Type":"inbound-rtp","Video":{"timestamp":1611073499092.498,"packetsReceived":29448,"packetsLost":0}},{"from":"Jysamrani_4f259002-81e1-43ee-b6ee-738e01617b81","to":"Yash_c9b3e0d6-2936-476a-93c7-00604ac5a3e0","Audio":{"timestamp":1611073499092.498,"packetsReceived":38160,"packetsLost":0},"Type":"inbound-rtp","Video":{"timestamp":1611073499092.498,"packetsReceived":29448,"packetsLost":0}},{"from":"Jysamrani_4f259002-81e1-43ee-b6ee-738e01617b81","to":"Yash_c9b3e0d6-2936-476a-93c7-00604ac5a3e0","Audio":{"timestamp":1611073504092.423,"packetsReceived":38409,"packetsLost":0},"Type":"inbound-rtp","Video":{"timestamp":1611073504092.423,"packetsReceived":29501,"packetsLost":0}},{"from":"Jysamrani_4f259002-81e1-43ee-b6ee-738e01617b81","to":"Yash_c9b3e0d6-2936-476a-93c7-00604ac5a3e0","Audio":{"timestamp":1611073504092.423,"packetsReceived":38409,"packetsLost":0},"Type":"inbound-rtp","Video":{"timestamp":1611073504092.423,"packetsReceived":29501,"packetsLost":0}},{"from":"Jysamrani_4f259002-81e1-43ee-b6ee-738e01617b81","to":"Yash_c9b3e0d6-2936-476a-93c7-00604ac5a3e0","Audio":{"timestamp":1611073509092.417,"packetsReceived":38659,"packetsLost":0},"Type":"inbound-rtp","Video":{"timestamp":1611073509092.417,"packetsReceived":29640,"packetsLost":0}},{"from":"Jysamrani_4f259002-81e1-43ee-b6ee-738e01617b81","to":"Yash_c9b3e0d6-2936-476a-93c7-00604ac5a3e0","Audio":{"timestamp":1611073509092.417,"packetsReceived":38659,"packetsLost":0},"Type":"inbound-rtp","Video":{"timestamp":1611073509092.417,"packetsReceived":29640,"packetsLost":0}},{"from":"Jysamrani_4f259002-81e1-43ee-b6ee-738e01617b81","to":"Yash_c9b3e0d6-2936-476a-93c7-00604ac5a3e0","Audio":{"timestamp":1611073514092.541,"packetsReceived":38909,"packetsLost":0},"Type":"inbound-rtp","Video":{"timestamp":1611073514092.541,"packetsReceived":29768,"packetsLost":0}},{"from":"Jysamrani_4f259002-81e1-43ee-b6ee-738e01617b81","to":"Yash_c9b3e0d6-2936-476a-93c7-00604ac5a3e0","Audio":{"timestamp":1611073514092.541,"packetsReceived":38909,"packetsLost":0},"Type":"inbound-rtp","Video":{"timestamp":1611073514092.541,"packetsReceived":29768,"packetsLost":0}},{"from":"Jysamrani_4f259002-81e1-43ee-b6ee-738e01617b81","to":"Yash_c9b3e0d6-2936-476a-93c7-00604ac5a3e0","Audio":{"timestamp":1611073519092.394,"packetsReceived":39160,"packetsLost":0},"Type":"inbound-rtp","Video":{"timestamp":1611073519092.394,"packetsReceived":29855,"packetsLost":0}},{"from":"Jysamrani_4f259002-81e1-43ee-b6ee-738e01617b81","to":"Yash_c9b3e0d6-2936-476a-93c7-00604ac5a3e0","Audio":{"timestamp":1611073519092.394,"packetsReceived":39160,"packetsLost":0},"Type":"inbound-rtp","Video":{"timestamp":1611073519092.394,"packetsReceived":29855,"packetsLost":0}},{"from":"Jysamrani_4f259002-81e1-43ee-b6ee-738e01617b81","to":"Yash_c9b3e0d6-2936-476a-93c7-00604ac5a3e0","Audio":{"timestamp":1611073524938.525,"packetsReceived":39452,"packetsLost":0},"Type":"inbound-rtp","Video":{"timestamp":1611073524938.525,"packetsReceived":29959,"packetsLost":0}},{"from":"Jysamrani_4f259002-81e1-43ee-b6ee-738e01617b81","to":"Yash_c9b3e0d6-2936-476a-93c7-00604ac5a3e0","Audio":{"timestamp":1611073524938.525,"packetsReceived":39452,"packetsLost":0},"Type":"inbound-rtp","Video":{"timestamp":1611073524938.525,"packetsReceived":29959,"packetsLost":0}},{"from":"Jysamrani_4f259002-81e1-43ee-b6ee-738e01617b81","to":"Yash_c9b3e0d6-2936-476a-93c7-00604ac5a3e0","Audio":{"timestamp":1611073529939.339,"packetsReceived":39702,"packetsLost":0},"Type":"inbound-rtp","Video":{"timestamp":1611073529939.339,"packetsReceived":30070,"packetsLost":0}},{"from":"Jysamrani_4f259002-81e1-43ee-b6ee-738e01617b81","to":"Yash_c9b3e0d6-2936-476a-93c7-00604ac5a3e0","Audio":{"timestamp":1611073529939.339,"packetsReceived":39702,"packetsLost":0},"Type":"inbound-rtp","Video":{"timestamp":1611073529939.339,"packetsReceived":30070,"packetsLost":0}},{"from":"Jysamrani_4f259002-81e1-43ee-b6ee-738e01617b81","to":"Yash_c9b3e0d6-2936-476a-93c7-00604ac5a3e0","Audio":{"timestamp":1611073534939.116,"packetsReceived":39952,"packetsLost":0},"Type":"inbound-rtp","Video":{"timestamp":1611073534939.116,"packetsReceived":30180,"packetsLost":0}},{"from":"Jysamrani_4f259002-81e1-43ee-b6ee-738e01617b81","to":"Yash_c9b3e0d6-2936-476a-93c7-00604ac5a3e0","Audio":{"timestamp":1611073534939.116,"packetsReceived":39952,"packetsLost":0},"Type":"inbound-rtp","Video":{"timestamp":1611073534939.116,"packetsReceived":30180,"packetsLost":0}}]}