[{"timestamp":1611072735097,"log":{"from":"server","to":"Yash_c9b3e0d6-2936-476a-93c7-00604ac5a3e0","context":"PARENT","data":"{\"peer\":\"Jysamrani_4f259002-81e1-43ee-b6ee-738e01617b81\"}"}},{"timestamp":1611072735097,"log":"Parent : Jysamrani_4f259002-81e1-43ee-b6ee-738e01617b81"},{"timestamp":1611072735595,"log":{"from":"Jysamrani_4f259002-81e1-43ee-b6ee-738e01617b81","to":"Yash_c9b3e0d6-2936-476a-93c7-00604ac5a3e0","context":"CONNECT_ACK","data":"{\"roomID\":\"123456\"}"}},{"timestamp":1611072735595,"log":"Connection ACK from parent : Jysamrani_4f259002-81e1-43ee-b6ee-738e01617b81"},{"timestamp":1611072735601,"log":"received sdp from peer : Jysamrani_4f259002-81e1-43ee-b6ee-738e01617b81"},{"timestamp":1611072735605,"log":"received ice from peer : Jysamrani_4f259002-81e1-43ee-b6ee-738e01617b81"},{"timestamp":1611072735609,"log":"received ice from peer : Jysamrani_4f259002-81e1-43ee-b6ee-738e01617b81"},{"timestamp":1611072735611,"log":"remote stream received"},{"timestamp":1611072735611,"log":{}},{"timestamp":1611072735612,"log":"remote stream received"},{"timestamp":1611072735612,"log":{}},{"timestamp":1611072735617,"log":"created description for peer : Jysamrani_4f259002-81e1-43ee-b6ee-738e01617b81"},{"timestamp":1611072735621,"log":"connection with peer Jysamrani_4f259002-81e1-43ee-b6ee-738e01617b81 checking"},{"timestamp":1611072735622,"log":"ice: Yash_c9b3e0d6-2936-476a-93c7-00604ac5a3e0 to Jysamrani_4f259002-81e1-43ee-b6ee-738e01617b81"},{"timestamp":1611072735623,"log":"connection with peer Jysamrani_4f259002-81e1-43ee-b6ee-738e01617b81 connected"},{"timestamp":1611072735623,"log":"ice: Yash_c9b3e0d6-2936-476a-93c7-00604ac5a3e0 to Jysamrani_4f259002-81e1-43ee-b6ee-738e01617b81"},{"timestamp":1611072735635,"log":"received ice from peer : Jysamrani_4f259002-81e1-43ee-b6ee-738e01617b81"},{"timestamp":1611072735844,"log":"received ice from peer : Jysamrani_4f259002-81e1-43ee-b6ee-738e01617b81"}]