[{"joining_timestamp":1611072324861,"available_slots":4},{"media_timestamp":1611072326349},{"timestamp":1611072590359,"Type":"child_added","available_slots":3,"child_id":"Sumit_2d5a52ed-c783-419b-990c-94b0d91fcf25"},{"timestamp":1611072599435,"Type":"child_added","available_slots":2,"child_id":"Chaitnya_ab6a0fdc-0ba3-40b1-8936-ce1060e120ed"},{"timestamp":1611072608598,"Type":"child_added","available_slots":1,"child_id":"Srindhi_37f08dfa-728d-473f-a0f9-61fe16d475ce"},{"timestamp":1611072622847,"Type":"child_added","available_slots":0,"child_id":"Arshpreet_6e1252c0-2e97-42b0-b0d3-5a1d51726d24"}]