[{"timestamp":1611072325838,"log":{"from":"server","to":"ChinmaySahoo_eedc6722-1252-4ec7-86d5-54c965df35c5","context":"PARENT","data":"{\"peer\":\"Chinmay_a321d479-46a9-45d4-987f-455eb2d3321f\"}"}},{"timestamp":1611072325838,"log":"Parent : Chinmay_a321d479-46a9-45d4-987f-455eb2d3321f"},{"timestamp":1611072326333,"log":{"from":"Chinmay_a321d479-46a9-45d4-987f-455eb2d3321f","to":"ChinmaySahoo_eedc6722-1252-4ec7-86d5-54c965df35c5","context":"CONNECT_ACK","data":"{\"roomID\":\"123456\"}"}},{"timestamp":1611072326333,"log":"Connection ACK from parent : Chinmay_a321d479-46a9-45d4-987f-455eb2d3321f"},{"timestamp":1611072326341,"log":"received sdp from peer : Chinmay_a321d479-46a9-45d4-987f-455eb2d3321f"},{"timestamp":1611072326345,"log":"received ice from peer : Chinmay_a321d479-46a9-45d4-987f-455eb2d3321f"},{"timestamp":1611072326348,"log":"received ice from peer : Chinmay_a321d479-46a9-45d4-987f-455eb2d3321f"},{"timestamp":1611072326349,"log":"remote stream received"},{"timestamp":1611072326349,"log":{}},{"timestamp":1611072326349,"log":"remote stream received"},{"timestamp":1611072326350,"log":{}},{"timestamp":1611072326354,"log":"created description for peer : Chinmay_a321d479-46a9-45d4-987f-455eb2d3321f"},{"timestamp":1611072326358,"log":"connection with peer Chinmay_a321d479-46a9-45d4-987f-455eb2d3321f checking"},{"timestamp":1611072326358,"log":"ice: ChinmaySahoo_eedc6722-1252-4ec7-86d5-54c965df35c5 to Chinmay_a321d479-46a9-45d4-987f-455eb2d3321f"},{"timestamp":1611072326359,"log":"connection with peer Chinmay_a321d479-46a9-45d4-987f-455eb2d3321f connected"},{"timestamp":1611072326359,"log":"ice: ChinmaySahoo_eedc6722-1252-4ec7-86d5-54c965df35c5 to Chinmay_a321d479-46a9-45d4-987f-455eb2d3321f"},{"timestamp":1611072326372,"log":"received ice from peer : Chinmay_a321d479-46a9-45d4-987f-455eb2d3321f"},{"timestamp":1611072326575,"log":"received ice from peer : Chinmay_a321d479-46a9-45d4-987f-455eb2d3321f"},{"timestamp":1611072590358,"log":{"from":"Sumit_2d5a52ed-c783-419b-990c-94b0d91fcf25","to":"ChinmaySahoo_eedc6722-1252-4ec7-86d5-54c965df35c5","context":"CONNECT","data":"{\"roomID\":\"123456\"}"}},{"timestamp":1611072590358,"log":"Connect request from Child : Sumit_2d5a52ed-c783-419b-990c-94b0d91fcf25"},{"timestamp":1611072590361,"log":"adding tracks"},{"timestamp":1611072590365,"log":"call inititated: ChinmaySahoo_eedc6722-1252-4ec7-86d5-54c965df35c5 to Sumit_2d5a52ed-c783-419b-990c-94b0d91fcf25"},{"timestamp":1611072590368,"log":"created description for peer : Sumit_2d5a52ed-c783-419b-990c-94b0d91fcf25"},{"timestamp":1611072590373,"log":"ice: ChinmaySahoo_eedc6722-1252-4ec7-86d5-54c965df35c5 to Sumit_2d5a52ed-c783-419b-990c-94b0d91fcf25"},{"timestamp":1611072590373,"log":"ice: ChinmaySahoo_eedc6722-1252-4ec7-86d5-54c965df35c5 to Sumit_2d5a52ed-c783-419b-990c-94b0d91fcf25"},{"timestamp":1611072590406,"log":"ice: ChinmaySahoo_eedc6722-1252-4ec7-86d5-54c965df35c5 to Sumit_2d5a52ed-c783-419b-990c-94b0d91fcf25"},{"timestamp":1611072590406,"log":"ice: ChinmaySahoo_eedc6722-1252-4ec7-86d5-54c965df35c5 to Sumit_2d5a52ed-c783-419b-990c-94b0d91fcf25"},{"timestamp":1611072590636,"log":"connection with peer Sumit_2d5a52ed-c783-419b-990c-94b0d91fcf25 checking"},{"timestamp":1611072590879,"log":"received sdp from peer : Sumit_2d5a52ed-c783-419b-990c-94b0d91fcf25"},{"timestamp":1611072590883,"log":"received ice from peer : Sumit_2d5a52ed-c783-419b-990c-94b0d91fcf25"},{"timestamp":1611072590888,"log":"connection with peer Sumit_2d5a52ed-c783-419b-990c-94b0d91fcf25 connected"},{"timestamp":1611072590889,"log":"ice: ChinmaySahoo_eedc6722-1252-4ec7-86d5-54c965df35c5 to Sumit_2d5a52ed-c783-419b-990c-94b0d91fcf25"},{"timestamp":1611072599435,"log":{"from":"Chaitnya_ab6a0fdc-0ba3-40b1-8936-ce1060e120ed","to":"ChinmaySahoo_eedc6722-1252-4ec7-86d5-54c965df35c5","context":"CONNECT","data":"{\"roomID\":\"123456\"}"}},{"timestamp":1611072599435,"log":"Connect request from Child : Chaitnya_ab6a0fdc-0ba3-40b1-8936-ce1060e120ed"},{"timestamp":1611072599436,"log":"adding tracks"},{"timestamp":1611072599438,"log":"call inititated: ChinmaySahoo_eedc6722-1252-4ec7-86d5-54c965df35c5 to Chaitnya_ab6a0fdc-0ba3-40b1-8936-ce1060e120ed"},{"timestamp":1611072599441,"log":"created description for peer : Chaitnya_ab6a0fdc-0ba3-40b1-8936-ce1060e120ed"},{"timestamp":1611072599448,"log":"ice: ChinmaySahoo_eedc6722-1252-4ec7-86d5-54c965df35c5 to Chaitnya_ab6a0fdc-0ba3-40b1-8936-ce1060e120ed"},{"timestamp":1611072599449,"log":"ice: ChinmaySahoo_eedc6722-1252-4ec7-86d5-54c965df35c5 to Chaitnya_ab6a0fdc-0ba3-40b1-8936-ce1060e120ed"},{"timestamp":1611072599485,"log":"ice: ChinmaySahoo_eedc6722-1252-4ec7-86d5-54c965df35c5 to Chaitnya_ab6a0fdc-0ba3-40b1-8936-ce1060e120ed"},{"timestamp":1611072599486,"log":"ice: ChinmaySahoo_eedc6722-1252-4ec7-86d5-54c965df35c5 to Chaitnya_ab6a0fdc-0ba3-40b1-8936-ce1060e120ed"},{"timestamp":1611072599727,"log":"connection with peer Chaitnya_ab6a0fdc-0ba3-40b1-8936-ce1060e120ed checking"},{"timestamp":1611072599981,"log":"received sdp from peer : Chaitnya_ab6a0fdc-0ba3-40b1-8936-ce1060e120ed"},{"timestamp":1611072599985,"log":"received ice from peer : Chaitnya_ab6a0fdc-0ba3-40b1-8936-ce1060e120ed"},{"timestamp":1611072599990,"log":"connection with peer Chaitnya_ab6a0fdc-0ba3-40b1-8936-ce1060e120ed connected"},{"timestamp":1611072599990,"log":"ice: ChinmaySahoo_eedc6722-1252-4ec7-86d5-54c965df35c5 to Chaitnya_ab6a0fdc-0ba3-40b1-8936-ce1060e120ed"},{"timestamp":1611072608598,"log":{"from":"Srindhi_37f08dfa-728d-473f-a0f9-61fe16d475ce","to":"ChinmaySahoo_eedc6722-1252-4ec7-86d5-54c965df35c5","context":"CONNECT","data":"{\"roomID\":\"123456\"}"}},{"timestamp":1611072608598,"log":"Connect request from Child : Srindhi_37f08dfa-728d-473f-a0f9-61fe16d475ce"},{"timestamp":1611072608600,"log":"adding tracks"},{"timestamp":1611072608602,"log":"call inititated: ChinmaySahoo_eedc6722-1252-4ec7-86d5-54c965df35c5 to Srindhi_37f08dfa-728d-473f-a0f9-61fe16d475ce"},{"timestamp":1611072608606,"log":"created description for peer : Srindhi_37f08dfa-728d-473f-a0f9-61fe16d475ce"},{"timestamp":1611072608611,"log":"ice: ChinmaySahoo_eedc6722-1252-4ec7-86d5-54c965df35c5 to Srindhi_37f08dfa-728d-473f-a0f9-61fe16d475ce"},{"timestamp":1611072608611,"log":"ice: ChinmaySahoo_eedc6722-1252-4ec7-86d5-54c965df35c5 to Srindhi_37f08dfa-728d-473f-a0f9-61fe16d475ce"},{"timestamp":1611072608643,"log":"ice: ChinmaySahoo_eedc6722-1252-4ec7-86d5-54c965df35c5 to Srindhi_37f08dfa-728d-473f-a0f9-61fe16d475ce"},{"timestamp":1611072608644,"log":"ice: ChinmaySahoo_eedc6722-1252-4ec7-86d5-54c965df35c5 to Srindhi_37f08dfa-728d-473f-a0f9-61fe16d475ce"},{"timestamp":1611072608901,"log":"connection with peer Srindhi_37f08dfa-728d-473f-a0f9-61fe16d475ce checking"},{"timestamp":1611072609149,"log":"received sdp from peer : Srindhi_37f08dfa-728d-473f-a0f9-61fe16d475ce"},{"timestamp":1611072609154,"log":"received ice from peer : Srindhi_37f08dfa-728d-473f-a0f9-61fe16d475ce"},{"timestamp":1611072609160,"log":"ice: ChinmaySahoo_eedc6722-1252-4ec7-86d5-54c965df35c5 to Srindhi_37f08dfa-728d-473f-a0f9-61fe16d475ce"},{"timestamp":1611072609160,"log":"connection with peer Srindhi_37f08dfa-728d-473f-a0f9-61fe16d475ce connected"},{"timestamp":1611072622847,"log":{"from":"Arshpreet_6e1252c0-2e97-42b0-b0d3-5a1d51726d24","to":"ChinmaySahoo_eedc6722-1252-4ec7-86d5-54c965df35c5","context":"CONNECT","data":"{\"roomID\":\"123456\"}"}},{"timestamp":1611072622847,"log":"Connect request from Child : Arshpreet_6e1252c0-2e97-42b0-b0d3-5a1d51726d24"},{"timestamp":1611072622849,"log":"adding tracks"},{"timestamp":1611072622850,"log":"call inititated: ChinmaySahoo_eedc6722-1252-4ec7-86d5-54c965df35c5 to Arshpreet_6e1252c0-2e97-42b0-b0d3-5a1d51726d24"},{"timestamp":1611072622854,"log":"created description for peer : Arshpreet_6e1252c0-2e97-42b0-b0d3-5a1d51726d24"},{"timestamp":1611072622860,"log":"ice: ChinmaySahoo_eedc6722-1252-4ec7-86d5-54c965df35c5 to Arshpreet_6e1252c0-2e97-42b0-b0d3-5a1d51726d24"},{"timestamp":1611072622860,"log":"ice: ChinmaySahoo_eedc6722-1252-4ec7-86d5-54c965df35c5 to Arshpreet_6e1252c0-2e97-42b0-b0d3-5a1d51726d24"},{"timestamp":1611072622892,"log":"ice: ChinmaySahoo_eedc6722-1252-4ec7-86d5-54c965df35c5 to Arshpreet_6e1252c0-2e97-42b0-b0d3-5a1d51726d24"},{"timestamp":1611072622892,"log":"ice: ChinmaySahoo_eedc6722-1252-4ec7-86d5-54c965df35c5 to Arshpreet_6e1252c0-2e97-42b0-b0d3-5a1d51726d24"},{"timestamp":1611072623130,"log":"connection with peer Arshpreet_6e1252c0-2e97-42b0-b0d3-5a1d51726d24 checking"},{"timestamp":1611072623374,"log":"received sdp from peer : Arshpreet_6e1252c0-2e97-42b0-b0d3-5a1d51726d24"},{"timestamp":1611072623378,"log":"received ice from peer : Arshpreet_6e1252c0-2e97-42b0-b0d3-5a1d51726d24"},{"timestamp":1611072623381,"log":"connection with peer Arshpreet_6e1252c0-2e97-42b0-b0d3-5a1d51726d24 connected"},{"timestamp":1611072623381,"log":"ice: ChinmaySahoo_eedc6722-1252-4ec7-86d5-54c965df35c5 to Arshpreet_6e1252c0-2e97-42b0-b0d3-5a1d51726d24"}]