[{"timestamp":1611072672091,"log":{"from":"server","to":"Sharisth_baa9810c-eb39-4bbb-b869-d82ffc139314","context":"PARENT","data":"{\"peer\":\"Anshu_8bfdf48b-2a95-4693-9479-a9e262b37151\"}"}},{"timestamp":1611072672091,"log":"Parent : Anshu_8bfdf48b-2a95-4693-9479-a9e262b37151"},{"timestamp":1611072672578,"log":{"from":"Anshu_8bfdf48b-2a95-4693-9479-a9e262b37151","to":"Sharisth_baa9810c-eb39-4bbb-b869-d82ffc139314","context":"CONNECT_ACK","data":"{\"roomID\":\"123456\"}"}},{"timestamp":1611072672578,"log":"Connection ACK from parent : Anshu_8bfdf48b-2a95-4693-9479-a9e262b37151"},{"timestamp":1611072672586,"log":"received sdp from peer : Anshu_8bfdf48b-2a95-4693-9479-a9e262b37151"},{"timestamp":1611072672590,"log":"received ice from peer : Anshu_8bfdf48b-2a95-4693-9479-a9e262b37151"},{"timestamp":1611072672594,"log":"received ice from peer : Anshu_8bfdf48b-2a95-4693-9479-a9e262b37151"},{"timestamp":1611072672595,"log":"remote stream received"},{"timestamp":1611072672596,"log":{}},{"timestamp":1611072672596,"log":"remote stream received"},{"timestamp":1611072672596,"log":{}},{"timestamp":1611072672600,"log":"created description for peer : Anshu_8bfdf48b-2a95-4693-9479-a9e262b37151"},{"timestamp":1611072672603,"log":"connection with peer Anshu_8bfdf48b-2a95-4693-9479-a9e262b37151 checking"},{"timestamp":1611072672603,"log":"ice: Sharisth_baa9810c-eb39-4bbb-b869-d82ffc139314 to Anshu_8bfdf48b-2a95-4693-9479-a9e262b37151"},{"timestamp":1611072672607,"log":"connection with peer Anshu_8bfdf48b-2a95-4693-9479-a9e262b37151 connected"},{"timestamp":1611072672607,"log":"ice: Sharisth_baa9810c-eb39-4bbb-b869-d82ffc139314 to Anshu_8bfdf48b-2a95-4693-9479-a9e262b37151"},{"timestamp":1611072672617,"log":"received ice from peer : Anshu_8bfdf48b-2a95-4693-9479-a9e262b37151"},{"timestamp":1611072672618,"log":"received ice from peer : Anshu_8bfdf48b-2a95-4693-9479-a9e262b37151"}]