[{"timestamp":1611072275184,"log":{"from":"server","to":"Prabhadh_0c2c68b6-c3af-413e-a283-995457b3a33b","context":"DIRECTCHILDOFSOURCE","data":"{\"parent\":\"Source_0974d7d6-f8cd-4e1d-9686-7d355800ca2c\"}"}},{"timestamp":1611072275184,"log":"Child of Source"},{"timestamp":1611072275712,"log":{"from":"Source_0974d7d6-f8cd-4e1d-9686-7d355800ca2c","to":"Prabhadh_0c2c68b6-c3af-413e-a283-995457b3a33b","context":"CONNECT_ACK","data":"{\"roomID\":\"123456\"}"}},{"timestamp":1611072275712,"log":"Connection ACK from parent : Source_0974d7d6-f8cd-4e1d-9686-7d355800ca2c"},{"timestamp":1611072276009,"log":"received sdp from peer : Source_0974d7d6-f8cd-4e1d-9686-7d355800ca2c"},{"timestamp":1611072276013,"log":"received ice from peer : Source_0974d7d6-f8cd-4e1d-9686-7d355800ca2c"},{"timestamp":1611072276017,"log":"received ice from peer : Source_0974d7d6-f8cd-4e1d-9686-7d355800ca2c"},{"timestamp":1611072276017,"log":"received ice from peer : Source_0974d7d6-f8cd-4e1d-9686-7d355800ca2c"},{"timestamp":1611072276018,"log":"received ice from peer : Source_0974d7d6-f8cd-4e1d-9686-7d355800ca2c"},{"timestamp":1611072276018,"log":"received ice from peer : Source_0974d7d6-f8cd-4e1d-9686-7d355800ca2c"},{"timestamp":1611072276018,"log":"received ice from peer : Source_0974d7d6-f8cd-4e1d-9686-7d355800ca2c"},{"timestamp":1611072276021,"log":"remote stream received"},{"timestamp":1611072276022,"log":{}},{"timestamp":1611072276022,"log":"remote stream received"},{"timestamp":1611072276023,"log":{}},{"timestamp":1611072276029,"log":"created description for peer : Source_0974d7d6-f8cd-4e1d-9686-7d355800ca2c"},{"timestamp":1611072276034,"log":"connection with peer Source_0974d7d6-f8cd-4e1d-9686-7d355800ca2c checking"},{"timestamp":1611072276034,"log":"ice: Prabhadh_0c2c68b6-c3af-413e-a283-995457b3a33b to Source_0974d7d6-f8cd-4e1d-9686-7d355800ca2c"},{"timestamp":1611072276066,"log":"ice: Prabhadh_0c2c68b6-c3af-413e-a283-995457b3a33b to Source_0974d7d6-f8cd-4e1d-9686-7d355800ca2c"},{"timestamp":1611072276465,"log":"ice: Prabhadh_0c2c68b6-c3af-413e-a283-995457b3a33b to Source_0974d7d6-f8cd-4e1d-9686-7d355800ca2c"},{"timestamp":1611072276465,"log":"connection with peer Source_0974d7d6-f8cd-4e1d-9686-7d355800ca2c connected"},{"timestamp":1611072388349,"log":{"from":"Ruchika_0da44a7c-3443-41e4-99df-a68fe2dab10b","to":"Prabhadh_0c2c68b6-c3af-413e-a283-995457b3a33b","context":"CONNECT","data":"{\"roomID\":\"123456\"}"}},{"timestamp":1611072388349,"log":"Connect request from Child : Ruchika_0da44a7c-3443-41e4-99df-a68fe2dab10b"},{"timestamp":1611072388350,"log":"adding tracks"},{"timestamp":1611072388352,"log":"call inititated: Prabhadh_0c2c68b6-c3af-413e-a283-995457b3a33b to Ruchika_0da44a7c-3443-41e4-99df-a68fe2dab10b"},{"timestamp":1611072388354,"log":"created description for peer : Ruchika_0da44a7c-3443-41e4-99df-a68fe2dab10b"},{"timestamp":1611072388359,"log":"ice: Prabhadh_0c2c68b6-c3af-413e-a283-995457b3a33b to Ruchika_0da44a7c-3443-41e4-99df-a68fe2dab10b"},{"timestamp":1611072388360,"log":"ice: Prabhadh_0c2c68b6-c3af-413e-a283-995457b3a33b to Ruchika_0da44a7c-3443-41e4-99df-a68fe2dab10b"},{"timestamp":1611072388391,"log":"ice: Prabhadh_0c2c68b6-c3af-413e-a283-995457b3a33b to Ruchika_0da44a7c-3443-41e4-99df-a68fe2dab10b"},{"timestamp":1611072388393,"log":"ice: Prabhadh_0c2c68b6-c3af-413e-a283-995457b3a33b to Ruchika_0da44a7c-3443-41e4-99df-a68fe2dab10b"},{"timestamp":1611072388672,"log":"connection with peer Ruchika_0da44a7c-3443-41e4-99df-a68fe2dab10b checking"},{"timestamp":1611072389162,"log":"received sdp from peer : Ruchika_0da44a7c-3443-41e4-99df-a68fe2dab10b"},{"timestamp":1611072389164,"log":"received ice from peer : Ruchika_0da44a7c-3443-41e4-99df-a68fe2dab10b"},{"timestamp":1611072389167,"log":"connection with peer Ruchika_0da44a7c-3443-41e4-99df-a68fe2dab10b connected"},{"timestamp":1611072389167,"log":"ice: Prabhadh_0c2c68b6-c3af-413e-a283-995457b3a33b to Ruchika_0da44a7c-3443-41e4-99df-a68fe2dab10b"},{"timestamp":1611072398133,"log":{"from":"Aditi_2ff75ed7-7f05-4bab-a397-30c6e4f9a6c2","to":"Prabhadh_0c2c68b6-c3af-413e-a283-995457b3a33b","context":"CONNECT","data":"{\"roomID\":\"123456\"}"}},{"timestamp":1611072398133,"log":"Connect request from Child : Aditi_2ff75ed7-7f05-4bab-a397-30c6e4f9a6c2"},{"timestamp":1611072398134,"log":"adding tracks"},{"timestamp":1611072398135,"log":"call inititated: Prabhadh_0c2c68b6-c3af-413e-a283-995457b3a33b to Aditi_2ff75ed7-7f05-4bab-a397-30c6e4f9a6c2"},{"timestamp":1611072398137,"log":"created description for peer : Aditi_2ff75ed7-7f05-4bab-a397-30c6e4f9a6c2"},{"timestamp":1611072398143,"log":"ice: Prabhadh_0c2c68b6-c3af-413e-a283-995457b3a33b to Aditi_2ff75ed7-7f05-4bab-a397-30c6e4f9a6c2"},{"timestamp":1611072398143,"log":"ice: Prabhadh_0c2c68b6-c3af-413e-a283-995457b3a33b to Aditi_2ff75ed7-7f05-4bab-a397-30c6e4f9a6c2"},{"timestamp":1611072398175,"log":"ice: Prabhadh_0c2c68b6-c3af-413e-a283-995457b3a33b to Aditi_2ff75ed7-7f05-4bab-a397-30c6e4f9a6c2"},{"timestamp":1611072398175,"log":"ice: Prabhadh_0c2c68b6-c3af-413e-a283-995457b3a33b to Aditi_2ff75ed7-7f05-4bab-a397-30c6e4f9a6c2"},{"timestamp":1611072398437,"log":"connection with peer Aditi_2ff75ed7-7f05-4bab-a397-30c6e4f9a6c2 checking"},{"timestamp":1611072398910,"log":"received sdp from peer : Aditi_2ff75ed7-7f05-4bab-a397-30c6e4f9a6c2"},{"timestamp":1611072398912,"log":"received ice from peer : Aditi_2ff75ed7-7f05-4bab-a397-30c6e4f9a6c2"},{"timestamp":1611072398916,"log":"connection with peer Aditi_2ff75ed7-7f05-4bab-a397-30c6e4f9a6c2 connected"},{"timestamp":1611072398916,"log":"ice: Prabhadh_0c2c68b6-c3af-413e-a283-995457b3a33b to Aditi_2ff75ed7-7f05-4bab-a397-30c6e4f9a6c2"},{"timestamp":1611072408861,"log":{"from":"Prakhar_73f3f635-ac24-4878-bb89-20b6da3ce10d","to":"Prabhadh_0c2c68b6-c3af-413e-a283-995457b3a33b","context":"CONNECT","data":"{\"roomID\":\"123456\"}"}},{"timestamp":1611072408861,"log":"Connect request from Child : Prakhar_73f3f635-ac24-4878-bb89-20b6da3ce10d"},{"timestamp":1611072408863,"log":"adding tracks"},{"timestamp":1611072408864,"log":"call inititated: Prabhadh_0c2c68b6-c3af-413e-a283-995457b3a33b to Prakhar_73f3f635-ac24-4878-bb89-20b6da3ce10d"},{"timestamp":1611072408866,"log":"created description for peer : Prakhar_73f3f635-ac24-4878-bb89-20b6da3ce10d"},{"timestamp":1611072408873,"log":"ice: Prabhadh_0c2c68b6-c3af-413e-a283-995457b3a33b to Prakhar_73f3f635-ac24-4878-bb89-20b6da3ce10d"},{"timestamp":1611072408873,"log":"ice: Prabhadh_0c2c68b6-c3af-413e-a283-995457b3a33b to Prakhar_73f3f635-ac24-4878-bb89-20b6da3ce10d"},{"timestamp":1611072408904,"log":"ice: Prabhadh_0c2c68b6-c3af-413e-a283-995457b3a33b to Prakhar_73f3f635-ac24-4878-bb89-20b6da3ce10d"},{"timestamp":1611072408905,"log":"ice: Prabhadh_0c2c68b6-c3af-413e-a283-995457b3a33b to Prakhar_73f3f635-ac24-4878-bb89-20b6da3ce10d"},{"timestamp":1611072409162,"log":"connection with peer Prakhar_73f3f635-ac24-4878-bb89-20b6da3ce10d checking"},{"timestamp":1611072409650,"log":"received sdp from peer : Prakhar_73f3f635-ac24-4878-bb89-20b6da3ce10d"},{"timestamp":1611072409652,"log":"received ice from peer : Prakhar_73f3f635-ac24-4878-bb89-20b6da3ce10d"},{"timestamp":1611072409656,"log":"connection with peer Prakhar_73f3f635-ac24-4878-bb89-20b6da3ce10d connected"},{"timestamp":1611072409656,"log":"ice: Prabhadh_0c2c68b6-c3af-413e-a283-995457b3a33b to Prakhar_73f3f635-ac24-4878-bb89-20b6da3ce10d"},{"timestamp":1611072423985,"log":{"from":"Aditya_f91f3240-552c-4581-8c63-a03ac4b93cef","to":"Prabhadh_0c2c68b6-c3af-413e-a283-995457b3a33b","context":"CONNECT","data":"{\"roomID\":\"123456\"}"}},{"timestamp":1611072423985,"log":"Connect request from Child : Aditya_f91f3240-552c-4581-8c63-a03ac4b93cef"},{"timestamp":1611072423986,"log":"adding tracks"},{"timestamp":1611072423987,"log":"call inititated: Prabhadh_0c2c68b6-c3af-413e-a283-995457b3a33b to Aditya_f91f3240-552c-4581-8c63-a03ac4b93cef"},{"timestamp":1611072423989,"log":"created description for peer : Aditya_f91f3240-552c-4581-8c63-a03ac4b93cef"},{"timestamp":1611072423994,"log":"ice: Prabhadh_0c2c68b6-c3af-413e-a283-995457b3a33b to Aditya_f91f3240-552c-4581-8c63-a03ac4b93cef"},{"timestamp":1611072423995,"log":"ice: Prabhadh_0c2c68b6-c3af-413e-a283-995457b3a33b to Aditya_f91f3240-552c-4581-8c63-a03ac4b93cef"},{"timestamp":1611072424030,"log":"ice: Prabhadh_0c2c68b6-c3af-413e-a283-995457b3a33b to Aditya_f91f3240-552c-4581-8c63-a03ac4b93cef"},{"timestamp":1611072424031,"log":"ice: Prabhadh_0c2c68b6-c3af-413e-a283-995457b3a33b to Aditya_f91f3240-552c-4581-8c63-a03ac4b93cef"},{"timestamp":1611072424247,"log":"connection with peer Aditya_f91f3240-552c-4581-8c63-a03ac4b93cef checking"},{"timestamp":1611072424728,"log":"received sdp from peer : Aditya_f91f3240-552c-4581-8c63-a03ac4b93cef"},{"timestamp":1611072424730,"log":"received ice from peer : Aditya_f91f3240-552c-4581-8c63-a03ac4b93cef"},{"timestamp":1611072424734,"log":"connection with peer Aditya_f91f3240-552c-4581-8c63-a03ac4b93cef connected"},{"timestamp":1611072424735,"log":"ice: Prabhadh_0c2c68b6-c3af-413e-a283-995457b3a33b to Aditya_f91f3240-552c-4581-8c63-a03ac4b93cef"}]