[{"joining_timestamp":1611072274213,"available_slots":4},{"media_timestamp":1611072276022},{"timestamp":1611072388349,"Type":"child_added","available_slots":3,"child_id":"Ruchika_0da44a7c-3443-41e4-99df-a68fe2dab10b"},{"timestamp":1611072398133,"Type":"child_added","available_slots":2,"child_id":"Aditi_2ff75ed7-7f05-4bab-a397-30c6e4f9a6c2"},{"timestamp":1611072408861,"Type":"child_added","available_slots":1,"child_id":"Prakhar_73f3f635-ac24-4878-bb89-20b6da3ce10d"},{"timestamp":1611072423985,"Type":"child_added","available_slots":0,"child_id":"Aditya_f91f3240-552c-4581-8c63-a03ac4b93cef"}]