[{"timestamp":1611070433933,"log":{"from":"server","to":"Yedla_1be97a47-c70d-4da0-8ea6-fa21d4656a2a","context":"PARENT","data":"{\"peer\":\"Mansi_84b4e79e-99b1-45d0-ac4d-bcd2acbbac6a\"}"}},{"timestamp":1611070433934,"log":"Parent : Mansi_84b4e79e-99b1-45d0-ac4d-bcd2acbbac6a"},{"timestamp":1611070434419,"log":{"from":"Mansi_84b4e79e-99b1-45d0-ac4d-bcd2acbbac6a","to":"Yedla_1be97a47-c70d-4da0-8ea6-fa21d4656a2a","context":"CONNECT_ACK","data":"{\"roomID\":\"123456\"}"}},{"timestamp":1611070434419,"log":"Connection ACK from parent : Mansi_84b4e79e-99b1-45d0-ac4d-bcd2acbbac6a"},{"timestamp":1611070434426,"log":"received sdp from peer : Mansi_84b4e79e-99b1-45d0-ac4d-bcd2acbbac6a"},{"timestamp":1611070434431,"log":"received ice from peer : Mansi_84b4e79e-99b1-45d0-ac4d-bcd2acbbac6a"},{"timestamp":1611070434433,"log":"received ice from peer : Mansi_84b4e79e-99b1-45d0-ac4d-bcd2acbbac6a"},{"timestamp":1611070434433,"log":"remote stream received"},{"timestamp":1611070434434,"log":{}},{"timestamp":1611070434434,"log":"remote stream received"},{"timestamp":1611070434434,"log":{}},{"timestamp":1611070434438,"log":"created description for peer : Mansi_84b4e79e-99b1-45d0-ac4d-bcd2acbbac6a"},{"timestamp":1611070434460,"log":"received ice from peer : Mansi_84b4e79e-99b1-45d0-ac4d-bcd2acbbac6a"},{"timestamp":1611070434471,"log":"received ice from peer : Mansi_84b4e79e-99b1-45d0-ac4d-bcd2acbbac6a"},{"timestamp":1611070434473,"log":"ice: Yedla_1be97a47-c70d-4da0-8ea6-fa21d4656a2a to Mansi_84b4e79e-99b1-45d0-ac4d-bcd2acbbac6a"},{"timestamp":1611070434474,"log":"connection with peer Mansi_84b4e79e-99b1-45d0-ac4d-bcd2acbbac6a connected"},{"timestamp":1611070434474,"log":"ice: Yedla_1be97a47-c70d-4da0-8ea6-fa21d4656a2a to Mansi_84b4e79e-99b1-45d0-ac4d-bcd2acbbac6a"}]