{"Shivam_d3c79d6a-f882-41f2-a578-970ee49ff3dd":[{"from":"Shivam_d3c79d6a-f882-41f2-a578-970ee49ff3dd","to":"Sarthak_c3e24f24-9228-4b19-ae44-8ec3ec0397d2","Audio":{"timestamp":1611072769380.235,"packetsReceived":159,"packetsLost":0},"Type":"inbound-rtp","Video":{"timestamp":1611072769380.235,"packetsReceived":0,"packetsLost":0}},{"from":"Shivam_d3c79d6a-f882-41f2-a578-970ee49ff3dd","to":"Sarthak_c3e24f24-9228-4b19-ae44-8ec3ec0397d2","Audio":{"timestamp":1611072769380.235,"packetsReceived":159,"packetsLost":0},"Type":"inbound-rtp","Video":{"timestamp":1611072769380.235,"packetsReceived":0,"packetsLost":0}},{"from":"Shivam_d3c79d6a-f882-41f2-a578-970ee49ff3dd","to":"Sarthak_c3e24f24-9228-4b19-ae44-8ec3ec0397d2","Audio":{"timestamp":1611072774378.251,"packetsReceived":409,"packetsLost":0},"Type":"inbound-rtp","Video":{"timestamp":1611072774378.251,"packetsReceived":47,"packetsLost":0}},{"from":"Shivam_d3c79d6a-f882-41f2-a578-970ee49ff3dd","to":"Sarthak_c3e24f24-9228-4b19-ae44-8ec3ec0397d2","Audio":{"timestamp":1611072774378.251,"packetsReceived":409,"packetsLost":0},"Type":"inbound-rtp","Video":{"timestamp":1611072774378.251,"packetsReceived":47,"packetsLost":0}},{"from":"Shivam_d3c79d6a-f882-41f2-a578-970ee49ff3dd","to":"Sarthak_c3e24f24-9228-4b19-ae44-8ec3ec0397d2","Audio":{"timestamp":1611072779378.426,"packetsReceived":658,"packetsLost":0},"Type":"inbound-rtp","Video":{"timestamp":1611072779378.426,"packetsReceived":53,"packetsLost":0}},{"from":"Shivam_d3c79d6a-f882-41f2-a578-970ee49ff3dd","to":"Sarthak_c3e24f24-9228-4b19-ae44-8ec3ec0397d2","Audio":{"timestamp":1611072779378.426,"packetsReceived":658,"packetsLost":0},"Type":"inbound-rtp","Video":{"timestamp":1611072779378.426,"packetsReceived":53,"packetsLost":0}},{"from":"Shivam_d3c79d6a-f882-41f2-a578-970ee49ff3dd","to":"Sarthak_c3e24f24-9228-4b19-ae44-8ec3ec0397d2","Audio":{"timestamp":1611072784378.162,"packetsReceived":908,"packetsLost":0},"Type":"inbound-rtp","Video":{"timestamp":1611072784378.162,"packetsReceived":60,"packetsLost":0}},{"from":"Shivam_d3c79d6a-f882-41f2-a578-970ee49ff3dd","to":"Sarthak_c3e24f24-9228-4b19-ae44-8ec3ec0397d2","Audio":{"timestamp":1611072784378.162,"packetsReceived":908,"packetsLost":0},"Type":"inbound-rtp","Video":{"timestamp":1611072784378.162,"packetsReceived":60,"packetsLost":0}},{"from":"Shivam_d3c79d6a-f882-41f2-a578-970ee49ff3dd","to":"Sarthak_c3e24f24-9228-4b19-ae44-8ec3ec0397d2","Audio":{"timestamp":1611072789378.169,"packetsReceived":1159,"packetsLost":0},"Type":"inbound-rtp","Video":{"timestamp":1611072789378.169,"packetsReceived":65,"packetsLost":0}},{"from":"Shivam_d3c79d6a-f882-41f2-a578-970ee49ff3dd","to":"Sarthak_c3e24f24-9228-4b19-ae44-8ec3ec0397d2","Audio":{"timestamp":1611072789378.169,"packetsReceived":1159,"packetsLost":0},"Type":"inbound-rtp","Video":{"timestamp":1611072789378.169,"packetsReceived":65,"packetsLost":0}},{"from":"Shivam_d3c79d6a-f882-41f2-a578-970ee49ff3dd","to":"Sarthak_c3e24f24-9228-4b19-ae44-8ec3ec0397d2","Audio":{"timestamp":1611072794378.137,"packetsReceived":1409,"packetsLost":0},"Type":"inbound-rtp","Video":{"timestamp":1611072794378.137,"packetsReceived":70,"packetsLost":0}},{"from":"Shivam_d3c79d6a-f882-41f2-a578-970ee49ff3dd","to":"Sarthak_c3e24f24-9228-4b19-ae44-8ec3ec0397d2","Audio":{"timestamp":1611072794378.137,"packetsReceived":1409,"packetsLost":0},"Type":"inbound-rtp","Video":{"timestamp":1611072794378.137,"packetsReceived":70,"packetsLost":0}},{"from":"Shivam_d3c79d6a-f882-41f2-a578-970ee49ff3dd","to":"Sarthak_c3e24f24-9228-4b19-ae44-8ec3ec0397d2","Audio":{"timestamp":1611072799378.17,"packetsReceived":1659,"packetsLost":0},"Type":"inbound-rtp","Video":{"timestamp":1611072799378.17,"packetsReceived":74,"packetsLost":0}},{"from":"Shivam_d3c79d6a-f882-41f2-a578-970ee49ff3dd","to":"Sarthak_c3e24f24-9228-4b19-ae44-8ec3ec0397d2","Audio":{"timestamp":1611072799378.17,"packetsReceived":1659,"packetsLost":0},"Type":"inbound-rtp","Video":{"timestamp":1611072799378.17,"packetsReceived":74,"packetsLost":0}},{"from":"Shivam_d3c79d6a-f882-41f2-a578-970ee49ff3dd","to":"Sarthak_c3e24f24-9228-4b19-ae44-8ec3ec0397d2","Audio":{"timestamp":1611072804378.175,"packetsReceived":1908,"packetsLost":0},"Type":"inbound-rtp","Video":{"timestamp":1611072804378.175,"packetsReceived":79,"packetsLost":0}},{"from":"Shivam_d3c79d6a-f882-41f2-a578-970ee49ff3dd","to":"Sarthak_c3e24f24-9228-4b19-ae44-8ec3ec0397d2","Audio":{"timestamp":1611072804378.175,"packetsReceived":1908,"packetsLost":0},"Type":"inbound-rtp","Video":{"timestamp":1611072804378.175,"packetsReceived":79,"packetsLost":0}},{"from":"Shivam_d3c79d6a-f882-41f2-a578-970ee49ff3dd","to":"Sarthak_c3e24f24-9228-4b19-ae44-8ec3ec0397d2","Audio":{"timestamp":1611072809378.201,"packetsReceived":2158,"packetsLost":0},"Type":"inbound-rtp","Video":{"timestamp":1611072809378.201,"packetsReceived":84,"packetsLost":0}},{"from":"Shivam_d3c79d6a-f882-41f2-a578-970ee49ff3dd","to":"Sarthak_c3e24f24-9228-4b19-ae44-8ec3ec0397d2","Audio":{"timestamp":1611072809378.201,"packetsReceived":2158,"packetsLost":0},"Type":"inbound-rtp","Video":{"timestamp":1611072809378.201,"packetsReceived":84,"packetsLost":0}},{"from":"Shivam_d3c79d6a-f882-41f2-a578-970ee49ff3dd","to":"Sarthak_c3e24f24-9228-4b19-ae44-8ec3ec0397d2","Audio":{"timestamp":1611072814378.072,"packetsReceived":2408,"packetsLost":0},"Type":"inbound-rtp","Video":{"timestamp":1611072814378.072,"packetsReceived":88,"packetsLost":0}},{"from":"Shivam_d3c79d6a-f882-41f2-a578-970ee49ff3dd","to":"Sarthak_c3e24f24-9228-4b19-ae44-8ec3ec0397d2","Audio":{"timestamp":1611072814378.072,"packetsReceived":2408,"packetsLost":0},"Type":"inbound-rtp","Video":{"timestamp":1611072814378.072,"packetsReceived":88,"packetsLost":0}},{"from":"Shivam_d3c79d6a-f882-41f2-a578-970ee49ff3dd","to":"Sarthak_c3e24f24-9228-4b19-ae44-8ec3ec0397d2","Audio":{"timestamp":1611072819378.21,"packetsReceived":2658,"packetsLost":0},"Type":"inbound-rtp","Video":{"timestamp":1611072819378.21,"packetsReceived":93,"packetsLost":0}},{"from":"Shivam_d3c79d6a-f882-41f2-a578-970ee49ff3dd","to":"Sarthak_c3e24f24-9228-4b19-ae44-8ec3ec0397d2","Audio":{"timestamp":1611072819378.21,"packetsReceived":2658,"packetsLost":0},"Type":"inbound-rtp","Video":{"timestamp":1611072819378.21,"packetsReceived":93,"packetsLost":0}},{"from":"Shivam_d3c79d6a-f882-41f2-a578-970ee49ff3dd","to":"Sarthak_c3e24f24-9228-4b19-ae44-8ec3ec0397d2","Audio":{"timestamp":1611072824378.2,"packetsReceived":2909,"packetsLost":0},"Type":"inbound-rtp","Video":{"timestamp":1611072824378.2,"packetsReceived":98,"packetsLost":0}},{"from":"Shivam_d3c79d6a-f882-41f2-a578-970ee49ff3dd","to":"Sarthak_c3e24f24-9228-4b19-ae44-8ec3ec0397d2","Audio":{"timestamp":1611072824378.2,"packetsReceived":2909,"packetsLost":0},"Type":"inbound-rtp","Video":{"timestamp":1611072824378.2,"packetsReceived":98,"packetsLost":0}},{"from":"Shivam_d3c79d6a-f882-41f2-a578-970ee49ff3dd","to":"Sarthak_c3e24f24-9228-4b19-ae44-8ec3ec0397d2","Audio":{"timestamp":1611072829378.058,"packetsReceived":3159,"packetsLost":0},"Type":"inbound-rtp","Video":{"timestamp":1611072829378.058,"packetsReceived":102,"packetsLost":0}},{"from":"Shivam_d3c79d6a-f882-41f2-a578-970ee49ff3dd","to":"Sarthak_c3e24f24-9228-4b19-ae44-8ec3ec0397d2","Audio":{"timestamp":1611072829378.058,"packetsReceived":3159,"packetsLost":0},"Type":"inbound-rtp","Video":{"timestamp":1611072829378.058,"packetsReceived":102,"packetsLost":0}},{"from":"Shivam_d3c79d6a-f882-41f2-a578-970ee49ff3dd","to":"Sarthak_c3e24f24-9228-4b19-ae44-8ec3ec0397d2","Audio":{"timestamp":1611072834378.168,"packetsReceived":3408,"packetsLost":0},"Type":"inbound-rtp","Video":{"timestamp":1611072834378.168,"packetsReceived":107,"packetsLost":0}},{"from":"Shivam_d3c79d6a-f882-41f2-a578-970ee49ff3dd","to":"Sarthak_c3e24f24-9228-4b19-ae44-8ec3ec0397d2","Audio":{"timestamp":1611072834378.168,"packetsReceived":3408,"packetsLost":0},"Type":"inbound-rtp","Video":{"timestamp":1611072834378.168,"packetsReceived":107,"packetsLost":0}},{"from":"Shivam_d3c79d6a-f882-41f2-a578-970ee49ff3dd","to":"Sarthak_c3e24f24-9228-4b19-ae44-8ec3ec0397d2","Audio":{"timestamp":1611072839378.264,"packetsReceived":3658,"packetsLost":0},"Type":"inbound-rtp","Video":{"timestamp":1611072839378.264,"packetsReceived":171,"packetsLost":0}},{"from":"Shivam_d3c79d6a-f882-41f2-a578-970ee49ff3dd","to":"Sarthak_c3e24f24-9228-4b19-ae44-8ec3ec0397d2","Audio":{"timestamp":1611072839378.264,"packetsReceived":3658,"packetsLost":0},"Type":"inbound-rtp","Video":{"timestamp":1611072839378.264,"packetsReceived":171,"packetsLost":0}},{"from":"Shivam_d3c79d6a-f882-41f2-a578-970ee49ff3dd","to":"Sarthak_c3e24f24-9228-4b19-ae44-8ec3ec0397d2","Audio":{"timestamp":1611072844378.145,"packetsReceived":3908,"packetsLost":0},"Type":"inbound-rtp","Video":{"timestamp":1611072844378.145,"packetsReceived":175,"packetsLost":0}},{"from":"Shivam_d3c79d6a-f882-41f2-a578-970ee49ff3dd","to":"Sarthak_c3e24f24-9228-4b19-ae44-8ec3ec0397d2","Audio":{"timestamp":1611072844378.145,"packetsReceived":3908,"packetsLost":0},"Type":"inbound-rtp","Video":{"timestamp":1611072844378.145,"packetsReceived":175,"packetsLost":0}},{"from":"Shivam_d3c79d6a-f882-41f2-a578-970ee49ff3dd","to":"Sarthak_c3e24f24-9228-4b19-ae44-8ec3ec0397d2","Audio":{"timestamp":1611072849378.173,"packetsReceived":4159,"packetsLost":0},"Type":"inbound-rtp","Video":{"timestamp":1611072849378.173,"packetsReceived":180,"packetsLost":0}},{"from":"Shivam_d3c79d6a-f882-41f2-a578-970ee49ff3dd","to":"Sarthak_c3e24f24-9228-4b19-ae44-8ec3ec0397d2","Audio":{"timestamp":1611072849378.173,"packetsReceived":4159,"packetsLost":0},"Type":"inbound-rtp","Video":{"timestamp":1611072849378.173,"packetsReceived":180,"packetsLost":0}},{"from":"Shivam_d3c79d6a-f882-41f2-a578-970ee49ff3dd","to":"Sarthak_c3e24f24-9228-4b19-ae44-8ec3ec0397d2","Audio":{"timestamp":1611072854378.147,"packetsReceived":4409,"packetsLost":0},"Type":"inbound-rtp","Video":{"timestamp":1611072854378.147,"packetsReceived":185,"packetsLost":0}},{"from":"Shivam_d3c79d6a-f882-41f2-a578-970ee49ff3dd","to":"Sarthak_c3e24f24-9228-4b19-ae44-8ec3ec0397d2","Audio":{"timestamp":1611072854378.147,"packetsReceived":4409,"packetsLost":0},"Type":"inbound-rtp","Video":{"timestamp":1611072854378.147,"packetsReceived":185,"packetsLost":0}},{"from":"Shivam_d3c79d6a-f882-41f2-a578-970ee49ff3dd","to":"Sarthak_c3e24f24-9228-4b19-ae44-8ec3ec0397d2","Audio":{"timestamp":1611072859378.1,"packetsReceived":4658,"packetsLost":0},"Type":"inbound-rtp","Video":{"timestamp":1611072859378.1,"packetsReceived":190,"packetsLost":0}},{"from":"Shivam_d3c79d6a-f882-41f2-a578-970ee49ff3dd","to":"Sarthak_c3e24f24-9228-4b19-ae44-8ec3ec0397d2","Audio":{"timestamp":1611072859378.1,"packetsReceived":4658,"packetsLost":0},"Type":"inbound-rtp","Video":{"timestamp":1611072859378.1,"packetsReceived":190,"packetsLost":0}},{"from":"Shivam_d3c79d6a-f882-41f2-a578-970ee49ff3dd","to":"Sarthak_c3e24f24-9228-4b19-ae44-8ec3ec0397d2","Audio":{"timestamp":1611072864378.061,"packetsReceived":4908,"packetsLost":0},"Type":"inbound-rtp","Video":{"timestamp":1611072864378.061,"packetsReceived":194,"packetsLost":0}},{"from":"Shivam_d3c79d6a-f882-41f2-a578-970ee49ff3dd","to":"Sarthak_c3e24f24-9228-4b19-ae44-8ec3ec0397d2","Audio":{"timestamp":1611072864378.061,"packetsReceived":4908,"packetsLost":0},"Type":"inbound-rtp","Video":{"timestamp":1611072864378.061,"packetsReceived":194,"packetsLost":0}},{"from":"Shivam_d3c79d6a-f882-41f2-a578-970ee49ff3dd","to":"Sarthak_c3e24f24-9228-4b19-ae44-8ec3ec0397d2","Audio":{"timestamp":1611072869378.057,"packetsReceived":5159,"packetsLost":0},"Type":"inbound-rtp","Video":{"timestamp":1611072869378.057,"packetsReceived":199,"packetsLost":0}},{"from":"Shivam_d3c79d6a-f882-41f2-a578-970ee49ff3dd","to":"Sarthak_c3e24f24-9228-4b19-ae44-8ec3ec0397d2","Audio":{"timestamp":1611072869378.057,"packetsReceived":5159,"packetsLost":0},"Type":"inbound-rtp","Video":{"timestamp":1611072869378.057,"packetsReceived":199,"packetsLost":0}},{"from":"Shivam_d3c79d6a-f882-41f2-a578-970ee49ff3dd","to":"Sarthak_c3e24f24-9228-4b19-ae44-8ec3ec0397d2","Audio":{"timestamp":1611072874378.125,"packetsReceived":5409,"packetsLost":0},"Type":"inbound-rtp","Video":{"timestamp":1611072874378.125,"packetsReceived":204,"packetsLost":0}},{"from":"Shivam_d3c79d6a-f882-41f2-a578-970ee49ff3dd","to":"Sarthak_c3e24f24-9228-4b19-ae44-8ec3ec0397d2","Audio":{"timestamp":1611072874378.125,"packetsReceived":5409,"packetsLost":0},"Type":"inbound-rtp","Video":{"timestamp":1611072874378.125,"packetsReceived":204,"packetsLost":0}},{"from":"Shivam_d3c79d6a-f882-41f2-a578-970ee49ff3dd","to":"Sarthak_c3e24f24-9228-4b19-ae44-8ec3ec0397d2","Audio":{"timestamp":1611072879378.162,"packetsReceived":5659,"packetsLost":0},"Type":"inbound-rtp","Video":{"timestamp":1611072879378.162,"packetsReceived":208,"packetsLost":0}},{"from":"Shivam_d3c79d6a-f882-41f2-a578-970ee49ff3dd","to":"Sarthak_c3e24f24-9228-4b19-ae44-8ec3ec0397d2","Audio":{"timestamp":1611072879378.162,"packetsReceived":5659,"packetsLost":0},"Type":"inbound-rtp","Video":{"timestamp":1611072879378.162,"packetsReceived":208,"packetsLost":0}},{"from":"Shivam_d3c79d6a-f882-41f2-a578-970ee49ff3dd","to":"Sarthak_c3e24f24-9228-4b19-ae44-8ec3ec0397d2","Audio":{"timestamp":1611072884378.171,"packetsReceived":5908,"packetsLost":0},"Type":"inbound-rtp","Video":{"timestamp":1611072884378.171,"packetsReceived":213,"packetsLost":0}},{"from":"Shivam_d3c79d6a-f882-41f2-a578-970ee49ff3dd","to":"Sarthak_c3e24f24-9228-4b19-ae44-8ec3ec0397d2","Audio":{"timestamp":1611072884378.171,"packetsReceived":5908,"packetsLost":0},"Type":"inbound-rtp","Video":{"timestamp":1611072884378.171,"packetsReceived":213,"packetsLost":0}},{"from":"Shivam_d3c79d6a-f882-41f2-a578-970ee49ff3dd","to":"Sarthak_c3e24f24-9228-4b19-ae44-8ec3ec0397d2","Audio":{"timestamp":1611072889378.144,"packetsReceived":6158,"packetsLost":0},"Type":"inbound-rtp","Video":{"timestamp":1611072889378.144,"packetsReceived":218,"packetsLost":0}},{"from":"Shivam_d3c79d6a-f882-41f2-a578-970ee49ff3dd","to":"Sarthak_c3e24f24-9228-4b19-ae44-8ec3ec0397d2","Audio":{"timestamp":1611072889378.144,"packetsReceived":6158,"packetsLost":0},"Type":"inbound-rtp","Video":{"timestamp":1611072889378.144,"packetsReceived":218,"packetsLost":0}},{"from":"Shivam_d3c79d6a-f882-41f2-a578-970ee49ff3dd","to":"Sarthak_c3e24f24-9228-4b19-ae44-8ec3ec0397d2","Audio":{"timestamp":1611072894378.204,"packetsReceived":6408,"packetsLost":0},"Type":"inbound-rtp","Video":{"timestamp":1611072894378.204,"packetsReceived":222,"packetsLost":0}},{"from":"Shivam_d3c79d6a-f882-41f2-a578-970ee49ff3dd","to":"Sarthak_c3e24f24-9228-4b19-ae44-8ec3ec0397d2","Audio":{"timestamp":1611072894378.204,"packetsReceived":6408,"packetsLost":0},"Type":"inbound-rtp","Video":{"timestamp":1611072894378.204,"packetsReceived":222,"packetsLost":0}},{"from":"Shivam_d3c79d6a-f882-41f2-a578-970ee49ff3dd","to":"Sarthak_c3e24f24-9228-4b19-ae44-8ec3ec0397d2","Audio":{"timestamp":1611072899378.198,"packetsReceived":6659,"packetsLost":0},"Type":"inbound-rtp","Video":{"timestamp":1611072899378.198,"packetsReceived":243,"packetsLost":0}},{"from":"Shivam_d3c79d6a-f882-41f2-a578-970ee49ff3dd","to":"Sarthak_c3e24f24-9228-4b19-ae44-8ec3ec0397d2","Audio":{"timestamp":1611072899378.198,"packetsReceived":6659,"packetsLost":0},"Type":"inbound-rtp","Video":{"timestamp":1611072899378.198,"packetsReceived":243,"packetsLost":0}},{"from":"Shivam_d3c79d6a-f882-41f2-a578-970ee49ff3dd","to":"Sarthak_c3e24f24-9228-4b19-ae44-8ec3ec0397d2","Audio":{"timestamp":1611072904378.239,"packetsReceived":6909,"packetsLost":0},"Type":"inbound-rtp","Video":{"timestamp":1611072904378.239,"packetsReceived":350,"packetsLost":0}},{"from":"Shivam_d3c79d6a-f882-41f2-a578-970ee49ff3dd","to":"Sarthak_c3e24f24-9228-4b19-ae44-8ec3ec0397d2","Audio":{"timestamp":1611072904378.239,"packetsReceived":6909,"packetsLost":0},"Type":"inbound-rtp","Video":{"timestamp":1611072904378.239,"packetsReceived":350,"packetsLost":0}},{"from":"Shivam_d3c79d6a-f882-41f2-a578-970ee49ff3dd","to":"Sarthak_c3e24f24-9228-4b19-ae44-8ec3ec0397d2","Audio":{"timestamp":1611072909378.245,"packetsReceived":7159,"packetsLost":0},"Type":"inbound-rtp","Video":{"timestamp":1611072909378.245,"packetsReceived":440,"packetsLost":0}},{"from":"Shivam_d3c79d6a-f882-41f2-a578-970ee49ff3dd","to":"Sarthak_c3e24f24-9228-4b19-ae44-8ec3ec0397d2","Audio":{"timestamp":1611072909378.245,"packetsReceived":7159,"packetsLost":0},"Type":"inbound-rtp","Video":{"timestamp":1611072909378.245,"packetsReceived":440,"packetsLost":0}},{"from":"Shivam_d3c79d6a-f882-41f2-a578-970ee49ff3dd","to":"Sarthak_c3e24f24-9228-4b19-ae44-8ec3ec0397d2","Audio":{"timestamp":1611072914378.22,"packetsReceived":7408,"packetsLost":0},"Type":"inbound-rtp","Video":{"timestamp":1611072914378.22,"packetsReceived":455,"packetsLost":0}},{"from":"Shivam_d3c79d6a-f882-41f2-a578-970ee49ff3dd","to":"Sarthak_c3e24f24-9228-4b19-ae44-8ec3ec0397d2","Audio":{"timestamp":1611072914378.22,"packetsReceived":7408,"packetsLost":0},"Type":"inbound-rtp","Video":{"timestamp":1611072914378.22,"packetsReceived":455,"packetsLost":0}},{"from":"Shivam_d3c79d6a-f882-41f2-a578-970ee49ff3dd","to":"Sarthak_c3e24f24-9228-4b19-ae44-8ec3ec0397d2","Audio":{"timestamp":1611072919378.157,"packetsReceived":7658,"packetsLost":0},"Type":"inbound-rtp","Video":{"timestamp":1611072919378.157,"packetsReceived":465,"packetsLost":0}},{"from":"Shivam_d3c79d6a-f882-41f2-a578-970ee49ff3dd","to":"Sarthak_c3e24f24-9228-4b19-ae44-8ec3ec0397d2","Audio":{"timestamp":1611072919378.157,"packetsReceived":7658,"packetsLost":0},"Type":"inbound-rtp","Video":{"timestamp":1611072919378.157,"packetsReceived":465,"packetsLost":0}},{"from":"Shivam_d3c79d6a-f882-41f2-a578-970ee49ff3dd","to":"Sarthak_c3e24f24-9228-4b19-ae44-8ec3ec0397d2","Audio":{"timestamp":1611072924378.151,"packetsReceived":7909,"packetsLost":0},"Type":"inbound-rtp","Video":{"timestamp":1611072924378.151,"packetsReceived":473,"packetsLost":0}},{"from":"Shivam_d3c79d6a-f882-41f2-a578-970ee49ff3dd","to":"Sarthak_c3e24f24-9228-4b19-ae44-8ec3ec0397d2","Audio":{"timestamp":1611072924378.151,"packetsReceived":7909,"packetsLost":0},"Type":"inbound-rtp","Video":{"timestamp":1611072924378.151,"packetsReceived":473,"packetsLost":0}},{"from":"Shivam_d3c79d6a-f882-41f2-a578-970ee49ff3dd","to":"Sarthak_c3e24f24-9228-4b19-ae44-8ec3ec0397d2","Audio":{"timestamp":1611072929378.204,"packetsReceived":8158,"packetsLost":0},"Type":"inbound-rtp","Video":{"timestamp":1611072929378.204,"packetsReceived":483,"packetsLost":0}},{"from":"Shivam_d3c79d6a-f882-41f2-a578-970ee49ff3dd","to":"Sarthak_c3e24f24-9228-4b19-ae44-8ec3ec0397d2","Audio":{"timestamp":1611072929378.204,"packetsReceived":8158,"packetsLost":0},"Type":"inbound-rtp","Video":{"timestamp":1611072929378.204,"packetsReceived":483,"packetsLost":0}},{"from":"Shivam_d3c79d6a-f882-41f2-a578-970ee49ff3dd","to":"Sarthak_c3e24f24-9228-4b19-ae44-8ec3ec0397d2","Audio":{"timestamp":1611072934378.196,"packetsReceived":8409,"packetsLost":0},"Type":"inbound-rtp","Video":{"timestamp":1611072934378.196,"packetsReceived":493,"packetsLost":0}},{"from":"Shivam_d3c79d6a-f882-41f2-a578-970ee49ff3dd","to":"Sarthak_c3e24f24-9228-4b19-ae44-8ec3ec0397d2","Audio":{"timestamp":1611072934378.196,"packetsReceived":8409,"packetsLost":0},"Type":"inbound-rtp","Video":{"timestamp":1611072934378.196,"packetsReceived":493,"packetsLost":0}},{"from":"Shivam_d3c79d6a-f882-41f2-a578-970ee49ff3dd","to":"Sarthak_c3e24f24-9228-4b19-ae44-8ec3ec0397d2","Audio":{"timestamp":1611072939378.206,"packetsReceived":8658,"packetsLost":0},"Type":"inbound-rtp","Video":{"timestamp":1611072939378.206,"packetsReceived":501,"packetsLost":0}},{"from":"Shivam_d3c79d6a-f882-41f2-a578-970ee49ff3dd","to":"Sarthak_c3e24f24-9228-4b19-ae44-8ec3ec0397d2","Audio":{"timestamp":1611072939378.206,"packetsReceived":8658,"packetsLost":0},"Type":"inbound-rtp","Video":{"timestamp":1611072939378.206,"packetsReceived":501,"packetsLost":0}},{"from":"Shivam_d3c79d6a-f882-41f2-a578-970ee49ff3dd","to":"Sarthak_c3e24f24-9228-4b19-ae44-8ec3ec0397d2","Audio":{"timestamp":1611072944378.191,"packetsReceived":8908,"packetsLost":0},"Type":"inbound-rtp","Video":{"timestamp":1611072944378.191,"packetsReceived":511,"packetsLost":0}},{"from":"Shivam_d3c79d6a-f882-41f2-a578-970ee49ff3dd","to":"Sarthak_c3e24f24-9228-4b19-ae44-8ec3ec0397d2","Audio":{"timestamp":1611072944378.191,"packetsReceived":8908,"packetsLost":0},"Type":"inbound-rtp","Video":{"timestamp":1611072944378.191,"packetsReceived":511,"packetsLost":0}},{"from":"Shivam_d3c79d6a-f882-41f2-a578-970ee49ff3dd","to":"Sarthak_c3e24f24-9228-4b19-ae44-8ec3ec0397d2","Audio":{"timestamp":1611072949378.181,"packetsReceived":9159,"packetsLost":0},"Type":"inbound-rtp","Video":{"timestamp":1611072949378.181,"packetsReceived":521,"packetsLost":0}},{"from":"Shivam_d3c79d6a-f882-41f2-a578-970ee49ff3dd","to":"Sarthak_c3e24f24-9228-4b19-ae44-8ec3ec0397d2","Audio":{"timestamp":1611072949378.181,"packetsReceived":9159,"packetsLost":0},"Type":"inbound-rtp","Video":{"timestamp":1611072949378.181,"packetsReceived":521,"packetsLost":0}},{"from":"Shivam_d3c79d6a-f882-41f2-a578-970ee49ff3dd","to":"Sarthak_c3e24f24-9228-4b19-ae44-8ec3ec0397d2","Audio":{"timestamp":1611072954378.167,"packetsReceived":9408,"packetsLost":0},"Type":"inbound-rtp","Video":{"timestamp":1611072954378.167,"packetsReceived":529,"packetsLost":0}},{"from":"Shivam_d3c79d6a-f882-41f2-a578-970ee49ff3dd","to":"Sarthak_c3e24f24-9228-4b19-ae44-8ec3ec0397d2","Audio":{"timestamp":1611072954378.167,"packetsReceived":9408,"packetsLost":0},"Type":"inbound-rtp","Video":{"timestamp":1611072954378.167,"packetsReceived":529,"packetsLost":0}},{"from":"Shivam_d3c79d6a-f882-41f2-a578-970ee49ff3dd","to":"Sarthak_c3e24f24-9228-4b19-ae44-8ec3ec0397d2","Audio":{"timestamp":1611072959378.18,"packetsReceived":9659,"packetsLost":0},"Type":"inbound-rtp","Video":{"timestamp":1611072959378.18,"packetsReceived":539,"packetsLost":0}},{"from":"Shivam_d3c79d6a-f882-41f2-a578-970ee49ff3dd","to":"Sarthak_c3e24f24-9228-4b19-ae44-8ec3ec0397d2","Audio":{"timestamp":1611072959378.18,"packetsReceived":9659,"packetsLost":0},"Type":"inbound-rtp","Video":{"timestamp":1611072959378.18,"packetsReceived":539,"packetsLost":0}},{"from":"Shivam_d3c79d6a-f882-41f2-a578-970ee49ff3dd","to":"Sarthak_c3e24f24-9228-4b19-ae44-8ec3ec0397d2","Audio":{"timestamp":1611072964378.144,"packetsReceived":9908,"packetsLost":0},"Type":"inbound-rtp","Video":{"timestamp":1611072964378.144,"packetsReceived":549,"packetsLost":0}},{"from":"Shivam_d3c79d6a-f882-41f2-a578-970ee49ff3dd","to":"Sarthak_c3e24f24-9228-4b19-ae44-8ec3ec0397d2","Audio":{"timestamp":1611072964378.144,"packetsReceived":9908,"packetsLost":0},"Type":"inbound-rtp","Video":{"timestamp":1611072964378.144,"packetsReceived":549,"packetsLost":0}},{"from":"Shivam_d3c79d6a-f882-41f2-a578-970ee49ff3dd","to":"Sarthak_c3e24f24-9228-4b19-ae44-8ec3ec0397d2","Audio":{"timestamp":1611072969378.12,"packetsReceived":10158,"packetsLost":0},"Type":"inbound-rtp","Video":{"timestamp":1611072969378.12,"packetsReceived":557,"packetsLost":0}},{"from":"Shivam_d3c79d6a-f882-41f2-a578-970ee49ff3dd","to":"Sarthak_c3e24f24-9228-4b19-ae44-8ec3ec0397d2","Audio":{"timestamp":1611072969378.12,"packetsReceived":10158,"packetsLost":0},"Type":"inbound-rtp","Video":{"timestamp":1611072969378.12,"packetsReceived":557,"packetsLost":0}},{"from":"Shivam_d3c79d6a-f882-41f2-a578-970ee49ff3dd","to":"Sarthak_c3e24f24-9228-4b19-ae44-8ec3ec0397d2","Audio":{"timestamp":1611072974378.16,"packetsReceived":10408,"packetsLost":0},"Type":"inbound-rtp","Video":{"timestamp":1611072974378.16,"packetsReceived":567,"packetsLost":0}},{"from":"Shivam_d3c79d6a-f882-41f2-a578-970ee49ff3dd","to":"Sarthak_c3e24f24-9228-4b19-ae44-8ec3ec0397d2","Audio":{"timestamp":1611072974378.16,"packetsReceived":10408,"packetsLost":0},"Type":"inbound-rtp","Video":{"timestamp":1611072974378.16,"packetsReceived":567,"packetsLost":0}},{"from":"Shivam_d3c79d6a-f882-41f2-a578-970ee49ff3dd","to":"Sarthak_c3e24f24-9228-4b19-ae44-8ec3ec0397d2","Audio":{"timestamp":1611072979378.26,"packetsReceived":10659,"packetsLost":0},"Type":"inbound-rtp","Video":{"timestamp":1611072979378.26,"packetsReceived":577,"packetsLost":0}},{"from":"Shivam_d3c79d6a-f882-41f2-a578-970ee49ff3dd","to":"Sarthak_c3e24f24-9228-4b19-ae44-8ec3ec0397d2","Audio":{"timestamp":1611072979378.26,"packetsReceived":10659,"packetsLost":0},"Type":"inbound-rtp","Video":{"timestamp":1611072979378.26,"packetsReceived":577,"packetsLost":0}},{"from":"Shivam_d3c79d6a-f882-41f2-a578-970ee49ff3dd","to":"Sarthak_c3e24f24-9228-4b19-ae44-8ec3ec0397d2","Audio":{"timestamp":1611072984378.099,"packetsReceived":10909,"packetsLost":0},"Type":"inbound-rtp","Video":{"timestamp":1611072984378.099,"packetsReceived":585,"packetsLost":0}},{"from":"Shivam_d3c79d6a-f882-41f2-a578-970ee49ff3dd","to":"Sarthak_c3e24f24-9228-4b19-ae44-8ec3ec0397d2","Audio":{"timestamp":1611072984378.099,"packetsReceived":10909,"packetsLost":0},"Type":"inbound-rtp","Video":{"timestamp":1611072984378.099,"packetsReceived":585,"packetsLost":0}},{"from":"Shivam_d3c79d6a-f882-41f2-a578-970ee49ff3dd","to":"Sarthak_c3e24f24-9228-4b19-ae44-8ec3ec0397d2","Audio":{"timestamp":1611072989378.167,"packetsReceived":11159,"packetsLost":0},"Type":"inbound-rtp","Video":{"timestamp":1611072989378.167,"packetsReceived":595,"packetsLost":0}},{"from":"Shivam_d3c79d6a-f882-41f2-a578-970ee49ff3dd","to":"Sarthak_c3e24f24-9228-4b19-ae44-8ec3ec0397d2","Audio":{"timestamp":1611072989378.167,"packetsReceived":11159,"packetsLost":0},"Type":"inbound-rtp","Video":{"timestamp":1611072989378.167,"packetsReceived":595,"packetsLost":0}},{"from":"Shivam_d3c79d6a-f882-41f2-a578-970ee49ff3dd","to":"Sarthak_c3e24f24-9228-4b19-ae44-8ec3ec0397d2","Audio":{"timestamp":1611072994378.202,"packetsReceived":11408,"packetsLost":0},"Type":"inbound-rtp","Video":{"timestamp":1611072994378.202,"packetsReceived":605,"packetsLost":0}},{"from":"Shivam_d3c79d6a-f882-41f2-a578-970ee49ff3dd","to":"Sarthak_c3e24f24-9228-4b19-ae44-8ec3ec0397d2","Audio":{"timestamp":1611072994378.202,"packetsReceived":11408,"packetsLost":0},"Type":"inbound-rtp","Video":{"timestamp":1611072994378.202,"packetsReceived":605,"packetsLost":0}},{"from":"Shivam_d3c79d6a-f882-41f2-a578-970ee49ff3dd","to":"Sarthak_c3e24f24-9228-4b19-ae44-8ec3ec0397d2","Audio":{"timestamp":1611072999378.068,"packetsReceived":11658,"packetsLost":0},"Type":"inbound-rtp","Video":{"timestamp":1611072999378.068,"packetsReceived":615,"packetsLost":0}},{"from":"Shivam_d3c79d6a-f882-41f2-a578-970ee49ff3dd","to":"Sarthak_c3e24f24-9228-4b19-ae44-8ec3ec0397d2","Audio":{"timestamp":1611072999378.068,"packetsReceived":11658,"packetsLost":0},"Type":"inbound-rtp","Video":{"timestamp":1611072999378.068,"packetsReceived":615,"packetsLost":0}},{"from":"Shivam_d3c79d6a-f882-41f2-a578-970ee49ff3dd","to":"Sarthak_c3e24f24-9228-4b19-ae44-8ec3ec0397d2","Audio":{"timestamp":1611073004378.221,"packetsReceived":11908,"packetsLost":0},"Type":"inbound-rtp","Video":{"timestamp":1611073004378.221,"packetsReceived":623,"packetsLost":0}},{"from":"Shivam_d3c79d6a-f882-41f2-a578-970ee49ff3dd","to":"Sarthak_c3e24f24-9228-4b19-ae44-8ec3ec0397d2","Audio":{"timestamp":1611073004378.221,"packetsReceived":11908,"packetsLost":0},"Type":"inbound-rtp","Video":{"timestamp":1611073004378.221,"packetsReceived":623,"packetsLost":0}},{"from":"Shivam_d3c79d6a-f882-41f2-a578-970ee49ff3dd","to":"Sarthak_c3e24f24-9228-4b19-ae44-8ec3ec0397d2","Audio":{"timestamp":1611073009378.223,"packetsReceived":12159,"packetsLost":0},"Type":"inbound-rtp","Video":{"timestamp":1611073009378.223,"packetsReceived":633,"packetsLost":0}},{"from":"Shivam_d3c79d6a-f882-41f2-a578-970ee49ff3dd","to":"Sarthak_c3e24f24-9228-4b19-ae44-8ec3ec0397d2","Audio":{"timestamp":1611073009378.223,"packetsReceived":12159,"packetsLost":0},"Type":"inbound-rtp","Video":{"timestamp":1611073009378.223,"packetsReceived":633,"packetsLost":0}},{"from":"Shivam_d3c79d6a-f882-41f2-a578-970ee49ff3dd","to":"Sarthak_c3e24f24-9228-4b19-ae44-8ec3ec0397d2","Audio":{"timestamp":1611073014378.1,"packetsReceived":12409,"packetsLost":0},"Type":"inbound-rtp","Video":{"timestamp":1611073014378.1,"packetsReceived":643,"packetsLost":0}},{"from":"Shivam_d3c79d6a-f882-41f2-a578-970ee49ff3dd","to":"Sarthak_c3e24f24-9228-4b19-ae44-8ec3ec0397d2","Audio":{"timestamp":1611073014378.1,"packetsReceived":12409,"packetsLost":0},"Type":"inbound-rtp","Video":{"timestamp":1611073014378.1,"packetsReceived":643,"packetsLost":0}},{"from":"Shivam_d3c79d6a-f882-41f2-a578-970ee49ff3dd","to":"Sarthak_c3e24f24-9228-4b19-ae44-8ec3ec0397d2","Audio":{"timestamp":1611073019378.193,"packetsReceived":12658,"packetsLost":0},"Type":"inbound-rtp","Video":{"timestamp":1611073019378.193,"packetsReceived":651,"packetsLost":0}},{"from":"Shivam_d3c79d6a-f882-41f2-a578-970ee49ff3dd","to":"Sarthak_c3e24f24-9228-4b19-ae44-8ec3ec0397d2","Audio":{"timestamp":1611073019378.193,"packetsReceived":12658,"packetsLost":0},"Type":"inbound-rtp","Video":{"timestamp":1611073019378.193,"packetsReceived":651,"packetsLost":0}},{"from":"Shivam_d3c79d6a-f882-41f2-a578-970ee49ff3dd","to":"Sarthak_c3e24f24-9228-4b19-ae44-8ec3ec0397d2","Audio":{"timestamp":1611073024378.155,"packetsReceived":12908,"packetsLost":0},"Type":"inbound-rtp","Video":{"timestamp":1611073024378.155,"packetsReceived":661,"packetsLost":0}},{"from":"Shivam_d3c79d6a-f882-41f2-a578-970ee49ff3dd","to":"Sarthak_c3e24f24-9228-4b19-ae44-8ec3ec0397d2","Audio":{"timestamp":1611073024378.155,"packetsReceived":12908,"packetsLost":0},"Type":"inbound-rtp","Video":{"timestamp":1611073024378.155,"packetsReceived":661,"packetsLost":0}},{"from":"Shivam_d3c79d6a-f882-41f2-a578-970ee49ff3dd","to":"Sarthak_c3e24f24-9228-4b19-ae44-8ec3ec0397d2","Audio":{"timestamp":1611073029378.127,"packetsReceived":13158,"packetsLost":0},"Type":"inbound-rtp","Video":{"timestamp":1611073029378.127,"packetsReceived":671,"packetsLost":0}},{"from":"Shivam_d3c79d6a-f882-41f2-a578-970ee49ff3dd","to":"Sarthak_c3e24f24-9228-4b19-ae44-8ec3ec0397d2","Audio":{"timestamp":1611073029378.127,"packetsReceived":13158,"packetsLost":0},"Type":"inbound-rtp","Video":{"timestamp":1611073029378.127,"packetsReceived":671,"packetsLost":0}},{"from":"Shivam_d3c79d6a-f882-41f2-a578-970ee49ff3dd","to":"Sarthak_c3e24f24-9228-4b19-ae44-8ec3ec0397d2","Audio":{"timestamp":1611073034378.235,"packetsReceived":13408,"packetsLost":0},"Type":"inbound-rtp","Video":{"timestamp":1611073034378.235,"packetsReceived":679,"packetsLost":0}},{"from":"Shivam_d3c79d6a-f882-41f2-a578-970ee49ff3dd","to":"Sarthak_c3e24f24-9228-4b19-ae44-8ec3ec0397d2","Audio":{"timestamp":1611073034378.235,"packetsReceived":13408,"packetsLost":0},"Type":"inbound-rtp","Video":{"timestamp":1611073034378.235,"packetsReceived":679,"packetsLost":0}},{"from":"Shivam_d3c79d6a-f882-41f2-a578-970ee49ff3dd","to":"Sarthak_c3e24f24-9228-4b19-ae44-8ec3ec0397d2","Audio":{"timestamp":1611073039378.143,"packetsReceived":13659,"packetsLost":0},"Type":"inbound-rtp","Video":{"timestamp":1611073039378.143,"packetsReceived":689,"packetsLost":0}},{"from":"Shivam_d3c79d6a-f882-41f2-a578-970ee49ff3dd","to":"Sarthak_c3e24f24-9228-4b19-ae44-8ec3ec0397d2","Audio":{"timestamp":1611073039378.143,"packetsReceived":13659,"packetsLost":0},"Type":"inbound-rtp","Video":{"timestamp":1611073039378.143,"packetsReceived":689,"packetsLost":0}},{"from":"Shivam_d3c79d6a-f882-41f2-a578-970ee49ff3dd","to":"Sarthak_c3e24f24-9228-4b19-ae44-8ec3ec0397d2","Audio":{"timestamp":1611073044378.218,"packetsReceived":13908,"packetsLost":0},"Type":"inbound-rtp","Video":{"timestamp":1611073044378.218,"packetsReceived":699,"packetsLost":0}},{"from":"Shivam_d3c79d6a-f882-41f2-a578-970ee49ff3dd","to":"Sarthak_c3e24f24-9228-4b19-ae44-8ec3ec0397d2","Audio":{"timestamp":1611073044378.218,"packetsReceived":13908,"packetsLost":0},"Type":"inbound-rtp","Video":{"timestamp":1611073044378.218,"packetsReceived":699,"packetsLost":0}},{"from":"Shivam_d3c79d6a-f882-41f2-a578-970ee49ff3dd","to":"Sarthak_c3e24f24-9228-4b19-ae44-8ec3ec0397d2","Audio":{"timestamp":1611073049378.2,"packetsReceived":14158,"packetsLost":0},"Type":"inbound-rtp","Video":{"timestamp":1611073049378.2,"packetsReceived":707,"packetsLost":0}},{"from":"Shivam_d3c79d6a-f882-41f2-a578-970ee49ff3dd","to":"Sarthak_c3e24f24-9228-4b19-ae44-8ec3ec0397d2","Audio":{"timestamp":1611073049378.2,"packetsReceived":14158,"packetsLost":0},"Type":"inbound-rtp","Video":{"timestamp":1611073049378.2,"packetsReceived":707,"packetsLost":0}},{"from":"Shivam_d3c79d6a-f882-41f2-a578-970ee49ff3dd","to":"Sarthak_c3e24f24-9228-4b19-ae44-8ec3ec0397d2","Audio":{"timestamp":1611073054378.194,"packetsReceived":14408,"packetsLost":0},"Type":"inbound-rtp","Video":{"timestamp":1611073054378.194,"packetsReceived":717,"packetsLost":0}},{"from":"Shivam_d3c79d6a-f882-41f2-a578-970ee49ff3dd","to":"Sarthak_c3e24f24-9228-4b19-ae44-8ec3ec0397d2","Audio":{"timestamp":1611073054378.194,"packetsReceived":14408,"packetsLost":0},"Type":"inbound-rtp","Video":{"timestamp":1611073054378.194,"packetsReceived":717,"packetsLost":0}},{"from":"Shivam_d3c79d6a-f882-41f2-a578-970ee49ff3dd","to":"Sarthak_c3e24f24-9228-4b19-ae44-8ec3ec0397d2","Audio":{"timestamp":1611073059378.285,"packetsReceived":14658,"packetsLost":0},"Type":"inbound-rtp","Video":{"timestamp":1611073059378.285,"packetsReceived":727,"packetsLost":0}},{"from":"Shivam_d3c79d6a-f882-41f2-a578-970ee49ff3dd","to":"Sarthak_c3e24f24-9228-4b19-ae44-8ec3ec0397d2","Audio":{"timestamp":1611073059378.285,"packetsReceived":14658,"packetsLost":0},"Type":"inbound-rtp","Video":{"timestamp":1611073059378.285,"packetsReceived":727,"packetsLost":0}},{"from":"Shivam_d3c79d6a-f882-41f2-a578-970ee49ff3dd","to":"Sarthak_c3e24f24-9228-4b19-ae44-8ec3ec0397d2","Audio":{"timestamp":1611073064378.206,"packetsReceived":14909,"packetsLost":0},"Type":"inbound-rtp","Video":{"timestamp":1611073064378.206,"packetsReceived":735,"packetsLost":0}},{"from":"Shivam_d3c79d6a-f882-41f2-a578-970ee49ff3dd","to":"Sarthak_c3e24f24-9228-4b19-ae44-8ec3ec0397d2","Audio":{"timestamp":1611073064378.206,"packetsReceived":14909,"packetsLost":0},"Type":"inbound-rtp","Video":{"timestamp":1611073064378.206,"packetsReceived":735,"packetsLost":0}},{"from":"Shivam_d3c79d6a-f882-41f2-a578-970ee49ff3dd","to":"Sarthak_c3e24f24-9228-4b19-ae44-8ec3ec0397d2","Audio":{"timestamp":1611073069378.145,"packetsReceived":15159,"packetsLost":0},"Type":"inbound-rtp","Video":{"timestamp":1611073069378.145,"packetsReceived":745,"packetsLost":0}},{"from":"Shivam_d3c79d6a-f882-41f2-a578-970ee49ff3dd","to":"Sarthak_c3e24f24-9228-4b19-ae44-8ec3ec0397d2","Audio":{"timestamp":1611073069378.145,"packetsReceived":15159,"packetsLost":0},"Type":"inbound-rtp","Video":{"timestamp":1611073069378.145,"packetsReceived":745,"packetsLost":0}},{"from":"Shivam_d3c79d6a-f882-41f2-a578-970ee49ff3dd","to":"Sarthak_c3e24f24-9228-4b19-ae44-8ec3ec0397d2","Audio":{"timestamp":1611073074378.211,"packetsReceived":15408,"packetsLost":0},"Type":"inbound-rtp","Video":{"timestamp":1611073074378.211,"packetsReceived":755,"packetsLost":0}},{"from":"Shivam_d3c79d6a-f882-41f2-a578-970ee49ff3dd","to":"Sarthak_c3e24f24-9228-4b19-ae44-8ec3ec0397d2","Audio":{"timestamp":1611073074378.211,"packetsReceived":15408,"packetsLost":0},"Type":"inbound-rtp","Video":{"timestamp":1611073074378.211,"packetsReceived":755,"packetsLost":0}},{"from":"Shivam_d3c79d6a-f882-41f2-a578-970ee49ff3dd","to":"Sarthak_c3e24f24-9228-4b19-ae44-8ec3ec0397d2","Audio":{"timestamp":1611073079378.179,"packetsReceived":15658,"packetsLost":0},"Type":"inbound-rtp","Video":{"timestamp":1611073079378.179,"packetsReceived":763,"packetsLost":0}},{"from":"Shivam_d3c79d6a-f882-41f2-a578-970ee49ff3dd","to":"Sarthak_c3e24f24-9228-4b19-ae44-8ec3ec0397d2","Audio":{"timestamp":1611073079378.179,"packetsReceived":15658,"packetsLost":0},"Type":"inbound-rtp","Video":{"timestamp":1611073079378.179,"packetsReceived":763,"packetsLost":0}},{"from":"Shivam_d3c79d6a-f882-41f2-a578-970ee49ff3dd","to":"Sarthak_c3e24f24-9228-4b19-ae44-8ec3ec0397d2","Audio":{"timestamp":1611073084378.159,"packetsReceived":15909,"packetsLost":0},"Type":"inbound-rtp","Video":{"timestamp":1611073084378.159,"packetsReceived":773,"packetsLost":0}},{"from":"Shivam_d3c79d6a-f882-41f2-a578-970ee49ff3dd","to":"Sarthak_c3e24f24-9228-4b19-ae44-8ec3ec0397d2","Audio":{"timestamp":1611073084378.159,"packetsReceived":15909,"packetsLost":0},"Type":"inbound-rtp","Video":{"timestamp":1611073084378.159,"packetsReceived":773,"packetsLost":0}},{"from":"Shivam_d3c79d6a-f882-41f2-a578-970ee49ff3dd","to":"Sarthak_c3e24f24-9228-4b19-ae44-8ec3ec0397d2","Audio":{"timestamp":1611073089378.201,"packetsReceived":16158,"packetsLost":0},"Type":"inbound-rtp","Video":{"timestamp":1611073089378.201,"packetsReceived":783,"packetsLost":0}},{"from":"Shivam_d3c79d6a-f882-41f2-a578-970ee49ff3dd","to":"Sarthak_c3e24f24-9228-4b19-ae44-8ec3ec0397d2","Audio":{"timestamp":1611073089378.201,"packetsReceived":16158,"packetsLost":0},"Type":"inbound-rtp","Video":{"timestamp":1611073089378.201,"packetsReceived":783,"packetsLost":0}},{"from":"Shivam_d3c79d6a-f882-41f2-a578-970ee49ff3dd","to":"Sarthak_c3e24f24-9228-4b19-ae44-8ec3ec0397d2","Audio":{"timestamp":1611073094378.263,"packetsReceived":16409,"packetsLost":0},"Type":"inbound-rtp","Video":{"timestamp":1611073094378.263,"packetsReceived":791,"packetsLost":0}},{"from":"Shivam_d3c79d6a-f882-41f2-a578-970ee49ff3dd","to":"Sarthak_c3e24f24-9228-4b19-ae44-8ec3ec0397d2","Audio":{"timestamp":1611073094378.263,"packetsReceived":16409,"packetsLost":0},"Type":"inbound-rtp","Video":{"timestamp":1611073094378.263,"packetsReceived":791,"packetsLost":0}},{"from":"Shivam_d3c79d6a-f882-41f2-a578-970ee49ff3dd","to":"Sarthak_c3e24f24-9228-4b19-ae44-8ec3ec0397d2","Audio":{"timestamp":1611073099378.141,"packetsReceived":16658,"packetsLost":0},"Type":"inbound-rtp","Video":{"timestamp":1611073099378.141,"packetsReceived":801,"packetsLost":0}},{"from":"Shivam_d3c79d6a-f882-41f2-a578-970ee49ff3dd","to":"Sarthak_c3e24f24-9228-4b19-ae44-8ec3ec0397d2","Audio":{"timestamp":1611073099378.141,"packetsReceived":16658,"packetsLost":0},"Type":"inbound-rtp","Video":{"timestamp":1611073099378.141,"packetsReceived":801,"packetsLost":0}},{"from":"Shivam_d3c79d6a-f882-41f2-a578-970ee49ff3dd","to":"Sarthak_c3e24f24-9228-4b19-ae44-8ec3ec0397d2","Audio":{"timestamp":1611073104378.168,"packetsReceived":16908,"packetsLost":0},"Type":"inbound-rtp","Video":{"timestamp":1611073104378.168,"packetsReceived":811,"packetsLost":0}},{"from":"Shivam_d3c79d6a-f882-41f2-a578-970ee49ff3dd","to":"Sarthak_c3e24f24-9228-4b19-ae44-8ec3ec0397d2","Audio":{"timestamp":1611073104378.168,"packetsReceived":16908,"packetsLost":0},"Type":"inbound-rtp","Video":{"timestamp":1611073104378.168,"packetsReceived":811,"packetsLost":0}},{"from":"Shivam_d3c79d6a-f882-41f2-a578-970ee49ff3dd","to":"Sarthak_c3e24f24-9228-4b19-ae44-8ec3ec0397d2","Audio":{"timestamp":1611073109378.154,"packetsReceived":17158,"packetsLost":0},"Type":"inbound-rtp","Video":{"timestamp":1611073109378.154,"packetsReceived":819,"packetsLost":0}},{"from":"Shivam_d3c79d6a-f882-41f2-a578-970ee49ff3dd","to":"Sarthak_c3e24f24-9228-4b19-ae44-8ec3ec0397d2","Audio":{"timestamp":1611073109378.154,"packetsReceived":17158,"packetsLost":0},"Type":"inbound-rtp","Video":{"timestamp":1611073109378.154,"packetsReceived":819,"packetsLost":0}},{"from":"Shivam_d3c79d6a-f882-41f2-a578-970ee49ff3dd","to":"Sarthak_c3e24f24-9228-4b19-ae44-8ec3ec0397d2","Audio":{"timestamp":1611073114378.085,"packetsReceived":17408,"packetsLost":0},"Type":"inbound-rtp","Video":{"timestamp":1611073114378.085,"packetsReceived":829,"packetsLost":0}},{"from":"Shivam_d3c79d6a-f882-41f2-a578-970ee49ff3dd","to":"Sarthak_c3e24f24-9228-4b19-ae44-8ec3ec0397d2","Audio":{"timestamp":1611073114378.085,"packetsReceived":17408,"packetsLost":0},"Type":"inbound-rtp","Video":{"timestamp":1611073114378.085,"packetsReceived":829,"packetsLost":0}},{"from":"Shivam_d3c79d6a-f882-41f2-a578-970ee49ff3dd","to":"Sarthak_c3e24f24-9228-4b19-ae44-8ec3ec0397d2","Audio":{"timestamp":1611073119378.155,"packetsReceived":17659,"packetsLost":0},"Type":"inbound-rtp","Video":{"timestamp":1611073119378.155,"packetsReceived":839,"packetsLost":0}},{"from":"Shivam_d3c79d6a-f882-41f2-a578-970ee49ff3dd","to":"Sarthak_c3e24f24-9228-4b19-ae44-8ec3ec0397d2","Audio":{"timestamp":1611073119378.155,"packetsReceived":17659,"packetsLost":0},"Type":"inbound-rtp","Video":{"timestamp":1611073119378.155,"packetsReceived":839,"packetsLost":0}},{"from":"Shivam_d3c79d6a-f882-41f2-a578-970ee49ff3dd","to":"Sarthak_c3e24f24-9228-4b19-ae44-8ec3ec0397d2","Audio":{"timestamp":1611073124378.176,"packetsReceived":17908,"packetsLost":0},"Type":"inbound-rtp","Video":{"timestamp":1611073124378.176,"packetsReceived":847,"packetsLost":0}},{"from":"Shivam_d3c79d6a-f882-41f2-a578-970ee49ff3dd","to":"Sarthak_c3e24f24-9228-4b19-ae44-8ec3ec0397d2","Audio":{"timestamp":1611073124378.176,"packetsReceived":17908,"packetsLost":0},"Type":"inbound-rtp","Video":{"timestamp":1611073124378.176,"packetsReceived":847,"packetsLost":0}},{"from":"Shivam_d3c79d6a-f882-41f2-a578-970ee49ff3dd","to":"Sarthak_c3e24f24-9228-4b19-ae44-8ec3ec0397d2","Audio":{"timestamp":1611073129378.218,"packetsReceived":18158,"packetsLost":0},"Type":"inbound-rtp","Video":{"timestamp":1611073129378.218,"packetsReceived":857,"packetsLost":0}},{"from":"Shivam_d3c79d6a-f882-41f2-a578-970ee49ff3dd","to":"Sarthak_c3e24f24-9228-4b19-ae44-8ec3ec0397d2","Audio":{"timestamp":1611073129378.218,"packetsReceived":18158,"packetsLost":0},"Type":"inbound-rtp","Video":{"timestamp":1611073129378.218,"packetsReceived":857,"packetsLost":0}},{"from":"Shivam_d3c79d6a-f882-41f2-a578-970ee49ff3dd","to":"Sarthak_c3e24f24-9228-4b19-ae44-8ec3ec0397d2","Audio":{"timestamp":1611073134378.198,"packetsReceived":18408,"packetsLost":0},"Type":"inbound-rtp","Video":{"timestamp":1611073134378.198,"packetsReceived":867,"packetsLost":0}},{"from":"Shivam_d3c79d6a-f882-41f2-a578-970ee49ff3dd","to":"Sarthak_c3e24f24-9228-4b19-ae44-8ec3ec0397d2","Audio":{"timestamp":1611073134378.198,"packetsReceived":18408,"packetsLost":0},"Type":"inbound-rtp","Video":{"timestamp":1611073134378.198,"packetsReceived":867,"packetsLost":0}},{"from":"Shivam_d3c79d6a-f882-41f2-a578-970ee49ff3dd","to":"Sarthak_c3e24f24-9228-4b19-ae44-8ec3ec0397d2","Audio":{"timestamp":1611073139378.18,"packetsReceived":18659,"packetsLost":0},"Type":"inbound-rtp","Video":{"timestamp":1611073139378.18,"packetsReceived":875,"packetsLost":0}},{"from":"Shivam_d3c79d6a-f882-41f2-a578-970ee49ff3dd","to":"Sarthak_c3e24f24-9228-4b19-ae44-8ec3ec0397d2","Audio":{"timestamp":1611073139378.18,"packetsReceived":18659,"packetsLost":0},"Type":"inbound-rtp","Video":{"timestamp":1611073139378.18,"packetsReceived":875,"packetsLost":0}},{"from":"Shivam_d3c79d6a-f882-41f2-a578-970ee49ff3dd","to":"Sarthak_c3e24f24-9228-4b19-ae44-8ec3ec0397d2","Audio":{"timestamp":1611073144378.365,"packetsReceived":18909,"packetsLost":0},"Type":"inbound-rtp","Video":{"timestamp":1611073144378.365,"packetsReceived":917,"packetsLost":0}},{"from":"Shivam_d3c79d6a-f882-41f2-a578-970ee49ff3dd","to":"Sarthak_c3e24f24-9228-4b19-ae44-8ec3ec0397d2","Audio":{"timestamp":1611073144378.365,"packetsReceived":18909,"packetsLost":0},"Type":"inbound-rtp","Video":{"timestamp":1611073144378.365,"packetsReceived":917,"packetsLost":0}},{"from":"Shivam_d3c79d6a-f882-41f2-a578-970ee49ff3dd","to":"Sarthak_c3e24f24-9228-4b19-ae44-8ec3ec0397d2","Audio":{"timestamp":1611073149378.135,"packetsReceived":19159,"packetsLost":0},"Type":"inbound-rtp","Video":{"timestamp":1611073149378.135,"packetsReceived":1077,"packetsLost":0}},{"from":"Shivam_d3c79d6a-f882-41f2-a578-970ee49ff3dd","to":"Sarthak_c3e24f24-9228-4b19-ae44-8ec3ec0397d2","Audio":{"timestamp":1611073149378.135,"packetsReceived":19159,"packetsLost":0},"Type":"inbound-rtp","Video":{"timestamp":1611073149378.135,"packetsReceived":1077,"packetsLost":0}},{"from":"Shivam_d3c79d6a-f882-41f2-a578-970ee49ff3dd","to":"Sarthak_c3e24f24-9228-4b19-ae44-8ec3ec0397d2","Audio":{"timestamp":1611073154378.052,"packetsReceived":19408,"packetsLost":0},"Type":"inbound-rtp","Video":{"timestamp":1611073154378.052,"packetsReceived":1446,"packetsLost":0}},{"from":"Shivam_d3c79d6a-f882-41f2-a578-970ee49ff3dd","to":"Sarthak_c3e24f24-9228-4b19-ae44-8ec3ec0397d2","Audio":{"timestamp":1611073154378.052,"packetsReceived":19408,"packetsLost":0},"Type":"inbound-rtp","Video":{"timestamp":1611073154378.052,"packetsReceived":1446,"packetsLost":0}},{"from":"Shivam_d3c79d6a-f882-41f2-a578-970ee49ff3dd","to":"Sarthak_c3e24f24-9228-4b19-ae44-8ec3ec0397d2","Audio":{"timestamp":1611073159378.126,"packetsReceived":19658,"packetsLost":0},"Type":"inbound-rtp","Video":{"timestamp":1611073159378.126,"packetsReceived":1607,"packetsLost":0}},{"from":"Shivam_d3c79d6a-f882-41f2-a578-970ee49ff3dd","to":"Sarthak_c3e24f24-9228-4b19-ae44-8ec3ec0397d2","Audio":{"timestamp":1611073159378.126,"packetsReceived":19658,"packetsLost":0},"Type":"inbound-rtp","Video":{"timestamp":1611073159378.126,"packetsReceived":1607,"packetsLost":0}},{"from":"Shivam_d3c79d6a-f882-41f2-a578-970ee49ff3dd","to":"Sarthak_c3e24f24-9228-4b19-ae44-8ec3ec0397d2","Audio":{"timestamp":1611073164378.126,"packetsReceived":19908,"packetsLost":0},"Type":"inbound-rtp","Video":{"timestamp":1611073164378.126,"packetsReceived":1756,"packetsLost":0}},{"from":"Shivam_d3c79d6a-f882-41f2-a578-970ee49ff3dd","to":"Sarthak_c3e24f24-9228-4b19-ae44-8ec3ec0397d2","Audio":{"timestamp":1611073164378.126,"packetsReceived":19908,"packetsLost":0},"Type":"inbound-rtp","Video":{"timestamp":1611073164378.126,"packetsReceived":1756,"packetsLost":0}},{"from":"Shivam_d3c79d6a-f882-41f2-a578-970ee49ff3dd","to":"Sarthak_c3e24f24-9228-4b19-ae44-8ec3ec0397d2","Audio":{"timestamp":1611073169378.16,"packetsReceived":20159,"packetsLost":0},"Type":"inbound-rtp","Video":{"timestamp":1611073169378.16,"packetsReceived":1944,"packetsLost":0}},{"from":"Shivam_d3c79d6a-f882-41f2-a578-970ee49ff3dd","to":"Sarthak_c3e24f24-9228-4b19-ae44-8ec3ec0397d2","Audio":{"timestamp":1611073169378.16,"packetsReceived":20159,"packetsLost":0},"Type":"inbound-rtp","Video":{"timestamp":1611073169378.16,"packetsReceived":1944,"packetsLost":0}},{"from":"Shivam_d3c79d6a-f882-41f2-a578-970ee49ff3dd","to":"Sarthak_c3e24f24-9228-4b19-ae44-8ec3ec0397d2","Audio":{"timestamp":1611073174378.183,"packetsReceived":20408,"packetsLost":0},"Type":"inbound-rtp","Video":{"timestamp":1611073174378.183,"packetsReceived":2137,"packetsLost":0}},{"from":"Shivam_d3c79d6a-f882-41f2-a578-970ee49ff3dd","to":"Sarthak_c3e24f24-9228-4b19-ae44-8ec3ec0397d2","Audio":{"timestamp":1611073174378.183,"packetsReceived":20408,"packetsLost":0},"Type":"inbound-rtp","Video":{"timestamp":1611073174378.183,"packetsReceived":2137,"packetsLost":0}},{"from":"Shivam_d3c79d6a-f882-41f2-a578-970ee49ff3dd","to":"Sarthak_c3e24f24-9228-4b19-ae44-8ec3ec0397d2","Audio":{"timestamp":1611073179378.045,"packetsReceived":20658,"packetsLost":0},"Type":"inbound-rtp","Video":{"timestamp":1611073179378.045,"packetsReceived":2375,"packetsLost":0}},{"from":"Shivam_d3c79d6a-f882-41f2-a578-970ee49ff3dd","to":"Sarthak_c3e24f24-9228-4b19-ae44-8ec3ec0397d2","Audio":{"timestamp":1611073179378.045,"packetsReceived":20658,"packetsLost":0},"Type":"inbound-rtp","Video":{"timestamp":1611073179378.045,"packetsReceived":2375,"packetsLost":0}},{"from":"Shivam_d3c79d6a-f882-41f2-a578-970ee49ff3dd","to":"Sarthak_c3e24f24-9228-4b19-ae44-8ec3ec0397d2","Audio":{"timestamp":1611073184378.042,"packetsReceived":20908,"packetsLost":0},"Type":"inbound-rtp","Video":{"timestamp":1611073184378.042,"packetsReceived":2630,"packetsLost":0}},{"from":"Shivam_d3c79d6a-f882-41f2-a578-970ee49ff3dd","to":"Sarthak_c3e24f24-9228-4b19-ae44-8ec3ec0397d2","Audio":{"timestamp":1611073184378.042,"packetsReceived":20908,"packetsLost":0},"Type":"inbound-rtp","Video":{"timestamp":1611073184378.042,"packetsReceived":2630,"packetsLost":0}},{"from":"Shivam_d3c79d6a-f882-41f2-a578-970ee49ff3dd","to":"Sarthak_c3e24f24-9228-4b19-ae44-8ec3ec0397d2","Audio":{"timestamp":1611073189378.05,"packetsReceived":21158,"packetsLost":0},"Type":"inbound-rtp","Video":{"timestamp":1611073189378.05,"packetsReceived":3045,"packetsLost":0}},{"from":"Shivam_d3c79d6a-f882-41f2-a578-970ee49ff3dd","to":"Sarthak_c3e24f24-9228-4b19-ae44-8ec3ec0397d2","Audio":{"timestamp":1611073189378.05,"packetsReceived":21158,"packetsLost":0},"Type":"inbound-rtp","Video":{"timestamp":1611073189378.05,"packetsReceived":3045,"packetsLost":0}},{"from":"Shivam_d3c79d6a-f882-41f2-a578-970ee49ff3dd","to":"Sarthak_c3e24f24-9228-4b19-ae44-8ec3ec0397d2","Audio":{"timestamp":1611073194379.064,"packetsReceived":21408,"packetsLost":0},"Type":"inbound-rtp","Video":{"timestamp":1611073194379.064,"packetsReceived":3377,"packetsLost":0}},{"from":"Shivam_d3c79d6a-f882-41f2-a578-970ee49ff3dd","to":"Sarthak_c3e24f24-9228-4b19-ae44-8ec3ec0397d2","Audio":{"timestamp":1611073194379.064,"packetsReceived":21408,"packetsLost":0},"Type":"inbound-rtp","Video":{"timestamp":1611073194379.064,"packetsReceived":3377,"packetsLost":0}},{"from":"Shivam_d3c79d6a-f882-41f2-a578-970ee49ff3dd","to":"Sarthak_c3e24f24-9228-4b19-ae44-8ec3ec0397d2","Audio":{"timestamp":1611073199378.226,"packetsReceived":21658,"packetsLost":0},"Type":"inbound-rtp","Video":{"timestamp":1611073199378.226,"packetsReceived":3928,"packetsLost":0}},{"from":"Shivam_d3c79d6a-f882-41f2-a578-970ee49ff3dd","to":"Sarthak_c3e24f24-9228-4b19-ae44-8ec3ec0397d2","Audio":{"timestamp":1611073199378.226,"packetsReceived":21658,"packetsLost":0},"Type":"inbound-rtp","Video":{"timestamp":1611073199378.226,"packetsReceived":3928,"packetsLost":0}},{"from":"Shivam_d3c79d6a-f882-41f2-a578-970ee49ff3dd","to":"Sarthak_c3e24f24-9228-4b19-ae44-8ec3ec0397d2","Audio":{"timestamp":1611073204378.269,"packetsReceived":21908,"packetsLost":0},"Type":"inbound-rtp","Video":{"timestamp":1611073204378.269,"packetsReceived":4558,"packetsLost":0}},{"from":"Shivam_d3c79d6a-f882-41f2-a578-970ee49ff3dd","to":"Sarthak_c3e24f24-9228-4b19-ae44-8ec3ec0397d2","Audio":{"timestamp":1611073204378.269,"packetsReceived":21908,"packetsLost":0},"Type":"inbound-rtp","Video":{"timestamp":1611073204378.269,"packetsReceived":4558,"packetsLost":0}},{"from":"Shivam_d3c79d6a-f882-41f2-a578-970ee49ff3dd","to":"Sarthak_c3e24f24-9228-4b19-ae44-8ec3ec0397d2","Audio":{"timestamp":1611073209378.414,"packetsReceived":22158,"packetsLost":0},"Type":"inbound-rtp","Video":{"timestamp":1611073209378.414,"packetsReceived":5257,"packetsLost":0}},{"from":"Shivam_d3c79d6a-f882-41f2-a578-970ee49ff3dd","to":"Sarthak_c3e24f24-9228-4b19-ae44-8ec3ec0397d2","Audio":{"timestamp":1611073209378.414,"packetsReceived":22158,"packetsLost":0},"Type":"inbound-rtp","Video":{"timestamp":1611073209378.414,"packetsReceived":5257,"packetsLost":0}},{"from":"Shivam_d3c79d6a-f882-41f2-a578-970ee49ff3dd","to":"Sarthak_c3e24f24-9228-4b19-ae44-8ec3ec0397d2","Audio":{"timestamp":1611073214378.127,"packetsReceived":22408,"packetsLost":0},"Type":"inbound-rtp","Video":{"timestamp":1611073214378.127,"packetsReceived":6167,"packetsLost":0}},{"from":"Shivam_d3c79d6a-f882-41f2-a578-970ee49ff3dd","to":"Sarthak_c3e24f24-9228-4b19-ae44-8ec3ec0397d2","Audio":{"timestamp":1611073214378.127,"packetsReceived":22408,"packetsLost":0},"Type":"inbound-rtp","Video":{"timestamp":1611073214378.127,"packetsReceived":6167,"packetsLost":0}},{"from":"Shivam_d3c79d6a-f882-41f2-a578-970ee49ff3dd","to":"Sarthak_c3e24f24-9228-4b19-ae44-8ec3ec0397d2","Audio":{"timestamp":1611073219378.169,"packetsReceived":22658,"packetsLost":0},"Type":"inbound-rtp","Video":{"timestamp":1611073219378.169,"packetsReceived":7172,"packetsLost":0}},{"from":"Shivam_d3c79d6a-f882-41f2-a578-970ee49ff3dd","to":"Sarthak_c3e24f24-9228-4b19-ae44-8ec3ec0397d2","Audio":{"timestamp":1611073219378.169,"packetsReceived":22658,"packetsLost":0},"Type":"inbound-rtp","Video":{"timestamp":1611073219378.169,"packetsReceived":7172,"packetsLost":0}},{"from":"Shivam_d3c79d6a-f882-41f2-a578-970ee49ff3dd","to":"Sarthak_c3e24f24-9228-4b19-ae44-8ec3ec0397d2","Audio":{"timestamp":1611073224378.168,"packetsReceived":22909,"packetsLost":0},"Type":"inbound-rtp","Video":{"timestamp":1611073224378.168,"packetsReceived":7933,"packetsLost":0}},{"from":"Shivam_d3c79d6a-f882-41f2-a578-970ee49ff3dd","to":"Sarthak_c3e24f24-9228-4b19-ae44-8ec3ec0397d2","Audio":{"timestamp":1611073224378.168,"packetsReceived":22909,"packetsLost":0},"Type":"inbound-rtp","Video":{"timestamp":1611073224378.168,"packetsReceived":7933,"packetsLost":0}},{"from":"Shivam_d3c79d6a-f882-41f2-a578-970ee49ff3dd","to":"Sarthak_c3e24f24-9228-4b19-ae44-8ec3ec0397d2","Audio":{"timestamp":1611073229378.462,"packetsReceived":23159,"packetsLost":0},"Type":"inbound-rtp","Video":{"timestamp":1611073229378.462,"packetsReceived":8755,"packetsLost":0}},{"from":"Shivam_d3c79d6a-f882-41f2-a578-970ee49ff3dd","to":"Sarthak_c3e24f24-9228-4b19-ae44-8ec3ec0397d2","Audio":{"timestamp":1611073229378.462,"packetsReceived":23159,"packetsLost":0},"Type":"inbound-rtp","Video":{"timestamp":1611073229378.462,"packetsReceived":8755,"packetsLost":0}},{"from":"Shivam_d3c79d6a-f882-41f2-a578-970ee49ff3dd","to":"Sarthak_c3e24f24-9228-4b19-ae44-8ec3ec0397d2","Audio":{"timestamp":1611073234378.188,"packetsReceived":23408,"packetsLost":0},"Type":"inbound-rtp","Video":{"timestamp":1611073234378.188,"packetsReceived":9416,"packetsLost":0}},{"from":"Shivam_d3c79d6a-f882-41f2-a578-970ee49ff3dd","to":"Sarthak_c3e24f24-9228-4b19-ae44-8ec3ec0397d2","Audio":{"timestamp":1611073234378.188,"packetsReceived":23408,"packetsLost":0},"Type":"inbound-rtp","Video":{"timestamp":1611073234378.188,"packetsReceived":9416,"packetsLost":0}},{"from":"Shivam_d3c79d6a-f882-41f2-a578-970ee49ff3dd","to":"Sarthak_c3e24f24-9228-4b19-ae44-8ec3ec0397d2","Audio":{"timestamp":1611073239378.172,"packetsReceived":23658,"packetsLost":0},"Type":"inbound-rtp","Video":{"timestamp":1611073239378.172,"packetsReceived":9923,"packetsLost":0}},{"from":"Shivam_d3c79d6a-f882-41f2-a578-970ee49ff3dd","to":"Sarthak_c3e24f24-9228-4b19-ae44-8ec3ec0397d2","Audio":{"timestamp":1611073239378.172,"packetsReceived":23658,"packetsLost":0},"Type":"inbound-rtp","Video":{"timestamp":1611073239378.172,"packetsReceived":9923,"packetsLost":0}},{"from":"Shivam_d3c79d6a-f882-41f2-a578-970ee49ff3dd","to":"Sarthak_c3e24f24-9228-4b19-ae44-8ec3ec0397d2","Audio":{"timestamp":1611073244378.123,"packetsReceived":23908,"packetsLost":0},"Type":"inbound-rtp","Video":{"timestamp":1611073244378.123,"packetsReceived":10207,"packetsLost":0}},{"from":"Shivam_d3c79d6a-f882-41f2-a578-970ee49ff3dd","to":"Sarthak_c3e24f24-9228-4b19-ae44-8ec3ec0397d2","Audio":{"timestamp":1611073244378.123,"packetsReceived":23908,"packetsLost":0},"Type":"inbound-rtp","Video":{"timestamp":1611073244378.123,"packetsReceived":10207,"packetsLost":0}},{"from":"Shivam_d3c79d6a-f882-41f2-a578-970ee49ff3dd","to":"Sarthak_c3e24f24-9228-4b19-ae44-8ec3ec0397d2","Audio":{"timestamp":1611073249378.074,"packetsReceived":24159,"packetsLost":0},"Type":"inbound-rtp","Video":{"timestamp":1611073249378.074,"packetsReceived":10465,"packetsLost":0}},{"from":"Shivam_d3c79d6a-f882-41f2-a578-970ee49ff3dd","to":"Sarthak_c3e24f24-9228-4b19-ae44-8ec3ec0397d2","Audio":{"timestamp":1611073249378.074,"packetsReceived":24159,"packetsLost":0},"Type":"inbound-rtp","Video":{"timestamp":1611073249378.074,"packetsReceived":10465,"packetsLost":0}},{"from":"Shivam_d3c79d6a-f882-41f2-a578-970ee49ff3dd","to":"Sarthak_c3e24f24-9228-4b19-ae44-8ec3ec0397d2","Audio":{"timestamp":1611073254378.151,"packetsReceived":24409,"packetsLost":0},"Type":"inbound-rtp","Video":{"timestamp":1611073254378.151,"packetsReceived":10764,"packetsLost":0}},{"from":"Shivam_d3c79d6a-f882-41f2-a578-970ee49ff3dd","to":"Sarthak_c3e24f24-9228-4b19-ae44-8ec3ec0397d2","Audio":{"timestamp":1611073254378.151,"packetsReceived":24409,"packetsLost":0},"Type":"inbound-rtp","Video":{"timestamp":1611073254378.151,"packetsReceived":10764,"packetsLost":0}},{"from":"Shivam_d3c79d6a-f882-41f2-a578-970ee49ff3dd","to":"Sarthak_c3e24f24-9228-4b19-ae44-8ec3ec0397d2","Audio":{"timestamp":1611073259378.134,"packetsReceived":24658,"packetsLost":0},"Type":"inbound-rtp","Video":{"timestamp":1611073259378.134,"packetsReceived":11118,"packetsLost":0}},{"from":"Shivam_d3c79d6a-f882-41f2-a578-970ee49ff3dd","to":"Sarthak_c3e24f24-9228-4b19-ae44-8ec3ec0397d2","Audio":{"timestamp":1611073259378.134,"packetsReceived":24658,"packetsLost":0},"Type":"inbound-rtp","Video":{"timestamp":1611073259378.134,"packetsReceived":11118,"packetsLost":0}},{"from":"Shivam_d3c79d6a-f882-41f2-a578-970ee49ff3dd","to":"Sarthak_c3e24f24-9228-4b19-ae44-8ec3ec0397d2","Audio":{"timestamp":1611073264378.136,"packetsReceived":24908,"packetsLost":0},"Type":"inbound-rtp","Video":{"timestamp":1611073264378.136,"packetsReceived":11441,"packetsLost":0}},{"from":"Shivam_d3c79d6a-f882-41f2-a578-970ee49ff3dd","to":"Sarthak_c3e24f24-9228-4b19-ae44-8ec3ec0397d2","Audio":{"timestamp":1611073264378.136,"packetsReceived":24908,"packetsLost":0},"Type":"inbound-rtp","Video":{"timestamp":1611073264378.136,"packetsReceived":11441,"packetsLost":0}},{"from":"Shivam_d3c79d6a-f882-41f2-a578-970ee49ff3dd","to":"Sarthak_c3e24f24-9228-4b19-ae44-8ec3ec0397d2","Audio":{"timestamp":1611073269378.055,"packetsReceived":25158,"packetsLost":0},"Type":"inbound-rtp","Video":{"timestamp":1611073269378.055,"packetsReceived":11992,"packetsLost":0}},{"from":"Shivam_d3c79d6a-f882-41f2-a578-970ee49ff3dd","to":"Sarthak_c3e24f24-9228-4b19-ae44-8ec3ec0397d2","Audio":{"timestamp":1611073269378.055,"packetsReceived":25158,"packetsLost":0},"Type":"inbound-rtp","Video":{"timestamp":1611073269378.055,"packetsReceived":11992,"packetsLost":0}},{"from":"Shivam_d3c79d6a-f882-41f2-a578-970ee49ff3dd","to":"Sarthak_c3e24f24-9228-4b19-ae44-8ec3ec0397d2","Audio":{"timestamp":1611073274378.179,"packetsReceived":25409,"packetsLost":0},"Type":"inbound-rtp","Video":{"timestamp":1611073274378.179,"packetsReceived":12617,"packetsLost":0}},{"from":"Shivam_d3c79d6a-f882-41f2-a578-970ee49ff3dd","to":"Sarthak_c3e24f24-9228-4b19-ae44-8ec3ec0397d2","Audio":{"timestamp":1611073274378.179,"packetsReceived":25409,"packetsLost":0},"Type":"inbound-rtp","Video":{"timestamp":1611073274378.179,"packetsReceived":12617,"packetsLost":0}},{"from":"Shivam_d3c79d6a-f882-41f2-a578-970ee49ff3dd","to":"Sarthak_c3e24f24-9228-4b19-ae44-8ec3ec0397d2","Audio":{"timestamp":1611073279378.068,"packetsReceived":25658,"packetsLost":0},"Type":"inbound-rtp","Video":{"timestamp":1611073279378.068,"packetsReceived":13297,"packetsLost":0}},{"from":"Shivam_d3c79d6a-f882-41f2-a578-970ee49ff3dd","to":"Sarthak_c3e24f24-9228-4b19-ae44-8ec3ec0397d2","Audio":{"timestamp":1611073279378.068,"packetsReceived":25658,"packetsLost":0},"Type":"inbound-rtp","Video":{"timestamp":1611073279378.068,"packetsReceived":13297,"packetsLost":0}},{"from":"Shivam_d3c79d6a-f882-41f2-a578-970ee49ff3dd","to":"Sarthak_c3e24f24-9228-4b19-ae44-8ec3ec0397d2","Audio":{"timestamp":1611073284378.116,"packetsReceived":25908,"packetsLost":0},"Type":"inbound-rtp","Video":{"timestamp":1611073284378.116,"packetsReceived":13841,"packetsLost":0}},{"from":"Shivam_d3c79d6a-f882-41f2-a578-970ee49ff3dd","to":"Sarthak_c3e24f24-9228-4b19-ae44-8ec3ec0397d2","Audio":{"timestamp":1611073284378.116,"packetsReceived":25908,"packetsLost":0},"Type":"inbound-rtp","Video":{"timestamp":1611073284378.116,"packetsReceived":13841,"packetsLost":0}},{"from":"Shivam_d3c79d6a-f882-41f2-a578-970ee49ff3dd","to":"Sarthak_c3e24f24-9228-4b19-ae44-8ec3ec0397d2","Audio":{"timestamp":1611073289378.074,"packetsReceived":26158,"packetsLost":0},"Type":"inbound-rtp","Video":{"timestamp":1611073289378.074,"packetsReceived":14539,"packetsLost":0}},{"from":"Shivam_d3c79d6a-f882-41f2-a578-970ee49ff3dd","to":"Sarthak_c3e24f24-9228-4b19-ae44-8ec3ec0397d2","Audio":{"timestamp":1611073289378.074,"packetsReceived":26158,"packetsLost":0},"Type":"inbound-rtp","Video":{"timestamp":1611073289378.074,"packetsReceived":14539,"packetsLost":0}},{"from":"Shivam_d3c79d6a-f882-41f2-a578-970ee49ff3dd","to":"Sarthak_c3e24f24-9228-4b19-ae44-8ec3ec0397d2","Audio":{"timestamp":1611073294378.146,"packetsReceived":26408,"packetsLost":0},"Type":"inbound-rtp","Video":{"timestamp":1611073294378.146,"packetsReceived":15047,"packetsLost":0}},{"from":"Shivam_d3c79d6a-f882-41f2-a578-970ee49ff3dd","to":"Sarthak_c3e24f24-9228-4b19-ae44-8ec3ec0397d2","Audio":{"timestamp":1611073294378.146,"packetsReceived":26408,"packetsLost":0},"Type":"inbound-rtp","Video":{"timestamp":1611073294378.146,"packetsReceived":15047,"packetsLost":0}},{"from":"Shivam_d3c79d6a-f882-41f2-a578-970ee49ff3dd","to":"Sarthak_c3e24f24-9228-4b19-ae44-8ec3ec0397d2","Audio":{"timestamp":1611073299378.058,"packetsReceived":26658,"packetsLost":0},"Type":"inbound-rtp","Video":{"timestamp":1611073299378.058,"packetsReceived":15509,"packetsLost":0}},{"from":"Shivam_d3c79d6a-f882-41f2-a578-970ee49ff3dd","to":"Sarthak_c3e24f24-9228-4b19-ae44-8ec3ec0397d2","Audio":{"timestamp":1611073299378.058,"packetsReceived":26658,"packetsLost":0},"Type":"inbound-rtp","Video":{"timestamp":1611073299378.058,"packetsReceived":15509,"packetsLost":0}},{"from":"Shivam_d3c79d6a-f882-41f2-a578-970ee49ff3dd","to":"Sarthak_c3e24f24-9228-4b19-ae44-8ec3ec0397d2","Audio":{"timestamp":1611073304378.265,"packetsReceived":26909,"packetsLost":0},"Type":"inbound-rtp","Video":{"timestamp":1611073304378.265,"packetsReceived":15786,"packetsLost":0}},{"from":"Shivam_d3c79d6a-f882-41f2-a578-970ee49ff3dd","to":"Sarthak_c3e24f24-9228-4b19-ae44-8ec3ec0397d2","Audio":{"timestamp":1611073304378.265,"packetsReceived":26909,"packetsLost":0},"Type":"inbound-rtp","Video":{"timestamp":1611073304378.265,"packetsReceived":15786,"packetsLost":0}},{"from":"Shivam_d3c79d6a-f882-41f2-a578-970ee49ff3dd","to":"Sarthak_c3e24f24-9228-4b19-ae44-8ec3ec0397d2","Audio":{"timestamp":1611073309378.205,"packetsReceived":27159,"packetsLost":0},"Type":"inbound-rtp","Video":{"timestamp":1611073309378.205,"packetsReceived":16064,"packetsLost":0}},{"from":"Shivam_d3c79d6a-f882-41f2-a578-970ee49ff3dd","to":"Sarthak_c3e24f24-9228-4b19-ae44-8ec3ec0397d2","Audio":{"timestamp":1611073309378.205,"packetsReceived":27159,"packetsLost":0},"Type":"inbound-rtp","Video":{"timestamp":1611073309378.205,"packetsReceived":16064,"packetsLost":0}},{"from":"Shivam_d3c79d6a-f882-41f2-a578-970ee49ff3dd","to":"Sarthak_c3e24f24-9228-4b19-ae44-8ec3ec0397d2","Audio":{"timestamp":1611073314378.199,"packetsReceived":27408,"packetsLost":0},"Type":"inbound-rtp","Video":{"timestamp":1611073314378.199,"packetsReceived":16307,"packetsLost":0}},{"from":"Shivam_d3c79d6a-f882-41f2-a578-970ee49ff3dd","to":"Sarthak_c3e24f24-9228-4b19-ae44-8ec3ec0397d2","Audio":{"timestamp":1611073314378.199,"packetsReceived":27408,"packetsLost":0},"Type":"inbound-rtp","Video":{"timestamp":1611073314378.199,"packetsReceived":16307,"packetsLost":0}},{"from":"Shivam_d3c79d6a-f882-41f2-a578-970ee49ff3dd","to":"Sarthak_c3e24f24-9228-4b19-ae44-8ec3ec0397d2","Audio":{"timestamp":1611073319378.084,"packetsReceived":27658,"packetsLost":0},"Type":"inbound-rtp","Video":{"timestamp":1611073319378.084,"packetsReceived":16616,"packetsLost":0}},{"from":"Shivam_d3c79d6a-f882-41f2-a578-970ee49ff3dd","to":"Sarthak_c3e24f24-9228-4b19-ae44-8ec3ec0397d2","Audio":{"timestamp":1611073319378.084,"packetsReceived":27658,"packetsLost":0},"Type":"inbound-rtp","Video":{"timestamp":1611073319378.084,"packetsReceived":16616,"packetsLost":0}},{"from":"Shivam_d3c79d6a-f882-41f2-a578-970ee49ff3dd","to":"Sarthak_c3e24f24-9228-4b19-ae44-8ec3ec0397d2","Audio":{"timestamp":1611073324378.127,"packetsReceived":27908,"packetsLost":0},"Type":"inbound-rtp","Video":{"timestamp":1611073324378.127,"packetsReceived":16844,"packetsLost":0}},{"from":"Shivam_d3c79d6a-f882-41f2-a578-970ee49ff3dd","to":"Sarthak_c3e24f24-9228-4b19-ae44-8ec3ec0397d2","Audio":{"timestamp":1611073324378.127,"packetsReceived":27908,"packetsLost":0},"Type":"inbound-rtp","Video":{"timestamp":1611073324378.127,"packetsReceived":16844,"packetsLost":0}},{"from":"Shivam_d3c79d6a-f882-41f2-a578-970ee49ff3dd","to":"Sarthak_c3e24f24-9228-4b19-ae44-8ec3ec0397d2","Audio":{"timestamp":1611073329378.156,"packetsReceived":28158,"packetsLost":0},"Type":"inbound-rtp","Video":{"timestamp":1611073329378.156,"packetsReceived":16894,"packetsLost":0}},{"from":"Shivam_d3c79d6a-f882-41f2-a578-970ee49ff3dd","to":"Sarthak_c3e24f24-9228-4b19-ae44-8ec3ec0397d2","Audio":{"timestamp":1611073329378.156,"packetsReceived":28158,"packetsLost":0},"Type":"inbound-rtp","Video":{"timestamp":1611073329378.156,"packetsReceived":16894,"packetsLost":0}},{"from":"Shivam_d3c79d6a-f882-41f2-a578-970ee49ff3dd","to":"Sarthak_c3e24f24-9228-4b19-ae44-8ec3ec0397d2","Audio":{"timestamp":1611073334735.809,"packetsReceived":28426,"packetsLost":0},"Type":"inbound-rtp","Video":{"timestamp":1611073334735.809,"packetsReceived":16960,"packetsLost":0}},{"from":"Shivam_d3c79d6a-f882-41f2-a578-970ee49ff3dd","to":"Sarthak_c3e24f24-9228-4b19-ae44-8ec3ec0397d2","Audio":{"timestamp":1611073334735.809,"packetsReceived":28426,"packetsLost":0},"Type":"inbound-rtp","Video":{"timestamp":1611073334735.809,"packetsReceived":16960,"packetsLost":0}},{"from":"Shivam_d3c79d6a-f882-41f2-a578-970ee49ff3dd","to":"Sarthak_c3e24f24-9228-4b19-ae44-8ec3ec0397d2","Audio":{"timestamp":1611073339378.189,"packetsReceived":28658,"packetsLost":0},"Type":"inbound-rtp","Video":{"timestamp":1611073339378.189,"packetsReceived":17087,"packetsLost":0}},{"from":"Shivam_d3c79d6a-f882-41f2-a578-970ee49ff3dd","to":"Sarthak_c3e24f24-9228-4b19-ae44-8ec3ec0397d2","Audio":{"timestamp":1611073339378.189,"packetsReceived":28658,"packetsLost":0},"Type":"inbound-rtp","Video":{"timestamp":1611073339378.189,"packetsReceived":17087,"packetsLost":0}},{"from":"Shivam_d3c79d6a-f882-41f2-a578-970ee49ff3dd","to":"Sarthak_c3e24f24-9228-4b19-ae44-8ec3ec0397d2","Audio":{"timestamp":1611073344378.166,"packetsReceived":28908,"packetsLost":0},"Type":"inbound-rtp","Video":{"timestamp":1611073344378.166,"packetsReceived":17098,"packetsLost":0}},{"from":"Shivam_d3c79d6a-f882-41f2-a578-970ee49ff3dd","to":"Sarthak_c3e24f24-9228-4b19-ae44-8ec3ec0397d2","Audio":{"timestamp":1611073344378.166,"packetsReceived":28908,"packetsLost":0},"Type":"inbound-rtp","Video":{"timestamp":1611073344378.166,"packetsReceived":17098,"packetsLost":0}},{"from":"Shivam_d3c79d6a-f882-41f2-a578-970ee49ff3dd","to":"Sarthak_c3e24f24-9228-4b19-ae44-8ec3ec0397d2","Audio":{"timestamp":1611073349378.072,"packetsReceived":29158,"packetsLost":0},"Type":"inbound-rtp","Video":{"timestamp":1611073349378.072,"packetsReceived":17103,"packetsLost":0}},{"from":"Shivam_d3c79d6a-f882-41f2-a578-970ee49ff3dd","to":"Sarthak_c3e24f24-9228-4b19-ae44-8ec3ec0397d2","Audio":{"timestamp":1611073349378.072,"packetsReceived":29158,"packetsLost":0},"Type":"inbound-rtp","Video":{"timestamp":1611073349378.072,"packetsReceived":17103,"packetsLost":0}},{"from":"Shivam_d3c79d6a-f882-41f2-a578-970ee49ff3dd","to":"Sarthak_c3e24f24-9228-4b19-ae44-8ec3ec0397d2","Audio":{"timestamp":1611073354378.202,"packetsReceived":29409,"packetsLost":0},"Type":"inbound-rtp","Video":{"timestamp":1611073354378.202,"packetsReceived":17107,"packetsLost":0}},{"from":"Shivam_d3c79d6a-f882-41f2-a578-970ee49ff3dd","to":"Sarthak_c3e24f24-9228-4b19-ae44-8ec3ec0397d2","Audio":{"timestamp":1611073354378.202,"packetsReceived":29409,"packetsLost":0},"Type":"inbound-rtp","Video":{"timestamp":1611073354378.202,"packetsReceived":17107,"packetsLost":0}},{"from":"Shivam_d3c79d6a-f882-41f2-a578-970ee49ff3dd","to":"Sarthak_c3e24f24-9228-4b19-ae44-8ec3ec0397d2","Audio":{"timestamp":1611073359378.2,"packetsReceived":29659,"packetsLost":0},"Type":"inbound-rtp","Video":{"timestamp":1611073359378.2,"packetsReceived":17112,"packetsLost":0}},{"from":"Shivam_d3c79d6a-f882-41f2-a578-970ee49ff3dd","to":"Sarthak_c3e24f24-9228-4b19-ae44-8ec3ec0397d2","Audio":{"timestamp":1611073359378.2,"packetsReceived":29659,"packetsLost":0},"Type":"inbound-rtp","Video":{"timestamp":1611073359378.2,"packetsReceived":17112,"packetsLost":0}},{"from":"Shivam_d3c79d6a-f882-41f2-a578-970ee49ff3dd","to":"Sarthak_c3e24f24-9228-4b19-ae44-8ec3ec0397d2","Audio":{"timestamp":1611073364378.151,"packetsReceived":29908,"packetsLost":0},"Type":"inbound-rtp","Video":{"timestamp":1611073364378.151,"packetsReceived":17117,"packetsLost":0}},{"from":"Shivam_d3c79d6a-f882-41f2-a578-970ee49ff3dd","to":"Sarthak_c3e24f24-9228-4b19-ae44-8ec3ec0397d2","Audio":{"timestamp":1611073364378.151,"packetsReceived":29908,"packetsLost":0},"Type":"inbound-rtp","Video":{"timestamp":1611073364378.151,"packetsReceived":17117,"packetsLost":0}},{"from":"Shivam_d3c79d6a-f882-41f2-a578-970ee49ff3dd","to":"Sarthak_c3e24f24-9228-4b19-ae44-8ec3ec0397d2","Audio":{"timestamp":1611073369378.082,"packetsReceived":30158,"packetsLost":0},"Type":"inbound-rtp","Video":{"timestamp":1611073369378.082,"packetsReceived":17121,"packetsLost":0}},{"from":"Shivam_d3c79d6a-f882-41f2-a578-970ee49ff3dd","to":"Sarthak_c3e24f24-9228-4b19-ae44-8ec3ec0397d2","Audio":{"timestamp":1611073369378.082,"packetsReceived":30158,"packetsLost":0},"Type":"inbound-rtp","Video":{"timestamp":1611073369378.082,"packetsReceived":17121,"packetsLost":0}},{"from":"Shivam_d3c79d6a-f882-41f2-a578-970ee49ff3dd","to":"Sarthak_c3e24f24-9228-4b19-ae44-8ec3ec0397d2","Audio":{"timestamp":1611073374378.301,"packetsReceived":30408,"packetsLost":0},"Type":"inbound-rtp","Video":{"timestamp":1611073374378.301,"packetsReceived":17127,"packetsLost":0}},{"from":"Shivam_d3c79d6a-f882-41f2-a578-970ee49ff3dd","to":"Sarthak_c3e24f24-9228-4b19-ae44-8ec3ec0397d2","Audio":{"timestamp":1611073374378.301,"packetsReceived":30408,"packetsLost":0},"Type":"inbound-rtp","Video":{"timestamp":1611073374378.301,"packetsReceived":17127,"packetsLost":0}},{"from":"Shivam_d3c79d6a-f882-41f2-a578-970ee49ff3dd","to":"Sarthak_c3e24f24-9228-4b19-ae44-8ec3ec0397d2","Audio":{"timestamp":1611073379378.236,"packetsReceived":30658,"packetsLost":0},"Type":"inbound-rtp","Video":{"timestamp":1611073379378.236,"packetsReceived":17132,"packetsLost":0}},{"from":"Shivam_d3c79d6a-f882-41f2-a578-970ee49ff3dd","to":"Sarthak_c3e24f24-9228-4b19-ae44-8ec3ec0397d2","Audio":{"timestamp":1611073379378.236,"packetsReceived":30658,"packetsLost":0},"Type":"inbound-rtp","Video":{"timestamp":1611073379378.236,"packetsReceived":17132,"packetsLost":0}},{"from":"Shivam_d3c79d6a-f882-41f2-a578-970ee49ff3dd","to":"Sarthak_c3e24f24-9228-4b19-ae44-8ec3ec0397d2","Audio":{"timestamp":1611073384378.123,"packetsReceived":30908,"packetsLost":0},"Type":"inbound-rtp","Video":{"timestamp":1611073384378.123,"packetsReceived":17136,"packetsLost":0}},{"from":"Shivam_d3c79d6a-f882-41f2-a578-970ee49ff3dd","to":"Sarthak_c3e24f24-9228-4b19-ae44-8ec3ec0397d2","Audio":{"timestamp":1611073384378.123,"packetsReceived":30908,"packetsLost":0},"Type":"inbound-rtp","Video":{"timestamp":1611073384378.123,"packetsReceived":17136,"packetsLost":0}},{"from":"Shivam_d3c79d6a-f882-41f2-a578-970ee49ff3dd","to":"Sarthak_c3e24f24-9228-4b19-ae44-8ec3ec0397d2","Audio":{"timestamp":1611073389378.189,"packetsReceived":31159,"packetsLost":0},"Type":"inbound-rtp","Video":{"timestamp":1611073389378.189,"packetsReceived":17141,"packetsLost":0}},{"from":"Shivam_d3c79d6a-f882-41f2-a578-970ee49ff3dd","to":"Sarthak_c3e24f24-9228-4b19-ae44-8ec3ec0397d2","Audio":{"timestamp":1611073389378.189,"packetsReceived":31159,"packetsLost":0},"Type":"inbound-rtp","Video":{"timestamp":1611073389378.189,"packetsReceived":17141,"packetsLost":0}},{"from":"Shivam_d3c79d6a-f882-41f2-a578-970ee49ff3dd","to":"Sarthak_c3e24f24-9228-4b19-ae44-8ec3ec0397d2","Audio":{"timestamp":1611073394378.192,"packetsReceived":31408,"packetsLost":0},"Type":"inbound-rtp","Video":{"timestamp":1611073394378.192,"packetsReceived":17146,"packetsLost":0}},{"from":"Shivam_d3c79d6a-f882-41f2-a578-970ee49ff3dd","to":"Sarthak_c3e24f24-9228-4b19-ae44-8ec3ec0397d2","Audio":{"timestamp":1611073394378.192,"packetsReceived":31408,"packetsLost":0},"Type":"inbound-rtp","Video":{"timestamp":1611073394378.192,"packetsReceived":17146,"packetsLost":0}},{"from":"Shivam_d3c79d6a-f882-41f2-a578-970ee49ff3dd","to":"Sarthak_c3e24f24-9228-4b19-ae44-8ec3ec0397d2","Audio":{"timestamp":1611073399378.154,"packetsReceived":31658,"packetsLost":0},"Type":"inbound-rtp","Video":{"timestamp":1611073399378.154,"packetsReceived":17150,"packetsLost":0}},{"from":"Shivam_d3c79d6a-f882-41f2-a578-970ee49ff3dd","to":"Sarthak_c3e24f24-9228-4b19-ae44-8ec3ec0397d2","Audio":{"timestamp":1611073399378.154,"packetsReceived":31658,"packetsLost":0},"Type":"inbound-rtp","Video":{"timestamp":1611073399378.154,"packetsReceived":17150,"packetsLost":0}},{"from":"Shivam_d3c79d6a-f882-41f2-a578-970ee49ff3dd","to":"Sarthak_c3e24f24-9228-4b19-ae44-8ec3ec0397d2","Audio":{"timestamp":1611073404378.224,"packetsReceived":31908,"packetsLost":0},"Type":"inbound-rtp","Video":{"timestamp":1611073404378.224,"packetsReceived":17155,"packetsLost":0}},{"from":"Shivam_d3c79d6a-f882-41f2-a578-970ee49ff3dd","to":"Sarthak_c3e24f24-9228-4b19-ae44-8ec3ec0397d2","Audio":{"timestamp":1611073404378.224,"packetsReceived":31908,"packetsLost":0},"Type":"inbound-rtp","Video":{"timestamp":1611073404378.224,"packetsReceived":17155,"packetsLost":0}},{"from":"Shivam_d3c79d6a-f882-41f2-a578-970ee49ff3dd","to":"Sarthak_c3e24f24-9228-4b19-ae44-8ec3ec0397d2","Audio":{"timestamp":1611073409378.211,"packetsReceived":32158,"packetsLost":0},"Type":"inbound-rtp","Video":{"timestamp":1611073409378.211,"packetsReceived":17160,"packetsLost":0}},{"from":"Shivam_d3c79d6a-f882-41f2-a578-970ee49ff3dd","to":"Sarthak_c3e24f24-9228-4b19-ae44-8ec3ec0397d2","Audio":{"timestamp":1611073409378.211,"packetsReceived":32158,"packetsLost":0},"Type":"inbound-rtp","Video":{"timestamp":1611073409378.211,"packetsReceived":17160,"packetsLost":0}},{"from":"Shivam_d3c79d6a-f882-41f2-a578-970ee49ff3dd","to":"Sarthak_c3e24f24-9228-4b19-ae44-8ec3ec0397d2","Audio":{"timestamp":1611073414378.164,"packetsReceived":32409,"packetsLost":0},"Type":"inbound-rtp","Video":{"timestamp":1611073414378.164,"packetsReceived":17164,"packetsLost":0}},{"from":"Shivam_d3c79d6a-f882-41f2-a578-970ee49ff3dd","to":"Sarthak_c3e24f24-9228-4b19-ae44-8ec3ec0397d2","Audio":{"timestamp":1611073414378.164,"packetsReceived":32409,"packetsLost":0},"Type":"inbound-rtp","Video":{"timestamp":1611073414378.164,"packetsReceived":17164,"packetsLost":0}},{"from":"Shivam_d3c79d6a-f882-41f2-a578-970ee49ff3dd","to":"Sarthak_c3e24f24-9228-4b19-ae44-8ec3ec0397d2","Audio":{"timestamp":1611073419378.205,"packetsReceived":32658,"packetsLost":0},"Type":"inbound-rtp","Video":{"timestamp":1611073419378.205,"packetsReceived":17169,"packetsLost":0}},{"from":"Shivam_d3c79d6a-f882-41f2-a578-970ee49ff3dd","to":"Sarthak_c3e24f24-9228-4b19-ae44-8ec3ec0397d2","Audio":{"timestamp":1611073419378.205,"packetsReceived":32658,"packetsLost":0},"Type":"inbound-rtp","Video":{"timestamp":1611073419378.205,"packetsReceived":17169,"packetsLost":0}},{"from":"Shivam_d3c79d6a-f882-41f2-a578-970ee49ff3dd","to":"Sarthak_c3e24f24-9228-4b19-ae44-8ec3ec0397d2","Audio":{"timestamp":1611073424378.201,"packetsReceived":32908,"packetsLost":0},"Type":"inbound-rtp","Video":{"timestamp":1611073424378.201,"packetsReceived":17174,"packetsLost":0}},{"from":"Shivam_d3c79d6a-f882-41f2-a578-970ee49ff3dd","to":"Sarthak_c3e24f24-9228-4b19-ae44-8ec3ec0397d2","Audio":{"timestamp":1611073424378.201,"packetsReceived":32908,"packetsLost":0},"Type":"inbound-rtp","Video":{"timestamp":1611073424378.201,"packetsReceived":17174,"packetsLost":0}},{"from":"Shivam_d3c79d6a-f882-41f2-a578-970ee49ff3dd","to":"Sarthak_c3e24f24-9228-4b19-ae44-8ec3ec0397d2","Audio":{"timestamp":1611073429378.191,"packetsReceived":33158,"packetsLost":0},"Type":"inbound-rtp","Video":{"timestamp":1611073429378.191,"packetsReceived":17267,"packetsLost":0}},{"from":"Shivam_d3c79d6a-f882-41f2-a578-970ee49ff3dd","to":"Sarthak_c3e24f24-9228-4b19-ae44-8ec3ec0397d2","Audio":{"timestamp":1611073429378.191,"packetsReceived":33158,"packetsLost":0},"Type":"inbound-rtp","Video":{"timestamp":1611073429378.191,"packetsReceived":17267,"packetsLost":0}},{"from":"Shivam_d3c79d6a-f882-41f2-a578-970ee49ff3dd","to":"Sarthak_c3e24f24-9228-4b19-ae44-8ec3ec0397d2","Audio":{"timestamp":1611073434378.222,"packetsReceived":33408,"packetsLost":0},"Type":"inbound-rtp","Video":{"timestamp":1611073434378.222,"packetsReceived":17283,"packetsLost":0}},{"from":"Shivam_d3c79d6a-f882-41f2-a578-970ee49ff3dd","to":"Sarthak_c3e24f24-9228-4b19-ae44-8ec3ec0397d2","Audio":{"timestamp":1611073434378.222,"packetsReceived":33408,"packetsLost":0},"Type":"inbound-rtp","Video":{"timestamp":1611073434378.222,"packetsReceived":17283,"packetsLost":0}},{"from":"Shivam_d3c79d6a-f882-41f2-a578-970ee49ff3dd","to":"Sarthak_c3e24f24-9228-4b19-ae44-8ec3ec0397d2","Audio":{"timestamp":1611073439378.223,"packetsReceived":33659,"packetsLost":0},"Type":"inbound-rtp","Video":{"timestamp":1611073439378.223,"packetsReceived":17293,"packetsLost":0}},{"from":"Shivam_d3c79d6a-f882-41f2-a578-970ee49ff3dd","to":"Sarthak_c3e24f24-9228-4b19-ae44-8ec3ec0397d2","Audio":{"timestamp":1611073439378.223,"packetsReceived":33659,"packetsLost":0},"Type":"inbound-rtp","Video":{"timestamp":1611073439378.223,"packetsReceived":17293,"packetsLost":0}},{"from":"Shivam_d3c79d6a-f882-41f2-a578-970ee49ff3dd","to":"Sarthak_c3e24f24-9228-4b19-ae44-8ec3ec0397d2","Audio":{"timestamp":1611073444378.229,"packetsReceived":33908,"packetsLost":0},"Type":"inbound-rtp","Video":{"timestamp":1611073444378.229,"packetsReceived":17301,"packetsLost":0}},{"from":"Shivam_d3c79d6a-f882-41f2-a578-970ee49ff3dd","to":"Sarthak_c3e24f24-9228-4b19-ae44-8ec3ec0397d2","Audio":{"timestamp":1611073444378.229,"packetsReceived":33908,"packetsLost":0},"Type":"inbound-rtp","Video":{"timestamp":1611073444378.229,"packetsReceived":17301,"packetsLost":0}},{"from":"Shivam_d3c79d6a-f882-41f2-a578-970ee49ff3dd","to":"Sarthak_c3e24f24-9228-4b19-ae44-8ec3ec0397d2","Audio":{"timestamp":1611073449378.218,"packetsReceived":34158,"packetsLost":0},"Type":"inbound-rtp","Video":{"timestamp":1611073449378.218,"packetsReceived":17311,"packetsLost":0}},{"from":"Shivam_d3c79d6a-f882-41f2-a578-970ee49ff3dd","to":"Sarthak_c3e24f24-9228-4b19-ae44-8ec3ec0397d2","Audio":{"timestamp":1611073449378.218,"packetsReceived":34158,"packetsLost":0},"Type":"inbound-rtp","Video":{"timestamp":1611073449378.218,"packetsReceived":17311,"packetsLost":0}},{"from":"Shivam_d3c79d6a-f882-41f2-a578-970ee49ff3dd","to":"Sarthak_c3e24f24-9228-4b19-ae44-8ec3ec0397d2","Audio":{"timestamp":1611073454378.209,"packetsReceived":34408,"packetsLost":0},"Type":"inbound-rtp","Video":{"timestamp":1611073454378.209,"packetsReceived":17321,"packetsLost":0}},{"from":"Shivam_d3c79d6a-f882-41f2-a578-970ee49ff3dd","to":"Sarthak_c3e24f24-9228-4b19-ae44-8ec3ec0397d2","Audio":{"timestamp":1611073454378.209,"packetsReceived":34408,"packetsLost":0},"Type":"inbound-rtp","Video":{"timestamp":1611073454378.209,"packetsReceived":17321,"packetsLost":0}},{"from":"Shivam_d3c79d6a-f882-41f2-a578-970ee49ff3dd","to":"Sarthak_c3e24f24-9228-4b19-ae44-8ec3ec0397d2","Audio":{"timestamp":1611073459378.154,"packetsReceived":34658,"packetsLost":0},"Type":"inbound-rtp","Video":{"timestamp":1611073459378.154,"packetsReceived":17329,"packetsLost":0}},{"from":"Shivam_d3c79d6a-f882-41f2-a578-970ee49ff3dd","to":"Sarthak_c3e24f24-9228-4b19-ae44-8ec3ec0397d2","Audio":{"timestamp":1611073459378.154,"packetsReceived":34658,"packetsLost":0},"Type":"inbound-rtp","Video":{"timestamp":1611073459378.154,"packetsReceived":17329,"packetsLost":0}},{"from":"Shivam_d3c79d6a-f882-41f2-a578-970ee49ff3dd","to":"Sarthak_c3e24f24-9228-4b19-ae44-8ec3ec0397d2","Audio":{"timestamp":1611073464378.19,"packetsReceived":34908,"packetsLost":0},"Type":"inbound-rtp","Video":{"timestamp":1611073464378.19,"packetsReceived":17341,"packetsLost":0}},{"from":"Shivam_d3c79d6a-f882-41f2-a578-970ee49ff3dd","to":"Sarthak_c3e24f24-9228-4b19-ae44-8ec3ec0397d2","Audio":{"timestamp":1611073464378.19,"packetsReceived":34908,"packetsLost":0},"Type":"inbound-rtp","Video":{"timestamp":1611073464378.19,"packetsReceived":17341,"packetsLost":0}},{"from":"Shivam_d3c79d6a-f882-41f2-a578-970ee49ff3dd","to":"Sarthak_c3e24f24-9228-4b19-ae44-8ec3ec0397d2","Audio":{"timestamp":1611073469378.173,"packetsReceived":35159,"packetsLost":0},"Type":"inbound-rtp","Video":{"timestamp":1611073469378.173,"packetsReceived":17351,"packetsLost":0}},{"from":"Shivam_d3c79d6a-f882-41f2-a578-970ee49ff3dd","to":"Sarthak_c3e24f24-9228-4b19-ae44-8ec3ec0397d2","Audio":{"timestamp":1611073469378.173,"packetsReceived":35159,"packetsLost":0},"Type":"inbound-rtp","Video":{"timestamp":1611073469378.173,"packetsReceived":17351,"packetsLost":0}},{"from":"Shivam_d3c79d6a-f882-41f2-a578-970ee49ff3dd","to":"Sarthak_c3e24f24-9228-4b19-ae44-8ec3ec0397d2","Audio":{"timestamp":1611073474378.173,"packetsReceived":35408,"packetsLost":0},"Type":"inbound-rtp","Video":{"timestamp":1611073474378.173,"packetsReceived":17359,"packetsLost":0}},{"from":"Shivam_d3c79d6a-f882-41f2-a578-970ee49ff3dd","to":"Sarthak_c3e24f24-9228-4b19-ae44-8ec3ec0397d2","Audio":{"timestamp":1611073474378.173,"packetsReceived":35408,"packetsLost":0},"Type":"inbound-rtp","Video":{"timestamp":1611073474378.173,"packetsReceived":17359,"packetsLost":0}},{"from":"Shivam_d3c79d6a-f882-41f2-a578-970ee49ff3dd","to":"Sarthak_c3e24f24-9228-4b19-ae44-8ec3ec0397d2","Audio":{"timestamp":1611073479378.209,"packetsReceived":35658,"packetsLost":0},"Type":"inbound-rtp","Video":{"timestamp":1611073479378.209,"packetsReceived":17369,"packetsLost":0}},{"from":"Shivam_d3c79d6a-f882-41f2-a578-970ee49ff3dd","to":"Sarthak_c3e24f24-9228-4b19-ae44-8ec3ec0397d2","Audio":{"timestamp":1611073479378.209,"packetsReceived":35658,"packetsLost":0},"Type":"inbound-rtp","Video":{"timestamp":1611073479378.209,"packetsReceived":17369,"packetsLost":0}},{"from":"Shivam_d3c79d6a-f882-41f2-a578-970ee49ff3dd","to":"Sarthak_c3e24f24-9228-4b19-ae44-8ec3ec0397d2","Audio":{"timestamp":1611073484378.201,"packetsReceived":35908,"packetsLost":0},"Type":"inbound-rtp","Video":{"timestamp":1611073484378.201,"packetsReceived":17379,"packetsLost":0}},{"from":"Shivam_d3c79d6a-f882-41f2-a578-970ee49ff3dd","to":"Sarthak_c3e24f24-9228-4b19-ae44-8ec3ec0397d2","Audio":{"timestamp":1611073484378.201,"packetsReceived":35908,"packetsLost":0},"Type":"inbound-rtp","Video":{"timestamp":1611073484378.201,"packetsReceived":17379,"packetsLost":0}},{"from":"Shivam_d3c79d6a-f882-41f2-a578-970ee49ff3dd","to":"Sarthak_c3e24f24-9228-4b19-ae44-8ec3ec0397d2","Audio":{"timestamp":1611073489378.15,"packetsReceived":36158,"packetsLost":0},"Type":"inbound-rtp","Video":{"timestamp":1611073489378.15,"packetsReceived":17392,"packetsLost":0}},{"from":"Shivam_d3c79d6a-f882-41f2-a578-970ee49ff3dd","to":"Sarthak_c3e24f24-9228-4b19-ae44-8ec3ec0397d2","Audio":{"timestamp":1611073489378.15,"packetsReceived":36158,"packetsLost":0},"Type":"inbound-rtp","Video":{"timestamp":1611073489378.15,"packetsReceived":17392,"packetsLost":0}},{"from":"Shivam_d3c79d6a-f882-41f2-a578-970ee49ff3dd","to":"Sarthak_c3e24f24-9228-4b19-ae44-8ec3ec0397d2","Audio":{"timestamp":1611073494736.209,"packetsReceived":36426,"packetsLost":0},"Type":"inbound-rtp","Video":{"timestamp":1611073494736.209,"packetsReceived":17493,"packetsLost":0}},{"from":"Shivam_d3c79d6a-f882-41f2-a578-970ee49ff3dd","to":"Sarthak_c3e24f24-9228-4b19-ae44-8ec3ec0397d2","Audio":{"timestamp":1611073494736.209,"packetsReceived":36426,"packetsLost":0},"Type":"inbound-rtp","Video":{"timestamp":1611073494736.209,"packetsReceived":17493,"packetsLost":0}},{"from":"Shivam_d3c79d6a-f882-41f2-a578-970ee49ff3dd","to":"Sarthak_c3e24f24-9228-4b19-ae44-8ec3ec0397d2","Audio":{"timestamp":1611073499735.796,"packetsReceived":36676,"packetsLost":0},"Type":"inbound-rtp","Video":{"timestamp":1611073499735.796,"packetsReceived":17552,"packetsLost":0}},{"from":"Shivam_d3c79d6a-f882-41f2-a578-970ee49ff3dd","to":"Sarthak_c3e24f24-9228-4b19-ae44-8ec3ec0397d2","Audio":{"timestamp":1611073499735.796,"packetsReceived":36676,"packetsLost":0},"Type":"inbound-rtp","Video":{"timestamp":1611073499735.796,"packetsReceived":17552,"packetsLost":0}},{"from":"Shivam_d3c79d6a-f882-41f2-a578-970ee49ff3dd","to":"Sarthak_c3e24f24-9228-4b19-ae44-8ec3ec0397d2","Audio":{"timestamp":1611073504378.183,"packetsReceived":36908,"packetsLost":0},"Type":"inbound-rtp","Video":{"timestamp":1611073504378.183,"packetsReceived":17579,"packetsLost":0}},{"from":"Shivam_d3c79d6a-f882-41f2-a578-970ee49ff3dd","to":"Sarthak_c3e24f24-9228-4b19-ae44-8ec3ec0397d2","Audio":{"timestamp":1611073504378.183,"packetsReceived":36908,"packetsLost":0},"Type":"inbound-rtp","Video":{"timestamp":1611073504378.183,"packetsReceived":17579,"packetsLost":0}}]}