[{"timestamp":1611072765385,"log":{"from":"server","to":"Sarthak_c3e24f24-9228-4b19-ae44-8ec3ec0397d2","context":"PARENT","data":"{\"peer\":\"Shivam_d3c79d6a-f882-41f2-a578-970ee49ff3dd\"}"}},{"timestamp":1611072765385,"log":"Parent : Shivam_d3c79d6a-f882-41f2-a578-970ee49ff3dd"},{"timestamp":1611072765881,"log":{"from":"Shivam_d3c79d6a-f882-41f2-a578-970ee49ff3dd","to":"Sarthak_c3e24f24-9228-4b19-ae44-8ec3ec0397d2","context":"CONNECT_ACK","data":"{\"roomID\":\"123456\"}"}},{"timestamp":1611072765881,"log":"Connection ACK from parent : Shivam_d3c79d6a-f882-41f2-a578-970ee49ff3dd"},{"timestamp":1611072765885,"log":"received sdp from peer : Shivam_d3c79d6a-f882-41f2-a578-970ee49ff3dd"},{"timestamp":1611072765890,"log":"received ice from peer : Shivam_d3c79d6a-f882-41f2-a578-970ee49ff3dd"},{"timestamp":1611072765893,"log":"received ice from peer : Shivam_d3c79d6a-f882-41f2-a578-970ee49ff3dd"},{"timestamp":1611072765895,"log":"remote stream received"},{"timestamp":1611072765895,"log":{}},{"timestamp":1611072765895,"log":"remote stream received"},{"timestamp":1611072765896,"log":{}},{"timestamp":1611072765899,"log":"created description for peer : Shivam_d3c79d6a-f882-41f2-a578-970ee49ff3dd"},{"timestamp":1611072765907,"log":"ice: Sarthak_c3e24f24-9228-4b19-ae44-8ec3ec0397d2 to Shivam_d3c79d6a-f882-41f2-a578-970ee49ff3dd"},{"timestamp":1611072765907,"log":"connection with peer Shivam_d3c79d6a-f882-41f2-a578-970ee49ff3dd checking"},{"timestamp":1611072765925,"log":"received ice from peer : Shivam_d3c79d6a-f882-41f2-a578-970ee49ff3dd"},{"timestamp":1611072765925,"log":"received ice from peer : Shivam_d3c79d6a-f882-41f2-a578-970ee49ff3dd"},{"timestamp":1611072765943,"log":"ice: Sarthak_c3e24f24-9228-4b19-ae44-8ec3ec0397d2 to Shivam_d3c79d6a-f882-41f2-a578-970ee49ff3dd"},{"timestamp":1611072766198,"log":"ice: Sarthak_c3e24f24-9228-4b19-ae44-8ec3ec0397d2 to Shivam_d3c79d6a-f882-41f2-a578-970ee49ff3dd"},{"timestamp":1611072766198,"log":"connection with peer Shivam_d3c79d6a-f882-41f2-a578-970ee49ff3dd connected"}]