[{"timestamp":1611069679224,"log":{"from":"server","to":"Chaitnya_83453f3f-456c-4e25-a95b-5f56eaa393b8","context":"PARENT","data":"{\"peer\":\"Prabhadh_8ddc9099-f320-4337-8c8b-dcb92e603e1f\"}"}},{"timestamp":1611069679224,"log":"Parent : Prabhadh_8ddc9099-f320-4337-8c8b-dcb92e603e1f"},{"timestamp":1611069679728,"log":{"from":"Prabhadh_8ddc9099-f320-4337-8c8b-dcb92e603e1f","to":"Chaitnya_83453f3f-456c-4e25-a95b-5f56eaa393b8","context":"CONNECT_ACK","data":"{\"roomID\":\"123456\"}"}},{"timestamp":1611069679728,"log":"Connection ACK from parent : Prabhadh_8ddc9099-f320-4337-8c8b-dcb92e603e1f"},{"timestamp":1611069679732,"log":"received sdp from peer : Prabhadh_8ddc9099-f320-4337-8c8b-dcb92e603e1f"},{"timestamp":1611069679734,"log":"received ice from peer : Prabhadh_8ddc9099-f320-4337-8c8b-dcb92e603e1f"},{"timestamp":1611069679736,"log":"remote stream received"},{"timestamp":1611069679737,"log":{}},{"timestamp":1611069679737,"log":"remote stream received"},{"timestamp":1611069679737,"log":{}},{"timestamp":1611069679743,"log":"created description for peer : Prabhadh_8ddc9099-f320-4337-8c8b-dcb92e603e1f"},{"timestamp":1611069679748,"log":"connection with peer Prabhadh_8ddc9099-f320-4337-8c8b-dcb92e603e1f checking"},{"timestamp":1611069679748,"log":"ice: Chaitnya_83453f3f-456c-4e25-a95b-5f56eaa393b8 to Prabhadh_8ddc9099-f320-4337-8c8b-dcb92e603e1f"},{"timestamp":1611069679749,"log":"connection with peer Prabhadh_8ddc9099-f320-4337-8c8b-dcb92e603e1f connected"},{"timestamp":1611069679749,"log":"ice: Chaitnya_83453f3f-456c-4e25-a95b-5f56eaa393b8 to Prabhadh_8ddc9099-f320-4337-8c8b-dcb92e603e1f"},{"timestamp":1611069679776,"log":"received ice from peer : Prabhadh_8ddc9099-f320-4337-8c8b-dcb92e603e1f"},{"timestamp":1611069679777,"log":"received ice from peer : Prabhadh_8ddc9099-f320-4337-8c8b-dcb92e603e1f"},{"timestamp":1611069679777,"log":"received ice from peer : Prabhadh_8ddc9099-f320-4337-8c8b-dcb92e603e1f"},{"timestamp":1611069866397,"log":{"from":"Arshpreet_41c83115-b013-4e5a-98fd-b730f7c850cb","to":"Chaitnya_83453f3f-456c-4e25-a95b-5f56eaa393b8","context":"CONNECT","data":"{\"roomID\":\"123456\"}"}},{"timestamp":1611069866397,"log":"Connect request from Child : Arshpreet_41c83115-b013-4e5a-98fd-b730f7c850cb"},{"timestamp":1611069866400,"log":"adding tracks"},{"timestamp":1611069866402,"log":"call inititated: Chaitnya_83453f3f-456c-4e25-a95b-5f56eaa393b8 to Arshpreet_41c83115-b013-4e5a-98fd-b730f7c850cb"},{"timestamp":1611069866406,"log":"created description for peer : Arshpreet_41c83115-b013-4e5a-98fd-b730f7c850cb"},{"timestamp":1611069866413,"log":"ice: Chaitnya_83453f3f-456c-4e25-a95b-5f56eaa393b8 to Arshpreet_41c83115-b013-4e5a-98fd-b730f7c850cb"},{"timestamp":1611069866414,"log":"ice: Chaitnya_83453f3f-456c-4e25-a95b-5f56eaa393b8 to Arshpreet_41c83115-b013-4e5a-98fd-b730f7c850cb"},{"timestamp":1611069866448,"log":"ice: Chaitnya_83453f3f-456c-4e25-a95b-5f56eaa393b8 to Arshpreet_41c83115-b013-4e5a-98fd-b730f7c850cb"},{"timestamp":1611069866450,"log":"ice: Chaitnya_83453f3f-456c-4e25-a95b-5f56eaa393b8 to Arshpreet_41c83115-b013-4e5a-98fd-b730f7c850cb"},{"timestamp":1611069866693,"log":"connection with peer Arshpreet_41c83115-b013-4e5a-98fd-b730f7c850cb checking"},{"timestamp":1611069866936,"log":"received sdp from peer : Arshpreet_41c83115-b013-4e5a-98fd-b730f7c850cb"},{"timestamp":1611069866940,"log":"received ice from peer : Arshpreet_41c83115-b013-4e5a-98fd-b730f7c850cb"},{"timestamp":1611069866945,"log":"connection with peer Arshpreet_41c83115-b013-4e5a-98fd-b730f7c850cb connected"},{"timestamp":1611069866945,"log":"ice: Chaitnya_83453f3f-456c-4e25-a95b-5f56eaa393b8 to Arshpreet_41c83115-b013-4e5a-98fd-b730f7c850cb"},{"timestamp":1611069875066,"log":{"from":"Mansi_84b4e79e-99b1-45d0-ac4d-bcd2acbbac6a","to":"Chaitnya_83453f3f-456c-4e25-a95b-5f56eaa393b8","context":"CONNECT","data":"{\"roomID\":\"123456\"}"}},{"timestamp":1611069875066,"log":"Connect request from Child : Mansi_84b4e79e-99b1-45d0-ac4d-bcd2acbbac6a"},{"timestamp":1611069875067,"log":"adding tracks"},{"timestamp":1611069875068,"log":"call inititated: Chaitnya_83453f3f-456c-4e25-a95b-5f56eaa393b8 to Mansi_84b4e79e-99b1-45d0-ac4d-bcd2acbbac6a"},{"timestamp":1611069875072,"log":"created description for peer : Mansi_84b4e79e-99b1-45d0-ac4d-bcd2acbbac6a"},{"timestamp":1611069875079,"log":"ice: Chaitnya_83453f3f-456c-4e25-a95b-5f56eaa393b8 to Mansi_84b4e79e-99b1-45d0-ac4d-bcd2acbbac6a"},{"timestamp":1611069875079,"log":"ice: Chaitnya_83453f3f-456c-4e25-a95b-5f56eaa393b8 to Mansi_84b4e79e-99b1-45d0-ac4d-bcd2acbbac6a"},{"timestamp":1611069875113,"log":"ice: Chaitnya_83453f3f-456c-4e25-a95b-5f56eaa393b8 to Mansi_84b4e79e-99b1-45d0-ac4d-bcd2acbbac6a"},{"timestamp":1611069875113,"log":"ice: Chaitnya_83453f3f-456c-4e25-a95b-5f56eaa393b8 to Mansi_84b4e79e-99b1-45d0-ac4d-bcd2acbbac6a"},{"timestamp":1611069875346,"log":"connection with peer Mansi_84b4e79e-99b1-45d0-ac4d-bcd2acbbac6a checking"},{"timestamp":1611069875586,"log":"received sdp from peer : Mansi_84b4e79e-99b1-45d0-ac4d-bcd2acbbac6a"},{"timestamp":1611069875589,"log":"received ice from peer : Mansi_84b4e79e-99b1-45d0-ac4d-bcd2acbbac6a"},{"timestamp":1611069875598,"log":"connection with peer Mansi_84b4e79e-99b1-45d0-ac4d-bcd2acbbac6a connected"},{"timestamp":1611069875599,"log":"ice: Chaitnya_83453f3f-456c-4e25-a95b-5f56eaa393b8 to Mansi_84b4e79e-99b1-45d0-ac4d-bcd2acbbac6a"}]