[{"joining_timestamp":1611072295443,"available_slots":4},{"media_timestamp":1611072296951},{"timestamp":1611072471845,"Type":"child_added","available_slots":3,"child_id":"Pravin_8defaf3c-0911-4961-a8a2-e16c054f4e88"},{"timestamp":1611072492354,"Type":"child_added","available_slots":2,"child_id":"Anees_a5508ff5-cf87-4246-870b-6e766f2e5929"},{"timestamp":1611072500295,"Type":"child_added","available_slots":1,"child_id":"Moka_7d7cea5d-2292-43ce-8160-f81ccea9862c"},{"timestamp":1611072509052,"Type":"child_added","available_slots":0,"child_id":"Arnav_65f30109-12f0-4a00-80f7-57a83133daf6"}]