[{"joining_timestamp":1611072195478,"available_slots":4},{"timestamp":1611072264121,"Type":"child_added","available_slots":3,"child_id":"Chinmay_a321d479-46a9-45d4-987f-455eb2d3321f"},{"timestamp":1611072269631,"Type":"child_added","available_slots":2,"child_id":"Parth_a263f787-4d71-4318-94d1-8b1cdc8f9510"},{"timestamp":1611072275444,"Type":"child_added","available_slots":1,"child_id":"Prabhadh_0c2c68b6-c3af-413e-a283-995457b3a33b"},{"timestamp":1611072287292,"Type":"child_added","available_slots":0,"child_id":"Ashmesh_8687c9a5-c3fb-4484-a42c-dffd19a21047"}]