[{"timestamp":1611070385383,"log":{"from":"server","to":"Aditya_c3c843d3-6379-4114-a283-b551d0f28ab7","context":"PARENT","data":"{\"peer\":\"Arshpreet_41c83115-b013-4e5a-98fd-b730f7c850cb\"}"}},{"timestamp":1611070385383,"log":"Parent : Arshpreet_41c83115-b013-4e5a-98fd-b730f7c850cb"},{"timestamp":1611070385893,"log":{"from":"Arshpreet_41c83115-b013-4e5a-98fd-b730f7c850cb","to":"Aditya_c3c843d3-6379-4114-a283-b551d0f28ab7","context":"CONNECT_ACK","data":"{\"roomID\":\"123456\"}"}},{"timestamp":1611070385893,"log":"Connection ACK from parent : Arshpreet_41c83115-b013-4e5a-98fd-b730f7c850cb"},{"timestamp":1611070385896,"log":"received sdp from peer : Arshpreet_41c83115-b013-4e5a-98fd-b730f7c850cb"},{"timestamp":1611070385898,"log":"received ice from peer : Arshpreet_41c83115-b013-4e5a-98fd-b730f7c850cb"},{"timestamp":1611070385901,"log":"received ice from peer : Arshpreet_41c83115-b013-4e5a-98fd-b730f7c850cb"},{"timestamp":1611070385902,"log":"remote stream received"},{"timestamp":1611070385903,"log":{}},{"timestamp":1611070385903,"log":"remote stream received"},{"timestamp":1611070385903,"log":{}},{"timestamp":1611070385907,"log":"created description for peer : Arshpreet_41c83115-b013-4e5a-98fd-b730f7c850cb"},{"timestamp":1611070385918,"log":"connection with peer Arshpreet_41c83115-b013-4e5a-98fd-b730f7c850cb checking"},{"timestamp":1611070385919,"log":"ice: Aditya_c3c843d3-6379-4114-a283-b551d0f28ab7 to Arshpreet_41c83115-b013-4e5a-98fd-b730f7c850cb"},{"timestamp":1611070385919,"log":"connection with peer Arshpreet_41c83115-b013-4e5a-98fd-b730f7c850cb connected"},{"timestamp":1611070385919,"log":"ice: Aditya_c3c843d3-6379-4114-a283-b551d0f28ab7 to Arshpreet_41c83115-b013-4e5a-98fd-b730f7c850cb"},{"timestamp":1611070386141,"log":"received ice from peer : Arshpreet_41c83115-b013-4e5a-98fd-b730f7c850cb"},{"timestamp":1611070386142,"log":"received ice from peer : Arshpreet_41c83115-b013-4e5a-98fd-b730f7c850cb"}]