[{"joining_timestamp":1611072268417,"available_slots":4},{"media_timestamp":1611072269926},{"timestamp":1611072335234,"Type":"child_added","available_slots":3,"child_id":"Sankalp_5070585a-5c03-45fd-9d0a-94cb7b78cebb"},{"timestamp":1611072345577,"Type":"child_added","available_slots":2,"child_id":"Anshu_8bfdf48b-2a95-4693-9479-a9e262b37151"},{"timestamp":1611072357625,"Type":"child_added","available_slots":1,"child_id":"Jysamrani_4f259002-81e1-43ee-b6ee-738e01617b81"},{"timestamp":1611072373613,"Type":"child_added","available_slots":0,"child_id":"Shivam_d3c79d6a-f882-41f2-a578-970ee49ff3dd"}]