[{"timestamp":1611072590114,"log":{"from":"server","to":"Sumit_2d5a52ed-c783-419b-990c-94b0d91fcf25","context":"PARENT","data":"{\"peer\":\"ChinmaySahoo_eedc6722-1252-4ec7-86d5-54c965df35c5\"}"}},{"timestamp":1611072590114,"log":"Parent : ChinmaySahoo_eedc6722-1252-4ec7-86d5-54c965df35c5"},{"timestamp":1611072590602,"log":{"from":"ChinmaySahoo_eedc6722-1252-4ec7-86d5-54c965df35c5","to":"Sumit_2d5a52ed-c783-419b-990c-94b0d91fcf25","context":"CONNECT_ACK","data":"{\"roomID\":\"123456\"}"}},{"timestamp":1611072590602,"log":"Connection ACK from parent : ChinmaySahoo_eedc6722-1252-4ec7-86d5-54c965df35c5"},{"timestamp":1611072590614,"log":"received sdp from peer : ChinmaySahoo_eedc6722-1252-4ec7-86d5-54c965df35c5"},{"timestamp":1611072590617,"log":"received ice from peer : ChinmaySahoo_eedc6722-1252-4ec7-86d5-54c965df35c5"},{"timestamp":1611072590620,"log":"received ice from peer : ChinmaySahoo_eedc6722-1252-4ec7-86d5-54c965df35c5"},{"timestamp":1611072590621,"log":"remote stream received"},{"timestamp":1611072590622,"log":{}},{"timestamp":1611072590622,"log":"remote stream received"},{"timestamp":1611072590622,"log":{}},{"timestamp":1611072590629,"log":"created description for peer : ChinmaySahoo_eedc6722-1252-4ec7-86d5-54c965df35c5"},{"timestamp":1611072590634,"log":"connection with peer ChinmaySahoo_eedc6722-1252-4ec7-86d5-54c965df35c5 checking"},{"timestamp":1611072590635,"log":"ice: Sumit_2d5a52ed-c783-419b-990c-94b0d91fcf25 to ChinmaySahoo_eedc6722-1252-4ec7-86d5-54c965df35c5"},{"timestamp":1611072590636,"log":"connection with peer ChinmaySahoo_eedc6722-1252-4ec7-86d5-54c965df35c5 connected"},{"timestamp":1611072590637,"log":"ice: Sumit_2d5a52ed-c783-419b-990c-94b0d91fcf25 to ChinmaySahoo_eedc6722-1252-4ec7-86d5-54c965df35c5"},{"timestamp":1611072590643,"log":"received ice from peer : ChinmaySahoo_eedc6722-1252-4ec7-86d5-54c965df35c5"},{"timestamp":1611072590695,"log":"received ice from peer : ChinmaySahoo_eedc6722-1252-4ec7-86d5-54c965df35c5"}]