{"ChinmaySahoo_eedc6722-1252-4ec7-86d5-54c965df35c5":[{"from":"ChinmaySahoo_eedc6722-1252-4ec7-86d5-54c965df35c5","to":"Sumit_2d5a52ed-c783-419b-990c-94b0d91fcf25","Audio":{"timestamp":1611072594163.148,"packetsReceived":163,"packetsLost":0},"Type":"inbound-rtp","Video":{"timestamp":1611072594163.148,"packetsReceived":0,"packetsLost":0}},{"from":"ChinmaySahoo_eedc6722-1252-4ec7-86d5-54c965df35c5","to":"Sumit_2d5a52ed-c783-419b-990c-94b0d91fcf25","Audio":{"timestamp":1611072594163.148,"packetsReceived":163,"packetsLost":0},"Type":"inbound-rtp","Video":{"timestamp":1611072594163.148,"packetsReceived":0,"packetsLost":0}},{"from":"ChinmaySahoo_eedc6722-1252-4ec7-86d5-54c965df35c5","to":"Sumit_2d5a52ed-c783-419b-990c-94b0d91fcf25","Audio":{"timestamp":1611072599161.827,"packetsReceived":413,"packetsLost":0},"Type":"inbound-rtp","Video":{"timestamp":1611072599161.827,"packetsReceived":40,"packetsLost":0}},{"from":"ChinmaySahoo_eedc6722-1252-4ec7-86d5-54c965df35c5","to":"Sumit_2d5a52ed-c783-419b-990c-94b0d91fcf25","Audio":{"timestamp":1611072599161.827,"packetsReceived":413,"packetsLost":0},"Type":"inbound-rtp","Video":{"timestamp":1611072599161.827,"packetsReceived":40,"packetsLost":0}},{"from":"ChinmaySahoo_eedc6722-1252-4ec7-86d5-54c965df35c5","to":"Sumit_2d5a52ed-c783-419b-990c-94b0d91fcf25","Audio":{"timestamp":1611072604161.756,"packetsReceived":663,"packetsLost":0},"Type":"inbound-rtp","Video":{"timestamp":1611072604161.756,"packetsReceived":45,"packetsLost":0}},{"from":"ChinmaySahoo_eedc6722-1252-4ec7-86d5-54c965df35c5","to":"Sumit_2d5a52ed-c783-419b-990c-94b0d91fcf25","Audio":{"timestamp":1611072604161.756,"packetsReceived":663,"packetsLost":0},"Type":"inbound-rtp","Video":{"timestamp":1611072604161.756,"packetsReceived":45,"packetsLost":0}},{"from":"ChinmaySahoo_eedc6722-1252-4ec7-86d5-54c965df35c5","to":"Sumit_2d5a52ed-c783-419b-990c-94b0d91fcf25","Audio":{"timestamp":1611072609161.895,"packetsReceived":913,"packetsLost":0},"Type":"inbound-rtp","Video":{"timestamp":1611072609161.895,"packetsReceived":49,"packetsLost":0}},{"from":"ChinmaySahoo_eedc6722-1252-4ec7-86d5-54c965df35c5","to":"Sumit_2d5a52ed-c783-419b-990c-94b0d91fcf25","Audio":{"timestamp":1611072609161.895,"packetsReceived":913,"packetsLost":0},"Type":"inbound-rtp","Video":{"timestamp":1611072609161.895,"packetsReceived":49,"packetsLost":0}},{"from":"ChinmaySahoo_eedc6722-1252-4ec7-86d5-54c965df35c5","to":"Sumit_2d5a52ed-c783-419b-990c-94b0d91fcf25","Audio":{"timestamp":1611072614161.782,"packetsReceived":1163,"packetsLost":0},"Type":"inbound-rtp","Video":{"timestamp":1611072614161.782,"packetsReceived":54,"packetsLost":0}},{"from":"ChinmaySahoo_eedc6722-1252-4ec7-86d5-54c965df35c5","to":"Sumit_2d5a52ed-c783-419b-990c-94b0d91fcf25","Audio":{"timestamp":1611072614161.782,"packetsReceived":1163,"packetsLost":0},"Type":"inbound-rtp","Video":{"timestamp":1611072614161.782,"packetsReceived":54,"packetsLost":0}},{"from":"ChinmaySahoo_eedc6722-1252-4ec7-86d5-54c965df35c5","to":"Sumit_2d5a52ed-c783-419b-990c-94b0d91fcf25","Audio":{"timestamp":1611072619161.795,"packetsReceived":1413,"packetsLost":0},"Type":"inbound-rtp","Video":{"timestamp":1611072619161.795,"packetsReceived":59,"packetsLost":0}},{"from":"ChinmaySahoo_eedc6722-1252-4ec7-86d5-54c965df35c5","to":"Sumit_2d5a52ed-c783-419b-990c-94b0d91fcf25","Audio":{"timestamp":1611072619161.795,"packetsReceived":1413,"packetsLost":0},"Type":"inbound-rtp","Video":{"timestamp":1611072619161.795,"packetsReceived":59,"packetsLost":0}},{"from":"ChinmaySahoo_eedc6722-1252-4ec7-86d5-54c965df35c5","to":"Sumit_2d5a52ed-c783-419b-990c-94b0d91fcf25","Audio":{"timestamp":1611072624163.933,"packetsReceived":1663,"packetsLost":0},"Type":"inbound-rtp","Video":{"timestamp":1611072624163.933,"packetsReceived":63,"packetsLost":0}},{"from":"ChinmaySahoo_eedc6722-1252-4ec7-86d5-54c965df35c5","to":"Sumit_2d5a52ed-c783-419b-990c-94b0d91fcf25","Audio":{"timestamp":1611072624163.933,"packetsReceived":1663,"packetsLost":0},"Type":"inbound-rtp","Video":{"timestamp":1611072624163.933,"packetsReceived":63,"packetsLost":0}},{"from":"ChinmaySahoo_eedc6722-1252-4ec7-86d5-54c965df35c5","to":"Sumit_2d5a52ed-c783-419b-990c-94b0d91fcf25","Audio":{"timestamp":1611072629161.776,"packetsReceived":1913,"packetsLost":0},"Type":"inbound-rtp","Video":{"timestamp":1611072629161.776,"packetsReceived":68,"packetsLost":0}},{"from":"ChinmaySahoo_eedc6722-1252-4ec7-86d5-54c965df35c5","to":"Sumit_2d5a52ed-c783-419b-990c-94b0d91fcf25","Audio":{"timestamp":1611072629161.776,"packetsReceived":1913,"packetsLost":0},"Type":"inbound-rtp","Video":{"timestamp":1611072629161.776,"packetsReceived":68,"packetsLost":0}},{"from":"ChinmaySahoo_eedc6722-1252-4ec7-86d5-54c965df35c5","to":"Sumit_2d5a52ed-c783-419b-990c-94b0d91fcf25","Audio":{"timestamp":1611072634161.779,"packetsReceived":2163,"packetsLost":0},"Type":"inbound-rtp","Video":{"timestamp":1611072634161.779,"packetsReceived":73,"packetsLost":0}},{"from":"ChinmaySahoo_eedc6722-1252-4ec7-86d5-54c965df35c5","to":"Sumit_2d5a52ed-c783-419b-990c-94b0d91fcf25","Audio":{"timestamp":1611072634161.779,"packetsReceived":2163,"packetsLost":0},"Type":"inbound-rtp","Video":{"timestamp":1611072634161.779,"packetsReceived":73,"packetsLost":0}},{"from":"ChinmaySahoo_eedc6722-1252-4ec7-86d5-54c965df35c5","to":"Sumit_2d5a52ed-c783-419b-990c-94b0d91fcf25","Audio":{"timestamp":1611072639161.763,"packetsReceived":2413,"packetsLost":0},"Type":"inbound-rtp","Video":{"timestamp":1611072639161.763,"packetsReceived":77,"packetsLost":0}},{"from":"ChinmaySahoo_eedc6722-1252-4ec7-86d5-54c965df35c5","to":"Sumit_2d5a52ed-c783-419b-990c-94b0d91fcf25","Audio":{"timestamp":1611072639161.763,"packetsReceived":2413,"packetsLost":0},"Type":"inbound-rtp","Video":{"timestamp":1611072639161.763,"packetsReceived":77,"packetsLost":0}},{"from":"ChinmaySahoo_eedc6722-1252-4ec7-86d5-54c965df35c5","to":"Sumit_2d5a52ed-c783-419b-990c-94b0d91fcf25","Audio":{"timestamp":1611072644161.824,"packetsReceived":2663,"packetsLost":0},"Type":"inbound-rtp","Video":{"timestamp":1611072644161.824,"packetsReceived":82,"packetsLost":0}},{"from":"ChinmaySahoo_eedc6722-1252-4ec7-86d5-54c965df35c5","to":"Sumit_2d5a52ed-c783-419b-990c-94b0d91fcf25","Audio":{"timestamp":1611072644161.824,"packetsReceived":2663,"packetsLost":0},"Type":"inbound-rtp","Video":{"timestamp":1611072644161.824,"packetsReceived":82,"packetsLost":0}},{"from":"ChinmaySahoo_eedc6722-1252-4ec7-86d5-54c965df35c5","to":"Sumit_2d5a52ed-c783-419b-990c-94b0d91fcf25","Audio":{"timestamp":1611072649161.762,"packetsReceived":2913,"packetsLost":0},"Type":"inbound-rtp","Video":{"timestamp":1611072649161.762,"packetsReceived":87,"packetsLost":0}},{"from":"ChinmaySahoo_eedc6722-1252-4ec7-86d5-54c965df35c5","to":"Sumit_2d5a52ed-c783-419b-990c-94b0d91fcf25","Audio":{"timestamp":1611072649161.762,"packetsReceived":2913,"packetsLost":0},"Type":"inbound-rtp","Video":{"timestamp":1611072649161.762,"packetsReceived":87,"packetsLost":0}},{"from":"ChinmaySahoo_eedc6722-1252-4ec7-86d5-54c965df35c5","to":"Sumit_2d5a52ed-c783-419b-990c-94b0d91fcf25","Audio":{"timestamp":1611072654161.657,"packetsReceived":3163,"packetsLost":0},"Type":"inbound-rtp","Video":{"timestamp":1611072654161.657,"packetsReceived":92,"packetsLost":0}},{"from":"ChinmaySahoo_eedc6722-1252-4ec7-86d5-54c965df35c5","to":"Sumit_2d5a52ed-c783-419b-990c-94b0d91fcf25","Audio":{"timestamp":1611072654161.657,"packetsReceived":3163,"packetsLost":0},"Type":"inbound-rtp","Video":{"timestamp":1611072654161.657,"packetsReceived":92,"packetsLost":0}},{"from":"ChinmaySahoo_eedc6722-1252-4ec7-86d5-54c965df35c5","to":"Sumit_2d5a52ed-c783-419b-990c-94b0d91fcf25","Audio":{"timestamp":1611072659161.834,"packetsReceived":3413,"packetsLost":0},"Type":"inbound-rtp","Video":{"timestamp":1611072659161.834,"packetsReceived":96,"packetsLost":0}},{"from":"ChinmaySahoo_eedc6722-1252-4ec7-86d5-54c965df35c5","to":"Sumit_2d5a52ed-c783-419b-990c-94b0d91fcf25","Audio":{"timestamp":1611072659161.834,"packetsReceived":3413,"packetsLost":0},"Type":"inbound-rtp","Video":{"timestamp":1611072659161.834,"packetsReceived":96,"packetsLost":0}},{"from":"ChinmaySahoo_eedc6722-1252-4ec7-86d5-54c965df35c5","to":"Sumit_2d5a52ed-c783-419b-990c-94b0d91fcf25","Audio":{"timestamp":1611072664161.741,"packetsReceived":3663,"packetsLost":0},"Type":"inbound-rtp","Video":{"timestamp":1611072664161.741,"packetsReceived":162,"packetsLost":0}},{"from":"ChinmaySahoo_eedc6722-1252-4ec7-86d5-54c965df35c5","to":"Sumit_2d5a52ed-c783-419b-990c-94b0d91fcf25","Audio":{"timestamp":1611072664161.741,"packetsReceived":3663,"packetsLost":0},"Type":"inbound-rtp","Video":{"timestamp":1611072664161.741,"packetsReceived":162,"packetsLost":0}},{"from":"ChinmaySahoo_eedc6722-1252-4ec7-86d5-54c965df35c5","to":"Sumit_2d5a52ed-c783-419b-990c-94b0d91fcf25","Audio":{"timestamp":1611072669161.787,"packetsReceived":3913,"packetsLost":0},"Type":"inbound-rtp","Video":{"timestamp":1611072669161.787,"packetsReceived":167,"packetsLost":0}},{"from":"ChinmaySahoo_eedc6722-1252-4ec7-86d5-54c965df35c5","to":"Sumit_2d5a52ed-c783-419b-990c-94b0d91fcf25","Audio":{"timestamp":1611072669161.787,"packetsReceived":3913,"packetsLost":0},"Type":"inbound-rtp","Video":{"timestamp":1611072669161.787,"packetsReceived":167,"packetsLost":0}},{"from":"ChinmaySahoo_eedc6722-1252-4ec7-86d5-54c965df35c5","to":"Sumit_2d5a52ed-c783-419b-990c-94b0d91fcf25","Audio":{"timestamp":1611072674161.728,"packetsReceived":4163,"packetsLost":0},"Type":"inbound-rtp","Video":{"timestamp":1611072674161.728,"packetsReceived":171,"packetsLost":0}},{"from":"ChinmaySahoo_eedc6722-1252-4ec7-86d5-54c965df35c5","to":"Sumit_2d5a52ed-c783-419b-990c-94b0d91fcf25","Audio":{"timestamp":1611072674161.728,"packetsReceived":4163,"packetsLost":0},"Type":"inbound-rtp","Video":{"timestamp":1611072674161.728,"packetsReceived":171,"packetsLost":0}},{"from":"ChinmaySahoo_eedc6722-1252-4ec7-86d5-54c965df35c5","to":"Sumit_2d5a52ed-c783-419b-990c-94b0d91fcf25","Audio":{"timestamp":1611072679161.79,"packetsReceived":4413,"packetsLost":0},"Type":"inbound-rtp","Video":{"timestamp":1611072679161.79,"packetsReceived":177,"packetsLost":0}},{"from":"ChinmaySahoo_eedc6722-1252-4ec7-86d5-54c965df35c5","to":"Sumit_2d5a52ed-c783-419b-990c-94b0d91fcf25","Audio":{"timestamp":1611072679161.79,"packetsReceived":4413,"packetsLost":0},"Type":"inbound-rtp","Video":{"timestamp":1611072679161.79,"packetsReceived":177,"packetsLost":0}},{"from":"ChinmaySahoo_eedc6722-1252-4ec7-86d5-54c965df35c5","to":"Sumit_2d5a52ed-c783-419b-990c-94b0d91fcf25","Audio":{"timestamp":1611072684161.704,"packetsReceived":4663,"packetsLost":0},"Type":"inbound-rtp","Video":{"timestamp":1611072684161.704,"packetsReceived":183,"packetsLost":0}},{"from":"ChinmaySahoo_eedc6722-1252-4ec7-86d5-54c965df35c5","to":"Sumit_2d5a52ed-c783-419b-990c-94b0d91fcf25","Audio":{"timestamp":1611072684161.704,"packetsReceived":4663,"packetsLost":0},"Type":"inbound-rtp","Video":{"timestamp":1611072684161.704,"packetsReceived":183,"packetsLost":0}},{"from":"ChinmaySahoo_eedc6722-1252-4ec7-86d5-54c965df35c5","to":"Sumit_2d5a52ed-c783-419b-990c-94b0d91fcf25","Audio":{"timestamp":1611072689161.793,"packetsReceived":4913,"packetsLost":0},"Type":"inbound-rtp","Video":{"timestamp":1611072689161.793,"packetsReceived":189,"packetsLost":0}},{"from":"ChinmaySahoo_eedc6722-1252-4ec7-86d5-54c965df35c5","to":"Sumit_2d5a52ed-c783-419b-990c-94b0d91fcf25","Audio":{"timestamp":1611072689161.793,"packetsReceived":4913,"packetsLost":0},"Type":"inbound-rtp","Video":{"timestamp":1611072689161.793,"packetsReceived":189,"packetsLost":0}},{"from":"ChinmaySahoo_eedc6722-1252-4ec7-86d5-54c965df35c5","to":"Sumit_2d5a52ed-c783-419b-990c-94b0d91fcf25","Audio":{"timestamp":1611072694161.754,"packetsReceived":5163,"packetsLost":0},"Type":"inbound-rtp","Video":{"timestamp":1611072694161.754,"packetsReceived":197,"packetsLost":0}},{"from":"ChinmaySahoo_eedc6722-1252-4ec7-86d5-54c965df35c5","to":"Sumit_2d5a52ed-c783-419b-990c-94b0d91fcf25","Audio":{"timestamp":1611072694161.754,"packetsReceived":5163,"packetsLost":0},"Type":"inbound-rtp","Video":{"timestamp":1611072694161.754,"packetsReceived":197,"packetsLost":0}},{"from":"ChinmaySahoo_eedc6722-1252-4ec7-86d5-54c965df35c5","to":"Sumit_2d5a52ed-c783-419b-990c-94b0d91fcf25","Audio":{"timestamp":1611072699161.741,"packetsReceived":5413,"packetsLost":0},"Type":"inbound-rtp","Video":{"timestamp":1611072699161.741,"packetsReceived":206,"packetsLost":0}},{"from":"ChinmaySahoo_eedc6722-1252-4ec7-86d5-54c965df35c5","to":"Sumit_2d5a52ed-c783-419b-990c-94b0d91fcf25","Audio":{"timestamp":1611072699161.741,"packetsReceived":5413,"packetsLost":0},"Type":"inbound-rtp","Video":{"timestamp":1611072699161.741,"packetsReceived":206,"packetsLost":0}},{"from":"ChinmaySahoo_eedc6722-1252-4ec7-86d5-54c965df35c5","to":"Sumit_2d5a52ed-c783-419b-990c-94b0d91fcf25","Audio":{"timestamp":1611072704161.74,"packetsReceived":5662,"packetsLost":0},"Type":"inbound-rtp","Video":{"timestamp":1611072704161.74,"packetsReceived":210,"packetsLost":0}},{"from":"ChinmaySahoo_eedc6722-1252-4ec7-86d5-54c965df35c5","to":"Sumit_2d5a52ed-c783-419b-990c-94b0d91fcf25","Audio":{"timestamp":1611072704161.74,"packetsReceived":5662,"packetsLost":0},"Type":"inbound-rtp","Video":{"timestamp":1611072704161.74,"packetsReceived":210,"packetsLost":0}},{"from":"ChinmaySahoo_eedc6722-1252-4ec7-86d5-54c965df35c5","to":"Sumit_2d5a52ed-c783-419b-990c-94b0d91fcf25","Audio":{"timestamp":1611072709161.774,"packetsReceived":5913,"packetsLost":0},"Type":"inbound-rtp","Video":{"timestamp":1611072709161.774,"packetsReceived":215,"packetsLost":0}},{"from":"ChinmaySahoo_eedc6722-1252-4ec7-86d5-54c965df35c5","to":"Sumit_2d5a52ed-c783-419b-990c-94b0d91fcf25","Audio":{"timestamp":1611072709161.774,"packetsReceived":5913,"packetsLost":0},"Type":"inbound-rtp","Video":{"timestamp":1611072709161.774,"packetsReceived":215,"packetsLost":0}},{"from":"ChinmaySahoo_eedc6722-1252-4ec7-86d5-54c965df35c5","to":"Sumit_2d5a52ed-c783-419b-990c-94b0d91fcf25","Audio":{"timestamp":1611072714161.784,"packetsReceived":6163,"packetsLost":0},"Type":"inbound-rtp","Video":{"timestamp":1611072714161.784,"packetsReceived":220,"packetsLost":0}},{"from":"ChinmaySahoo_eedc6722-1252-4ec7-86d5-54c965df35c5","to":"Sumit_2d5a52ed-c783-419b-990c-94b0d91fcf25","Audio":{"timestamp":1611072714161.784,"packetsReceived":6163,"packetsLost":0},"Type":"inbound-rtp","Video":{"timestamp":1611072714161.784,"packetsReceived":220,"packetsLost":0}},{"from":"ChinmaySahoo_eedc6722-1252-4ec7-86d5-54c965df35c5","to":"Sumit_2d5a52ed-c783-419b-990c-94b0d91fcf25","Audio":{"timestamp":1611072719161.719,"packetsReceived":6413,"packetsLost":0},"Type":"inbound-rtp","Video":{"timestamp":1611072719161.719,"packetsReceived":225,"packetsLost":0}},{"from":"ChinmaySahoo_eedc6722-1252-4ec7-86d5-54c965df35c5","to":"Sumit_2d5a52ed-c783-419b-990c-94b0d91fcf25","Audio":{"timestamp":1611072719161.719,"packetsReceived":6413,"packetsLost":0},"Type":"inbound-rtp","Video":{"timestamp":1611072719161.719,"packetsReceived":225,"packetsLost":0}},{"from":"ChinmaySahoo_eedc6722-1252-4ec7-86d5-54c965df35c5","to":"Sumit_2d5a52ed-c783-419b-990c-94b0d91fcf25","Audio":{"timestamp":1611072724161.741,"packetsReceived":6663,"packetsLost":0},"Type":"inbound-rtp","Video":{"timestamp":1611072724161.741,"packetsReceived":247,"packetsLost":0}},{"from":"ChinmaySahoo_eedc6722-1252-4ec7-86d5-54c965df35c5","to":"Sumit_2d5a52ed-c783-419b-990c-94b0d91fcf25","Audio":{"timestamp":1611072724161.741,"packetsReceived":6663,"packetsLost":0},"Type":"inbound-rtp","Video":{"timestamp":1611072724161.741,"packetsReceived":247,"packetsLost":0}},{"from":"ChinmaySahoo_eedc6722-1252-4ec7-86d5-54c965df35c5","to":"Sumit_2d5a52ed-c783-419b-990c-94b0d91fcf25","Audio":{"timestamp":1611072729161.72,"packetsReceived":6913,"packetsLost":0},"Type":"inbound-rtp","Video":{"timestamp":1611072729161.72,"packetsReceived":355,"packetsLost":0}},{"from":"ChinmaySahoo_eedc6722-1252-4ec7-86d5-54c965df35c5","to":"Sumit_2d5a52ed-c783-419b-990c-94b0d91fcf25","Audio":{"timestamp":1611072729161.72,"packetsReceived":6913,"packetsLost":0},"Type":"inbound-rtp","Video":{"timestamp":1611072729161.72,"packetsReceived":355,"packetsLost":0}},{"from":"ChinmaySahoo_eedc6722-1252-4ec7-86d5-54c965df35c5","to":"Sumit_2d5a52ed-c783-419b-990c-94b0d91fcf25","Audio":{"timestamp":1611072734161.889,"packetsReceived":7162,"packetsLost":0},"Type":"inbound-rtp","Video":{"timestamp":1611072734161.889,"packetsReceived":473,"packetsLost":0}},{"from":"ChinmaySahoo_eedc6722-1252-4ec7-86d5-54c965df35c5","to":"Sumit_2d5a52ed-c783-419b-990c-94b0d91fcf25","Audio":{"timestamp":1611072734161.889,"packetsReceived":7162,"packetsLost":0},"Type":"inbound-rtp","Video":{"timestamp":1611072734161.889,"packetsReceived":473,"packetsLost":0}},{"from":"ChinmaySahoo_eedc6722-1252-4ec7-86d5-54c965df35c5","to":"Sumit_2d5a52ed-c783-419b-990c-94b0d91fcf25","Audio":{"timestamp":1611072739161.718,"packetsReceived":7413,"packetsLost":0},"Type":"inbound-rtp","Video":{"timestamp":1611072739161.718,"packetsReceived":490,"packetsLost":0}},{"from":"ChinmaySahoo_eedc6722-1252-4ec7-86d5-54c965df35c5","to":"Sumit_2d5a52ed-c783-419b-990c-94b0d91fcf25","Audio":{"timestamp":1611072739161.718,"packetsReceived":7413,"packetsLost":0},"Type":"inbound-rtp","Video":{"timestamp":1611072739161.718,"packetsReceived":490,"packetsLost":0}},{"from":"ChinmaySahoo_eedc6722-1252-4ec7-86d5-54c965df35c5","to":"Sumit_2d5a52ed-c783-419b-990c-94b0d91fcf25","Audio":{"timestamp":1611072744161.78,"packetsReceived":7663,"packetsLost":0},"Type":"inbound-rtp","Video":{"timestamp":1611072744161.78,"packetsReceived":505,"packetsLost":0}},{"from":"ChinmaySahoo_eedc6722-1252-4ec7-86d5-54c965df35c5","to":"Sumit_2d5a52ed-c783-419b-990c-94b0d91fcf25","Audio":{"timestamp":1611072744161.78,"packetsReceived":7663,"packetsLost":0},"Type":"inbound-rtp","Video":{"timestamp":1611072744161.78,"packetsReceived":505,"packetsLost":0}},{"from":"ChinmaySahoo_eedc6722-1252-4ec7-86d5-54c965df35c5","to":"Sumit_2d5a52ed-c783-419b-990c-94b0d91fcf25","Audio":{"timestamp":1611072749161.86,"packetsReceived":7913,"packetsLost":0},"Type":"inbound-rtp","Video":{"timestamp":1611072749161.86,"packetsReceived":517,"packetsLost":0}},{"from":"ChinmaySahoo_eedc6722-1252-4ec7-86d5-54c965df35c5","to":"Sumit_2d5a52ed-c783-419b-990c-94b0d91fcf25","Audio":{"timestamp":1611072749161.86,"packetsReceived":7913,"packetsLost":0},"Type":"inbound-rtp","Video":{"timestamp":1611072749161.86,"packetsReceived":517,"packetsLost":0}},{"from":"ChinmaySahoo_eedc6722-1252-4ec7-86d5-54c965df35c5","to":"Sumit_2d5a52ed-c783-419b-990c-94b0d91fcf25","Audio":{"timestamp":1611072754161.797,"packetsReceived":8163,"packetsLost":0},"Type":"inbound-rtp","Video":{"timestamp":1611072754161.797,"packetsReceived":532,"packetsLost":0}},{"from":"ChinmaySahoo_eedc6722-1252-4ec7-86d5-54c965df35c5","to":"Sumit_2d5a52ed-c783-419b-990c-94b0d91fcf25","Audio":{"timestamp":1611072754161.797,"packetsReceived":8163,"packetsLost":0},"Type":"inbound-rtp","Video":{"timestamp":1611072754161.797,"packetsReceived":532,"packetsLost":0}},{"from":"ChinmaySahoo_eedc6722-1252-4ec7-86d5-54c965df35c5","to":"Sumit_2d5a52ed-c783-419b-990c-94b0d91fcf25","Audio":{"timestamp":1611072759161.78,"packetsReceived":8413,"packetsLost":0},"Type":"inbound-rtp","Video":{"timestamp":1611072759161.78,"packetsReceived":547,"packetsLost":0}},{"from":"ChinmaySahoo_eedc6722-1252-4ec7-86d5-54c965df35c5","to":"Sumit_2d5a52ed-c783-419b-990c-94b0d91fcf25","Audio":{"timestamp":1611072759161.78,"packetsReceived":8413,"packetsLost":0},"Type":"inbound-rtp","Video":{"timestamp":1611072759161.78,"packetsReceived":547,"packetsLost":0}},{"from":"ChinmaySahoo_eedc6722-1252-4ec7-86d5-54c965df35c5","to":"Sumit_2d5a52ed-c783-419b-990c-94b0d91fcf25","Audio":{"timestamp":1611072764161.794,"packetsReceived":8663,"packetsLost":0},"Type":"inbound-rtp","Video":{"timestamp":1611072764161.794,"packetsReceived":560,"packetsLost":0}},{"from":"ChinmaySahoo_eedc6722-1252-4ec7-86d5-54c965df35c5","to":"Sumit_2d5a52ed-c783-419b-990c-94b0d91fcf25","Audio":{"timestamp":1611072764161.794,"packetsReceived":8663,"packetsLost":0},"Type":"inbound-rtp","Video":{"timestamp":1611072764161.794,"packetsReceived":560,"packetsLost":0}},{"from":"ChinmaySahoo_eedc6722-1252-4ec7-86d5-54c965df35c5","to":"Sumit_2d5a52ed-c783-419b-990c-94b0d91fcf25","Audio":{"timestamp":1611072769161.771,"packetsReceived":8913,"packetsLost":0},"Type":"inbound-rtp","Video":{"timestamp":1611072769161.771,"packetsReceived":577,"packetsLost":0}},{"from":"ChinmaySahoo_eedc6722-1252-4ec7-86d5-54c965df35c5","to":"Sumit_2d5a52ed-c783-419b-990c-94b0d91fcf25","Audio":{"timestamp":1611072769161.771,"packetsReceived":8913,"packetsLost":0},"Type":"inbound-rtp","Video":{"timestamp":1611072769161.771,"packetsReceived":577,"packetsLost":0}},{"from":"ChinmaySahoo_eedc6722-1252-4ec7-86d5-54c965df35c5","to":"Sumit_2d5a52ed-c783-419b-990c-94b0d91fcf25","Audio":{"timestamp":1611072774161.78,"packetsReceived":9163,"packetsLost":0},"Type":"inbound-rtp","Video":{"timestamp":1611072774161.78,"packetsReceived":592,"packetsLost":0}},{"from":"ChinmaySahoo_eedc6722-1252-4ec7-86d5-54c965df35c5","to":"Sumit_2d5a52ed-c783-419b-990c-94b0d91fcf25","Audio":{"timestamp":1611072774161.78,"packetsReceived":9163,"packetsLost":0},"Type":"inbound-rtp","Video":{"timestamp":1611072774161.78,"packetsReceived":592,"packetsLost":0}},{"from":"ChinmaySahoo_eedc6722-1252-4ec7-86d5-54c965df35c5","to":"Sumit_2d5a52ed-c783-419b-990c-94b0d91fcf25","Audio":{"timestamp":1611072779161.728,"packetsReceived":9413,"packetsLost":0},"Type":"inbound-rtp","Video":{"timestamp":1611072779161.728,"packetsReceived":604,"packetsLost":0}},{"from":"ChinmaySahoo_eedc6722-1252-4ec7-86d5-54c965df35c5","to":"Sumit_2d5a52ed-c783-419b-990c-94b0d91fcf25","Audio":{"timestamp":1611072779161.728,"packetsReceived":9413,"packetsLost":0},"Type":"inbound-rtp","Video":{"timestamp":1611072779161.728,"packetsReceived":604,"packetsLost":0}},{"from":"ChinmaySahoo_eedc6722-1252-4ec7-86d5-54c965df35c5","to":"Sumit_2d5a52ed-c783-419b-990c-94b0d91fcf25","Audio":{"timestamp":1611072784161.9,"packetsReceived":9663,"packetsLost":0},"Type":"inbound-rtp","Video":{"timestamp":1611072784161.9,"packetsReceived":619,"packetsLost":0}},{"from":"ChinmaySahoo_eedc6722-1252-4ec7-86d5-54c965df35c5","to":"Sumit_2d5a52ed-c783-419b-990c-94b0d91fcf25","Audio":{"timestamp":1611072784161.9,"packetsReceived":9663,"packetsLost":0},"Type":"inbound-rtp","Video":{"timestamp":1611072784161.9,"packetsReceived":619,"packetsLost":0}},{"from":"ChinmaySahoo_eedc6722-1252-4ec7-86d5-54c965df35c5","to":"Sumit_2d5a52ed-c783-419b-990c-94b0d91fcf25","Audio":{"timestamp":1611072789161.913,"packetsReceived":9913,"packetsLost":0},"Type":"inbound-rtp","Video":{"timestamp":1611072789161.913,"packetsReceived":743,"packetsLost":0}},{"from":"ChinmaySahoo_eedc6722-1252-4ec7-86d5-54c965df35c5","to":"Sumit_2d5a52ed-c783-419b-990c-94b0d91fcf25","Audio":{"timestamp":1611072789161.913,"packetsReceived":9913,"packetsLost":0},"Type":"inbound-rtp","Video":{"timestamp":1611072789161.913,"packetsReceived":743,"packetsLost":0}},{"from":"ChinmaySahoo_eedc6722-1252-4ec7-86d5-54c965df35c5","to":"Sumit_2d5a52ed-c783-419b-990c-94b0d91fcf25","Audio":{"timestamp":1611072794161.75,"packetsReceived":10163,"packetsLost":0},"Type":"inbound-rtp","Video":{"timestamp":1611072794161.75,"packetsReceived":825,"packetsLost":0}},{"from":"ChinmaySahoo_eedc6722-1252-4ec7-86d5-54c965df35c5","to":"Sumit_2d5a52ed-c783-419b-990c-94b0d91fcf25","Audio":{"timestamp":1611072794161.75,"packetsReceived":10163,"packetsLost":0},"Type":"inbound-rtp","Video":{"timestamp":1611072794161.75,"packetsReceived":825,"packetsLost":0}},{"from":"ChinmaySahoo_eedc6722-1252-4ec7-86d5-54c965df35c5","to":"Sumit_2d5a52ed-c783-419b-990c-94b0d91fcf25","Audio":{"timestamp":1611072799161.762,"packetsReceived":10413,"packetsLost":0},"Type":"inbound-rtp","Video":{"timestamp":1611072799161.762,"packetsReceived":850,"packetsLost":0}},{"from":"ChinmaySahoo_eedc6722-1252-4ec7-86d5-54c965df35c5","to":"Sumit_2d5a52ed-c783-419b-990c-94b0d91fcf25","Audio":{"timestamp":1611072799161.762,"packetsReceived":10413,"packetsLost":0},"Type":"inbound-rtp","Video":{"timestamp":1611072799161.762,"packetsReceived":850,"packetsLost":0}},{"from":"ChinmaySahoo_eedc6722-1252-4ec7-86d5-54c965df35c5","to":"Sumit_2d5a52ed-c783-419b-990c-94b0d91fcf25","Audio":{"timestamp":1611072804161.762,"packetsReceived":10663,"packetsLost":0},"Type":"inbound-rtp","Video":{"timestamp":1611072804161.762,"packetsReceived":873,"packetsLost":0}},{"from":"ChinmaySahoo_eedc6722-1252-4ec7-86d5-54c965df35c5","to":"Sumit_2d5a52ed-c783-419b-990c-94b0d91fcf25","Audio":{"timestamp":1611072804161.762,"packetsReceived":10663,"packetsLost":0},"Type":"inbound-rtp","Video":{"timestamp":1611072804161.762,"packetsReceived":873,"packetsLost":0}},{"from":"ChinmaySahoo_eedc6722-1252-4ec7-86d5-54c965df35c5","to":"Sumit_2d5a52ed-c783-419b-990c-94b0d91fcf25","Audio":{"timestamp":1611072809161.745,"packetsReceived":10913,"packetsLost":0},"Type":"inbound-rtp","Video":{"timestamp":1611072809161.745,"packetsReceived":893,"packetsLost":0}},{"from":"ChinmaySahoo_eedc6722-1252-4ec7-86d5-54c965df35c5","to":"Sumit_2d5a52ed-c783-419b-990c-94b0d91fcf25","Audio":{"timestamp":1611072809161.745,"packetsReceived":10913,"packetsLost":0},"Type":"inbound-rtp","Video":{"timestamp":1611072809161.745,"packetsReceived":893,"packetsLost":0}},{"from":"ChinmaySahoo_eedc6722-1252-4ec7-86d5-54c965df35c5","to":"Sumit_2d5a52ed-c783-419b-990c-94b0d91fcf25","Audio":{"timestamp":1611072814161.707,"packetsReceived":11163,"packetsLost":0},"Type":"inbound-rtp","Video":{"timestamp":1611072814161.707,"packetsReceived":909,"packetsLost":0}},{"from":"ChinmaySahoo_eedc6722-1252-4ec7-86d5-54c965df35c5","to":"Sumit_2d5a52ed-c783-419b-990c-94b0d91fcf25","Audio":{"timestamp":1611072814161.707,"packetsReceived":11163,"packetsLost":0},"Type":"inbound-rtp","Video":{"timestamp":1611072814161.707,"packetsReceived":909,"packetsLost":0}},{"from":"ChinmaySahoo_eedc6722-1252-4ec7-86d5-54c965df35c5","to":"Sumit_2d5a52ed-c783-419b-990c-94b0d91fcf25","Audio":{"timestamp":1611072819161.815,"packetsReceived":11413,"packetsLost":0},"Type":"inbound-rtp","Video":{"timestamp":1611072819161.815,"packetsReceived":929,"packetsLost":0}},{"from":"ChinmaySahoo_eedc6722-1252-4ec7-86d5-54c965df35c5","to":"Sumit_2d5a52ed-c783-419b-990c-94b0d91fcf25","Audio":{"timestamp":1611072819161.815,"packetsReceived":11413,"packetsLost":0},"Type":"inbound-rtp","Video":{"timestamp":1611072819161.815,"packetsReceived":929,"packetsLost":0}},{"from":"ChinmaySahoo_eedc6722-1252-4ec7-86d5-54c965df35c5","to":"Sumit_2d5a52ed-c783-419b-990c-94b0d91fcf25","Audio":{"timestamp":1611072824161.721,"packetsReceived":11663,"packetsLost":0},"Type":"inbound-rtp","Video":{"timestamp":1611072824161.721,"packetsReceived":950,"packetsLost":0}},{"from":"ChinmaySahoo_eedc6722-1252-4ec7-86d5-54c965df35c5","to":"Sumit_2d5a52ed-c783-419b-990c-94b0d91fcf25","Audio":{"timestamp":1611072824161.721,"packetsReceived":11663,"packetsLost":0},"Type":"inbound-rtp","Video":{"timestamp":1611072824161.721,"packetsReceived":950,"packetsLost":0}},{"from":"ChinmaySahoo_eedc6722-1252-4ec7-86d5-54c965df35c5","to":"Sumit_2d5a52ed-c783-419b-990c-94b0d91fcf25","Audio":{"timestamp":1611072829161.747,"packetsReceived":11913,"packetsLost":0},"Type":"inbound-rtp","Video":{"timestamp":1611072829161.747,"packetsReceived":966,"packetsLost":0}},{"from":"ChinmaySahoo_eedc6722-1252-4ec7-86d5-54c965df35c5","to":"Sumit_2d5a52ed-c783-419b-990c-94b0d91fcf25","Audio":{"timestamp":1611072829161.747,"packetsReceived":11913,"packetsLost":0},"Type":"inbound-rtp","Video":{"timestamp":1611072829161.747,"packetsReceived":966,"packetsLost":0}},{"from":"ChinmaySahoo_eedc6722-1252-4ec7-86d5-54c965df35c5","to":"Sumit_2d5a52ed-c783-419b-990c-94b0d91fcf25","Audio":{"timestamp":1611072834161.708,"packetsReceived":12163,"packetsLost":0},"Type":"inbound-rtp","Video":{"timestamp":1611072834161.708,"packetsReceived":986,"packetsLost":0}},{"from":"ChinmaySahoo_eedc6722-1252-4ec7-86d5-54c965df35c5","to":"Sumit_2d5a52ed-c783-419b-990c-94b0d91fcf25","Audio":{"timestamp":1611072834161.708,"packetsReceived":12163,"packetsLost":0},"Type":"inbound-rtp","Video":{"timestamp":1611072834161.708,"packetsReceived":986,"packetsLost":0}},{"from":"ChinmaySahoo_eedc6722-1252-4ec7-86d5-54c965df35c5","to":"Sumit_2d5a52ed-c783-419b-990c-94b0d91fcf25","Audio":{"timestamp":1611072839161.795,"packetsReceived":12413,"packetsLost":0},"Type":"inbound-rtp","Video":{"timestamp":1611072839161.795,"packetsReceived":1006,"packetsLost":0}},{"from":"ChinmaySahoo_eedc6722-1252-4ec7-86d5-54c965df35c5","to":"Sumit_2d5a52ed-c783-419b-990c-94b0d91fcf25","Audio":{"timestamp":1611072839161.795,"packetsReceived":12413,"packetsLost":0},"Type":"inbound-rtp","Video":{"timestamp":1611072839161.795,"packetsReceived":1006,"packetsLost":0}},{"from":"ChinmaySahoo_eedc6722-1252-4ec7-86d5-54c965df35c5","to":"Sumit_2d5a52ed-c783-419b-990c-94b0d91fcf25","Audio":{"timestamp":1611072844161.826,"packetsReceived":12663,"packetsLost":0},"Type":"inbound-rtp","Video":{"timestamp":1611072844161.826,"packetsReceived":1022,"packetsLost":0}},{"from":"ChinmaySahoo_eedc6722-1252-4ec7-86d5-54c965df35c5","to":"Sumit_2d5a52ed-c783-419b-990c-94b0d91fcf25","Audio":{"timestamp":1611072844161.826,"packetsReceived":12663,"packetsLost":0},"Type":"inbound-rtp","Video":{"timestamp":1611072844161.826,"packetsReceived":1022,"packetsLost":0}},{"from":"ChinmaySahoo_eedc6722-1252-4ec7-86d5-54c965df35c5","to":"Sumit_2d5a52ed-c783-419b-990c-94b0d91fcf25","Audio":{"timestamp":1611072849161.694,"packetsReceived":12913,"packetsLost":0},"Type":"inbound-rtp","Video":{"timestamp":1611072849161.694,"packetsReceived":1045,"packetsLost":0}},{"from":"ChinmaySahoo_eedc6722-1252-4ec7-86d5-54c965df35c5","to":"Sumit_2d5a52ed-c783-419b-990c-94b0d91fcf25","Audio":{"timestamp":1611072849161.694,"packetsReceived":12913,"packetsLost":0},"Type":"inbound-rtp","Video":{"timestamp":1611072849161.694,"packetsReceived":1045,"packetsLost":0}},{"from":"ChinmaySahoo_eedc6722-1252-4ec7-86d5-54c965df35c5","to":"Sumit_2d5a52ed-c783-419b-990c-94b0d91fcf25","Audio":{"timestamp":1611072854161.721,"packetsReceived":13163,"packetsLost":0},"Type":"inbound-rtp","Video":{"timestamp":1611072854161.721,"packetsReceived":1065,"packetsLost":0}},{"from":"ChinmaySahoo_eedc6722-1252-4ec7-86d5-54c965df35c5","to":"Sumit_2d5a52ed-c783-419b-990c-94b0d91fcf25","Audio":{"timestamp":1611072854161.721,"packetsReceived":13163,"packetsLost":0},"Type":"inbound-rtp","Video":{"timestamp":1611072854161.721,"packetsReceived":1065,"packetsLost":0}},{"from":"ChinmaySahoo_eedc6722-1252-4ec7-86d5-54c965df35c5","to":"Sumit_2d5a52ed-c783-419b-990c-94b0d91fcf25","Audio":{"timestamp":1611072859161.792,"packetsReceived":13413,"packetsLost":0},"Type":"inbound-rtp","Video":{"timestamp":1611072859161.792,"packetsReceived":1081,"packetsLost":0}},{"from":"ChinmaySahoo_eedc6722-1252-4ec7-86d5-54c965df35c5","to":"Sumit_2d5a52ed-c783-419b-990c-94b0d91fcf25","Audio":{"timestamp":1611072859161.792,"packetsReceived":13413,"packetsLost":0},"Type":"inbound-rtp","Video":{"timestamp":1611072859161.792,"packetsReceived":1081,"packetsLost":0}},{"from":"ChinmaySahoo_eedc6722-1252-4ec7-86d5-54c965df35c5","to":"Sumit_2d5a52ed-c783-419b-990c-94b0d91fcf25","Audio":{"timestamp":1611072864161.784,"packetsReceived":13663,"packetsLost":0},"Type":"inbound-rtp","Video":{"timestamp":1611072864161.784,"packetsReceived":1101,"packetsLost":0}},{"from":"ChinmaySahoo_eedc6722-1252-4ec7-86d5-54c965df35c5","to":"Sumit_2d5a52ed-c783-419b-990c-94b0d91fcf25","Audio":{"timestamp":1611072864161.784,"packetsReceived":13663,"packetsLost":0},"Type":"inbound-rtp","Video":{"timestamp":1611072864161.784,"packetsReceived":1101,"packetsLost":0}},{"from":"ChinmaySahoo_eedc6722-1252-4ec7-86d5-54c965df35c5","to":"Sumit_2d5a52ed-c783-419b-990c-94b0d91fcf25","Audio":{"timestamp":1611072869161.774,"packetsReceived":13913,"packetsLost":0},"Type":"inbound-rtp","Video":{"timestamp":1611072869161.774,"packetsReceived":1181,"packetsLost":0}},{"from":"ChinmaySahoo_eedc6722-1252-4ec7-86d5-54c965df35c5","to":"Sumit_2d5a52ed-c783-419b-990c-94b0d91fcf25","Audio":{"timestamp":1611072869161.774,"packetsReceived":13913,"packetsLost":0},"Type":"inbound-rtp","Video":{"timestamp":1611072869161.774,"packetsReceived":1181,"packetsLost":0}},{"from":"ChinmaySahoo_eedc6722-1252-4ec7-86d5-54c965df35c5","to":"Sumit_2d5a52ed-c783-419b-990c-94b0d91fcf25","Audio":{"timestamp":1611072874161.725,"packetsReceived":14163,"packetsLost":0},"Type":"inbound-rtp","Video":{"timestamp":1611072874161.725,"packetsReceived":1213,"packetsLost":0}},{"from":"ChinmaySahoo_eedc6722-1252-4ec7-86d5-54c965df35c5","to":"Sumit_2d5a52ed-c783-419b-990c-94b0d91fcf25","Audio":{"timestamp":1611072874161.725,"packetsReceived":14163,"packetsLost":0},"Type":"inbound-rtp","Video":{"timestamp":1611072874161.725,"packetsReceived":1213,"packetsLost":0}},{"from":"ChinmaySahoo_eedc6722-1252-4ec7-86d5-54c965df35c5","to":"Sumit_2d5a52ed-c783-419b-990c-94b0d91fcf25","Audio":{"timestamp":1611072879161.808,"packetsReceived":14413,"packetsLost":0},"Type":"inbound-rtp","Video":{"timestamp":1611072879161.808,"packetsReceived":1228,"packetsLost":0}},{"from":"ChinmaySahoo_eedc6722-1252-4ec7-86d5-54c965df35c5","to":"Sumit_2d5a52ed-c783-419b-990c-94b0d91fcf25","Audio":{"timestamp":1611072879161.808,"packetsReceived":14413,"packetsLost":0},"Type":"inbound-rtp","Video":{"timestamp":1611072879161.808,"packetsReceived":1228,"packetsLost":0}},{"from":"ChinmaySahoo_eedc6722-1252-4ec7-86d5-54c965df35c5","to":"Sumit_2d5a52ed-c783-419b-990c-94b0d91fcf25","Audio":{"timestamp":1611072884161.719,"packetsReceived":14663,"packetsLost":0},"Type":"inbound-rtp","Video":{"timestamp":1611072884161.719,"packetsReceived":1243,"packetsLost":0}},{"from":"ChinmaySahoo_eedc6722-1252-4ec7-86d5-54c965df35c5","to":"Sumit_2d5a52ed-c783-419b-990c-94b0d91fcf25","Audio":{"timestamp":1611072884161.719,"packetsReceived":14663,"packetsLost":0},"Type":"inbound-rtp","Video":{"timestamp":1611072884161.719,"packetsReceived":1243,"packetsLost":0}},{"from":"ChinmaySahoo_eedc6722-1252-4ec7-86d5-54c965df35c5","to":"Sumit_2d5a52ed-c783-419b-990c-94b0d91fcf25","Audio":{"timestamp":1611072889161.697,"packetsReceived":14913,"packetsLost":0},"Type":"inbound-rtp","Video":{"timestamp":1611072889161.697,"packetsReceived":1255,"packetsLost":0}},{"from":"ChinmaySahoo_eedc6722-1252-4ec7-86d5-54c965df35c5","to":"Sumit_2d5a52ed-c783-419b-990c-94b0d91fcf25","Audio":{"timestamp":1611072889161.697,"packetsReceived":14913,"packetsLost":0},"Type":"inbound-rtp","Video":{"timestamp":1611072889161.697,"packetsReceived":1255,"packetsLost":0}},{"from":"ChinmaySahoo_eedc6722-1252-4ec7-86d5-54c965df35c5","to":"Sumit_2d5a52ed-c783-419b-990c-94b0d91fcf25","Audio":{"timestamp":1611072894161.812,"packetsReceived":15163,"packetsLost":0},"Type":"inbound-rtp","Video":{"timestamp":1611072894161.812,"packetsReceived":1269,"packetsLost":0}},{"from":"ChinmaySahoo_eedc6722-1252-4ec7-86d5-54c965df35c5","to":"Sumit_2d5a52ed-c783-419b-990c-94b0d91fcf25","Audio":{"timestamp":1611072894161.812,"packetsReceived":15163,"packetsLost":0},"Type":"inbound-rtp","Video":{"timestamp":1611072894161.812,"packetsReceived":1269,"packetsLost":0}},{"from":"ChinmaySahoo_eedc6722-1252-4ec7-86d5-54c965df35c5","to":"Sumit_2d5a52ed-c783-419b-990c-94b0d91fcf25","Audio":{"timestamp":1611072899161.714,"packetsReceived":15413,"packetsLost":0},"Type":"inbound-rtp","Video":{"timestamp":1611072899161.714,"packetsReceived":1284,"packetsLost":0}},{"from":"ChinmaySahoo_eedc6722-1252-4ec7-86d5-54c965df35c5","to":"Sumit_2d5a52ed-c783-419b-990c-94b0d91fcf25","Audio":{"timestamp":1611072899161.714,"packetsReceived":15413,"packetsLost":0},"Type":"inbound-rtp","Video":{"timestamp":1611072899161.714,"packetsReceived":1284,"packetsLost":0}},{"from":"ChinmaySahoo_eedc6722-1252-4ec7-86d5-54c965df35c5","to":"Sumit_2d5a52ed-c783-419b-990c-94b0d91fcf25","Audio":{"timestamp":1611072904161.733,"packetsReceived":15663,"packetsLost":0},"Type":"inbound-rtp","Video":{"timestamp":1611072904161.733,"packetsReceived":1296,"packetsLost":0}},{"from":"ChinmaySahoo_eedc6722-1252-4ec7-86d5-54c965df35c5","to":"Sumit_2d5a52ed-c783-419b-990c-94b0d91fcf25","Audio":{"timestamp":1611072904161.733,"packetsReceived":15663,"packetsLost":0},"Type":"inbound-rtp","Video":{"timestamp":1611072904161.733,"packetsReceived":1296,"packetsLost":0}},{"from":"ChinmaySahoo_eedc6722-1252-4ec7-86d5-54c965df35c5","to":"Sumit_2d5a52ed-c783-419b-990c-94b0d91fcf25","Audio":{"timestamp":1611072909161.739,"packetsReceived":15913,"packetsLost":0},"Type":"inbound-rtp","Video":{"timestamp":1611072909161.739,"packetsReceived":1311,"packetsLost":0}},{"from":"ChinmaySahoo_eedc6722-1252-4ec7-86d5-54c965df35c5","to":"Sumit_2d5a52ed-c783-419b-990c-94b0d91fcf25","Audio":{"timestamp":1611072909161.739,"packetsReceived":15913,"packetsLost":0},"Type":"inbound-rtp","Video":{"timestamp":1611072909161.739,"packetsReceived":1311,"packetsLost":0}},{"from":"ChinmaySahoo_eedc6722-1252-4ec7-86d5-54c965df35c5","to":"Sumit_2d5a52ed-c783-419b-990c-94b0d91fcf25","Audio":{"timestamp":1611072914161.789,"packetsReceived":16162,"packetsLost":0},"Type":"inbound-rtp","Video":{"timestamp":1611072914161.789,"packetsReceived":1325,"packetsLost":0}},{"from":"ChinmaySahoo_eedc6722-1252-4ec7-86d5-54c965df35c5","to":"Sumit_2d5a52ed-c783-419b-990c-94b0d91fcf25","Audio":{"timestamp":1611072914161.789,"packetsReceived":16162,"packetsLost":0},"Type":"inbound-rtp","Video":{"timestamp":1611072914161.789,"packetsReceived":1325,"packetsLost":0}},{"from":"ChinmaySahoo_eedc6722-1252-4ec7-86d5-54c965df35c5","to":"Sumit_2d5a52ed-c783-419b-990c-94b0d91fcf25","Audio":{"timestamp":1611072919161.739,"packetsReceived":16413,"packetsLost":0},"Type":"inbound-rtp","Video":{"timestamp":1611072919161.739,"packetsReceived":1340,"packetsLost":0}},{"from":"ChinmaySahoo_eedc6722-1252-4ec7-86d5-54c965df35c5","to":"Sumit_2d5a52ed-c783-419b-990c-94b0d91fcf25","Audio":{"timestamp":1611072919161.739,"packetsReceived":16413,"packetsLost":0},"Type":"inbound-rtp","Video":{"timestamp":1611072919161.739,"packetsReceived":1340,"packetsLost":0}},{"from":"ChinmaySahoo_eedc6722-1252-4ec7-86d5-54c965df35c5","to":"Sumit_2d5a52ed-c783-419b-990c-94b0d91fcf25","Audio":{"timestamp":1611072924161.695,"packetsReceived":16663,"packetsLost":0},"Type":"inbound-rtp","Video":{"timestamp":1611072924161.695,"packetsReceived":1352,"packetsLost":0}},{"from":"ChinmaySahoo_eedc6722-1252-4ec7-86d5-54c965df35c5","to":"Sumit_2d5a52ed-c783-419b-990c-94b0d91fcf25","Audio":{"timestamp":1611072924161.695,"packetsReceived":16663,"packetsLost":0},"Type":"inbound-rtp","Video":{"timestamp":1611072924161.695,"packetsReceived":1352,"packetsLost":0}},{"from":"ChinmaySahoo_eedc6722-1252-4ec7-86d5-54c965df35c5","to":"Sumit_2d5a52ed-c783-419b-990c-94b0d91fcf25","Audio":{"timestamp":1611072929161.768,"packetsReceived":16913,"packetsLost":0},"Type":"inbound-rtp","Video":{"timestamp":1611072929161.768,"packetsReceived":1366,"packetsLost":0}},{"from":"ChinmaySahoo_eedc6722-1252-4ec7-86d5-54c965df35c5","to":"Sumit_2d5a52ed-c783-419b-990c-94b0d91fcf25","Audio":{"timestamp":1611072929161.768,"packetsReceived":16913,"packetsLost":0},"Type":"inbound-rtp","Video":{"timestamp":1611072929161.768,"packetsReceived":1366,"packetsLost":0}},{"from":"ChinmaySahoo_eedc6722-1252-4ec7-86d5-54c965df35c5","to":"Sumit_2d5a52ed-c783-419b-990c-94b0d91fcf25","Audio":{"timestamp":1611072934161.861,"packetsReceived":17163,"packetsLost":0},"Type":"inbound-rtp","Video":{"timestamp":1611072934161.861,"packetsReceived":1379,"packetsLost":0}},{"from":"ChinmaySahoo_eedc6722-1252-4ec7-86d5-54c965df35c5","to":"Sumit_2d5a52ed-c783-419b-990c-94b0d91fcf25","Audio":{"timestamp":1611072934161.861,"packetsReceived":17163,"packetsLost":0},"Type":"inbound-rtp","Video":{"timestamp":1611072934161.861,"packetsReceived":1379,"packetsLost":0}},{"from":"ChinmaySahoo_eedc6722-1252-4ec7-86d5-54c965df35c5","to":"Sumit_2d5a52ed-c783-419b-990c-94b0d91fcf25","Audio":{"timestamp":1611072939161.707,"packetsReceived":17413,"packetsLost":0},"Type":"inbound-rtp","Video":{"timestamp":1611072939161.707,"packetsReceived":1391,"packetsLost":0}},{"from":"ChinmaySahoo_eedc6722-1252-4ec7-86d5-54c965df35c5","to":"Sumit_2d5a52ed-c783-419b-990c-94b0d91fcf25","Audio":{"timestamp":1611072939161.707,"packetsReceived":17413,"packetsLost":0},"Type":"inbound-rtp","Video":{"timestamp":1611072939161.707,"packetsReceived":1391,"packetsLost":0}},{"from":"ChinmaySahoo_eedc6722-1252-4ec7-86d5-54c965df35c5","to":"Sumit_2d5a52ed-c783-419b-990c-94b0d91fcf25","Audio":{"timestamp":1611072944161.777,"packetsReceived":17663,"packetsLost":0},"Type":"inbound-rtp","Video":{"timestamp":1611072944161.777,"packetsReceived":1406,"packetsLost":0}},{"from":"ChinmaySahoo_eedc6722-1252-4ec7-86d5-54c965df35c5","to":"Sumit_2d5a52ed-c783-419b-990c-94b0d91fcf25","Audio":{"timestamp":1611072944161.777,"packetsReceived":17663,"packetsLost":0},"Type":"inbound-rtp","Video":{"timestamp":1611072944161.777,"packetsReceived":1406,"packetsLost":0}},{"from":"ChinmaySahoo_eedc6722-1252-4ec7-86d5-54c965df35c5","to":"Sumit_2d5a52ed-c783-419b-990c-94b0d91fcf25","Audio":{"timestamp":1611072949161.766,"packetsReceived":17913,"packetsLost":0},"Type":"inbound-rtp","Video":{"timestamp":1611072949161.766,"packetsReceived":1421,"packetsLost":0}},{"from":"ChinmaySahoo_eedc6722-1252-4ec7-86d5-54c965df35c5","to":"Sumit_2d5a52ed-c783-419b-990c-94b0d91fcf25","Audio":{"timestamp":1611072949161.766,"packetsReceived":17913,"packetsLost":0},"Type":"inbound-rtp","Video":{"timestamp":1611072949161.766,"packetsReceived":1421,"packetsLost":0}},{"from":"ChinmaySahoo_eedc6722-1252-4ec7-86d5-54c965df35c5","to":"Sumit_2d5a52ed-c783-419b-990c-94b0d91fcf25","Audio":{"timestamp":1611072954161.749,"packetsReceived":18163,"packetsLost":0},"Type":"inbound-rtp","Video":{"timestamp":1611072954161.749,"packetsReceived":1431,"packetsLost":0}},{"from":"ChinmaySahoo_eedc6722-1252-4ec7-86d5-54c965df35c5","to":"Sumit_2d5a52ed-c783-419b-990c-94b0d91fcf25","Audio":{"timestamp":1611072954161.749,"packetsReceived":18163,"packetsLost":0},"Type":"inbound-rtp","Video":{"timestamp":1611072954161.749,"packetsReceived":1431,"packetsLost":0}},{"from":"ChinmaySahoo_eedc6722-1252-4ec7-86d5-54c965df35c5","to":"Sumit_2d5a52ed-c783-419b-990c-94b0d91fcf25","Audio":{"timestamp":1611072959161.749,"packetsReceived":18413,"packetsLost":0},"Type":"inbound-rtp","Video":{"timestamp":1611072959161.749,"packetsReceived":1442,"packetsLost":0}},{"from":"ChinmaySahoo_eedc6722-1252-4ec7-86d5-54c965df35c5","to":"Sumit_2d5a52ed-c783-419b-990c-94b0d91fcf25","Audio":{"timestamp":1611072959161.749,"packetsReceived":18413,"packetsLost":0},"Type":"inbound-rtp","Video":{"timestamp":1611072959161.749,"packetsReceived":1442,"packetsLost":0}},{"from":"ChinmaySahoo_eedc6722-1252-4ec7-86d5-54c965df35c5","to":"Sumit_2d5a52ed-c783-419b-990c-94b0d91fcf25","Audio":{"timestamp":1611072964161.741,"packetsReceived":18663,"packetsLost":0},"Type":"inbound-rtp","Video":{"timestamp":1611072964161.741,"packetsReceived":1456,"packetsLost":0}},{"from":"ChinmaySahoo_eedc6722-1252-4ec7-86d5-54c965df35c5","to":"Sumit_2d5a52ed-c783-419b-990c-94b0d91fcf25","Audio":{"timestamp":1611072964161.741,"packetsReceived":18663,"packetsLost":0},"Type":"inbound-rtp","Video":{"timestamp":1611072964161.741,"packetsReceived":1456,"packetsLost":0}},{"from":"ChinmaySahoo_eedc6722-1252-4ec7-86d5-54c965df35c5","to":"Sumit_2d5a52ed-c783-419b-990c-94b0d91fcf25","Audio":{"timestamp":1611072969161.761,"packetsReceived":18913,"packetsLost":0},"Type":"inbound-rtp","Video":{"timestamp":1611072969161.761,"packetsReceived":1468,"packetsLost":0}},{"from":"ChinmaySahoo_eedc6722-1252-4ec7-86d5-54c965df35c5","to":"Sumit_2d5a52ed-c783-419b-990c-94b0d91fcf25","Audio":{"timestamp":1611072969161.761,"packetsReceived":18913,"packetsLost":0},"Type":"inbound-rtp","Video":{"timestamp":1611072969161.761,"packetsReceived":1468,"packetsLost":0}},{"from":"ChinmaySahoo_eedc6722-1252-4ec7-86d5-54c965df35c5","to":"Sumit_2d5a52ed-c783-419b-990c-94b0d91fcf25","Audio":{"timestamp":1611072974161.736,"packetsReceived":19163,"packetsLost":0},"Type":"inbound-rtp","Video":{"timestamp":1611072974161.736,"packetsReceived":1480,"packetsLost":0}},{"from":"ChinmaySahoo_eedc6722-1252-4ec7-86d5-54c965df35c5","to":"Sumit_2d5a52ed-c783-419b-990c-94b0d91fcf25","Audio":{"timestamp":1611072974161.736,"packetsReceived":19163,"packetsLost":0},"Type":"inbound-rtp","Video":{"timestamp":1611072974161.736,"packetsReceived":1480,"packetsLost":0}},{"from":"ChinmaySahoo_eedc6722-1252-4ec7-86d5-54c965df35c5","to":"Sumit_2d5a52ed-c783-419b-990c-94b0d91fcf25","Audio":{"timestamp":1611072979161.784,"packetsReceived":19413,"packetsLost":0},"Type":"inbound-rtp","Video":{"timestamp":1611072979161.784,"packetsReceived":1491,"packetsLost":0}},{"from":"ChinmaySahoo_eedc6722-1252-4ec7-86d5-54c965df35c5","to":"Sumit_2d5a52ed-c783-419b-990c-94b0d91fcf25","Audio":{"timestamp":1611072979161.784,"packetsReceived":19413,"packetsLost":0},"Type":"inbound-rtp","Video":{"timestamp":1611072979161.784,"packetsReceived":1491,"packetsLost":0}},{"from":"ChinmaySahoo_eedc6722-1252-4ec7-86d5-54c965df35c5","to":"Sumit_2d5a52ed-c783-419b-990c-94b0d91fcf25","Audio":{"timestamp":1611072984161.806,"packetsReceived":19663,"packetsLost":0},"Type":"inbound-rtp","Video":{"timestamp":1611072984161.806,"packetsReceived":1502,"packetsLost":0}},{"from":"ChinmaySahoo_eedc6722-1252-4ec7-86d5-54c965df35c5","to":"Sumit_2d5a52ed-c783-419b-990c-94b0d91fcf25","Audio":{"timestamp":1611072984161.806,"packetsReceived":19663,"packetsLost":0},"Type":"inbound-rtp","Video":{"timestamp":1611072984161.806,"packetsReceived":1502,"packetsLost":0}},{"from":"ChinmaySahoo_eedc6722-1252-4ec7-86d5-54c965df35c5","to":"Sumit_2d5a52ed-c783-419b-990c-94b0d91fcf25","Audio":{"timestamp":1611072989161.792,"packetsReceived":19913,"packetsLost":0},"Type":"inbound-rtp","Video":{"timestamp":1611072989161.792,"packetsReceived":1517,"packetsLost":0}},{"from":"ChinmaySahoo_eedc6722-1252-4ec7-86d5-54c965df35c5","to":"Sumit_2d5a52ed-c783-419b-990c-94b0d91fcf25","Audio":{"timestamp":1611072989161.792,"packetsReceived":19913,"packetsLost":0},"Type":"inbound-rtp","Video":{"timestamp":1611072989161.792,"packetsReceived":1517,"packetsLost":0}},{"from":"ChinmaySahoo_eedc6722-1252-4ec7-86d5-54c965df35c5","to":"Sumit_2d5a52ed-c783-419b-990c-94b0d91fcf25","Audio":{"timestamp":1611072994161.82,"packetsReceived":20163,"packetsLost":0},"Type":"inbound-rtp","Video":{"timestamp":1611072994161.82,"packetsReceived":1529,"packetsLost":0}},{"from":"ChinmaySahoo_eedc6722-1252-4ec7-86d5-54c965df35c5","to":"Sumit_2d5a52ed-c783-419b-990c-94b0d91fcf25","Audio":{"timestamp":1611072994161.82,"packetsReceived":20163,"packetsLost":0},"Type":"inbound-rtp","Video":{"timestamp":1611072994161.82,"packetsReceived":1529,"packetsLost":0}},{"from":"ChinmaySahoo_eedc6722-1252-4ec7-86d5-54c965df35c5","to":"Sumit_2d5a52ed-c783-419b-990c-94b0d91fcf25","Audio":{"timestamp":1611072999161.769,"packetsReceived":20413,"packetsLost":0},"Type":"inbound-rtp","Video":{"timestamp":1611072999161.769,"packetsReceived":1537,"packetsLost":0}},{"from":"ChinmaySahoo_eedc6722-1252-4ec7-86d5-54c965df35c5","to":"Sumit_2d5a52ed-c783-419b-990c-94b0d91fcf25","Audio":{"timestamp":1611072999161.769,"packetsReceived":20413,"packetsLost":0},"Type":"inbound-rtp","Video":{"timestamp":1611072999161.769,"packetsReceived":1537,"packetsLost":0}},{"from":"ChinmaySahoo_eedc6722-1252-4ec7-86d5-54c965df35c5","to":"Sumit_2d5a52ed-c783-419b-990c-94b0d91fcf25","Audio":{"timestamp":1611073004161.787,"packetsReceived":20663,"packetsLost":0},"Type":"inbound-rtp","Video":{"timestamp":1611073004161.787,"packetsReceived":1550,"packetsLost":0}},{"from":"ChinmaySahoo_eedc6722-1252-4ec7-86d5-54c965df35c5","to":"Sumit_2d5a52ed-c783-419b-990c-94b0d91fcf25","Audio":{"timestamp":1611073004161.787,"packetsReceived":20663,"packetsLost":0},"Type":"inbound-rtp","Video":{"timestamp":1611073004161.787,"packetsReceived":1550,"packetsLost":0}},{"from":"ChinmaySahoo_eedc6722-1252-4ec7-86d5-54c965df35c5","to":"Sumit_2d5a52ed-c783-419b-990c-94b0d91fcf25","Audio":{"timestamp":1611073009161.714,"packetsReceived":20913,"packetsLost":0},"Type":"inbound-rtp","Video":{"timestamp":1611073009161.714,"packetsReceived":1564,"packetsLost":0}},{"from":"ChinmaySahoo_eedc6722-1252-4ec7-86d5-54c965df35c5","to":"Sumit_2d5a52ed-c783-419b-990c-94b0d91fcf25","Audio":{"timestamp":1611073009161.714,"packetsReceived":20913,"packetsLost":0},"Type":"inbound-rtp","Video":{"timestamp":1611073009161.714,"packetsReceived":1564,"packetsLost":0}},{"from":"ChinmaySahoo_eedc6722-1252-4ec7-86d5-54c965df35c5","to":"Sumit_2d5a52ed-c783-419b-990c-94b0d91fcf25","Audio":{"timestamp":1611073014161.78,"packetsReceived":21163,"packetsLost":0},"Type":"inbound-rtp","Video":{"timestamp":1611073014161.78,"packetsReceived":1575,"packetsLost":0}},{"from":"ChinmaySahoo_eedc6722-1252-4ec7-86d5-54c965df35c5","to":"Sumit_2d5a52ed-c783-419b-990c-94b0d91fcf25","Audio":{"timestamp":1611073014161.78,"packetsReceived":21163,"packetsLost":0},"Type":"inbound-rtp","Video":{"timestamp":1611073014161.78,"packetsReceived":1575,"packetsLost":0}},{"from":"ChinmaySahoo_eedc6722-1252-4ec7-86d5-54c965df35c5","to":"Sumit_2d5a52ed-c783-419b-990c-94b0d91fcf25","Audio":{"timestamp":1611073019161.743,"packetsReceived":21413,"packetsLost":0},"Type":"inbound-rtp","Video":{"timestamp":1611073019161.743,"packetsReceived":1585,"packetsLost":0}},{"from":"ChinmaySahoo_eedc6722-1252-4ec7-86d5-54c965df35c5","to":"Sumit_2d5a52ed-c783-419b-990c-94b0d91fcf25","Audio":{"timestamp":1611073019161.743,"packetsReceived":21413,"packetsLost":0},"Type":"inbound-rtp","Video":{"timestamp":1611073019161.743,"packetsReceived":1585,"packetsLost":0}},{"from":"ChinmaySahoo_eedc6722-1252-4ec7-86d5-54c965df35c5","to":"Sumit_2d5a52ed-c783-419b-990c-94b0d91fcf25","Audio":{"timestamp":1611073024161.768,"packetsReceived":21663,"packetsLost":0},"Type":"inbound-rtp","Video":{"timestamp":1611073024161.768,"packetsReceived":1597,"packetsLost":0}},{"from":"ChinmaySahoo_eedc6722-1252-4ec7-86d5-54c965df35c5","to":"Sumit_2d5a52ed-c783-419b-990c-94b0d91fcf25","Audio":{"timestamp":1611073024161.768,"packetsReceived":21663,"packetsLost":0},"Type":"inbound-rtp","Video":{"timestamp":1611073024161.768,"packetsReceived":1597,"packetsLost":0}},{"from":"ChinmaySahoo_eedc6722-1252-4ec7-86d5-54c965df35c5","to":"Sumit_2d5a52ed-c783-419b-990c-94b0d91fcf25","Audio":{"timestamp":1611073029161.83,"packetsReceived":21912,"packetsLost":0},"Type":"inbound-rtp","Video":{"timestamp":1611073029161.83,"packetsReceived":1608,"packetsLost":0}},{"from":"ChinmaySahoo_eedc6722-1252-4ec7-86d5-54c965df35c5","to":"Sumit_2d5a52ed-c783-419b-990c-94b0d91fcf25","Audio":{"timestamp":1611073029161.83,"packetsReceived":21912,"packetsLost":0},"Type":"inbound-rtp","Video":{"timestamp":1611073029161.83,"packetsReceived":1608,"packetsLost":0}},{"from":"ChinmaySahoo_eedc6722-1252-4ec7-86d5-54c965df35c5","to":"Sumit_2d5a52ed-c783-419b-990c-94b0d91fcf25","Audio":{"timestamp":1611073034161.871,"packetsReceived":22163,"packetsLost":0},"Type":"inbound-rtp","Video":{"timestamp":1611073034161.871,"packetsReceived":1623,"packetsLost":0}},{"from":"ChinmaySahoo_eedc6722-1252-4ec7-86d5-54c965df35c5","to":"Sumit_2d5a52ed-c783-419b-990c-94b0d91fcf25","Audio":{"timestamp":1611073034161.871,"packetsReceived":22163,"packetsLost":0},"Type":"inbound-rtp","Video":{"timestamp":1611073034161.871,"packetsReceived":1623,"packetsLost":0}},{"from":"ChinmaySahoo_eedc6722-1252-4ec7-86d5-54c965df35c5","to":"Sumit_2d5a52ed-c783-419b-990c-94b0d91fcf25","Audio":{"timestamp":1611073039161.703,"packetsReceived":22413,"packetsLost":0},"Type":"inbound-rtp","Video":{"timestamp":1611073039161.703,"packetsReceived":1633,"packetsLost":0}},{"from":"ChinmaySahoo_eedc6722-1252-4ec7-86d5-54c965df35c5","to":"Sumit_2d5a52ed-c783-419b-990c-94b0d91fcf25","Audio":{"timestamp":1611073039161.703,"packetsReceived":22413,"packetsLost":0},"Type":"inbound-rtp","Video":{"timestamp":1611073039161.703,"packetsReceived":1633,"packetsLost":0}},{"from":"ChinmaySahoo_eedc6722-1252-4ec7-86d5-54c965df35c5","to":"Sumit_2d5a52ed-c783-419b-990c-94b0d91fcf25","Audio":{"timestamp":1611073044161.931,"packetsReceived":22663,"packetsLost":0},"Type":"inbound-rtp","Video":{"timestamp":1611073044161.931,"packetsReceived":1641,"packetsLost":0}},{"from":"ChinmaySahoo_eedc6722-1252-4ec7-86d5-54c965df35c5","to":"Sumit_2d5a52ed-c783-419b-990c-94b0d91fcf25","Audio":{"timestamp":1611073044161.931,"packetsReceived":22663,"packetsLost":0},"Type":"inbound-rtp","Video":{"timestamp":1611073044161.931,"packetsReceived":1641,"packetsLost":0}},{"from":"ChinmaySahoo_eedc6722-1252-4ec7-86d5-54c965df35c5","to":"Sumit_2d5a52ed-c783-419b-990c-94b0d91fcf25","Audio":{"timestamp":1611073049161.755,"packetsReceived":22913,"packetsLost":0},"Type":"inbound-rtp","Video":{"timestamp":1611073049161.755,"packetsReceived":1651,"packetsLost":0}},{"from":"ChinmaySahoo_eedc6722-1252-4ec7-86d5-54c965df35c5","to":"Sumit_2d5a52ed-c783-419b-990c-94b0d91fcf25","Audio":{"timestamp":1611073049161.755,"packetsReceived":22913,"packetsLost":0},"Type":"inbound-rtp","Video":{"timestamp":1611073049161.755,"packetsReceived":1651,"packetsLost":0}},{"from":"ChinmaySahoo_eedc6722-1252-4ec7-86d5-54c965df35c5","to":"Sumit_2d5a52ed-c783-419b-990c-94b0d91fcf25","Audio":{"timestamp":1611073054161.836,"packetsReceived":23163,"packetsLost":0},"Type":"inbound-rtp","Video":{"timestamp":1611073054161.836,"packetsReceived":1665,"packetsLost":0}},{"from":"ChinmaySahoo_eedc6722-1252-4ec7-86d5-54c965df35c5","to":"Sumit_2d5a52ed-c783-419b-990c-94b0d91fcf25","Audio":{"timestamp":1611073054161.836,"packetsReceived":23163,"packetsLost":0},"Type":"inbound-rtp","Video":{"timestamp":1611073054161.836,"packetsReceived":1665,"packetsLost":0}},{"from":"ChinmaySahoo_eedc6722-1252-4ec7-86d5-54c965df35c5","to":"Sumit_2d5a52ed-c783-419b-990c-94b0d91fcf25","Audio":{"timestamp":1611073059161.781,"packetsReceived":23413,"packetsLost":0},"Type":"inbound-rtp","Video":{"timestamp":1611073059161.781,"packetsReceived":1674,"packetsLost":0}},{"from":"ChinmaySahoo_eedc6722-1252-4ec7-86d5-54c965df35c5","to":"Sumit_2d5a52ed-c783-419b-990c-94b0d91fcf25","Audio":{"timestamp":1611073059161.781,"packetsReceived":23413,"packetsLost":0},"Type":"inbound-rtp","Video":{"timestamp":1611073059161.781,"packetsReceived":1674,"packetsLost":0}},{"from":"ChinmaySahoo_eedc6722-1252-4ec7-86d5-54c965df35c5","to":"Sumit_2d5a52ed-c783-419b-990c-94b0d91fcf25","Audio":{"timestamp":1611073064161.809,"packetsReceived":23663,"packetsLost":0},"Type":"inbound-rtp","Video":{"timestamp":1611073064161.809,"packetsReceived":1684,"packetsLost":0}},{"from":"ChinmaySahoo_eedc6722-1252-4ec7-86d5-54c965df35c5","to":"Sumit_2d5a52ed-c783-419b-990c-94b0d91fcf25","Audio":{"timestamp":1611073064161.809,"packetsReceived":23663,"packetsLost":0},"Type":"inbound-rtp","Video":{"timestamp":1611073064161.809,"packetsReceived":1684,"packetsLost":0}},{"from":"ChinmaySahoo_eedc6722-1252-4ec7-86d5-54c965df35c5","to":"Sumit_2d5a52ed-c783-419b-990c-94b0d91fcf25","Audio":{"timestamp":1611073069161.725,"packetsReceived":23913,"packetsLost":0},"Type":"inbound-rtp","Video":{"timestamp":1611073069161.725,"packetsReceived":1698,"packetsLost":0}},{"from":"ChinmaySahoo_eedc6722-1252-4ec7-86d5-54c965df35c5","to":"Sumit_2d5a52ed-c783-419b-990c-94b0d91fcf25","Audio":{"timestamp":1611073069161.725,"packetsReceived":23913,"packetsLost":0},"Type":"inbound-rtp","Video":{"timestamp":1611073069161.725,"packetsReceived":1698,"packetsLost":0}},{"from":"ChinmaySahoo_eedc6722-1252-4ec7-86d5-54c965df35c5","to":"Sumit_2d5a52ed-c783-419b-990c-94b0d91fcf25","Audio":{"timestamp":1611073074161.681,"packetsReceived":24163,"packetsLost":0},"Type":"inbound-rtp","Video":{"timestamp":1611073074161.681,"packetsReceived":1713,"packetsLost":0}},{"from":"ChinmaySahoo_eedc6722-1252-4ec7-86d5-54c965df35c5","to":"Sumit_2d5a52ed-c783-419b-990c-94b0d91fcf25","Audio":{"timestamp":1611073074161.681,"packetsReceived":24163,"packetsLost":0},"Type":"inbound-rtp","Video":{"timestamp":1611073074161.681,"packetsReceived":1713,"packetsLost":0}},{"from":"ChinmaySahoo_eedc6722-1252-4ec7-86d5-54c965df35c5","to":"Sumit_2d5a52ed-c783-419b-990c-94b0d91fcf25","Audio":{"timestamp":1611073079161.728,"packetsReceived":24413,"packetsLost":0},"Type":"inbound-rtp","Video":{"timestamp":1611073079161.728,"packetsReceived":1723,"packetsLost":0}},{"from":"ChinmaySahoo_eedc6722-1252-4ec7-86d5-54c965df35c5","to":"Sumit_2d5a52ed-c783-419b-990c-94b0d91fcf25","Audio":{"timestamp":1611073079161.728,"packetsReceived":24413,"packetsLost":0},"Type":"inbound-rtp","Video":{"timestamp":1611073079161.728,"packetsReceived":1723,"packetsLost":0}},{"from":"ChinmaySahoo_eedc6722-1252-4ec7-86d5-54c965df35c5","to":"Sumit_2d5a52ed-c783-419b-990c-94b0d91fcf25","Audio":{"timestamp":1611073084161.738,"packetsReceived":24663,"packetsLost":0},"Type":"inbound-rtp","Video":{"timestamp":1611073084161.738,"packetsReceived":1733,"packetsLost":0}},{"from":"ChinmaySahoo_eedc6722-1252-4ec7-86d5-54c965df35c5","to":"Sumit_2d5a52ed-c783-419b-990c-94b0d91fcf25","Audio":{"timestamp":1611073084161.738,"packetsReceived":24663,"packetsLost":0},"Type":"inbound-rtp","Video":{"timestamp":1611073084161.738,"packetsReceived":1733,"packetsLost":0}},{"from":"ChinmaySahoo_eedc6722-1252-4ec7-86d5-54c965df35c5","to":"Sumit_2d5a52ed-c783-419b-990c-94b0d91fcf25","Audio":{"timestamp":1611073089161.716,"packetsReceived":24913,"packetsLost":0},"Type":"inbound-rtp","Video":{"timestamp":1611073089161.716,"packetsReceived":1745,"packetsLost":0}},{"from":"ChinmaySahoo_eedc6722-1252-4ec7-86d5-54c965df35c5","to":"Sumit_2d5a52ed-c783-419b-990c-94b0d91fcf25","Audio":{"timestamp":1611073089161.716,"packetsReceived":24913,"packetsLost":0},"Type":"inbound-rtp","Video":{"timestamp":1611073089161.716,"packetsReceived":1745,"packetsLost":0}},{"from":"ChinmaySahoo_eedc6722-1252-4ec7-86d5-54c965df35c5","to":"Sumit_2d5a52ed-c783-419b-990c-94b0d91fcf25","Audio":{"timestamp":1611073094161.742,"packetsReceived":25163,"packetsLost":0},"Type":"inbound-rtp","Video":{"timestamp":1611073094161.742,"packetsReceived":1755,"packetsLost":0}},{"from":"ChinmaySahoo_eedc6722-1252-4ec7-86d5-54c965df35c5","to":"Sumit_2d5a52ed-c783-419b-990c-94b0d91fcf25","Audio":{"timestamp":1611073094161.742,"packetsReceived":25163,"packetsLost":0},"Type":"inbound-rtp","Video":{"timestamp":1611073094161.742,"packetsReceived":1755,"packetsLost":0}},{"from":"ChinmaySahoo_eedc6722-1252-4ec7-86d5-54c965df35c5","to":"Sumit_2d5a52ed-c783-419b-990c-94b0d91fcf25","Audio":{"timestamp":1611073099161.717,"packetsReceived":25413,"packetsLost":0},"Type":"inbound-rtp","Video":{"timestamp":1611073099161.717,"packetsReceived":1769,"packetsLost":0}},{"from":"ChinmaySahoo_eedc6722-1252-4ec7-86d5-54c965df35c5","to":"Sumit_2d5a52ed-c783-419b-990c-94b0d91fcf25","Audio":{"timestamp":1611073099161.717,"packetsReceived":25413,"packetsLost":0},"Type":"inbound-rtp","Video":{"timestamp":1611073099161.717,"packetsReceived":1769,"packetsLost":0}},{"from":"ChinmaySahoo_eedc6722-1252-4ec7-86d5-54c965df35c5","to":"Sumit_2d5a52ed-c783-419b-990c-94b0d91fcf25","Audio":{"timestamp":1611073104161.788,"packetsReceived":25663,"packetsLost":0},"Type":"inbound-rtp","Video":{"timestamp":1611073104161.788,"packetsReceived":1779,"packetsLost":0}},{"from":"ChinmaySahoo_eedc6722-1252-4ec7-86d5-54c965df35c5","to":"Sumit_2d5a52ed-c783-419b-990c-94b0d91fcf25","Audio":{"timestamp":1611073104161.788,"packetsReceived":25663,"packetsLost":0},"Type":"inbound-rtp","Video":{"timestamp":1611073104161.788,"packetsReceived":1779,"packetsLost":0}},{"from":"ChinmaySahoo_eedc6722-1252-4ec7-86d5-54c965df35c5","to":"Sumit_2d5a52ed-c783-419b-990c-94b0d91fcf25","Audio":{"timestamp":1611073109161.815,"packetsReceived":25913,"packetsLost":0},"Type":"inbound-rtp","Video":{"timestamp":1611073109161.815,"packetsReceived":1788,"packetsLost":0}},{"from":"ChinmaySahoo_eedc6722-1252-4ec7-86d5-54c965df35c5","to":"Sumit_2d5a52ed-c783-419b-990c-94b0d91fcf25","Audio":{"timestamp":1611073109161.815,"packetsReceived":25913,"packetsLost":0},"Type":"inbound-rtp","Video":{"timestamp":1611073109161.815,"packetsReceived":1788,"packetsLost":0}},{"from":"ChinmaySahoo_eedc6722-1252-4ec7-86d5-54c965df35c5","to":"Sumit_2d5a52ed-c783-419b-990c-94b0d91fcf25","Audio":{"timestamp":1611073114161.737,"packetsReceived":26163,"packetsLost":0},"Type":"inbound-rtp","Video":{"timestamp":1611073114161.737,"packetsReceived":1803,"packetsLost":0}},{"from":"ChinmaySahoo_eedc6722-1252-4ec7-86d5-54c965df35c5","to":"Sumit_2d5a52ed-c783-419b-990c-94b0d91fcf25","Audio":{"timestamp":1611073114161.737,"packetsReceived":26163,"packetsLost":0},"Type":"inbound-rtp","Video":{"timestamp":1611073114161.737,"packetsReceived":1803,"packetsLost":0}},{"from":"ChinmaySahoo_eedc6722-1252-4ec7-86d5-54c965df35c5","to":"Sumit_2d5a52ed-c783-419b-990c-94b0d91fcf25","Audio":{"timestamp":1611073119161.779,"packetsReceived":26412,"packetsLost":0},"Type":"inbound-rtp","Video":{"timestamp":1611073119161.779,"packetsReceived":1818,"packetsLost":0}},{"from":"ChinmaySahoo_eedc6722-1252-4ec7-86d5-54c965df35c5","to":"Sumit_2d5a52ed-c783-419b-990c-94b0d91fcf25","Audio":{"timestamp":1611073119161.779,"packetsReceived":26412,"packetsLost":0},"Type":"inbound-rtp","Video":{"timestamp":1611073119161.779,"packetsReceived":1818,"packetsLost":0}},{"from":"ChinmaySahoo_eedc6722-1252-4ec7-86d5-54c965df35c5","to":"Sumit_2d5a52ed-c783-419b-990c-94b0d91fcf25","Audio":{"timestamp":1611073124161.879,"packetsReceived":26663,"packetsLost":0},"Type":"inbound-rtp","Video":{"timestamp":1611073124161.879,"packetsReceived":1826,"packetsLost":0}},{"from":"ChinmaySahoo_eedc6722-1252-4ec7-86d5-54c965df35c5","to":"Sumit_2d5a52ed-c783-419b-990c-94b0d91fcf25","Audio":{"timestamp":1611073124161.879,"packetsReceived":26663,"packetsLost":0},"Type":"inbound-rtp","Video":{"timestamp":1611073124161.879,"packetsReceived":1826,"packetsLost":0}},{"from":"ChinmaySahoo_eedc6722-1252-4ec7-86d5-54c965df35c5","to":"Sumit_2d5a52ed-c783-419b-990c-94b0d91fcf25","Audio":{"timestamp":1611073129161.741,"packetsReceived":26913,"packetsLost":0},"Type":"inbound-rtp","Video":{"timestamp":1611073129161.741,"packetsReceived":1836,"packetsLost":0}},{"from":"ChinmaySahoo_eedc6722-1252-4ec7-86d5-54c965df35c5","to":"Sumit_2d5a52ed-c783-419b-990c-94b0d91fcf25","Audio":{"timestamp":1611073129161.741,"packetsReceived":26913,"packetsLost":0},"Type":"inbound-rtp","Video":{"timestamp":1611073129161.741,"packetsReceived":1836,"packetsLost":0}},{"from":"ChinmaySahoo_eedc6722-1252-4ec7-86d5-54c965df35c5","to":"Sumit_2d5a52ed-c783-419b-990c-94b0d91fcf25","Audio":{"timestamp":1611073134161.843,"packetsReceived":27162,"packetsLost":0},"Type":"inbound-rtp","Video":{"timestamp":1611073134161.843,"packetsReceived":1848,"packetsLost":0}},{"from":"ChinmaySahoo_eedc6722-1252-4ec7-86d5-54c965df35c5","to":"Sumit_2d5a52ed-c783-419b-990c-94b0d91fcf25","Audio":{"timestamp":1611073134161.843,"packetsReceived":27162,"packetsLost":0},"Type":"inbound-rtp","Video":{"timestamp":1611073134161.843,"packetsReceived":1848,"packetsLost":0}},{"from":"ChinmaySahoo_eedc6722-1252-4ec7-86d5-54c965df35c5","to":"Sumit_2d5a52ed-c783-419b-990c-94b0d91fcf25","Audio":{"timestamp":1611073139161.793,"packetsReceived":27413,"packetsLost":0},"Type":"inbound-rtp","Video":{"timestamp":1611073139161.793,"packetsReceived":1859,"packetsLost":0}},{"from":"ChinmaySahoo_eedc6722-1252-4ec7-86d5-54c965df35c5","to":"Sumit_2d5a52ed-c783-419b-990c-94b0d91fcf25","Audio":{"timestamp":1611073139161.793,"packetsReceived":27413,"packetsLost":0},"Type":"inbound-rtp","Video":{"timestamp":1611073139161.793,"packetsReceived":1859,"packetsLost":0}},{"from":"ChinmaySahoo_eedc6722-1252-4ec7-86d5-54c965df35c5","to":"Sumit_2d5a52ed-c783-419b-990c-94b0d91fcf25","Audio":{"timestamp":1611073144161.842,"packetsReceived":27663,"packetsLost":0},"Type":"inbound-rtp","Video":{"timestamp":1611073144161.842,"packetsReceived":1910,"packetsLost":0}},{"from":"ChinmaySahoo_eedc6722-1252-4ec7-86d5-54c965df35c5","to":"Sumit_2d5a52ed-c783-419b-990c-94b0d91fcf25","Audio":{"timestamp":1611073144161.842,"packetsReceived":27663,"packetsLost":0},"Type":"inbound-rtp","Video":{"timestamp":1611073144161.842,"packetsReceived":1910,"packetsLost":0}},{"from":"ChinmaySahoo_eedc6722-1252-4ec7-86d5-54c965df35c5","to":"Sumit_2d5a52ed-c783-419b-990c-94b0d91fcf25","Audio":{"timestamp":1611073149161.706,"packetsReceived":27913,"packetsLost":0},"Type":"inbound-rtp","Video":{"timestamp":1611073149161.706,"packetsReceived":2052,"packetsLost":0}},{"from":"ChinmaySahoo_eedc6722-1252-4ec7-86d5-54c965df35c5","to":"Sumit_2d5a52ed-c783-419b-990c-94b0d91fcf25","Audio":{"timestamp":1611073149161.706,"packetsReceived":27913,"packetsLost":0},"Type":"inbound-rtp","Video":{"timestamp":1611073149161.706,"packetsReceived":2052,"packetsLost":0}},{"from":"ChinmaySahoo_eedc6722-1252-4ec7-86d5-54c965df35c5","to":"Sumit_2d5a52ed-c783-419b-990c-94b0d91fcf25","Audio":{"timestamp":1611073154162.002,"packetsReceived":28163,"packetsLost":0},"Type":"inbound-rtp","Video":{"timestamp":1611073154162.002,"packetsReceived":2416,"packetsLost":0}},{"from":"ChinmaySahoo_eedc6722-1252-4ec7-86d5-54c965df35c5","to":"Sumit_2d5a52ed-c783-419b-990c-94b0d91fcf25","Audio":{"timestamp":1611073154162.002,"packetsReceived":28163,"packetsLost":0},"Type":"inbound-rtp","Video":{"timestamp":1611073154162.002,"packetsReceived":2416,"packetsLost":0}},{"from":"ChinmaySahoo_eedc6722-1252-4ec7-86d5-54c965df35c5","to":"Sumit_2d5a52ed-c783-419b-990c-94b0d91fcf25","Audio":{"timestamp":1611073159161.806,"packetsReceived":28413,"packetsLost":0},"Type":"inbound-rtp","Video":{"timestamp":1611073159161.806,"packetsReceived":2572,"packetsLost":0}},{"from":"ChinmaySahoo_eedc6722-1252-4ec7-86d5-54c965df35c5","to":"Sumit_2d5a52ed-c783-419b-990c-94b0d91fcf25","Audio":{"timestamp":1611073159161.806,"packetsReceived":28413,"packetsLost":0},"Type":"inbound-rtp","Video":{"timestamp":1611073159161.806,"packetsReceived":2572,"packetsLost":0}},{"from":"ChinmaySahoo_eedc6722-1252-4ec7-86d5-54c965df35c5","to":"Sumit_2d5a52ed-c783-419b-990c-94b0d91fcf25","Audio":{"timestamp":1611073164161.812,"packetsReceived":28663,"packetsLost":0},"Type":"inbound-rtp","Video":{"timestamp":1611073164161.812,"packetsReceived":2721,"packetsLost":0}},{"from":"ChinmaySahoo_eedc6722-1252-4ec7-86d5-54c965df35c5","to":"Sumit_2d5a52ed-c783-419b-990c-94b0d91fcf25","Audio":{"timestamp":1611073164161.812,"packetsReceived":28663,"packetsLost":0},"Type":"inbound-rtp","Video":{"timestamp":1611073164161.812,"packetsReceived":2721,"packetsLost":0}},{"from":"ChinmaySahoo_eedc6722-1252-4ec7-86d5-54c965df35c5","to":"Sumit_2d5a52ed-c783-419b-990c-94b0d91fcf25","Audio":{"timestamp":1611073169161.721,"packetsReceived":28913,"packetsLost":0},"Type":"inbound-rtp","Video":{"timestamp":1611073169161.721,"packetsReceived":2878,"packetsLost":0}},{"from":"ChinmaySahoo_eedc6722-1252-4ec7-86d5-54c965df35c5","to":"Sumit_2d5a52ed-c783-419b-990c-94b0d91fcf25","Audio":{"timestamp":1611073169161.721,"packetsReceived":28913,"packetsLost":0},"Type":"inbound-rtp","Video":{"timestamp":1611073169161.721,"packetsReceived":2878,"packetsLost":0}},{"from":"ChinmaySahoo_eedc6722-1252-4ec7-86d5-54c965df35c5","to":"Sumit_2d5a52ed-c783-419b-990c-94b0d91fcf25","Audio":{"timestamp":1611073174161.834,"packetsReceived":29163,"packetsLost":0},"Type":"inbound-rtp","Video":{"timestamp":1611073174161.834,"packetsReceived":3078,"packetsLost":0}},{"from":"ChinmaySahoo_eedc6722-1252-4ec7-86d5-54c965df35c5","to":"Sumit_2d5a52ed-c783-419b-990c-94b0d91fcf25","Audio":{"timestamp":1611073174161.834,"packetsReceived":29163,"packetsLost":0},"Type":"inbound-rtp","Video":{"timestamp":1611073174161.834,"packetsReceived":3078,"packetsLost":0}},{"from":"ChinmaySahoo_eedc6722-1252-4ec7-86d5-54c965df35c5","to":"Sumit_2d5a52ed-c783-419b-990c-94b0d91fcf25","Audio":{"timestamp":1611073179161.834,"packetsReceived":29413,"packetsLost":0},"Type":"inbound-rtp","Video":{"timestamp":1611073179161.834,"packetsReceived":3333,"packetsLost":0}},{"from":"ChinmaySahoo_eedc6722-1252-4ec7-86d5-54c965df35c5","to":"Sumit_2d5a52ed-c783-419b-990c-94b0d91fcf25","Audio":{"timestamp":1611073179161.834,"packetsReceived":29413,"packetsLost":0},"Type":"inbound-rtp","Video":{"timestamp":1611073179161.834,"packetsReceived":3333,"packetsLost":0}},{"from":"ChinmaySahoo_eedc6722-1252-4ec7-86d5-54c965df35c5","to":"Sumit_2d5a52ed-c783-419b-990c-94b0d91fcf25","Audio":{"timestamp":1611073184161.736,"packetsReceived":29663,"packetsLost":0},"Type":"inbound-rtp","Video":{"timestamp":1611073184161.736,"packetsReceived":3602,"packetsLost":0}},{"from":"ChinmaySahoo_eedc6722-1252-4ec7-86d5-54c965df35c5","to":"Sumit_2d5a52ed-c783-419b-990c-94b0d91fcf25","Audio":{"timestamp":1611073184161.736,"packetsReceived":29663,"packetsLost":0},"Type":"inbound-rtp","Video":{"timestamp":1611073184161.736,"packetsReceived":3602,"packetsLost":0}},{"from":"ChinmaySahoo_eedc6722-1252-4ec7-86d5-54c965df35c5","to":"Sumit_2d5a52ed-c783-419b-990c-94b0d91fcf25","Audio":{"timestamp":1611073189161.846,"packetsReceived":29913,"packetsLost":0},"Type":"inbound-rtp","Video":{"timestamp":1611073189161.846,"packetsReceived":4109,"packetsLost":0}},{"from":"ChinmaySahoo_eedc6722-1252-4ec7-86d5-54c965df35c5","to":"Sumit_2d5a52ed-c783-419b-990c-94b0d91fcf25","Audio":{"timestamp":1611073189161.846,"packetsReceived":29913,"packetsLost":0},"Type":"inbound-rtp","Video":{"timestamp":1611073189161.846,"packetsReceived":4109,"packetsLost":0}},{"from":"ChinmaySahoo_eedc6722-1252-4ec7-86d5-54c965df35c5","to":"Sumit_2d5a52ed-c783-419b-990c-94b0d91fcf25","Audio":{"timestamp":1611073194161.78,"packetsReceived":30163,"packetsLost":0},"Type":"inbound-rtp","Video":{"timestamp":1611073194161.78,"packetsReceived":4442,"packetsLost":0}},{"from":"ChinmaySahoo_eedc6722-1252-4ec7-86d5-54c965df35c5","to":"Sumit_2d5a52ed-c783-419b-990c-94b0d91fcf25","Audio":{"timestamp":1611073194161.78,"packetsReceived":30163,"packetsLost":0},"Type":"inbound-rtp","Video":{"timestamp":1611073194161.78,"packetsReceived":4442,"packetsLost":0}},{"from":"ChinmaySahoo_eedc6722-1252-4ec7-86d5-54c965df35c5","to":"Sumit_2d5a52ed-c783-419b-990c-94b0d91fcf25","Audio":{"timestamp":1611073199161.968,"packetsReceived":30413,"packetsLost":0},"Type":"inbound-rtp","Video":{"timestamp":1611073199161.968,"packetsReceived":5001,"packetsLost":0}},{"from":"ChinmaySahoo_eedc6722-1252-4ec7-86d5-54c965df35c5","to":"Sumit_2d5a52ed-c783-419b-990c-94b0d91fcf25","Audio":{"timestamp":1611073199161.968,"packetsReceived":30413,"packetsLost":0},"Type":"inbound-rtp","Video":{"timestamp":1611073199161.968,"packetsReceived":5001,"packetsLost":0}},{"from":"ChinmaySahoo_eedc6722-1252-4ec7-86d5-54c965df35c5","to":"Sumit_2d5a52ed-c783-419b-990c-94b0d91fcf25","Audio":{"timestamp":1611073204161.757,"packetsReceived":30663,"packetsLost":0},"Type":"inbound-rtp","Video":{"timestamp":1611073204161.757,"packetsReceived":5377,"packetsLost":0}},{"from":"ChinmaySahoo_eedc6722-1252-4ec7-86d5-54c965df35c5","to":"Sumit_2d5a52ed-c783-419b-990c-94b0d91fcf25","Audio":{"timestamp":1611073204161.757,"packetsReceived":30663,"packetsLost":0},"Type":"inbound-rtp","Video":{"timestamp":1611073204161.757,"packetsReceived":5377,"packetsLost":0}},{"from":"ChinmaySahoo_eedc6722-1252-4ec7-86d5-54c965df35c5","to":"Sumit_2d5a52ed-c783-419b-990c-94b0d91fcf25","Audio":{"timestamp":1611073209161.917,"packetsReceived":30913,"packetsLost":0},"Type":"inbound-rtp","Video":{"timestamp":1611073209161.917,"packetsReceived":5859,"packetsLost":0}},{"from":"ChinmaySahoo_eedc6722-1252-4ec7-86d5-54c965df35c5","to":"Sumit_2d5a52ed-c783-419b-990c-94b0d91fcf25","Audio":{"timestamp":1611073209161.917,"packetsReceived":30913,"packetsLost":0},"Type":"inbound-rtp","Video":{"timestamp":1611073209161.917,"packetsReceived":5859,"packetsLost":0}},{"from":"ChinmaySahoo_eedc6722-1252-4ec7-86d5-54c965df35c5","to":"Sumit_2d5a52ed-c783-419b-990c-94b0d91fcf25","Audio":{"timestamp":1611073214161.755,"packetsReceived":31163,"packetsLost":0},"Type":"inbound-rtp","Video":{"timestamp":1611073214161.755,"packetsReceived":6522,"packetsLost":0}},{"from":"ChinmaySahoo_eedc6722-1252-4ec7-86d5-54c965df35c5","to":"Sumit_2d5a52ed-c783-419b-990c-94b0d91fcf25","Audio":{"timestamp":1611073214161.755,"packetsReceived":31163,"packetsLost":0},"Type":"inbound-rtp","Video":{"timestamp":1611073214161.755,"packetsReceived":6522,"packetsLost":0}},{"from":"ChinmaySahoo_eedc6722-1252-4ec7-86d5-54c965df35c5","to":"Sumit_2d5a52ed-c783-419b-990c-94b0d91fcf25","Audio":{"timestamp":1611073219161.729,"packetsReceived":31413,"packetsLost":0},"Type":"inbound-rtp","Video":{"timestamp":1611073219161.729,"packetsReceived":7235,"packetsLost":0}},{"from":"ChinmaySahoo_eedc6722-1252-4ec7-86d5-54c965df35c5","to":"Sumit_2d5a52ed-c783-419b-990c-94b0d91fcf25","Audio":{"timestamp":1611073219161.729,"packetsReceived":31413,"packetsLost":0},"Type":"inbound-rtp","Video":{"timestamp":1611073219161.729,"packetsReceived":7235,"packetsLost":0}},{"from":"ChinmaySahoo_eedc6722-1252-4ec7-86d5-54c965df35c5","to":"Sumit_2d5a52ed-c783-419b-990c-94b0d91fcf25","Audio":{"timestamp":1611073224161.715,"packetsReceived":31662,"packetsLost":0},"Type":"inbound-rtp","Video":{"timestamp":1611073224161.715,"packetsReceived":8096,"packetsLost":0}},{"from":"ChinmaySahoo_eedc6722-1252-4ec7-86d5-54c965df35c5","to":"Sumit_2d5a52ed-c783-419b-990c-94b0d91fcf25","Audio":{"timestamp":1611073224161.715,"packetsReceived":31662,"packetsLost":0},"Type":"inbound-rtp","Video":{"timestamp":1611073224161.715,"packetsReceived":8096,"packetsLost":0}},{"from":"ChinmaySahoo_eedc6722-1252-4ec7-86d5-54c965df35c5","to":"Sumit_2d5a52ed-c783-419b-990c-94b0d91fcf25","Audio":{"timestamp":1611073229161.769,"packetsReceived":31913,"packetsLost":0},"Type":"inbound-rtp","Video":{"timestamp":1611073229161.769,"packetsReceived":8753,"packetsLost":0}},{"from":"ChinmaySahoo_eedc6722-1252-4ec7-86d5-54c965df35c5","to":"Sumit_2d5a52ed-c783-419b-990c-94b0d91fcf25","Audio":{"timestamp":1611073229161.769,"packetsReceived":31913,"packetsLost":0},"Type":"inbound-rtp","Video":{"timestamp":1611073229161.769,"packetsReceived":8753,"packetsLost":0}},{"from":"ChinmaySahoo_eedc6722-1252-4ec7-86d5-54c965df35c5","to":"Sumit_2d5a52ed-c783-419b-990c-94b0d91fcf25","Audio":{"timestamp":1611073234161.725,"packetsReceived":32163,"packetsLost":0},"Type":"inbound-rtp","Video":{"timestamp":1611073234161.725,"packetsReceived":9147,"packetsLost":0}},{"from":"ChinmaySahoo_eedc6722-1252-4ec7-86d5-54c965df35c5","to":"Sumit_2d5a52ed-c783-419b-990c-94b0d91fcf25","Audio":{"timestamp":1611073234161.725,"packetsReceived":32163,"packetsLost":0},"Type":"inbound-rtp","Video":{"timestamp":1611073234161.725,"packetsReceived":9147,"packetsLost":0}},{"from":"ChinmaySahoo_eedc6722-1252-4ec7-86d5-54c965df35c5","to":"Sumit_2d5a52ed-c783-419b-990c-94b0d91fcf25","Audio":{"timestamp":1611073239161.744,"packetsReceived":32413,"packetsLost":0},"Type":"inbound-rtp","Video":{"timestamp":1611073239161.744,"packetsReceived":9508,"packetsLost":0}},{"from":"ChinmaySahoo_eedc6722-1252-4ec7-86d5-54c965df35c5","to":"Sumit_2d5a52ed-c783-419b-990c-94b0d91fcf25","Audio":{"timestamp":1611073239161.744,"packetsReceived":32413,"packetsLost":0},"Type":"inbound-rtp","Video":{"timestamp":1611073239161.744,"packetsReceived":9508,"packetsLost":0}},{"from":"ChinmaySahoo_eedc6722-1252-4ec7-86d5-54c965df35c5","to":"Sumit_2d5a52ed-c783-419b-990c-94b0d91fcf25","Audio":{"timestamp":1611073244161.803,"packetsReceived":32663,"packetsLost":0},"Type":"inbound-rtp","Video":{"timestamp":1611073244161.803,"packetsReceived":9679,"packetsLost":0}},{"from":"ChinmaySahoo_eedc6722-1252-4ec7-86d5-54c965df35c5","to":"Sumit_2d5a52ed-c783-419b-990c-94b0d91fcf25","Audio":{"timestamp":1611073244161.803,"packetsReceived":32663,"packetsLost":0},"Type":"inbound-rtp","Video":{"timestamp":1611073244161.803,"packetsReceived":9679,"packetsLost":0}},{"from":"ChinmaySahoo_eedc6722-1252-4ec7-86d5-54c965df35c5","to":"Sumit_2d5a52ed-c783-419b-990c-94b0d91fcf25","Audio":{"timestamp":1611073249161.709,"packetsReceived":32913,"packetsLost":0},"Type":"inbound-rtp","Video":{"timestamp":1611073249161.709,"packetsReceived":9824,"packetsLost":0}},{"from":"ChinmaySahoo_eedc6722-1252-4ec7-86d5-54c965df35c5","to":"Sumit_2d5a52ed-c783-419b-990c-94b0d91fcf25","Audio":{"timestamp":1611073249161.709,"packetsReceived":32913,"packetsLost":0},"Type":"inbound-rtp","Video":{"timestamp":1611073249161.709,"packetsReceived":9824,"packetsLost":0}},{"from":"ChinmaySahoo_eedc6722-1252-4ec7-86d5-54c965df35c5","to":"Sumit_2d5a52ed-c783-419b-990c-94b0d91fcf25","Audio":{"timestamp":1611073254161.828,"packetsReceived":33163,"packetsLost":0},"Type":"inbound-rtp","Video":{"timestamp":1611073254161.828,"packetsReceived":10024,"packetsLost":0}},{"from":"ChinmaySahoo_eedc6722-1252-4ec7-86d5-54c965df35c5","to":"Sumit_2d5a52ed-c783-419b-990c-94b0d91fcf25","Audio":{"timestamp":1611073254161.828,"packetsReceived":33163,"packetsLost":0},"Type":"inbound-rtp","Video":{"timestamp":1611073254161.828,"packetsReceived":10024,"packetsLost":0}},{"from":"ChinmaySahoo_eedc6722-1252-4ec7-86d5-54c965df35c5","to":"Sumit_2d5a52ed-c783-419b-990c-94b0d91fcf25","Audio":{"timestamp":1611073259161.75,"packetsReceived":33413,"packetsLost":0},"Type":"inbound-rtp","Video":{"timestamp":1611073259161.75,"packetsReceived":10230,"packetsLost":0}},{"from":"ChinmaySahoo_eedc6722-1252-4ec7-86d5-54c965df35c5","to":"Sumit_2d5a52ed-c783-419b-990c-94b0d91fcf25","Audio":{"timestamp":1611073259161.75,"packetsReceived":33413,"packetsLost":0},"Type":"inbound-rtp","Video":{"timestamp":1611073259161.75,"packetsReceived":10230,"packetsLost":0}},{"from":"ChinmaySahoo_eedc6722-1252-4ec7-86d5-54c965df35c5","to":"Sumit_2d5a52ed-c783-419b-990c-94b0d91fcf25","Audio":{"timestamp":1611073264161.759,"packetsReceived":33663,"packetsLost":0},"Type":"inbound-rtp","Video":{"timestamp":1611073264161.759,"packetsReceived":10420,"packetsLost":0}},{"from":"ChinmaySahoo_eedc6722-1252-4ec7-86d5-54c965df35c5","to":"Sumit_2d5a52ed-c783-419b-990c-94b0d91fcf25","Audio":{"timestamp":1611073264161.759,"packetsReceived":33663,"packetsLost":0},"Type":"inbound-rtp","Video":{"timestamp":1611073264161.759,"packetsReceived":10420,"packetsLost":0}},{"from":"ChinmaySahoo_eedc6722-1252-4ec7-86d5-54c965df35c5","to":"Sumit_2d5a52ed-c783-419b-990c-94b0d91fcf25","Audio":{"timestamp":1611073269161.715,"packetsReceived":33912,"packetsLost":0},"Type":"inbound-rtp","Video":{"timestamp":1611073269161.715,"packetsReceived":10782,"packetsLost":0}},{"from":"ChinmaySahoo_eedc6722-1252-4ec7-86d5-54c965df35c5","to":"Sumit_2d5a52ed-c783-419b-990c-94b0d91fcf25","Audio":{"timestamp":1611073269161.715,"packetsReceived":33912,"packetsLost":0},"Type":"inbound-rtp","Video":{"timestamp":1611073269161.715,"packetsReceived":10782,"packetsLost":0}},{"from":"ChinmaySahoo_eedc6722-1252-4ec7-86d5-54c965df35c5","to":"Sumit_2d5a52ed-c783-419b-990c-94b0d91fcf25","Audio":{"timestamp":1611073274162.096,"packetsReceived":34163,"packetsLost":0},"Type":"inbound-rtp","Video":{"timestamp":1611073274162.096,"packetsReceived":11145,"packetsLost":0}},{"from":"ChinmaySahoo_eedc6722-1252-4ec7-86d5-54c965df35c5","to":"Sumit_2d5a52ed-c783-419b-990c-94b0d91fcf25","Audio":{"timestamp":1611073274162.096,"packetsReceived":34163,"packetsLost":0},"Type":"inbound-rtp","Video":{"timestamp":1611073274162.096,"packetsReceived":11145,"packetsLost":0}},{"from":"ChinmaySahoo_eedc6722-1252-4ec7-86d5-54c965df35c5","to":"Sumit_2d5a52ed-c783-419b-990c-94b0d91fcf25","Audio":{"timestamp":1611073279161.901,"packetsReceived":34413,"packetsLost":0},"Type":"inbound-rtp","Video":{"timestamp":1611073279161.901,"packetsReceived":11616,"packetsLost":0}},{"from":"ChinmaySahoo_eedc6722-1252-4ec7-86d5-54c965df35c5","to":"Sumit_2d5a52ed-c783-419b-990c-94b0d91fcf25","Audio":{"timestamp":1611073279161.901,"packetsReceived":34413,"packetsLost":0},"Type":"inbound-rtp","Video":{"timestamp":1611073279161.901,"packetsReceived":11616,"packetsLost":0}},{"from":"ChinmaySahoo_eedc6722-1252-4ec7-86d5-54c965df35c5","to":"Sumit_2d5a52ed-c783-419b-990c-94b0d91fcf25","Audio":{"timestamp":1611073284161.742,"packetsReceived":34662,"packetsLost":0},"Type":"inbound-rtp","Video":{"timestamp":1611073284161.742,"packetsReceived":11965,"packetsLost":0}},{"from":"ChinmaySahoo_eedc6722-1252-4ec7-86d5-54c965df35c5","to":"Sumit_2d5a52ed-c783-419b-990c-94b0d91fcf25","Audio":{"timestamp":1611073284161.742,"packetsReceived":34662,"packetsLost":0},"Type":"inbound-rtp","Video":{"timestamp":1611073284161.742,"packetsReceived":11965,"packetsLost":0}},{"from":"ChinmaySahoo_eedc6722-1252-4ec7-86d5-54c965df35c5","to":"Sumit_2d5a52ed-c783-419b-990c-94b0d91fcf25","Audio":{"timestamp":1611073289163.557,"packetsReceived":34913,"packetsLost":0},"Type":"inbound-rtp","Video":{"timestamp":1611073289163.557,"packetsReceived":12375,"packetsLost":0}},{"from":"ChinmaySahoo_eedc6722-1252-4ec7-86d5-54c965df35c5","to":"Sumit_2d5a52ed-c783-419b-990c-94b0d91fcf25","Audio":{"timestamp":1611073289163.557,"packetsReceived":34913,"packetsLost":0},"Type":"inbound-rtp","Video":{"timestamp":1611073289163.557,"packetsReceived":12375,"packetsLost":0}},{"from":"ChinmaySahoo_eedc6722-1252-4ec7-86d5-54c965df35c5","to":"Sumit_2d5a52ed-c783-419b-990c-94b0d91fcf25","Audio":{"timestamp":1611073294162.335,"packetsReceived":35163,"packetsLost":0},"Type":"inbound-rtp","Video":{"timestamp":1611073294162.335,"packetsReceived":12712,"packetsLost":0}},{"from":"ChinmaySahoo_eedc6722-1252-4ec7-86d5-54c965df35c5","to":"Sumit_2d5a52ed-c783-419b-990c-94b0d91fcf25","Audio":{"timestamp":1611073294162.335,"packetsReceived":35163,"packetsLost":0},"Type":"inbound-rtp","Video":{"timestamp":1611073294162.335,"packetsReceived":12712,"packetsLost":0}},{"from":"ChinmaySahoo_eedc6722-1252-4ec7-86d5-54c965df35c5","to":"Sumit_2d5a52ed-c783-419b-990c-94b0d91fcf25","Audio":{"timestamp":1611073299161.819,"packetsReceived":35413,"packetsLost":0},"Type":"inbound-rtp","Video":{"timestamp":1611073299161.819,"packetsReceived":13108,"packetsLost":0}},{"from":"ChinmaySahoo_eedc6722-1252-4ec7-86d5-54c965df35c5","to":"Sumit_2d5a52ed-c783-419b-990c-94b0d91fcf25","Audio":{"timestamp":1611073299161.819,"packetsReceived":35413,"packetsLost":0},"Type":"inbound-rtp","Video":{"timestamp":1611073299161.819,"packetsReceived":13108,"packetsLost":0}},{"from":"ChinmaySahoo_eedc6722-1252-4ec7-86d5-54c965df35c5","to":"Sumit_2d5a52ed-c783-419b-990c-94b0d91fcf25","Audio":{"timestamp":1611073304161.711,"packetsReceived":35663,"packetsLost":0},"Type":"inbound-rtp","Video":{"timestamp":1611073304161.711,"packetsReceived":13382,"packetsLost":0}},{"from":"ChinmaySahoo_eedc6722-1252-4ec7-86d5-54c965df35c5","to":"Sumit_2d5a52ed-c783-419b-990c-94b0d91fcf25","Audio":{"timestamp":1611073304161.711,"packetsReceived":35663,"packetsLost":0},"Type":"inbound-rtp","Video":{"timestamp":1611073304161.711,"packetsReceived":13382,"packetsLost":0}},{"from":"ChinmaySahoo_eedc6722-1252-4ec7-86d5-54c965df35c5","to":"Sumit_2d5a52ed-c783-419b-990c-94b0d91fcf25","Audio":{"timestamp":1611073309162.197,"packetsReceived":35913,"packetsLost":0},"Type":"inbound-rtp","Video":{"timestamp":1611073309162.197,"packetsReceived":13661,"packetsLost":0}},{"from":"ChinmaySahoo_eedc6722-1252-4ec7-86d5-54c965df35c5","to":"Sumit_2d5a52ed-c783-419b-990c-94b0d91fcf25","Audio":{"timestamp":1611073309162.197,"packetsReceived":35913,"packetsLost":0},"Type":"inbound-rtp","Video":{"timestamp":1611073309162.197,"packetsReceived":13661,"packetsLost":0}},{"from":"ChinmaySahoo_eedc6722-1252-4ec7-86d5-54c965df35c5","to":"Sumit_2d5a52ed-c783-419b-990c-94b0d91fcf25","Audio":{"timestamp":1611073314161.773,"packetsReceived":36163,"packetsLost":0},"Type":"inbound-rtp","Video":{"timestamp":1611073314161.773,"packetsReceived":13908,"packetsLost":0}},{"from":"ChinmaySahoo_eedc6722-1252-4ec7-86d5-54c965df35c5","to":"Sumit_2d5a52ed-c783-419b-990c-94b0d91fcf25","Audio":{"timestamp":1611073314161.773,"packetsReceived":36163,"packetsLost":0},"Type":"inbound-rtp","Video":{"timestamp":1611073314161.773,"packetsReceived":13908,"packetsLost":0}},{"from":"ChinmaySahoo_eedc6722-1252-4ec7-86d5-54c965df35c5","to":"Sumit_2d5a52ed-c783-419b-990c-94b0d91fcf25","Audio":{"timestamp":1611073319162.037,"packetsReceived":36413,"packetsLost":0},"Type":"inbound-rtp","Video":{"timestamp":1611073319162.037,"packetsReceived":14209,"packetsLost":0}},{"from":"ChinmaySahoo_eedc6722-1252-4ec7-86d5-54c965df35c5","to":"Sumit_2d5a52ed-c783-419b-990c-94b0d91fcf25","Audio":{"timestamp":1611073319162.037,"packetsReceived":36413,"packetsLost":0},"Type":"inbound-rtp","Video":{"timestamp":1611073319162.037,"packetsReceived":14209,"packetsLost":0}},{"from":"ChinmaySahoo_eedc6722-1252-4ec7-86d5-54c965df35c5","to":"Sumit_2d5a52ed-c783-419b-990c-94b0d91fcf25","Audio":{"timestamp":1611073324161.798,"packetsReceived":36663,"packetsLost":0},"Type":"inbound-rtp","Video":{"timestamp":1611073324161.798,"packetsReceived":14447,"packetsLost":0}},{"from":"ChinmaySahoo_eedc6722-1252-4ec7-86d5-54c965df35c5","to":"Sumit_2d5a52ed-c783-419b-990c-94b0d91fcf25","Audio":{"timestamp":1611073324161.798,"packetsReceived":36663,"packetsLost":0},"Type":"inbound-rtp","Video":{"timestamp":1611073324161.798,"packetsReceived":14447,"packetsLost":0}},{"from":"ChinmaySahoo_eedc6722-1252-4ec7-86d5-54c965df35c5","to":"Sumit_2d5a52ed-c783-419b-990c-94b0d91fcf25","Audio":{"timestamp":1611073329161.721,"packetsReceived":36913,"packetsLost":0},"Type":"inbound-rtp","Video":{"timestamp":1611073329161.721,"packetsReceived":14489,"packetsLost":0}},{"from":"ChinmaySahoo_eedc6722-1252-4ec7-86d5-54c965df35c5","to":"Sumit_2d5a52ed-c783-419b-990c-94b0d91fcf25","Audio":{"timestamp":1611073329161.721,"packetsReceived":36913,"packetsLost":0},"Type":"inbound-rtp","Video":{"timestamp":1611073329161.721,"packetsReceived":14489,"packetsLost":0}},{"from":"ChinmaySahoo_eedc6722-1252-4ec7-86d5-54c965df35c5","to":"Sumit_2d5a52ed-c783-419b-990c-94b0d91fcf25","Audio":{"timestamp":1611073334161.749,"packetsReceived":37163,"packetsLost":0},"Type":"inbound-rtp","Video":{"timestamp":1611073334161.749,"packetsReceived":14541,"packetsLost":0}},{"from":"ChinmaySahoo_eedc6722-1252-4ec7-86d5-54c965df35c5","to":"Sumit_2d5a52ed-c783-419b-990c-94b0d91fcf25","Audio":{"timestamp":1611073334161.749,"packetsReceived":37163,"packetsLost":0},"Type":"inbound-rtp","Video":{"timestamp":1611073334161.749,"packetsReceived":14541,"packetsLost":0}},{"from":"ChinmaySahoo_eedc6722-1252-4ec7-86d5-54c965df35c5","to":"Sumit_2d5a52ed-c783-419b-990c-94b0d91fcf25","Audio":{"timestamp":1611073339161.718,"packetsReceived":37413,"packetsLost":0},"Type":"inbound-rtp","Video":{"timestamp":1611073339161.718,"packetsReceived":14654,"packetsLost":0}},{"from":"ChinmaySahoo_eedc6722-1252-4ec7-86d5-54c965df35c5","to":"Sumit_2d5a52ed-c783-419b-990c-94b0d91fcf25","Audio":{"timestamp":1611073339161.718,"packetsReceived":37413,"packetsLost":0},"Type":"inbound-rtp","Video":{"timestamp":1611073339161.718,"packetsReceived":14654,"packetsLost":0}},{"from":"ChinmaySahoo_eedc6722-1252-4ec7-86d5-54c965df35c5","to":"Sumit_2d5a52ed-c783-419b-990c-94b0d91fcf25","Audio":{"timestamp":1611073344161.688,"packetsReceived":37662,"packetsLost":0},"Type":"inbound-rtp","Video":{"timestamp":1611073344161.688,"packetsReceived":14664,"packetsLost":0}},{"from":"ChinmaySahoo_eedc6722-1252-4ec7-86d5-54c965df35c5","to":"Sumit_2d5a52ed-c783-419b-990c-94b0d91fcf25","Audio":{"timestamp":1611073344161.688,"packetsReceived":37662,"packetsLost":0},"Type":"inbound-rtp","Video":{"timestamp":1611073344161.688,"packetsReceived":14664,"packetsLost":0}},{"from":"ChinmaySahoo_eedc6722-1252-4ec7-86d5-54c965df35c5","to":"Sumit_2d5a52ed-c783-419b-990c-94b0d91fcf25","Audio":{"timestamp":1611073349161.756,"packetsReceived":37913,"packetsLost":0},"Type":"inbound-rtp","Video":{"timestamp":1611073349161.756,"packetsReceived":14671,"packetsLost":0}},{"from":"ChinmaySahoo_eedc6722-1252-4ec7-86d5-54c965df35c5","to":"Sumit_2d5a52ed-c783-419b-990c-94b0d91fcf25","Audio":{"timestamp":1611073349161.756,"packetsReceived":37913,"packetsLost":0},"Type":"inbound-rtp","Video":{"timestamp":1611073349161.756,"packetsReceived":14671,"packetsLost":0}},{"from":"ChinmaySahoo_eedc6722-1252-4ec7-86d5-54c965df35c5","to":"Sumit_2d5a52ed-c783-419b-990c-94b0d91fcf25","Audio":{"timestamp":1611073354161.779,"packetsReceived":38163,"packetsLost":0},"Type":"inbound-rtp","Video":{"timestamp":1611073354161.779,"packetsReceived":14680,"packetsLost":0}},{"from":"ChinmaySahoo_eedc6722-1252-4ec7-86d5-54c965df35c5","to":"Sumit_2d5a52ed-c783-419b-990c-94b0d91fcf25","Audio":{"timestamp":1611073354161.779,"packetsReceived":38163,"packetsLost":0},"Type":"inbound-rtp","Video":{"timestamp":1611073354161.779,"packetsReceived":14680,"packetsLost":0}},{"from":"ChinmaySahoo_eedc6722-1252-4ec7-86d5-54c965df35c5","to":"Sumit_2d5a52ed-c783-419b-990c-94b0d91fcf25","Audio":{"timestamp":1611073360127.704,"packetsReceived":38461,"packetsLost":0},"Type":"inbound-rtp","Video":{"timestamp":1611073360127.704,"packetsReceived":14685,"packetsLost":0}},{"from":"ChinmaySahoo_eedc6722-1252-4ec7-86d5-54c965df35c5","to":"Sumit_2d5a52ed-c783-419b-990c-94b0d91fcf25","Audio":{"timestamp":1611073360127.704,"packetsReceived":38461,"packetsLost":0},"Type":"inbound-rtp","Video":{"timestamp":1611073360127.704,"packetsReceived":14685,"packetsLost":0}},{"from":"ChinmaySahoo_eedc6722-1252-4ec7-86d5-54c965df35c5","to":"Sumit_2d5a52ed-c783-419b-990c-94b0d91fcf25","Audio":{"timestamp":1611073365128.152,"packetsReceived":38711,"packetsLost":0},"Type":"inbound-rtp","Video":{"timestamp":1611073365128.152,"packetsReceived":14690,"packetsLost":0}},{"from":"ChinmaySahoo_eedc6722-1252-4ec7-86d5-54c965df35c5","to":"Sumit_2d5a52ed-c783-419b-990c-94b0d91fcf25","Audio":{"timestamp":1611073365128.152,"packetsReceived":38711,"packetsLost":0},"Type":"inbound-rtp","Video":{"timestamp":1611073365128.152,"packetsReceived":14690,"packetsLost":0}}]}