[{"timestamp":1611072444767,"log":{"from":"server","to":"NIshant_cfb4888d-23ea-4143-b54a-0717cee9a4b5","context":"PARENT","data":"{\"peer\":\"Ashmesh_8687c9a5-c3fb-4484-a42c-dffd19a21047\"}"}},{"timestamp":1611072444767,"log":"Parent : Ashmesh_8687c9a5-c3fb-4484-a42c-dffd19a21047"},{"timestamp":1611072445259,"log":{"from":"Ashmesh_8687c9a5-c3fb-4484-a42c-dffd19a21047","to":"NIshant_cfb4888d-23ea-4143-b54a-0717cee9a4b5","context":"CONNECT_ACK","data":"{\"roomID\":\"123456\"}"}},{"timestamp":1611072445259,"log":"Connection ACK from parent : Ashmesh_8687c9a5-c3fb-4484-a42c-dffd19a21047"},{"timestamp":1611072445265,"log":"received sdp from peer : Ashmesh_8687c9a5-c3fb-4484-a42c-dffd19a21047"},{"timestamp":1611072445269,"log":"received ice from peer : Ashmesh_8687c9a5-c3fb-4484-a42c-dffd19a21047"},{"timestamp":1611072445272,"log":"remote stream received"},{"timestamp":1611072445273,"log":{}},{"timestamp":1611072445273,"log":"remote stream received"},{"timestamp":1611072445273,"log":{}},{"timestamp":1611072445273,"log":"received ice from peer : Ashmesh_8687c9a5-c3fb-4484-a42c-dffd19a21047"},{"timestamp":1611072445278,"log":"created description for peer : Ashmesh_8687c9a5-c3fb-4484-a42c-dffd19a21047"},{"timestamp":1611072445282,"log":"connection with peer Ashmesh_8687c9a5-c3fb-4484-a42c-dffd19a21047 checking"},{"timestamp":1611072445283,"log":"ice: NIshant_cfb4888d-23ea-4143-b54a-0717cee9a4b5 to Ashmesh_8687c9a5-c3fb-4484-a42c-dffd19a21047"},{"timestamp":1611072445284,"log":"connection with peer Ashmesh_8687c9a5-c3fb-4484-a42c-dffd19a21047 connected"},{"timestamp":1611072445284,"log":"ice: NIshant_cfb4888d-23ea-4143-b54a-0717cee9a4b5 to Ashmesh_8687c9a5-c3fb-4484-a42c-dffd19a21047"},{"timestamp":1611072445507,"log":"received ice from peer : Ashmesh_8687c9a5-c3fb-4484-a42c-dffd19a21047"},{"timestamp":1611072445508,"log":"received ice from peer : Ashmesh_8687c9a5-c3fb-4484-a42c-dffd19a21047"}]