[{"joining_timestamp":1611072334973,"available_slots":4},{"media_timestamp":1611072336455},{"timestamp":1611072636956,"Type":"child_added","available_slots":3,"child_id":"Vijay_ac878eea-ac50-4be9-985a-8615b15603c9"},{"timestamp":1611072645180,"Type":"child_added","available_slots":2,"child_id":"Mansi_97e254fb-2ff1-4dcc-8c36-6d051d3b7d24"},{"timestamp":1611072655001,"Type":"child_added","available_slots":1,"child_id":"Rishitha_711f6c97-f528-41f9-bca3-9b4d448daaae"},{"timestamp":1611072664330,"Type":"child_added","available_slots":0,"child_id":"Niket_cbe63b56-ad18-4a90-9e39-5efc9c440b46"}]