[{"timestamp":1611072335945,"log":{"from":"server","to":"Sankalp_5070585a-5c03-45fd-9d0a-94cb7b78cebb","context":"PARENT","data":"{\"peer\":\"Parth_a263f787-4d71-4318-94d1-8b1cdc8f9510\"}"}},{"timestamp":1611072335945,"log":"Parent : Parth_a263f787-4d71-4318-94d1-8b1cdc8f9510"},{"timestamp":1611072336426,"log":{"from":"Parth_a263f787-4d71-4318-94d1-8b1cdc8f9510","to":"Sankalp_5070585a-5c03-45fd-9d0a-94cb7b78cebb","context":"CONNECT_ACK","data":"{\"roomID\":\"123456\"}"}},{"timestamp":1611072336426,"log":"Connection ACK from parent : Parth_a263f787-4d71-4318-94d1-8b1cdc8f9510"},{"timestamp":1611072336433,"log":"received sdp from peer : Parth_a263f787-4d71-4318-94d1-8b1cdc8f9510"},{"timestamp":1611072336441,"log":"received ice from peer : Parth_a263f787-4d71-4318-94d1-8b1cdc8f9510"},{"timestamp":1611072336455,"log":"remote stream received"},{"timestamp":1611072336455,"log":{}},{"timestamp":1611072336456,"log":"remote stream received"},{"timestamp":1611072336456,"log":{}},{"timestamp":1611072336458,"log":"received ice from peer : Parth_a263f787-4d71-4318-94d1-8b1cdc8f9510"},{"timestamp":1611072336465,"log":"created description for peer : Parth_a263f787-4d71-4318-94d1-8b1cdc8f9510"},{"timestamp":1611072336469,"log":"received ice from peer : Parth_a263f787-4d71-4318-94d1-8b1cdc8f9510"},{"timestamp":1611072336482,"log":"connection with peer Parth_a263f787-4d71-4318-94d1-8b1cdc8f9510 checking"},{"timestamp":1611072336485,"log":"ice: Sankalp_5070585a-5c03-45fd-9d0a-94cb7b78cebb to Parth_a263f787-4d71-4318-94d1-8b1cdc8f9510"},{"timestamp":1611072336485,"log":"connection with peer Parth_a263f787-4d71-4318-94d1-8b1cdc8f9510 connected"},{"timestamp":1611072336485,"log":"ice: Sankalp_5070585a-5c03-45fd-9d0a-94cb7b78cebb to Parth_a263f787-4d71-4318-94d1-8b1cdc8f9510"},{"timestamp":1611072336533,"log":"received ice from peer : Parth_a263f787-4d71-4318-94d1-8b1cdc8f9510"},{"timestamp":1611072636956,"log":{"from":"Vijay_ac878eea-ac50-4be9-985a-8615b15603c9","to":"Sankalp_5070585a-5c03-45fd-9d0a-94cb7b78cebb","context":"CONNECT","data":"{\"roomID\":\"123456\"}"}},{"timestamp":1611072636956,"log":"Connect request from Child : Vijay_ac878eea-ac50-4be9-985a-8615b15603c9"},{"timestamp":1611072636962,"log":"adding tracks"},{"timestamp":1611072636967,"log":"call inititated: Sankalp_5070585a-5c03-45fd-9d0a-94cb7b78cebb to Vijay_ac878eea-ac50-4be9-985a-8615b15603c9"},{"timestamp":1611072636973,"log":"created description for peer : Vijay_ac878eea-ac50-4be9-985a-8615b15603c9"},{"timestamp":1611072636998,"log":"ice: Sankalp_5070585a-5c03-45fd-9d0a-94cb7b78cebb to Vijay_ac878eea-ac50-4be9-985a-8615b15603c9"},{"timestamp":1611072636999,"log":"ice: Sankalp_5070585a-5c03-45fd-9d0a-94cb7b78cebb to Vijay_ac878eea-ac50-4be9-985a-8615b15603c9"},{"timestamp":1611072637034,"log":"ice: Sankalp_5070585a-5c03-45fd-9d0a-94cb7b78cebb to Vijay_ac878eea-ac50-4be9-985a-8615b15603c9"},{"timestamp":1611072637036,"log":"ice: Sankalp_5070585a-5c03-45fd-9d0a-94cb7b78cebb to Vijay_ac878eea-ac50-4be9-985a-8615b15603c9"},{"timestamp":1611072637508,"log":"received sdp from peer : Vijay_ac878eea-ac50-4be9-985a-8615b15603c9"},{"timestamp":1611072637516,"log":"received ice from peer : Vijay_ac878eea-ac50-4be9-985a-8615b15603c9"},{"timestamp":1611072637535,"log":"connection with peer Vijay_ac878eea-ac50-4be9-985a-8615b15603c9 checking"},{"timestamp":1611072637535,"log":"connection with peer Vijay_ac878eea-ac50-4be9-985a-8615b15603c9 connected"},{"timestamp":1611072637536,"log":"ice: Sankalp_5070585a-5c03-45fd-9d0a-94cb7b78cebb to Vijay_ac878eea-ac50-4be9-985a-8615b15603c9"},{"timestamp":1611072637545,"log":"received ice from peer : Vijay_ac878eea-ac50-4be9-985a-8615b15603c9"},{"timestamp":1611072645180,"log":{"from":"Mansi_97e254fb-2ff1-4dcc-8c36-6d051d3b7d24","to":"Sankalp_5070585a-5c03-45fd-9d0a-94cb7b78cebb","context":"CONNECT","data":"{\"roomID\":\"123456\"}"}},{"timestamp":1611072645180,"log":"Connect request from Child : Mansi_97e254fb-2ff1-4dcc-8c36-6d051d3b7d24"},{"timestamp":1611072645182,"log":"adding tracks"},{"timestamp":1611072645186,"log":"call inititated: Sankalp_5070585a-5c03-45fd-9d0a-94cb7b78cebb to Mansi_97e254fb-2ff1-4dcc-8c36-6d051d3b7d24"},{"timestamp":1611072645190,"log":"created description for peer : Mansi_97e254fb-2ff1-4dcc-8c36-6d051d3b7d24"},{"timestamp":1611072645211,"log":"ice: Sankalp_5070585a-5c03-45fd-9d0a-94cb7b78cebb to Mansi_97e254fb-2ff1-4dcc-8c36-6d051d3b7d24"},{"timestamp":1611072645215,"log":"ice: Sankalp_5070585a-5c03-45fd-9d0a-94cb7b78cebb to Mansi_97e254fb-2ff1-4dcc-8c36-6d051d3b7d24"},{"timestamp":1611072645242,"log":"ice: Sankalp_5070585a-5c03-45fd-9d0a-94cb7b78cebb to Mansi_97e254fb-2ff1-4dcc-8c36-6d051d3b7d24"},{"timestamp":1611072645247,"log":"ice: Sankalp_5070585a-5c03-45fd-9d0a-94cb7b78cebb to Mansi_97e254fb-2ff1-4dcc-8c36-6d051d3b7d24"},{"timestamp":1611072645713,"log":"received sdp from peer : Mansi_97e254fb-2ff1-4dcc-8c36-6d051d3b7d24"},{"timestamp":1611072645753,"log":"received ice from peer : Mansi_97e254fb-2ff1-4dcc-8c36-6d051d3b7d24"},{"timestamp":1611072645758,"log":"received ice from peer : Mansi_97e254fb-2ff1-4dcc-8c36-6d051d3b7d24"},{"timestamp":1611072645764,"log":"connection with peer Mansi_97e254fb-2ff1-4dcc-8c36-6d051d3b7d24 checking"},{"timestamp":1611072645765,"log":"connection with peer Mansi_97e254fb-2ff1-4dcc-8c36-6d051d3b7d24 connected"},{"timestamp":1611072645767,"log":"ice: Sankalp_5070585a-5c03-45fd-9d0a-94cb7b78cebb to Mansi_97e254fb-2ff1-4dcc-8c36-6d051d3b7d24"},{"timestamp":1611072655001,"log":{"from":"Rishitha_711f6c97-f528-41f9-bca3-9b4d448daaae","to":"Sankalp_5070585a-5c03-45fd-9d0a-94cb7b78cebb","context":"CONNECT","data":"{\"roomID\":\"123456\"}"}},{"timestamp":1611072655001,"log":"Connect request from Child : Rishitha_711f6c97-f528-41f9-bca3-9b4d448daaae"},{"timestamp":1611072655004,"log":"adding tracks"},{"timestamp":1611072655008,"log":"call inititated: Sankalp_5070585a-5c03-45fd-9d0a-94cb7b78cebb to Rishitha_711f6c97-f528-41f9-bca3-9b4d448daaae"},{"timestamp":1611072655014,"log":"created description for peer : Rishitha_711f6c97-f528-41f9-bca3-9b4d448daaae"},{"timestamp":1611072655034,"log":"ice: Sankalp_5070585a-5c03-45fd-9d0a-94cb7b78cebb to Rishitha_711f6c97-f528-41f9-bca3-9b4d448daaae"},{"timestamp":1611072655036,"log":"ice: Sankalp_5070585a-5c03-45fd-9d0a-94cb7b78cebb to Rishitha_711f6c97-f528-41f9-bca3-9b4d448daaae"},{"timestamp":1611072655065,"log":"ice: Sankalp_5070585a-5c03-45fd-9d0a-94cb7b78cebb to Rishitha_711f6c97-f528-41f9-bca3-9b4d448daaae"},{"timestamp":1611072655068,"log":"ice: Sankalp_5070585a-5c03-45fd-9d0a-94cb7b78cebb to Rishitha_711f6c97-f528-41f9-bca3-9b4d448daaae"},{"timestamp":1611072655536,"log":"received sdp from peer : Rishitha_711f6c97-f528-41f9-bca3-9b4d448daaae"},{"timestamp":1611072655540,"log":"received ice from peer : Rishitha_711f6c97-f528-41f9-bca3-9b4d448daaae"},{"timestamp":1611072655550,"log":"connection with peer Rishitha_711f6c97-f528-41f9-bca3-9b4d448daaae checking"},{"timestamp":1611072655550,"log":"connection with peer Rishitha_711f6c97-f528-41f9-bca3-9b4d448daaae connected"},{"timestamp":1611072655551,"log":"ice: Sankalp_5070585a-5c03-45fd-9d0a-94cb7b78cebb to Rishitha_711f6c97-f528-41f9-bca3-9b4d448daaae"},{"timestamp":1611072655572,"log":"received ice from peer : Rishitha_711f6c97-f528-41f9-bca3-9b4d448daaae"},{"timestamp":1611072664330,"log":{"from":"Niket_cbe63b56-ad18-4a90-9e39-5efc9c440b46","to":"Sankalp_5070585a-5c03-45fd-9d0a-94cb7b78cebb","context":"CONNECT","data":"{\"roomID\":\"123456\"}"}},{"timestamp":1611072664330,"log":"Connect request from Child : Niket_cbe63b56-ad18-4a90-9e39-5efc9c440b46"},{"timestamp":1611072664332,"log":"adding tracks"},{"timestamp":1611072664335,"log":"call inititated: Sankalp_5070585a-5c03-45fd-9d0a-94cb7b78cebb to Niket_cbe63b56-ad18-4a90-9e39-5efc9c440b46"},{"timestamp":1611072664341,"log":"created description for peer : Niket_cbe63b56-ad18-4a90-9e39-5efc9c440b46"},{"timestamp":1611072664358,"log":"ice: Sankalp_5070585a-5c03-45fd-9d0a-94cb7b78cebb to Niket_cbe63b56-ad18-4a90-9e39-5efc9c440b46"},{"timestamp":1611072664359,"log":"ice: Sankalp_5070585a-5c03-45fd-9d0a-94cb7b78cebb to Niket_cbe63b56-ad18-4a90-9e39-5efc9c440b46"},{"timestamp":1611072664394,"log":"ice: Sankalp_5070585a-5c03-45fd-9d0a-94cb7b78cebb to Niket_cbe63b56-ad18-4a90-9e39-5efc9c440b46"},{"timestamp":1611072664395,"log":"ice: Sankalp_5070585a-5c03-45fd-9d0a-94cb7b78cebb to Niket_cbe63b56-ad18-4a90-9e39-5efc9c440b46"},{"timestamp":1611072664664,"log":"connection with peer Niket_cbe63b56-ad18-4a90-9e39-5efc9c440b46 checking"},{"timestamp":1611072665141,"log":"received sdp from peer : Niket_cbe63b56-ad18-4a90-9e39-5efc9c440b46"},{"timestamp":1611072665145,"log":"received ice from peer : Niket_cbe63b56-ad18-4a90-9e39-5efc9c440b46"},{"timestamp":1611072665157,"log":"connection with peer Niket_cbe63b56-ad18-4a90-9e39-5efc9c440b46 connected"},{"timestamp":1611072665159,"log":"ice: Sankalp_5070585a-5c03-45fd-9d0a-94cb7b78cebb to Niket_cbe63b56-ad18-4a90-9e39-5efc9c440b46"}]